Aug 08 08:59:22 n kernel: Linux version 7.0.0-28-generic (buildd@lcy02-amd64-004) (x86_64-linux-gnu-gcc-13 (Ubuntu 13.3.0-6ubuntu2~24.04.1) 13.3.0, GNU ld (GNU Binutils for Ubuntu) 2.42) #28~24.04.1-Ubuntu SMP PREEMPT_DYNAMIC Wed Jul  1 15:50:57 UTC 2 (Ubuntu 7.0.0-28.28~24.04.1-generic 7.0.12)
Aug 08 08:59:22 n kernel: Command line: BOOT_IMAGE=/boot/vmlinuz-7.0.0-28-generic root=UUID=<UUID-01> ro quiet splash vt.handoff=7
Aug 08 08:59:22 n kernel: KERNEL supported cpus:
Aug 08 08:59:22 n kernel:   Intel GenuineIntel
Aug 08 08:59:22 n kernel:   AMD AuthenticAMD
Aug 08 08:59:22 n kernel:   Hygon HygonGenuine
Aug 08 08:59:22 n kernel:   Centaur CentaurHauls
Aug 08 08:59:22 n kernel:   zhaoxin   Shanghai  
Aug 08 08:59:22 n kernel: BIOS-provided physical RAM map:
Aug 08 08:59:22 n kernel: BIOS-e820: [mem 0x0000000000000000-0x000000000009ffff]  System RAM
Aug 08 08:59:22 n kernel: BIOS-e820: [mem 0x00000000000a0000-0x00000000000fffff]  device reserved
Aug 08 08:59:22 n kernel: BIOS-e820: [mem 0x0000000000100000-0x0000000009bfefff]  System RAM
Aug 08 08:59:22 n kernel: BIOS-e820: [mem 0x0000000009bff000-0x0000000009ffffff]  device reserved
Aug 08 08:59:22 n kernel: BIOS-e820: [mem 0x000000000a000000-0x000000000a1fffff]  System RAM
Aug 08 08:59:22 n kernel: BIOS-e820: [mem 0x000000000a200000-0x000000000a20cfff]  ACPI NVS
Aug 08 08:59:22 n kernel: BIOS-e820: [mem 0x000000000a20d000-0x00000000cab94fff]  System RAM
Aug 08 08:59:22 n kernel: BIOS-e820: [mem 0x00000000cab95000-0x00000000cc11afff]  device reserved
Aug 08 08:59:22 n kernel: BIOS-e820: [mem 0x00000000cc11b000-0x00000000cc168fff]  ACPI data
Aug 08 08:59:22 n kernel: BIOS-e820: [mem 0x00000000cc169000-0x00000000cc320fff]  ACPI NVS
Aug 08 08:59:22 n kernel: BIOS-e820: [mem 0x00000000cc321000-0x00000000ccdfefff]  device reserved
Aug 08 08:59:22 n kernel: BIOS-e820: [mem 0x00000000ccdff000-0x00000000cdffffff]  System RAM
Aug 08 08:59:22 n kernel: BIOS-e820: [mem 0x00000000ce000000-0x00000000cfffffff]  device reserved
Aug 08 08:59:22 n kernel: BIOS-e820: [gap 0x00000000d0000000-0x00000000efffffff]
Aug 08 08:59:22 n kernel: BIOS-e820: [mem 0x00000000f0000000-0x00000000f7ffffff]  device reserved
Aug 08 08:59:22 n kernel: BIOS-e820: [gap 0x00000000f8000000-0x00000000fcffffff]
Aug 08 08:59:22 n kernel: BIOS-e820: [mem 0x00000000fd000000-0x00000000fdffffff]  device reserved
Aug 08 08:59:22 n kernel: BIOS-e820: [gap 0x00000000fe000000-0x00000000feb7ffff]
Aug 08 08:59:22 n kernel: BIOS-e820: [mem 0x00000000feb80000-0x00000000fec01fff]  device reserved
Aug 08 08:59:22 n kernel: BIOS-e820: [gap 0x00000000fec02000-0x00000000fec0ffff]
Aug 08 08:59:22 n kernel: BIOS-e820: [mem 0x00000000fec10000-0x00000000fec10fff]  device reserved
Aug 08 08:59:22 n kernel: BIOS-e820: [gap 0x00000000fec11000-0x00000000fecfffff]
Aug 08 08:59:22 n kernel: BIOS-e820: [mem 0x00000000fed00000-0x00000000fed00fff]  device reserved
Aug 08 08:59:22 n kernel: BIOS-e820: [gap 0x00000000fed01000-0x00000000fed3ffff]
Aug 08 08:59:22 n kernel: BIOS-e820: [mem 0x00000000fed40000-0x00000000fed44fff]  device reserved
Aug 08 08:59:22 n kernel: BIOS-e820: [gap 0x00000000fed45000-0x00000000fed7ffff]
Aug 08 08:59:22 n kernel: BIOS-e820: [mem 0x00000000fed80000-0x00000000fed8ffff]  device reserved
Aug 08 08:59:22 n kernel: BIOS-e820: [gap 0x00000000fed90000-0x00000000fedc3fff]
Aug 08 08:59:22 n kernel: BIOS-e820: [mem 0x00000000fedc4000-0x00000000fedc9fff]  device reserved
Aug 08 08:59:22 n kernel: BIOS-e820: [gap 0x00000000fedca000-0x00000000fedcbfff]
Aug 08 08:59:22 n kernel: BIOS-e820: [mem 0x00000000fedcc000-0x00000000fedcefff]  device reserved
Aug 08 08:59:22 n kernel: BIOS-e820: [gap 0x00000000fedcf000-0x00000000fedd4fff]
Aug 08 08:59:22 n kernel: BIOS-e820: [mem 0x00000000fedd5000-0x00000000fedd5fff]  device reserved
Aug 08 08:59:22 n kernel: BIOS-e820: [gap 0x00000000fedd6000-0x00000000feffffff]
Aug 08 08:59:22 n kernel: BIOS-e820: [mem 0x00000000ff000000-0x00000000ffffffff]  device reserved
Aug 08 08:59:22 n kernel: BIOS-e820: [mem 0x0000000100000000-0x000000080e2fffff]  System RAM
Aug 08 08:59:22 n kernel: BIOS-e820: [mem 0x000000080e300000-0x000000082fffffff]  device reserved
Aug 08 08:59:22 n kernel: NX (Execute Disable) protection: active
Aug 08 08:59:22 n kernel: APIC: Static calls initialized
Aug 08 08:59:22 n kernel: efi: EFI v2.7 by American Megatrends
Aug 08 08:59:22 n kernel: efi: ACPI=0xcc168000 ACPI 2.0=0xcc168014 TPMFinalLog=0xcc2d8000 SMBIOS=0xccbf4000 SMBIOS 3.0=0xccbf3000 MEMATTR=0xc7b46698 ESRT=0xc7b54e18 MOKvar=0xccc44000 INITRD=0xc7273798 RNG=0xcc129018 TPMEventLog=0xcc11e018 
Aug 08 08:59:22 n kernel: random: crng init done
Aug 08 08:59:22 n kernel: efi: Remove mem54: MMIO range=[0xf0000000-0xf7ffffff] (128MB) from e820 map
Aug 08 08:59:22 n kernel: e820: remove [mem 0xf0000000-0xf7ffffff] device reserved
Aug 08 08:59:22 n kernel: efi: Remove mem55: MMIO range=[0xfd000000-0xfdffffff] (16MB) from e820 map
Aug 08 08:59:22 n kernel: e820: remove [mem 0xfd000000-0xfdffffff] device reserved
Aug 08 08:59:22 n kernel: efi: Remove mem56: MMIO range=[0xfeb80000-0xfec01fff] (0MB) from e820 map
Aug 08 08:59:22 n kernel: e820: remove [mem 0xfeb80000-0xfec01fff] device reserved
Aug 08 08:59:22 n kernel: efi: Not removing mem57: MMIO range=[0xfec10000-0xfec10fff] (4KB) from e820 map
Aug 08 08:59:22 n kernel: efi: Not removing mem58: MMIO range=[0xfed00000-0xfed00fff] (4KB) from e820 map
Aug 08 08:59:22 n kernel: efi: Not removing mem59: MMIO range=[0xfed40000-0xfed44fff] (20KB) from e820 map
Aug 08 08:59:22 n kernel: efi: Not removing mem60: MMIO range=[0xfed80000-0xfed8ffff] (64KB) from e820 map
Aug 08 08:59:22 n kernel: efi: Not removing mem61: MMIO range=[0xfedc4000-0xfedc9fff] (24KB) from e820 map
Aug 08 08:59:22 n kernel: efi: Not removing mem62: MMIO range=[0xfedcc000-0xfedcefff] (12KB) from e820 map
Aug 08 08:59:22 n kernel: efi: Not removing mem63: MMIO range=[0xfedd5000-0xfedd5fff] (4KB) from e820 map
Aug 08 08:59:22 n kernel: efi: Remove mem64: MMIO range=[0xff000000-0xffffffff] (16MB) from e820 map
Aug 08 08:59:22 n kernel: e820: remove [mem 0xff000000-0xffffffff] device reserved
Aug 08 08:59:22 n kernel: SMBIOS 3.3.0 present.
Aug 08 08:59:22 n kernel: DMI: Default string Default string/Default string, BIOS 1.16 10/19/2024
Aug 08 08:59:22 n kernel: DMI: Memory slots populated: 1/2
Aug 08 08:59:22 n kernel: secureboot: Secure boot disabled
Aug 08 08:59:22 n kernel: tsc: Fast TSC calibration using PIT
Aug 08 08:59:22 n kernel: tsc: Detected 1996.295 MHz processor
Aug 08 08:59:22 n kernel: e820: update [mem 0x00000000-0x00000fff] System RAM ==> device reserved
Aug 08 08:59:22 n kernel: e820: remove [mem 0x000a0000-0x000fffff] System RAM
Aug 08 08:59:22 n kernel: last_pfn = 0x80e300 max_arch_pfn = 0x400000000
Aug 08 08:59:22 n kernel: MTRR map: 5 entries (3 fixed + 2 variable; max 20), built from 9 variable MTRRs
Aug 08 08:59:22 n kernel: x86/PAT: Configuration [0-7]: WB  WC  UC- UC  WB  WP  UC- WT  
Aug 08 08:59:22 n kernel: e820: update [mem 0xd0000000-0xffffffff] System RAM ==> device reserved
Aug 08 08:59:22 n kernel: last_pfn = 0xce000 max_arch_pfn = 0x400000000
Aug 08 08:59:22 n kernel: esrt: Reserving ESRT space from 0x00000000c7b54e18 to 0x00000000c7b54e50.
Aug 08 08:59:22 n kernel: e820: update [mem 0xc7b54000-0xc7b54fff] System RAM ==> device reserved
Aug 08 08:59:22 n kernel: Using GB pages for direct mapping
Aug 08 08:59:22 n kernel: secureboot: Secure boot disabled
Aug 08 08:59:22 n kernel: RAMDISK: [mem 0xb7e5f000-0xbca58fff]
Aug 08 08:59:22 n kernel: ACPI: Early table checksum verification disabled
Aug 08 08:59:22 n kernel: ACPI: RSDP 0x00000000CC168014 000024 (v02 ALASKA)
Aug 08 08:59:22 n kernel: ACPI: XSDT 0x00000000CC167728 0000D4 (v01 ALASKA A M I    01072009 AMI  01000013)
Aug 08 08:59:22 n kernel: ACPI: FACP 0x00000000CC159000 000114 (v06 ALASKA A M I    01072009 AMI  00010013)
Aug 08 08:59:22 n kernel: ACPI: DSDT 0x00000000CC152000 00636C (v02 ALASKA A M I    01072009 INTL 20200717)
Aug 08 08:59:22 n kernel: ACPI: FACS 0x00000000CC2D6000 000040
Aug 08 08:59:22 n kernel: ACPI: MSDM 0x00000000CC166000 000055 (v03 ALASKA A M I    01072009 AMI  01000013)
Aug 08 08:59:22 n kernel: ACPI: SSDT 0x00000000CC15E000 0072B0 (v02 AMD    AmdTable 00000002 MSFT 04000000)
Aug 08 08:59:22 n kernel: ACPI: SSDT 0x00000000CC15A000 003A21 (v01 AMD    AMD AOD  00000001 INTL 20200717)
Aug 08 08:59:22 n kernel: ACPI: FIDT 0x00000000CC151000 00009C (v01 ALASKA A M I    01072009 AMI  00010013)
Aug 08 08:59:22 n kernel: ACPI: MCFG 0x00000000CC150000 00003C (v01 ALASKA A M I    01072009 MSFT 00010013)
Aug 08 08:59:22 n kernel: ACPI: HPET 0x00000000CC14F000 000038 (v01 ALASKA A M I    01072009 AMI  00000005)
Aug 08 08:59:22 n kernel: ACPI: FPDT 0x00000000CC14E000 000044 (v01 ALASKA A M I    01072009 AMI  01000013)
Aug 08 08:59:22 n kernel: ACPI: VFCT 0x00000000CC140000 00D884 (v01 ALASKA A M I    00000001 AMD  31504F47)
Aug 08 08:59:22 n kernel: ACPI: BGRT 0x00000000CC13F000 000038 (v01 ALASKA A M I    01072009 AMI  00010013)
Aug 08 08:59:22 n kernel: ACPI: TPM2 0x00000000CC13E000 00004C (v04 ALASKA A M I    00000001 AMI  00000000)
Aug 08 08:59:22 n kernel: ACPI: SSDT 0x00000000CC138000 005354 (v02 AMD    AmdTable 00000001 AMD  00000001)
Aug 08 08:59:22 n kernel: ACPI: CRAT 0x00000000CC137000 000EE8 (v01 AMD    AmdTable 00000001 AMD  00000001)
Aug 08 08:59:22 n kernel: ACPI: CDIT 0x00000000CC136000 000029 (v01 AMD    AmdTable 00000001 AMD  00000001)
Aug 08 08:59:22 n kernel: ACPI: SSDT 0x00000000CC135000 000149 (v01 AMD    AmdTable 00000001 INTL 20200717)
Aug 08 08:59:22 n kernel: ACPI: SSDT 0x00000000CC134000 000A99 (v01 AMD    AmdTable 00000001 INTL 20200717)
Aug 08 08:59:22 n kernel: ACPI: SSDT 0x00000000CC132000 00151E (v01 AMD    AmdTable 00000001 INTL 20200717)
Aug 08 08:59:22 n kernel: ACPI: SSDT 0x00000000CC12E000 00386E (v01 AMD    AmdTable 00000001 INTL 20200717)
Aug 08 08:59:22 n kernel: ACPI: WSMT 0x00000000CC12D000 000028 (v01 ALASKA A M I    01072009 AMI  00010013)
Aug 08 08:59:22 n kernel: ACPI: APIC 0x00000000CC12C000 0000DE (v04 ALASKA A M I    01072009 AMI  00010013)
Aug 08 08:59:22 n kernel: ACPI: IVRS 0x00000000CC12B000 0001A4 (v02 AMD    AmdTable 00000001 AMD  00000000)
Aug 08 08:59:22 n kernel: ACPI: SSDT 0x00000000CC12A000 0008F0 (v01 AMD    AmdTable 00000001 INTL 20200717)
Aug 08 08:59:22 n kernel: ACPI: Reserving FACP table memory at [mem 0xcc159000-0xcc159113]
Aug 08 08:59:22 n kernel: ACPI: Reserving DSDT table memory at [mem 0xcc152000-0xcc15836b]
Aug 08 08:59:22 n kernel: ACPI: Reserving FACS table memory at [mem 0xcc2d6000-0xcc2d603f]
Aug 08 08:59:22 n kernel: ACPI: Reserving MSDM table memory at [mem 0xcc166000-0xcc166054]
Aug 08 08:59:22 n kernel: ACPI: Reserving SSDT table memory at [mem 0xcc15e000-0xcc1652af]
Aug 08 08:59:22 n kernel: ACPI: Reserving SSDT table memory at [mem 0xcc15a000-0xcc15da20]
Aug 08 08:59:22 n kernel: ACPI: Reserving FIDT table memory at [mem 0xcc151000-0xcc15109b]
Aug 08 08:59:22 n kernel: ACPI: Reserving MCFG table memory at [mem 0xcc150000-0xcc15003b]
Aug 08 08:59:22 n kernel: ACPI: Reserving HPET table memory at [mem 0xcc14f000-0xcc14f037]
Aug 08 08:59:22 n kernel: ACPI: Reserving FPDT table memory at [mem 0xcc14e000-0xcc14e043]
Aug 08 08:59:22 n kernel: ACPI: Reserving VFCT table memory at [mem 0xcc140000-0xcc14d883]
Aug 08 08:59:22 n kernel: ACPI: Reserving BGRT table memory at [mem 0xcc13f000-0xcc13f037]
Aug 08 08:59:22 n kernel: ACPI: Reserving TPM2 table memory at [mem 0xcc13e000-0xcc13e04b]
Aug 08 08:59:22 n kernel: ACPI: Reserving SSDT table memory at [mem 0xcc138000-0xcc13d353]
Aug 08 08:59:22 n kernel: ACPI: Reserving CRAT table memory at [mem 0xcc137000-0xcc137ee7]
Aug 08 08:59:22 n kernel: ACPI: Reserving CDIT table memory at [mem 0xcc136000-0xcc136028]
Aug 08 08:59:22 n kernel: ACPI: Reserving SSDT table memory at [mem 0xcc135000-0xcc135148]
Aug 08 08:59:22 n kernel: ACPI: Reserving SSDT table memory at [mem 0xcc134000-0xcc134a98]
Aug 08 08:59:22 n kernel: ACPI: Reserving SSDT table memory at [mem 0xcc132000-0xcc13351d]
Aug 08 08:59:22 n kernel: ACPI: Reserving SSDT table memory at [mem 0xcc12e000-0xcc13186d]
Aug 08 08:59:22 n kernel: ACPI: Reserving WSMT table memory at [mem 0xcc12d000-0xcc12d027]
Aug 08 08:59:22 n kernel: ACPI: Reserving APIC table memory at [mem 0xcc12c000-0xcc12c0dd]
Aug 08 08:59:22 n kernel: ACPI: Reserving IVRS table memory at [mem 0xcc12b000-0xcc12b1a3]
Aug 08 08:59:22 n kernel: ACPI: Reserving SSDT table memory at [mem 0xcc12a000-0xcc12a8ef]
Aug 08 08:59:22 n kernel: No NUMA configuration found
Aug 08 08:59:22 n kernel: Faking a node at [mem 0x0000000000000000-0x000000080e2fffff]
Aug 08 08:59:22 n kernel: NODE_DATA(0) allocated [mem 0x80e2d5280-0x80e2fffff]
Aug 08 08:59:22 n kernel: ACPI: PM-Timer IO Port: 0x808
Aug 08 08:59:22 n kernel: ACPI: LAPIC_NMI (acpi_id[0xff] high edge lint[0x1])
Aug 08 08:59:22 n kernel: IOAPIC[0]: apic_id 33, version 33, address 0xfec00000, GSI 0-23
Aug 08 08:59:22 n kernel: IOAPIC[1]: apic_id 34, version 33, address 0xfec01000, GSI 24-55
Aug 08 08:59:22 n kernel: ACPI: INT_SRC_OVR (bus 0 bus_irq 0 global_irq 2 dfl dfl)
Aug 08 08:59:22 n kernel: ACPI: INT_SRC_OVR (bus 0 bus_irq 9 global_irq 9 low level)
Aug 08 08:59:22 n kernel: ACPI: Using ACPI (MADT) for SMP configuration information
Aug 08 08:59:22 n kernel: ACPI: HPET id: 0x10228201 base: 0xfed00000
Aug 08 08:59:22 n kernel: e820: update [mem 0xc69f3000-0xc6fe1fff] System RAM ==> device reserved
Aug 08 08:59:22 n kernel: CPU topo: Max. logical packages:   1
Aug 08 08:59:22 n kernel: CPU topo: Max. logical nodes:      1
Aug 08 08:59:22 n kernel: CPU topo: Num. nodes per package:  1
Aug 08 08:59:22 n kernel: CPU topo: Max. logical dies:       1
Aug 08 08:59:22 n kernel: CPU topo: Max. dies per package:   1
Aug 08 08:59:22 n kernel: CPU topo: Max. threads per core:   2
Aug 08 08:59:22 n kernel: CPU topo: Num. cores per package:     8
Aug 08 08:59:22 n kernel: CPU topo: Num. threads per package:  16
Aug 08 08:59:22 n kernel: CPU topo: Allowing 16 present CPUs plus 0 hotplug CPUs
Aug 08 08:59:22 n kernel: PM: hibernation: Registered nosave memory: [mem 0x00000000-0x00000fff]
Aug 08 08:59:22 n kernel: PM: hibernation: Registered nosave memory: [mem 0x000a0000-0x000fffff]
Aug 08 08:59:22 n kernel: PM: hibernation: Registered nosave memory: [mem 0x09bff000-0x09ffffff]
Aug 08 08:59:22 n kernel: PM: hibernation: Registered nosave memory: [mem 0x0a200000-0x0a20cfff]
Aug 08 08:59:22 n kernel: PM: hibernation: Registered nosave memory: [mem 0xc69f3000-0xc6fe1fff]
Aug 08 08:59:22 n kernel: PM: hibernation: Registered nosave memory: [mem 0xc7b54000-0xc7b54fff]
Aug 08 08:59:22 n kernel: PM: hibernation: Registered nosave memory: [mem 0xcab95000-0xccdfefff]
Aug 08 08:59:22 n kernel: PM: hibernation: Registered nosave memory: [mem 0xce000000-0xffffffff]
Aug 08 08:59:22 n kernel: [gap 0xd0000000-0xfec0ffff] available for PCI devices
Aug 08 08:59:22 n kernel: Booting paravirtualized kernel on bare hardware
Aug 08 08:59:22 n kernel: clocksource: refined-jiffies: mask: 0xffffffff max_cycles: 0xffffffff, max_idle_ns: 1910969940391419 ns
Aug 08 08:59:22 n kernel: Zone ranges:
Aug 08 08:59:22 n kernel:   DMA      [mem 0x0000000000001000-0x0000000000ffffff]
Aug 08 08:59:22 n kernel:   DMA32    [mem 0x0000000001000000-0x00000000ffffffff]
Aug 08 08:59:22 n kernel:   Normal   [mem 0x0000000100000000-0x000000080e2fffff]
Aug 08 08:59:22 n kernel:   Device   empty
Aug 08 08:59:22 n kernel: Movable zone start for each node
Aug 08 08:59:22 n kernel: Early memory node ranges
Aug 08 08:59:22 n kernel:   node   0: [mem 0x0000000000001000-0x000000000009ffff]
Aug 08 08:59:22 n kernel:   node   0: [mem 0x0000000000100000-0x0000000009bfefff]
Aug 08 08:59:22 n kernel:   node   0: [mem 0x000000000a000000-0x000000000a1fffff]
Aug 08 08:59:22 n kernel:   node   0: [mem 0x000000000a20d000-0x00000000cab94fff]
Aug 08 08:59:22 n kernel:   node   0: [mem 0x00000000ccdff000-0x00000000cdffffff]
Aug 08 08:59:22 n kernel:   node   0: [mem 0x0000000100000000-0x000000080e2fffff]
Aug 08 08:59:22 n kernel: Initmem setup node 0 [mem 0x0000000000001000-0x000000080e2fffff]
Aug 08 08:59:22 n kernel: On node 0, zone DMA: 1 pages in unavailable ranges
Aug 08 08:59:22 n kernel: On node 0, zone DMA: 96 pages in unavailable ranges
Aug 08 08:59:22 n kernel: On node 0, zone DMA32: 1025 pages in unavailable ranges
Aug 08 08:59:22 n kernel: On node 0, zone DMA32: 13 pages in unavailable ranges
Aug 08 08:59:22 n kernel: On node 0, zone DMA32: 8810 pages in unavailable ranges
Aug 08 08:59:22 n kernel: On node 0, zone Normal: 8192 pages in unavailable ranges
Aug 08 08:59:22 n kernel: On node 0, zone Normal: 7424 pages in unavailable ranges
Aug 08 08:59:22 n kernel: setup_percpu: NR_CPUS:8192 nr_cpumask_bits:16 nr_cpu_ids:16 nr_node_ids:1
Aug 08 08:59:22 n kernel: percpu: Embedded 85 pages/cpu s225280 r8192 d114688 u524288
Aug 08 08:59:22 n kernel: pcpu-alloc: s225280 r8192 d114688 u524288 alloc=1*2097152
Aug 08 08:59:22 n kernel: pcpu-alloc: [0] 00 01 02 03 [0] 04 05 06 07 
Aug 08 08:59:22 n kernel: pcpu-alloc: [0] 08 09 10 11 [0] 12 13 14 15 
Aug 08 08:59:22 n kernel: Kernel command line: BOOT_IMAGE=/boot/vmlinuz-7.0.0-28-generic root=UUID=<UUID-01> ro quiet splash vt.handoff=7
Aug 08 08:59:22 n kernel: Unknown kernel command line parameters "splash", will be passed to user space.
Aug 08 08:59:22 n kernel: printk: log buffer data + meta data: 262144 + 1114112 = 1376256 bytes
Aug 08 08:59:22 n kernel: Dentry cache hash table entries: 4194304 (order: 13, 33554432 bytes, linear)
Aug 08 08:59:22 n kernel: Inode-cache hash table entries: 2097152 (order: 12, 16777216 bytes, linear)
Aug 08 08:59:22 n kernel: software IO TLB: area num 16.
Aug 08 08:59:22 n kernel: Fallback order for Node 0: 0 
Aug 08 08:59:22 n kernel: Built 1 zonelists, mobility grouping on.  Total pages: 8231975
Aug 08 08:59:22 n kernel: Policy zone: Normal
Aug 08 08:59:22 n kernel: mem auto-init: stack:all(zero), heap alloc:on, heap free:off
Aug 08 08:59:22 n kernel: SLUB: HWalign=64, Order=0-3, MinObjects=0, CPUs=16, Nodes=1
Aug 08 08:59:22 n kernel: ftrace: allocating 63841 entries in 252 pages
Aug 08 08:59:22 n kernel: ftrace: allocated 252 pages with 6 groups
Aug 08 08:59:22 n kernel: Dynamic Preempt: lazy
Aug 08 08:59:22 n kernel: rcu: Preemptible hierarchical RCU implementation.
Aug 08 08:59:22 n kernel: rcu:         RCU restricting CPUs from NR_CPUS=8192 to nr_cpu_ids=16.
Aug 08 08:59:22 n kernel:         Trampoline variant of Tasks RCU enabled.
Aug 08 08:59:22 n kernel:         Rude variant of Tasks RCU enabled.
Aug 08 08:59:22 n kernel:         Tracing variant of Tasks RCU enabled.
Aug 08 08:59:22 n kernel: rcu: RCU calculated value of scheduler-enlistment delay is 100 jiffies.
Aug 08 08:59:22 n kernel: rcu: Adjusting geometry for rcu_fanout_leaf=16, nr_cpu_ids=16
Aug 08 08:59:22 n kernel: RCU Tasks: Setting shift to 4 and lim to 1 rcu_task_cb_adjust=1 rcu_task_cpu_ids=16.
Aug 08 08:59:22 n kernel: RCU Tasks Rude: Setting shift to 4 and lim to 1 rcu_task_cb_adjust=1 rcu_task_cpu_ids=16.
Aug 08 08:59:22 n kernel: NR_IRQS: 524544, nr_irqs: 1096, preallocated irqs: 16
Aug 08 08:59:22 n kernel: rcu: srcu_init: Setting srcu_struct sizes based on contention.
Aug 08 08:59:22 n kernel: Console: colour dummy device 80x25
Aug 08 08:59:22 n kernel: printk: legacy console [tty0] enabled
Aug 08 08:59:22 n kernel: ACPI: Core revision 20251212
Aug 08 08:59:22 n kernel: clocksource: hpet: mask: 0xffffffff max_cycles: 0xffffffff, max_idle_ns: 133484873504 ns
Aug 08 08:59:22 n kernel: APIC: Switch to symmetric I/O mode setup
Aug 08 08:59:22 n kernel: AMD-Vi: ivrs, add hid:AMDI0020, uid:\_SB.FUR0, rdevid:0xa0
Aug 08 08:59:22 n kernel: AMD-Vi: ivrs, add hid:AMDI0020, uid:\_SB.FUR1, rdevid:0xa0
Aug 08 08:59:22 n kernel: AMD-Vi: ivrs, add hid:AMDI0020, uid:\_SB.FUR2, rdevid:0xa0
Aug 08 08:59:22 n kernel: AMD-Vi: ivrs, add hid:AMDI0020, uid:\_SB.FUR3, rdevid:0xa0
Aug 08 08:59:22 n kernel: AMD-Vi: Using global IVHD EFR:0x206d73ef22254ade, EFR2:0x0
Aug 08 08:59:22 n kernel: ..TIMER: vector=0x30 apic1=0 pin1=2 apic2=-1 pin2=-1
Aug 08 08:59:22 n kernel: clocksource: tsc-early: mask: 0xffffffffffffffff max_cycles: 0x398d052e042, max_idle_ns: 881590693073 ns
Aug 08 08:59:22 n kernel: Calibrating delay loop (skipped), value calculated using timer frequency.. 3992.59 BogoMIPS (lpj=1996295)
Aug 08 08:59:22 n kernel: x86/cpu: User Mode Instruction Prevention (UMIP) activated
Aug 08 08:59:22 n kernel: LVT offset 1 assigned for vector 0xf9
Aug 08 08:59:22 n kernel: LVT offset 2 assigned for vector 0xf4
Aug 08 08:59:22 n kernel: Last level iTLB entries: 4KB 512, 2MB 512, 4MB 256
Aug 08 08:59:22 n kernel: Last level dTLB entries: 4KB 2048, 2MB 2048, 4MB 1024, 1GB 0
Aug 08 08:59:22 n kernel: process: using mwait in idle threads
Aug 08 08:59:22 n kernel: mitigations: Enabled attack vectors: user_kernel, user_user, guest_host, guest_guest, SMT mitigations: auto
Aug 08 08:59:22 n kernel: Speculative Store Bypass: Mitigation: Speculative Store Bypass disabled via prctl
Aug 08 08:59:22 n kernel: Transient Scheduler Attacks: Mitigation: Clear CPU buffers
Aug 08 08:59:22 n kernel: Spectre V2 : Mitigation: Retpolines
Aug 08 08:59:22 n kernel: Spectre V2 : User space: Mitigation: STIBP always-on protection
Aug 08 08:59:22 n kernel: Speculative Return Stack Overflow: Mitigation: Safe RET
Aug 08 08:59:22 n kernel: VMSCAPE: Mitigation: IBPB before exit to userspace
Aug 08 08:59:22 n kernel: Spectre V1 : Mitigation: usercopy/swapgs barriers and __user pointer sanitization
Aug 08 08:59:22 n kernel: Spectre V2 : Spectre v2 / SpectreRSB: Filling RSB on context switch and VMEXIT
Aug 08 08:59:22 n kernel: Spectre V2 : Enabling Restricted Speculation for firmware calls
Aug 08 08:59:22 n kernel: Spectre V2 : mitigation: Enabling conditional Indirect Branch Prediction Barrier
Aug 08 08:59:22 n kernel: active return thunk: srso_alias_return_thunk
Aug 08 08:59:22 n kernel: x86/fpu: Supporting XSAVE feature 0x001: 'x87 floating point registers'
Aug 08 08:59:22 n kernel: x86/fpu: Supporting XSAVE feature 0x002: 'SSE registers'
Aug 08 08:59:22 n kernel: x86/fpu: Supporting XSAVE feature 0x004: 'AVX registers'
Aug 08 08:59:22 n kernel: x86/fpu: Supporting XSAVE feature 0x200: 'Protection Keys User registers'
Aug 08 08:59:22 n kernel: x86/fpu: Supporting XSAVE feature 0x800: 'Control-flow User registers'
Aug 08 08:59:22 n kernel: x86/fpu: Supporting XSAVE feature 0x1000: 'Control-flow Kernel registers (KVM only)'
Aug 08 08:59:22 n kernel: x86/fpu: xstate_offset[2]:  576, xstate_sizes[2]:  256
Aug 08 08:59:22 n kernel: x86/fpu: xstate_offset[9]:  832, xstate_sizes[9]:    8
Aug 08 08:59:22 n kernel: x86/fpu: xstate_offset[11]:  840, xstate_sizes[11]:   16
Aug 08 08:59:22 n kernel: x86/fpu: xstate_offset[12]:  856, xstate_sizes[12]:   24
Aug 08 08:59:22 n kernel: x86/fpu: Enabled xstate features 0x1a07, context size is 880 bytes, using 'compacted' format.
Aug 08 08:59:22 n kernel: Freeing SMP alternatives memory: 56K
Aug 08 08:59:22 n kernel: pid_max: default: 32768 minimum: 301
Aug 08 08:59:22 n kernel: landlock: Up and running.
Aug 08 08:59:22 n kernel: Yama: becoming mindful.
Aug 08 08:59:22 n kernel: AppArmor: AppArmor initialized
Aug 08 08:59:22 n kernel: AppArmor: AppArmor secmark mediation reserved: ready to be enabled
Aug 08 08:59:22 n kernel: Mount-cache hash table entries: 65536 (order: 7, 524288 bytes, linear)
Aug 08 08:59:22 n kernel: Mountpoint-cache hash table entries: 65536 (order: 7, 524288 bytes, linear)
Aug 08 08:59:22 n kernel: VFS: Finished mounting rootfs on nullfs
Aug 08 08:59:22 n kernel: smpboot: CPU0: AMD Ryzen 7 5825U with Radeon Graphics (family: 0x19, model: 0x50, stepping: 0x0)
Aug 08 08:59:22 n kernel: Performance Events: Fam17h+ core perfctr, AMD PMU driver.
Aug 08 08:59:22 n kernel: ... version:                   0
Aug 08 08:59:22 n kernel: ... bit width:                 48
Aug 08 08:59:22 n kernel: ... generic counters:          6
Aug 08 08:59:22 n kernel: ... generic bitmap:            000000000000003f
Aug 08 08:59:22 n kernel: ... fixed-purpose counters:    0
Aug 08 08:59:22 n kernel: ... fixed-purpose bitmap:      0000000000000000
Aug 08 08:59:22 n kernel: ... value mask:                0000ffffffffffff
Aug 08 08:59:22 n kernel: ... max period:                00007fffffffffff
Aug 08 08:59:22 n kernel: ... global_ctrl mask:          000000000000003f
Aug 08 08:59:22 n kernel: signal: max sigframe size: 3376
Aug 08 08:59:22 n kernel: rcu: Hierarchical SRCU implementation.
Aug 08 08:59:22 n kernel: rcu:         Max phase no-delay instances is 400.
Aug 08 08:59:22 n kernel: Timer migration: 2 hierarchy levels; 8 children per group; 2 crossnode level
Aug 08 08:59:22 n kernel: NMI watchdog: Enabled. Permanently consumes one hw-PMU counter.
Aug 08 08:59:22 n kernel: smp: Bringing up secondary CPUs ...
Aug 08 08:59:22 n kernel: smpboot: x86: Booting SMP configuration:
Aug 08 08:59:22 n kernel: .... node  #0, CPUs:        #2  #4  #6  #8 #10 #12 #14  #1  #3  #5  #7  #9 #11 #13 #15
Aug 08 08:59:22 n kernel: Spectre V2 : Update user space SMT mitigation: STIBP always-on
Aug 08 08:59:22 n kernel: smp: Brought up 1 node, 16 CPUs
Aug 08 08:59:22 n kernel: smpboot: Total of 16 processors activated (63881.44 BogoMIPS)
Aug 08 08:59:22 n kernel: Memory: 29180732K/32927900K available (23160K kernel code, 4936K rwdata, 16684K rodata, 5424K init, 5744K bss, 3720276K reserved, 0K cma-reserved)
Aug 08 08:59:22 n kernel: devtmpfs: initialized
Aug 08 08:59:22 n kernel: x86/mm: Memory block size: 128MB
Aug 08 08:59:22 n kernel: ACPI: PM: Registering ACPI NVS region [mem 0x0a200000-0x0a20cfff] (53248 bytes)
Aug 08 08:59:22 n kernel: ACPI: PM: Registering ACPI NVS region [mem 0xcc169000-0xcc320fff] (1802240 bytes)
Aug 08 08:59:22 n kernel: clocksource: jiffies: mask: 0xffffffff max_cycles: 0xffffffff, max_idle_ns: 1911260446275000 ns
Aug 08 08:59:22 n kernel: posixtimers hash table entries: 8192 (order: 5, 131072 bytes, linear)
Aug 08 08:59:22 n kernel: futex hash table entries: 4096 (262144 bytes on 1 NUMA nodes, total 256 KiB, linear).
Aug 08 08:59:22 n kernel: PM: RTC time: 06:59:20, date: 2026-08-08
Aug 08 08:59:22 n kernel: NET: Registered PF_NETLINK/PF_ROUTE protocol family
Aug 08 08:59:22 n kernel: DMA: preallocated 4096 KiB GFP_KERNEL pool for atomic allocations
Aug 08 08:59:22 n kernel: DMA: preallocated 4096 KiB GFP_KERNEL|GFP_DMA pool for atomic allocations
Aug 08 08:59:22 n kernel: DMA: preallocated 4096 KiB GFP_KERNEL|GFP_DMA32 pool for atomic allocations
Aug 08 08:59:22 n kernel: audit: initializing netlink subsys (disabled)
Aug 08 08:59:22 n kernel: audit: type=2000 audit(1786172359.179:1): state=initialized audit_enabled=0 res=1
Aug 08 08:59:22 n kernel: thermal_sys: Registered thermal governor 'fair_share'
Aug 08 08:59:22 n kernel: thermal_sys: Registered thermal governor 'bang_bang'
Aug 08 08:59:22 n kernel: thermal_sys: Registered thermal governor 'step_wise'
Aug 08 08:59:22 n kernel: thermal_sys: Registered thermal governor 'user_space'
Aug 08 08:59:22 n kernel: thermal_sys: Registered thermal governor 'power_allocator'
Aug 08 08:59:22 n kernel: cpuidle: using governor ladder
Aug 08 08:59:22 n kernel: cpuidle: using governor menu
Aug 08 08:59:22 n kernel: efi: Freeing EFI boot services memory: 69668K
Aug 08 08:59:22 n kernel: ACPI FADT declares the system doesn't support PCIe ASPM, so disable it
Aug 08 08:59:22 n kernel: acpiphp: ACPI Hot Plug PCI Controller Driver version: 0.5
Aug 08 08:59:22 n kernel: PCI: ECAM [mem 0xf0000000-0xf7ffffff] (base 0xf0000000) for domain 0000 [bus 00-7f]
Aug 08 08:59:22 n kernel: PCI: Using configuration type 1 for base access
Aug 08 08:59:22 n kernel: kprobes: kprobe jump-optimization is enabled. All kprobes are optimized if possible.
Aug 08 08:59:22 n kernel: HugeTLB: registered 1.00 GiB page size, pre-allocated 0 pages
Aug 08 08:59:22 n kernel: HugeTLB: 16380 KiB vmemmap can be freed for a 1.00 GiB page
Aug 08 08:59:22 n kernel: HugeTLB: registered 2.00 MiB page size, pre-allocated 0 pages
Aug 08 08:59:22 n kernel: HugeTLB: 28 KiB vmemmap can be freed for a 2.00 MiB page
Aug 08 08:59:22 n kernel: ACPI: Added _OSI(Module Device)
Aug 08 08:59:22 n kernel: ACPI: Added _OSI(Processor Device)
Aug 08 08:59:22 n kernel: ACPI: Added _OSI(Processor Aggregator Device)
Aug 08 08:59:22 n kernel: ACPI: 9 ACPI AML tables successfully acquired and loaded
Aug 08 08:59:22 n kernel: ACPI: [Firmware Bug]: BIOS _OSI(Linux) query ignored
Aug 08 08:59:22 n kernel: ACPI: \_SB_: platform _OSC: OS support mask [006e7eff]
Aug 08 08:59:22 n kernel: ACPI: EC: EC started
Aug 08 08:59:22 n kernel: ACPI: EC: interrupt blocked
Aug 08 08:59:22 n kernel: ACPI: EC: EC_CMD/EC_SC=0x66, EC_DATA=0x62
Aug 08 08:59:22 n kernel: ACPI: \_SB_.PCI0.SBRG.EC0_: Boot DSDT EC used to handle transactions
Aug 08 08:59:22 n kernel: ACPI: Interpreter enabled
Aug 08 08:59:22 n kernel: ACPI: PM: (supports S0 S3 S4 S5)
Aug 08 08:59:22 n kernel: ACPI: Using IOAPIC for interrupt routing
Aug 08 08:59:22 n kernel: PCI: Using host bridge windows from ACPI; if necessary, use "pci=nocrs" and report a bug
Aug 08 08:59:22 n kernel: PCI: Ignoring E820 reservations for host bridge windows
Aug 08 08:59:22 n kernel: ACPI: Enabled 5 GPEs in block 00 to 1F
Aug 08 08:59:22 n kernel: ACPI: \_SB_.PCI0.GP18.SATA.P0SA: New power resource
Aug 08 08:59:22 n kernel: ACPI: \_SB_.PCI0.GP18.SAT1.P0SA: New power resource
Aug 08 08:59:22 n kernel: ACPI: PCI Root Bridge [PCI0] (domain 0000 [bus 00-ff])
Aug 08 08:59:22 n kernel: acpi PNP0A08:00: _OSC: OS supports [ExtendedConfig ASPM ClockPM Segments MSI EDR HPX-Type3]
Aug 08 08:59:22 n kernel: acpi PNP0A08:00: _OSC: platform does not support [SHPCHotplug LTR DPC]
Aug 08 08:59:22 n kernel: acpi PNP0A08:00: _OSC: OS now controls [PCIeHotplug PME AER PCIeCapability]
Aug 08 08:59:22 n kernel: acpi PNP0A08:00: FADT indicates ASPM is unsupported, using BIOS configuration
Aug 08 08:59:22 n kernel: acpi PNP0A08:00: [Firmware Info]: ECAM [mem 0xf0000000-0xf7ffffff] for domain 0000 [bus 00-7f] only partially covers this bridge
Aug 08 08:59:22 n kernel: PCI host bridge to bus 0000:00
Aug 08 08:59:22 n kernel: pci_bus 0000:00: root bus resource [io  0x0000-0x03af window]
Aug 08 08:59:22 n kernel: pci_bus 0000:00: root bus resource [io  0x03e0-0x0cf7 window]
Aug 08 08:59:22 n kernel: pci_bus 0000:00: root bus resource [io  0x03b0-0x03df window]
Aug 08 08:59:22 n kernel: pci_bus 0000:00: root bus resource [io  0x0d00-0xffff window]
Aug 08 08:59:22 n kernel: pci_bus 0000:00: root bus resource [mem 0x000a0000-0x000dffff window]
Aug 08 08:59:22 n kernel: pci_bus 0000:00: root bus resource [mem 0xd0000000-0xfebfffff window]
Aug 08 08:59:22 n kernel: pci_bus 0000:00: root bus resource [mem 0xfee00000-0xffffffff window]
Aug 08 08:59:22 n kernel: pci_bus 0000:00: root bus resource [bus 00-ff]
Aug 08 08:59:22 n kernel: pci 0000:00:00.0: [1022:1630] type 00 class 0x060000 conventional PCI endpoint
Aug 08 08:59:22 n kernel: pci 0000:00:00.2: [1022:1631] type 00 class 0x080600 conventional PCI endpoint
Aug 08 08:59:22 n kernel: pci 0000:00:01.0: [1022:1632] type 00 class 0x060000 conventional PCI endpoint
Aug 08 08:59:22 n kernel: pci 0000:00:02.0: [1022:1632] type 00 class 0x060000 conventional PCI endpoint
Aug 08 08:59:22 n kernel: pci 0000:00:02.1: [1022:1634] type 01 class 0x060400 PCIe Root Port
Aug 08 08:59:22 n kernel: pci 0000:00:02.1: PCI bridge to [bus 01]
Aug 08 08:59:22 n kernel: pci 0000:00:02.1:   bridge window [mem 0xfce00000-0xfcefffff]
Aug 08 08:59:22 n kernel: pci 0000:00:02.1: enabling Extended Tags
Aug 08 08:59:22 n kernel: pci 0000:00:02.1: PME# supported from D0 D3hot D3cold
Aug 08 08:59:22 n kernel: pci 0000:00:02.3: [1022:1634] type 01 class 0x060400 PCIe Root Port
Aug 08 08:59:22 n kernel: pci 0000:00:02.3: PCI bridge to [bus 02]
Aug 08 08:59:22 n kernel: pci 0000:00:02.3:   bridge window [mem 0xfc800000-0xfc9fffff]
Aug 08 08:59:22 n kernel: pci 0000:00:02.3: enabling Extended Tags
Aug 08 08:59:22 n kernel: pci 0000:00:02.3: PME# supported from D0 D3hot D3cold
Aug 08 08:59:22 n kernel: pci 0000:00:08.0: [1022:1632] type 00 class 0x060000 conventional PCI endpoint
Aug 08 08:59:22 n kernel: pci 0000:00:08.1: [1022:1635] type 01 class 0x060400 PCIe Root Port
Aug 08 08:59:22 n kernel: pci 0000:00:08.1: PCI bridge to [bus 03]
Aug 08 08:59:22 n kernel: pci 0000:00:08.1:   bridge window [io  0xf000-0xffff]
Aug 08 08:59:22 n kernel: pci 0000:00:08.1:   bridge window [mem 0xfca00000-0xfcdfffff]
Aug 08 08:59:22 n kernel: pci 0000:00:08.1:   bridge window [mem 0xd0000000-0xe01fffff 64bit pref]
Aug 08 08:59:22 n kernel: pci 0000:00:08.1: enabling Extended Tags
Aug 08 08:59:22 n kernel: pci 0000:00:08.1: PME# supported from D0 D3hot D3cold
Aug 08 08:59:22 n kernel: pci 0000:00:14.0: [1022:790b] type 00 class 0x0c0500 conventional PCI endpoint
Aug 08 08:59:22 n kernel: pci 0000:00:14.3: [1022:790e] type 00 class 0x060100 conventional PCI endpoint
Aug 08 08:59:22 n kernel: pci 0000:00:18.0: [1022:166a] type 00 class 0x060000 conventional PCI endpoint
Aug 08 08:59:22 n kernel: pci 0000:00:18.1: [1022:166b] type 00 class 0x060000 conventional PCI endpoint
Aug 08 08:59:22 n kernel: pci 0000:00:18.2: [1022:166c] type 00 class 0x060000 conventional PCI endpoint
Aug 08 08:59:22 n kernel: pci 0000:00:18.3: [1022:166d] type 00 class 0x060000 conventional PCI endpoint
Aug 08 08:59:22 n kernel: pci 0000:00:18.4: [1022:166e] type 00 class 0x060000 conventional PCI endpoint
Aug 08 08:59:22 n kernel: pci 0000:00:18.5: [1022:166f] type 00 class 0x060000 conventional PCI endpoint
Aug 08 08:59:22 n kernel: pci 0000:00:18.6: [1022:1670] type 00 class 0x060000 conventional PCI endpoint
Aug 08 08:59:22 n kernel: pci 0000:00:18.7: [1022:1671] type 00 class 0x060000 conventional PCI endpoint
Aug 08 08:59:22 n kernel: pci 0000:01:00.0: [1e4b:1202] type 00 class 0x010802 PCIe Endpoint
Aug 08 08:59:22 n kernel: pci 0000:01:00.0: BAR 0 [mem 0xfce00000-0xfce03fff 64bit]
Aug 08 08:59:22 n kernel: pci 0000:01:00.0: PME# supported from D0 D3hot D3cold
Aug 08 08:59:22 n kernel: pci 0000:00:02.1: PCI bridge to [bus 01]
Aug 08 08:59:22 n kernel: pci 0000:02:00.0: [168c:0042] type 00 class 0x028000 PCIe Endpoint
Aug 08 08:59:22 n kernel: pci 0000:02:00.0: BAR 0 [mem 0xfc800000-0xfc9fffff 64bit]
Aug 08 08:59:22 n kernel: pci 0000:02:00.0: PME# supported from D0 D3hot D3cold
Aug 08 08:59:22 n kernel: pci 0000:00:02.3: PCI bridge to [bus 02]
Aug 08 08:59:22 n kernel: pci 0000:03:00.0: [1002:15e7] type 00 class 0x030000 PCIe Legacy Endpoint
Aug 08 08:59:22 n kernel: pci 0000:03:00.0: BAR 0 [mem 0xd0000000-0xdfffffff 64bit pref]
Aug 08 08:59:22 n kernel: pci 0000:03:00.0: BAR 2 [mem 0xe0000000-0xe01fffff 64bit pref]
Aug 08 08:59:22 n kernel: pci 0000:03:00.0: BAR 4 [io  0xf000-0xf0ff]
Aug 08 08:59:22 n kernel: pci 0000:03:00.0: BAR 5 [mem 0xfcd00000-0xfcd7ffff]
Aug 08 08:59:22 n kernel: pci 0000:03:00.0: enabling Extended Tags
Aug 08 08:59:22 n kernel: pci 0000:03:00.0: PME# supported from D1 D2 D3hot D3cold
Aug 08 08:59:22 n kernel: pci 0000:03:00.1: [1002:1637] type 00 class 0x040300 PCIe Legacy Endpoint
Aug 08 08:59:22 n kernel: pci 0000:03:00.1: BAR 0 [mem 0xfcdc8000-0xfcdcbfff]
Aug 08 08:59:22 n kernel: pci 0000:03:00.1: enabling Extended Tags
Aug 08 08:59:22 n kernel: pci 0000:03:00.1: PME# supported from D1 D2 D3hot D3cold
Aug 08 08:59:22 n kernel: pci 0000:03:00.2: [1022:15df] type 00 class 0x108000 PCIe Endpoint
Aug 08 08:59:22 n kernel: pci 0000:03:00.2: BAR 2 [mem 0xfcc00000-0xfccfffff]
Aug 08 08:59:22 n kernel: pci 0000:03:00.2: BAR 5 [mem 0xfcdcc000-0xfcdcdfff]
Aug 08 08:59:22 n kernel: pci 0000:03:00.2: enabling Extended Tags
Aug 08 08:59:22 n kernel: pci 0000:03:00.3: [1022:1639] type 00 class 0x0c0330 PCIe Endpoint
Aug 08 08:59:22 n kernel: pci 0000:03:00.3: BAR 0 [mem 0xfcb00000-0xfcbfffff 64bit]
Aug 08 08:59:22 n kernel: pci 0000:03:00.3: enabling Extended Tags
Aug 08 08:59:22 n kernel: pci 0000:03:00.3: PME# supported from D0 D3hot D3cold
Aug 08 08:59:22 n kernel: pci 0000:03:00.4: [1022:1639] type 00 class 0x0c0330 PCIe Endpoint
Aug 08 08:59:22 n kernel: pci 0000:03:00.4: BAR 0 [mem 0xfca00000-0xfcafffff 64bit]
Aug 08 08:59:22 n kernel: pci 0000:03:00.4: enabling Extended Tags
Aug 08 08:59:22 n kernel: pci 0000:03:00.4: PME# supported from D0 D3hot D3cold
Aug 08 08:59:22 n kernel: pci 0000:03:00.5: [1022:15e2] type 00 class 0x048000 PCIe Endpoint
Aug 08 08:59:22 n kernel: pci 0000:03:00.5: BAR 0 [mem 0xfcd80000-0xfcdbffff]
Aug 08 08:59:22 n kernel: pci 0000:03:00.5: enabling Extended Tags
Aug 08 08:59:22 n kernel: pci 0000:03:00.5: PME# supported from D0 D3hot D3cold
Aug 08 08:59:22 n kernel: pci 0000:03:00.6: [1022:15e3] type 00 class 0x040300 PCIe Endpoint
Aug 08 08:59:22 n kernel: pci 0000:03:00.6: BAR 0 [mem 0xfcdc0000-0xfcdc7fff]
Aug 08 08:59:22 n kernel: pci 0000:03:00.6: enabling Extended Tags
Aug 08 08:59:22 n kernel: pci 0000:03:00.6: PME# supported from D0 D3hot D3cold
Aug 08 08:59:22 n kernel: pci 0000:00:08.1: PCI bridge to [bus 03]
Aug 08 08:59:22 n kernel: ACPI: PCI: Interrupt link LNKA configured for IRQ 0
Aug 08 08:59:22 n kernel: ACPI: PCI: Interrupt link LNKB configured for IRQ 0
Aug 08 08:59:22 n kernel: ACPI: PCI: Interrupt link LNKC configured for IRQ 0
Aug 08 08:59:22 n kernel: ACPI: PCI: Interrupt link LNKD configured for IRQ 0
Aug 08 08:59:22 n kernel: ACPI: PCI: Interrupt link LNKE configured for IRQ 0
Aug 08 08:59:22 n kernel: ACPI: PCI: Interrupt link LNKF configured for IRQ 0
Aug 08 08:59:22 n kernel: ACPI: PCI: Interrupt link LNKG configured for IRQ 0
Aug 08 08:59:22 n kernel: ACPI: PCI: Interrupt link LNKH configured for IRQ 0
Aug 08 08:59:22 n kernel: ACPI: EC: interrupt unblocked
Aug 08 08:59:22 n kernel: ACPI: EC: event unblocked
Aug 08 08:59:22 n kernel: ACPI: EC: EC_CMD/EC_SC=0x66, EC_DATA=0x62
Aug 08 08:59:22 n kernel: ACPI: EC: GPE=0x17
Aug 08 08:59:22 n kernel: ACPI: \_SB_.PCI0.SBRG.EC0_: Boot DSDT EC initialization complete
Aug 08 08:59:22 n kernel: ACPI: \_SB_.PCI0.SBRG.EC0_: EC: Used to handle transactions and events
Aug 08 08:59:22 n kernel: iommu: Default domain type: Translated
Aug 08 08:59:22 n kernel: iommu: DMA domain TLB invalidation policy: lazy mode
Aug 08 08:59:22 n kernel: SCSI subsystem initialized
Aug 08 08:59:22 n kernel: libata version 3.00 loaded.
Aug 08 08:59:22 n kernel: ACPI: bus type USB registered
Aug 08 08:59:22 n kernel: usbcore: registered new interface driver usbfs
Aug 08 08:59:22 n kernel: usbcore: registered new interface driver hub
Aug 08 08:59:22 n kernel: usbcore: registered new device driver usb
Aug 08 08:59:22 n kernel: pps_core: LinuxPPS API ver. 1 registered
Aug 08 08:59:22 n kernel: pps_core: Software ver. 5.3.6 - Copyright 2005-2007 Rodolfo Giometti <giometti@linux.it>
Aug 08 08:59:22 n kernel: PTP clock support registered
Aug 08 08:59:22 n kernel: EDAC MC: Ver: 3.0.0
Aug 08 08:59:22 n kernel: efivars: Registered efivars operations
Aug 08 08:59:22 n kernel: NetLabel: Initializing
Aug 08 08:59:22 n kernel: NetLabel:  domain hash size = 128
Aug 08 08:59:22 n kernel: NetLabel:  protocols = UNLABELED CIPSOv4 CALIPSO
Aug 08 08:59:22 n kernel: NetLabel:  unlabeled traffic allowed by default
Aug 08 08:59:22 n kernel: mctp: management component transport protocol core
Aug 08 08:59:22 n kernel: NET: Registered PF_MCTP protocol family
Aug 08 08:59:22 n kernel: PCI: Using ACPI for IRQ routing
Aug 08 08:59:22 n kernel: PCI: pci_cache_line_size set to 64 bytes
Aug 08 08:59:22 n kernel: e820: register RAM buffer resource [mem 0x09bff000-0x0bffffff]
Aug 08 08:59:22 n kernel: e820: register RAM buffer resource [mem 0x0a200000-0x0bffffff]
Aug 08 08:59:22 n kernel: e820: register RAM buffer resource [mem 0xc69f3000-0xc7ffffff]
Aug 08 08:59:22 n kernel: e820: register RAM buffer resource [mem 0xc7b54000-0xc7ffffff]
Aug 08 08:59:22 n kernel: e820: register RAM buffer resource [mem 0xcab95000-0xcbffffff]
Aug 08 08:59:22 n kernel: e820: register RAM buffer resource [mem 0xce000000-0xcfffffff]
Aug 08 08:59:22 n kernel: e820: register RAM buffer resource [mem 0x80e300000-0x80fffffff]
Aug 08 08:59:22 n kernel: pci 0000:03:00.0: vgaarb: setting as boot VGA device
Aug 08 08:59:22 n kernel: pci 0000:03:00.0: vgaarb: bridge control possible
Aug 08 08:59:22 n kernel: pci 0000:03:00.0: vgaarb: VGA device added: decodes=io+mem,owns=none,locks=none
Aug 08 08:59:22 n kernel: vgaarb: loaded
Aug 08 08:59:22 n kernel: hpet0: at MMIO 0xfed00000, IRQs 2, 8, 0
Aug 08 08:59:22 n kernel: hpet0: 3 comparators, 32-bit 14.318180 MHz counter
Aug 08 08:59:22 n kernel: clocksource: Switched to clocksource tsc-early
Aug 08 08:59:22 n kernel: VFS: Disk quotas dquot_6.6.0
Aug 08 08:59:22 n kernel: VFS: Dquot-cache hash table entries: 512 (order 0, 4096 bytes)
Aug 08 08:59:22 n kernel: AppArmor: AppArmor Filesystem Enabled
Aug 08 08:59:22 n kernel: acpi PNP0C01:00: Reserved [mem 0xf0000000-0xf7ffffff]
Aug 08 08:59:22 n kernel: acpi PNP0C02:00: Reserved [mem 0xfeb80000-0xfebfffff]
Aug 08 08:59:22 n kernel: acpi PNP0C02:01: Could not reserve [mem 0xfd000000-0xfdffffff]
Aug 08 08:59:22 n kernel: acpi PNP0C02:02: Skipped [io  0x0010-0x001f]
Aug 08 08:59:22 n kernel: acpi PNP0C02:02: Skipped [io  0x0022-0x003f]
Aug 08 08:59:22 n kernel: acpi PNP0C02:02: Skipped [io  0x0063]
Aug 08 08:59:22 n kernel: acpi PNP0C02:02: Skipped [io  0x0065]
Aug 08 08:59:22 n kernel: acpi PNP0C02:02: Skipped [io  0x0067-0x006f]
Aug 08 08:59:22 n kernel: acpi PNP0C02:02: Skipped [io  0x0072-0x007f]
Aug 08 08:59:22 n kernel: acpi PNP0C02:02: Skipped [io  0x0080]
Aug 08 08:59:22 n kernel: acpi PNP0C02:02: Skipped [io  0x0084-0x0086]
Aug 08 08:59:22 n kernel: acpi PNP0C02:02: Skipped [io  0x0088]
Aug 08 08:59:22 n kernel: acpi PNP0C02:02: Skipped [io  0x008c-0x008e]
Aug 08 08:59:22 n kernel: acpi PNP0C02:02: Skipped [io  0x0090-0x009f]
Aug 08 08:59:22 n kernel: acpi PNP0C02:02: Skipped [io  0x00a2-0x00bf]
Aug 08 08:59:22 n kernel: acpi PNP0C02:02: Skipped [io  0x00b1]
Aug 08 08:59:22 n kernel: acpi PNP0C02:02: Skipped [io  0x00e0-0x00ef]
Aug 08 08:59:22 n kernel: acpi PNP0C02:02: Reserved [io  0x04d0-0x04d1]
Aug 08 08:59:22 n kernel: acpi PNP0C02:02: Reserved [io  0x040b]
Aug 08 08:59:22 n kernel: acpi PNP0C02:02: Reserved [io  0x04d6]
Aug 08 08:59:22 n kernel: acpi PNP0C02:02: Reserved [io  0x0c00-0x0c01]
Aug 08 08:59:22 n kernel: acpi PNP0C02:02: Reserved [io  0x0c14]
Aug 08 08:59:22 n kernel: acpi PNP0C02:02: Reserved [io  0x0c50-0x0c51]
Aug 08 08:59:22 n kernel: acpi PNP0C02:02: Reserved [io  0x0c52]
Aug 08 08:59:22 n kernel: acpi PNP0C02:02: Reserved [io  0x0c6c]
Aug 08 08:59:22 n kernel: acpi PNP0C02:02: Reserved [io  0x0c6f]
Aug 08 08:59:22 n kernel: acpi PNP0C02:02: Reserved [io  0x0cd8-0x0cdf]
Aug 08 08:59:22 n kernel: acpi PNP0C02:02: Reserved [io  0x0800-0x089f]
Aug 08 08:59:22 n kernel: acpi PNP0C02:02: Reserved [io  0x0b00-0x0b0f]
Aug 08 08:59:22 n kernel: acpi PNP0C02:02: Reserved [io  0x0b20-0x0b3f]
Aug 08 08:59:22 n kernel: acpi PNP0C02:02: Reserved [io  0x0900-0x090f]
Aug 08 08:59:22 n kernel: acpi PNP0C02:02: Reserved [io  0x0910-0x091f]
Aug 08 08:59:22 n kernel: acpi PNP0C02:02: Could not reserve [mem 0xfec00000-0xfec00fff]
Aug 08 08:59:22 n kernel: acpi PNP0C02:02: Could not reserve [mem 0xfec01000-0xfec01fff]
Aug 08 08:59:22 n kernel: acpi PNP0C02:02: Reserved [mem 0xfedc0000-0xfedc0fff]
Aug 08 08:59:22 n kernel: acpi PNP0C02:02: Reserved [mem 0xfee00000-0xfee00fff]
Aug 08 08:59:22 n kernel: acpi PNP0C02:02: Could not reserve [mem 0xfed80000-0xfed8ffff]
Aug 08 08:59:22 n kernel: acpi PNP0C02:02: Reserved [mem 0xfec10000-0xfec10fff]
Aug 08 08:59:22 n kernel: acpi PNP0C02:02: Reserved [mem 0xff000000-0xffffffff]
Aug 08 08:59:22 n kernel: pnp: PnP ACPI init
Aug 08 08:59:22 n kernel: pnp: PnP ACPI: found 2 devices
Aug 08 08:59:22 n kernel: clocksource: acpi_pm: mask: 0xffffff max_cycles: 0xffffff, max_idle_ns: 2085701024 ns
Aug 08 08:59:22 n kernel: NET: Registered PF_INET protocol family
Aug 08 08:59:22 n kernel: IP idents hash table entries: 262144 (order: 9, 2097152 bytes, linear)
Aug 08 08:59:22 n kernel: tcp_listen_portaddr_hash hash table entries: 16384 (order: 6, 262144 bytes, linear)
Aug 08 08:59:22 n kernel: Table-perturb hash table entries: 65536 (order: 6, 262144 bytes, linear)
Aug 08 08:59:22 n kernel: TCP established hash table entries: 262144 (order: 9, 2097152 bytes, linear)
Aug 08 08:59:22 n kernel: TCP bind hash table entries: 65536 (order: 9, 2097152 bytes, linear)
Aug 08 08:59:22 n kernel: TCP: Hash tables configured (established 262144 bind 65536)
Aug 08 08:59:22 n kernel: MPTCP token hash table entries: 32768 (order: 8, 786432 bytes, linear)
Aug 08 08:59:22 n kernel: UDP hash table entries: 16384 (order: 8, 1048576 bytes, linear)
Aug 08 08:59:22 n kernel: UDP-Lite hash table entries: 16384 (order: 8, 1048576 bytes, linear)
Aug 08 08:59:22 n kernel: NET: Registered PF_UNIX/PF_LOCAL protocol family
Aug 08 08:59:22 n kernel: NET: Registered PF_XDP protocol family
Aug 08 08:59:22 n kernel: pci 0000:00:02.1: PCI bridge to [bus 01]
Aug 08 08:59:22 n kernel: pci 0000:00:02.1:   bridge window [mem 0xfce00000-0xfcefffff]
Aug 08 08:59:22 n kernel: pci 0000:00:02.3: PCI bridge to [bus 02]
Aug 08 08:59:22 n kernel: pci 0000:00:02.3:   bridge window [mem 0xfc800000-0xfc9fffff]
Aug 08 08:59:22 n kernel: pci 0000:00:08.1: PCI bridge to [bus 03]
Aug 08 08:59:22 n kernel: pci 0000:00:08.1:   bridge window [io  0xf000-0xffff]
Aug 08 08:59:22 n kernel: pci 0000:00:08.1:   bridge window [mem 0xfca00000-0xfcdfffff]
Aug 08 08:59:22 n kernel: pci 0000:00:08.1:   bridge window [mem 0xd0000000-0xe01fffff 64bit pref]
Aug 08 08:59:22 n kernel: pci_bus 0000:00: resource 4 [io  0x0000-0x03af window]
Aug 08 08:59:22 n kernel: pci_bus 0000:00: resource 5 [io  0x03e0-0x0cf7 window]
Aug 08 08:59:22 n kernel: pci_bus 0000:00: resource 6 [io  0x03b0-0x03df window]
Aug 08 08:59:22 n kernel: pci_bus 0000:00: resource 7 [io  0x0d00-0xffff window]
Aug 08 08:59:22 n kernel: pci_bus 0000:00: resource 8 [mem 0x000a0000-0x000dffff window]
Aug 08 08:59:22 n kernel: pci_bus 0000:00: resource 9 [mem 0xd0000000-0xfebfffff window]
Aug 08 08:59:22 n kernel: pci_bus 0000:00: resource 10 [mem 0xfee00000-0xffffffff window]
Aug 08 08:59:22 n kernel: pci_bus 0000:01: resource 1 [mem 0xfce00000-0xfcefffff]
Aug 08 08:59:22 n kernel: pci_bus 0000:02: resource 1 [mem 0xfc800000-0xfc9fffff]
Aug 08 08:59:22 n kernel: pci_bus 0000:03: resource 0 [io  0xf000-0xffff]
Aug 08 08:59:22 n kernel: pci_bus 0000:03: resource 1 [mem 0xfca00000-0xfcdfffff]
Aug 08 08:59:22 n kernel: pci_bus 0000:03: resource 2 [mem 0xd0000000-0xe01fffff 64bit pref]
Aug 08 08:59:22 n kernel: pci 0000:03:00.1: D0 power state depends on 0000:03:00.0
Aug 08 08:59:22 n kernel: pci 0000:03:00.3: extending delay after power-on from D3hot to 20 msec
Aug 08 08:59:22 n kernel: pci 0000:03:00.4: extending delay after power-on from D3hot to 20 msec
Aug 08 08:59:22 n kernel: PCI: CLS 64 bytes, default 64
Aug 08 08:59:22 n kernel: pci 0000:00:00.2: AMD-Vi: IOMMU performance counters supported
Aug 08 08:59:22 n kernel: Trying to unpack rootfs image as initramfs...
Aug 08 08:59:22 n kernel: pci 0000:00:01.0: Adding to iommu group 0
Aug 08 08:59:22 n kernel: pci 0000:00:02.0: Adding to iommu group 1
Aug 08 08:59:22 n kernel: pci 0000:00:02.1: Adding to iommu group 2
Aug 08 08:59:22 n kernel: pci 0000:00:02.3: Adding to iommu group 3
Aug 08 08:59:22 n kernel: pci 0000:00:08.0: Adding to iommu group 4
Aug 08 08:59:22 n kernel: pci 0000:00:08.1: Adding to iommu group 5
Aug 08 08:59:22 n kernel: pci 0000:00:14.0: Adding to iommu group 6
Aug 08 08:59:22 n kernel: pci 0000:00:14.3: Adding to iommu group 6
Aug 08 08:59:22 n kernel: pci 0000:00:18.0: Adding to iommu group 7
Aug 08 08:59:22 n kernel: pci 0000:00:18.1: Adding to iommu group 7
Aug 08 08:59:22 n kernel: pci 0000:00:18.2: Adding to iommu group 7
Aug 08 08:59:22 n kernel: pci 0000:00:18.3: Adding to iommu group 7
Aug 08 08:59:22 n kernel: pci 0000:00:18.4: Adding to iommu group 7
Aug 08 08:59:22 n kernel: pci 0000:00:18.5: Adding to iommu group 7
Aug 08 08:59:22 n kernel: pci 0000:00:18.6: Adding to iommu group 7
Aug 08 08:59:22 n kernel: pci 0000:00:18.7: Adding to iommu group 7
Aug 08 08:59:22 n kernel: pci 0000:01:00.0: Adding to iommu group 8
Aug 08 08:59:22 n kernel: pci 0000:02:00.0: Adding to iommu group 9
Aug 08 08:59:22 n kernel: pci 0000:03:00.0: Adding to iommu group 10
Aug 08 08:59:22 n kernel: pci 0000:03:00.1: Adding to iommu group 11
Aug 08 08:59:22 n kernel: pci 0000:03:00.2: Adding to iommu group 12
Aug 08 08:59:22 n kernel: pci 0000:03:00.3: Adding to iommu group 13
Aug 08 08:59:22 n kernel: pci 0000:03:00.4: Adding to iommu group 14
Aug 08 08:59:22 n kernel: pci 0000:03:00.5: Adding to iommu group 15
Aug 08 08:59:22 n kernel: pci 0000:03:00.6: Adding to iommu group 16
Aug 08 08:59:22 n kernel: AMD-Vi: Extended features (0x206d73ef22254ade, 0x0): PPR X2APIC NX GT IA GA PC GA_vAPIC
Aug 08 08:59:22 n kernel: AMD-Vi: Interrupt remapping enabled
Aug 08 08:59:22 n kernel: AMD-Vi: X2APIC enabled
Aug 08 08:59:22 n kernel: AMD-Vi: Virtual APIC enabled
Aug 08 08:59:22 n kernel: PCI-DMA: Using software bounce buffering for IO (SWIOTLB)
Aug 08 08:59:22 n kernel: software IO TLB: mapped [mem 0x00000000c29f3000-0x00000000c69f3000] (64MB)
Aug 08 08:59:22 n kernel: LVT offset 0 assigned for vector 0x400
Aug 08 08:59:22 n kernel: perf: AMD IBS detected (0x000003ff)
Aug 08 08:59:22 n kernel: perf/amd_iommu: Detected AMD IOMMU #0 (2 banks, 4 counters/bank).
Aug 08 08:59:22 n kernel: Initialise system trusted keyrings
Aug 08 08:59:22 n kernel: Key type blacklist registered
Aug 08 08:59:22 n kernel: workingset: timestamp_bits=36 max_order=23 bucket_order=0
Aug 08 08:59:22 n kernel: squashfs: version 4.0 (2009/01/31) Phillip Lougher
Aug 08 08:59:22 n kernel: fuse: init (API version 7.45)
Aug 08 08:59:22 n kernel: integrity: Platform Keyring initialized
Aug 08 08:59:22 n kernel: integrity: Machine keyring initialized
Aug 08 08:59:22 n kernel: Key type asymmetric registered
Aug 08 08:59:22 n kernel: Asymmetric key parser 'x509' registered
Aug 08 08:59:22 n kernel: Block layer SCSI generic (bsg) driver version 0.4 loaded (major 242)
Aug 08 08:59:22 n kernel: io scheduler mq-deadline registered
Aug 08 08:59:22 n kernel: ledtrig-cpu: registered to indicate activity on CPUs
Aug 08 08:59:22 n kernel: pcieport 0000:00:02.1: PME: Signaling with IRQ 28
Aug 08 08:59:22 n kernel: pcieport 0000:00:02.3: PME: Signaling with IRQ 29
Aug 08 08:59:22 n kernel: pcieport 0000:00:08.1: PME: Signaling with IRQ 30
Aug 08 08:59:22 n kernel: ACPI: AC: AC Adapter [ADP1] (on-line)
Aug 08 08:59:22 n kernel: input: Power Button as /devices/platform/PNP0C0C:00/input/input0
Aug 08 08:59:22 n kernel: ACPI: button: Power Button [PWRB]
Aug 08 08:59:22 n kernel: input: Sleep Button as /devices/platform/PNP0C0E:00/input/input1
Aug 08 08:59:22 n kernel: ACPI: button: Sleep Button [SLPB]
Aug 08 08:59:22 n kernel: input: Lid Switch as /devices/platform/PNP0C0D:00/input/input2
Aug 08 08:59:22 n kernel: ACPI: button: Lid Switch [LID0]
Aug 08 08:59:22 n kernel: input: Power Button as /devices/platform/LNXPWRBN:00/input/input3
Aug 08 08:59:22 n kernel: ACPI: button: Power Button [PWRF]
Aug 08 08:59:22 n kernel: Monitor-Mwait will be used to enter C-1 state
Aug 08 08:59:22 n kernel: Estimated ratio of average max frequency by base frequency (times 1024): 1676
Aug 08 08:59:22 n kernel: Serial: 8250/16550 driver, 32 ports, IRQ sharing enabled
Aug 08 08:59:22 n kernel: Linux agpgart interface v0.103
Aug 08 08:59:22 n kernel: tpm_crb MSFT0101:00: Disabling hwrng
Aug 08 08:59:22 n kernel: loop: module loaded
Aug 08 08:59:22 n kernel: ACPI: bus type drm_connector registered
Aug 08 08:59:22 n kernel: tun: Universal TUN/TAP device driver, 1.6
Aug 08 08:59:22 n kernel: PPP generic driver version 2.4.2
Aug 08 08:59:22 n kernel: xhci_hcd 0000:03:00.3: xHCI Host Controller
Aug 08 08:59:22 n kernel: xhci_hcd 0000:03:00.3: new USB bus registered, assigned bus number 1
Aug 08 08:59:22 n kernel: xhci_hcd 0000:03:00.3: hcc params 0x0268ffe5 hci version 0x110 quirks 0x0000020000000010
Aug 08 08:59:22 n kernel: xhci_hcd 0000:03:00.3: xHCI Host Controller
Aug 08 08:59:22 n kernel: xhci_hcd 0000:03:00.3: new USB bus registered, assigned bus number 2
Aug 08 08:59:22 n kernel: xhci_hcd 0000:03:00.3: Host supports USB 3.1 Enhanced SuperSpeed
Aug 08 08:59:22 n kernel: usb usb1: New USB device found, idVendor=1d6b, idProduct=0002, bcdDevice= 7.00
Aug 08 08:59:22 n kernel: usb usb1: New USB device strings: Mfr=3, Product=2, SerialNumber=1
Aug 08 08:59:22 n kernel: usb usb1: Product: xHCI Host Controller
Aug 08 08:59:22 n kernel: usb usb1: Manufacturer: Linux 7.0.0-28-generic xhci-hcd
Aug 08 08:59:22 n kernel: usb usb1: SerialNumber: 0000:03:00.3
Aug 08 08:59:22 n kernel: hub 1-0:1.0: USB hub found
Aug 08 08:59:22 n kernel: hub 1-0:1.0: 4 ports detected
Aug 08 08:59:22 n kernel: Freeing initrd memory: 77800K
Aug 08 08:59:22 n kernel: usb usb2: We don't know the algorithms for LPM for this host, disabling LPM.
Aug 08 08:59:22 n kernel: usb usb2: New USB device found, idVendor=1d6b, idProduct=0003, bcdDevice= 7.00
Aug 08 08:59:22 n kernel: usb usb2: New USB device strings: Mfr=3, Product=2, SerialNumber=1
Aug 08 08:59:22 n kernel: usb usb2: Product: xHCI Host Controller
Aug 08 08:59:22 n kernel: usb usb2: Manufacturer: Linux 7.0.0-28-generic xhci-hcd
Aug 08 08:59:22 n kernel: usb usb2: SerialNumber: 0000:03:00.3
Aug 08 08:59:22 n kernel: hub 2-0:1.0: USB hub found
Aug 08 08:59:22 n kernel: hub 2-0:1.0: 2 ports detected
Aug 08 08:59:22 n kernel: xhci_hcd 0000:03:00.4: xHCI Host Controller
Aug 08 08:59:22 n kernel: xhci_hcd 0000:03:00.4: new USB bus registered, assigned bus number 3
Aug 08 08:59:22 n kernel: xhci_hcd 0000:03:00.4: hcc params 0x0268ffe5 hci version 0x110 quirks 0x0000020000000010
Aug 08 08:59:22 n kernel: xhci_hcd 0000:03:00.4: xHCI Host Controller
Aug 08 08:59:22 n kernel: xhci_hcd 0000:03:00.4: new USB bus registered, assigned bus number 4
Aug 08 08:59:22 n kernel: xhci_hcd 0000:03:00.4: Host supports USB 3.1 Enhanced SuperSpeed
Aug 08 08:59:22 n kernel: usb usb3: New USB device found, idVendor=1d6b, idProduct=0002, bcdDevice= 7.00
Aug 08 08:59:22 n kernel: usb usb3: New USB device strings: Mfr=3, Product=2, SerialNumber=1
Aug 08 08:59:22 n kernel: usb usb3: Product: xHCI Host Controller
Aug 08 08:59:22 n kernel: usb usb3: Manufacturer: Linux 7.0.0-28-generic xhci-hcd
Aug 08 08:59:22 n kernel: usb usb3: SerialNumber: 0000:03:00.4
Aug 08 08:59:22 n kernel: hub 3-0:1.0: USB hub found
Aug 08 08:59:22 n kernel: hub 3-0:1.0: 4 ports detected
Aug 08 08:59:22 n kernel: usb usb4: We don't know the algorithms for LPM for this host, disabling LPM.
Aug 08 08:59:22 n kernel: usb usb4: New USB device found, idVendor=1d6b, idProduct=0003, bcdDevice= 7.00
Aug 08 08:59:22 n kernel: usb usb4: New USB device strings: Mfr=3, Product=2, SerialNumber=1
Aug 08 08:59:22 n kernel: usb usb4: Product: xHCI Host Controller
Aug 08 08:59:22 n kernel: usb usb4: Manufacturer: Linux 7.0.0-28-generic xhci-hcd
Aug 08 08:59:22 n kernel: usb usb4: SerialNumber: 0000:03:00.4
Aug 08 08:59:22 n kernel: hub 4-0:1.0: USB hub found
Aug 08 08:59:22 n kernel: hub 4-0:1.0: 2 ports detected
Aug 08 08:59:22 n kernel: i8042: PNP: PS/2 Controller [PNP0303:PS2K] at 0x60,0x64 irq 1
Aug 08 08:59:22 n kernel: i8042: PNP: PS/2 appears to have AUX port disabled, if this is incorrect please boot with i8042.nopnp
Aug 08 08:59:22 n kernel: serio: i8042 KBD port at 0x60,0x64 irq 1
Aug 08 08:59:22 n kernel: mousedev: PS/2 mouse device common for all mice
Aug 08 08:59:22 n kernel: rtc_cmos 00:00: RTC can wake from S4
Aug 08 08:59:22 n kernel: rtc_cmos 00:00: registered as rtc0
Aug 08 08:59:22 n kernel: rtc_cmos 00:00: setting system clock to 2026-08-08T06:59:20 UTC (1786172360)
Aug 08 08:59:22 n kernel: rtc_cmos 00:00: alarms up to one month, y3k, 114 bytes nvram
Aug 08 08:59:22 n kernel: i2c_dev: i2c /dev entries driver
Aug 08 08:59:22 n kernel: device-mapper: core: CONFIG_IMA_DISABLE_HTABLE is disabled. Duplicate IMA measurements will not be recorded in the IMA log.
Aug 08 08:59:22 n kernel: device-mapper: uevent: version 1.0.3
Aug 08 08:59:22 n kernel: device-mapper: ioctl: 4.50.0-ioctl (2025-04-28) initialised: dm-devel@lists.linux.dev
Aug 08 08:59:22 n kernel: simple-framebuffer simple-framebuffer.0: [drm] Registered 1 planes with drm panic
Aug 08 08:59:22 n kernel: [drm] Initialized simpledrm 1.0.0 for simple-framebuffer.0 on minor 0
Aug 08 08:59:22 n kernel: fbcon: Deferring console take-over
Aug 08 08:59:22 n kernel: simple-framebuffer simple-framebuffer.0: [drm] fb0: simpledrmdrmfb frame buffer device
Aug 08 08:59:22 n kernel: drop_monitor: Initializing network drop monitor service
Aug 08 08:59:22 n kernel: NET: Registered PF_INET6 protocol family
Aug 08 08:59:22 n kernel: Segment Routing with IPv6
Aug 08 08:59:22 n kernel: In-situ OAM (IOAM) with IPv6
Aug 08 08:59:22 n kernel: NET: Registered PF_PACKET protocol family
Aug 08 08:59:22 n kernel: Key type dns_resolver registered
Aug 08 08:59:22 n kernel: x86/amd: Previous system reset reason [0x00080800]: software wrote 0x6 to reset control register 0xCF9
Aug 08 08:59:22 n kernel: microcode: Current revision: 0x0a500012
Aug 08 08:59:22 n kernel: microcode: Updated early from: 0x0a50000f
Aug 08 08:59:22 n kernel: resctrl: L3 allocation detected
Aug 08 08:59:22 n kernel: resctrl: MB allocation detected
Aug 08 08:59:22 n kernel: resctrl: L3 monitoring detected
Aug 08 08:59:22 n kernel: IPI shorthand broadcast: enabled
Aug 08 08:59:22 n kernel: input: AT Translated Set 2 keyboard as /devices/platform/i8042/serio0/input/input4
Aug 08 08:59:22 n kernel: sched_clock: Marking stable (621723075, 1308229)->(639510743, -16479439)
Aug 08 08:59:22 n kernel: registered taskstats version 1
Aug 08 08:59:22 n kernel: Loading compiled-in X.509 certificates
Aug 08 08:59:22 n kernel: Loaded X.509 cert 'Build time autogenerated kernel key: b3c0a41c94c145133419dd22c078889994f6704a'
Aug 08 08:59:22 n kernel: Loaded X.509 cert 'Canonical Ltd. Live Patch Signing 2025 Kmod: d541cef61dc7e793b7eb7e899970a2eef0b5dc8c'
Aug 08 08:59:22 n kernel: Loaded X.509 cert 'Canonical Ltd. Live Patch Signing: 14df34d1a87cf37625abec039ef2bf521249b969'
Aug 08 08:59:22 n kernel: Loaded X.509 cert 'Canonical Ltd. Kernel Module Signing 2025 Kmod: 4627603d2357a2a3f81006370894c221175893e9'
Aug 08 08:59:22 n kernel: Loaded X.509 cert 'Canonical Ltd. Kernel Module Signing: 88f752e560a1e0737e31163a466ad7b70a850c19'
Aug 08 08:59:22 n kernel: blacklist: Loading compiled-in revocation X.509 certificates
Aug 08 08:59:22 n kernel: Loaded X.509 cert 'Canonical Ltd. Secure Boot Signing: 61482aa2830d0ab2ad5af10b7250da9033ddcef0'
Aug 08 08:59:22 n kernel: Loaded X.509 cert 'Canonical Ltd. Secure Boot Signing (2017): 242ade75ac4a15e50d50c84b0d45ff3eae707a03'
Aug 08 08:59:22 n kernel: Loaded X.509 cert 'Canonical Ltd. Secure Boot Signing (ESM 2018): 365188c1d374d6b07c3c8f240f8ef722433d6a8b'
Aug 08 08:59:22 n kernel: Loaded X.509 cert 'Canonical Ltd. Secure Boot Signing (2019): c0746fd6c5da3ae827864651ad66ae47fe24b3e8'
Aug 08 08:59:22 n kernel: Loaded X.509 cert 'Canonical Ltd. Secure Boot Signing (2021 v1): a8d54bbb3825cfb94fa13c9f8a594a195c107b8d'
Aug 08 08:59:22 n kernel: Loaded X.509 cert 'Canonical Ltd. Secure Boot Signing (2021 v2): 4cf046892d6fd3c9a5b03f98d845f90851dc6a8c'
Aug 08 08:59:22 n kernel: Loaded X.509 cert 'Canonical Ltd. Secure Boot Signing (2021 v3): 100437bb6de6e469b581e61cd66bce3ef4ed53af'
Aug 08 08:59:22 n kernel: Loaded X.509 cert 'Canonical Ltd. Secure Boot Signing (Ubuntu Core 2019): c1d57b8f6b743f23ee41f4f7ee292f06eecadfb9'
Aug 08 08:59:22 n kernel: ACPI: battery: Slot [BAT0] (battery present)
Aug 08 08:59:22 n kernel: Demotion targets for Node 0: null
Aug 08 08:59:22 n kernel: Key type .fscrypt registered
Aug 08 08:59:22 n kernel: Key type fscrypt-provisioning registered
Aug 08 08:59:22 n kernel: Key type big_key registered
Aug 08 08:59:22 n kernel: Key type trusted registered
Aug 08 08:59:22 n kernel: Key type encrypted registered
Aug 08 08:59:22 n kernel: AppArmor: AppArmor sha256 policy hashing enabled
Aug 08 08:59:22 n kernel: Loading compiled-in module X.509 certificates
Aug 08 08:59:22 n kernel: Loaded X.509 cert 'Build time autogenerated kernel key: b3c0a41c94c145133419dd22c078889994f6704a'
Aug 08 08:59:22 n kernel: ima: Allocated hash algorithm: sha256
Aug 08 08:59:22 n kernel: ima: No architecture policies found
Aug 08 08:59:22 n kernel: evm: Initialising EVM extended attributes:
Aug 08 08:59:22 n kernel: evm: security.selinux
Aug 08 08:59:22 n kernel: evm: security.SMACK64
Aug 08 08:59:22 n kernel: evm: security.SMACK64EXEC
Aug 08 08:59:22 n kernel: evm: security.SMACK64TRANSMUTE
Aug 08 08:59:22 n kernel: evm: security.SMACK64MMAP
Aug 08 08:59:22 n kernel: evm: security.apparmor
Aug 08 08:59:22 n kernel: evm: security.ima
Aug 08 08:59:22 n kernel: evm: security.capability
Aug 08 08:59:22 n kernel: evm: HMAC attrs: 0x1
Aug 08 08:59:22 n kernel: integrity: Loading X.509 certificate: UEFI:db
Aug 08 08:59:22 n kernel: integrity: Loaded X.509 cert 'Oem Secure Boot DB 20231007: c0bddfdc2e6a018d479dc1a65ab7d83c'
Aug 08 08:59:22 n kernel: integrity: Loading X.509 certificate: UEFI:db
Aug 08 08:59:22 n kernel: integrity: Loaded X.509 cert 'Microsoft Corporation UEFI CA 2011: 13adbf4309bd82709c8cd54f316ed522988a1bd4'
Aug 08 08:59:22 n kernel: integrity: Loading X.509 certificate: UEFI:db
Aug 08 08:59:22 n kernel: integrity: Loaded X.509 cert 'Microsoft Corporation: Windows UEFI CA 2023: aefc5fbbbe055d8f8daa585473499417ab5a5272'
Aug 08 08:59:22 n kernel: integrity: Loading X.509 certificate: UEFI:db
Aug 08 08:59:22 n kernel: integrity: Loaded X.509 cert 'Microsoft Windows Production PCA 2011: a92902398e16c49778cd90f99e4f9ae17c55af53'
Aug 08 08:59:22 n kernel: PM:   Magic number: 6:689:973
Aug 08 08:59:22 n kernel: memory memory20: hash matches
Aug 08 08:59:22 n kernel: RAS: Correctable Errors collector initialized.
Aug 08 08:59:22 n kernel: clk: Disabling unused clocks
Aug 08 08:59:22 n kernel: PM: genpd: Disabling unused power domains
Aug 08 08:59:22 n kernel: Freeing unused decrypted memory: 2028K
Aug 08 08:59:22 n kernel: Freeing unused kernel image (initmem) memory: 5424K
Aug 08 08:59:22 n kernel: Write protecting the kernel read-only data: 43008k
Aug 08 08:59:22 n kernel: Freeing unused kernel image (text/rodata gap) memory: 1412K
Aug 08 08:59:22 n kernel: Freeing unused kernel image (rodata/data gap) memory: 1748K
Aug 08 08:59:22 n kernel: x86/mm: Checked W+X mappings: passed, no W+X pages found.
Aug 08 08:59:22 n kernel: Run /init as init process
Aug 08 08:59:22 n kernel:   with arguments:
Aug 08 08:59:22 n kernel:     /init
Aug 08 08:59:22 n kernel:     splash
Aug 08 08:59:22 n kernel:   with environment:
Aug 08 08:59:22 n kernel:     HOME=/
Aug 08 08:59:22 n kernel:     TERM=linux
Aug 08 08:59:22 n kernel: usb 1-2: new full-speed USB device number 2 using xhci_hcd
Aug 08 08:59:22 n kernel: usb 3-3: new full-speed USB device number 2 using xhci_hcd
Aug 08 08:59:22 n kernel: hid: raw HID events driver (C) Jiri Kosina
Aug 08 08:59:22 n kernel: usb 3-3: New USB device found, idVendor=13d3, idProduct=3503, bcdDevice= 0.01
Aug 08 08:59:22 n kernel: usb 3-3: New USB device strings: Mfr=0, Product=0, SerialNumber=0
Aug 08 08:59:22 n kernel: usb 1-2: New USB device found, idVendor=32c2, idProduct=0066, bcdDevice=42.8a
Aug 08 08:59:22 n kernel: usb 1-2: New USB device strings: Mfr=0, Product=1, SerialNumber=0
Aug 08 08:59:22 n kernel: usb 1-2: Product: 2.4G Wireless
Aug 08 08:59:22 n kernel: usb 3-4: new full-speed USB device number 3 using xhci_hcd
Aug 08 08:59:22 n kernel: usb 1-3: new high-speed USB device number 3 using xhci_hcd
Aug 08 08:59:22 n kernel: Key type psk registered
Aug 08 08:59:22 n kernel: ACPI: video: Video Device [VGA] (multi-head: yes  rom: no  post: no)
Aug 08 08:59:22 n kernel: input: PNP0C50:00 0911:5288 Mouse as /devices/platform/AMDI0010:03/i2c-0/i2c-PNP0C50:00/0018:0911:5288.0001/input/input5
Aug 08 08:59:22 n kernel: input: PNP0C50:00 0911:5288 Touchpad as /devices/platform/AMDI0010:03/i2c-0/i2c-PNP0C50:00/0018:0911:5288.0001/input/input6
Aug 08 08:59:22 n kernel: hid-generic 0018:0911:5288.0001: input,hidraw0: I2C HID v1.00 Mouse [PNP0C50:00 0911:5288] on i2c-PNP0C50:00
Aug 08 08:59:22 n kernel: input: Video Bus as /devices/pci0000:00/0000:00:08.1/acpi.video_bus.0/input/input7
Aug 08 08:59:22 n kernel: nvme nvme0: pci function 0000:01:00.0
Aug 08 08:59:22 n kernel: nvme nvme0: allocated 16 MiB host memory buffer (1 segment).
Aug 08 08:59:22 n kernel: nvme nvme0: 8/0/0 default/read/poll queues
Aug 08 08:59:22 n kernel: nvme nvme0: Ignoring bogus Namespace Identifiers
Aug 08 08:59:22 n kernel:  nvme0n1: p1 p2 p3 p4 p5
Aug 08 08:59:22 n kernel: input: PNP0C50:00 0911:5288 Touchpad as /devices/platform/AMDI0010:03/i2c-0/i2c-PNP0C50:00/0018:0911:5288.0001/input/input9
Aug 08 08:59:22 n kernel: hid-multitouch 0018:0911:5288.0001: input,hidraw0: I2C HID v1.00 Mouse [PNP0C50:00 0911:5288] on i2c-PNP0C50:00
Aug 08 08:59:22 n kernel: usb 1-3: New USB device found, idVendor=0bda, idProduct=0129, bcdDevice=39.60
Aug 08 08:59:22 n kernel: usb 1-3: New USB device strings: Mfr=1, Product=2, SerialNumber=3
Aug 08 08:59:22 n kernel: usb 1-3: Product: USB2.0-CRW
Aug 08 08:59:22 n kernel: usb 1-3: Manufacturer: Generic
Aug 08 08:59:22 n kernel: usb 1-3: SerialNumber: 20100201396000000
Aug 08 08:59:22 n kernel: usb 3-4: New USB device found, idVendor=2808, idProduct=c652, bcdDevice=20.03
Aug 08 08:59:22 n kernel: usb 3-4: New USB device strings: Mfr=1, Product=2, SerialNumber=0
Aug 08 08:59:22 n kernel: usb 3-4: Product: FocalTech Fingerprint Device
Aug 08 08:59:22 n kernel: usb 3-4: Manufacturer: FocalTech
Aug 08 08:59:22 n kernel: usb 1-4: new high-speed USB device number 4 using xhci_hcd
Aug 08 08:59:22 n kernel: usb 1-4: New USB device found, idVendor=32e6, idProduct=9211, bcdDevice= 0.00
Aug 08 08:59:22 n kernel: usb 1-4: New USB device strings: Mfr=1, Product=2, SerialNumber=3
Aug 08 08:59:22 n kernel: usb 1-4: Product: icspring camera
Aug 08 08:59:22 n kernel: usb 1-4: Manufacturer: icSpring
Aug 08 08:59:22 n kernel: usb 1-4: SerialNumber: 241112113001
Aug 08 08:59:22 n kernel: usbcore: registered new interface driver rtsx_usb
Aug 08 08:59:22 n kernel: input: 2.4G Wireless as /devices/pci0000:00/0000:00:08.1/0000:03:00.3/usb1/1-2/1-2:1.0/0003:32C2:0066.0002/input/input10
Aug 08 08:59:22 n kernel: tsc: Refined TSC clocksource calibration: 1996.245 MHz
Aug 08 08:59:22 n kernel: clocksource: tsc: mask: 0xffffffffffffffff max_cycles: 0x398ca5c3e2a, max_idle_ns: 881590548659 ns
Aug 08 08:59:22 n kernel: clocksource: Switched to clocksource tsc
Aug 08 08:59:22 n kernel: hid-generic 0003:32C2:0066.0002: input,hidraw1: USB HID v1.10 Keyboard [2.4G Wireless] on usb-0000:03:00.3-2/input0
Aug 08 08:59:22 n kernel: input: 2.4G Wireless Mouse as /devices/pci0000:00/0000:00:08.1/0000:03:00.3/usb1/1-2/1-2:1.1/0003:32C2:0066.0003/input/input11
Aug 08 08:59:22 n kernel: input: 2.4G Wireless as /devices/pci0000:00/0000:00:08.1/0000:03:00.3/usb1/1-2/1-2:1.1/0003:32C2:0066.0003/input/input12
Aug 08 08:59:22 n kernel: input: 2.4G Wireless Consumer Control as /devices/pci0000:00/0000:00:08.1/0000:03:00.3/usb1/1-2/1-2:1.1/0003:32C2:0066.0003/input/input13
Aug 08 08:59:22 n kernel: input: 2.4G Wireless System Control as /devices/pci0000:00/0000:00:08.1/0000:03:00.3/usb1/1-2/1-2:1.1/0003:32C2:0066.0003/input/input14
Aug 08 08:59:22 n kernel: hid-generic 0003:32C2:0066.0003: input,hiddev0,hidraw2: USB HID v1.10 Mouse [2.4G Wireless] on usb-0000:03:00.3-2/input1
Aug 08 08:59:22 n kernel: usbcore: registered new interface driver usbhid
Aug 08 08:59:22 n kernel: usbhid: USB HID core driver
Aug 08 08:59:22 n kernel: EXT4-fs (nvme0n1p5): mounted filesystem <UUID-01> ro with ordered data mode. Quota mode: none.
Aug 08 08:59:22 n systemd[1]: Inserted module 'autofs4'
Aug 08 08:59:22 n systemd[1]: systemd 255.4-1ubuntu8.16 running in system mode (+PAM +AUDIT +SELINUX +APPARMOR +IMA +SMACK +SECCOMP +GCRYPT -GNUTLS +OPENSSL +ACL +BLKID +CURL +ELFUTILS +FIDO2 +IDN2 -IDN +IPTC +KMOD +LIBCRYPTSETUP +LIBFDISK +PCRE2 -PWQUALITY +P11KIT +QRENCODE +TPM2 +BZIP2 +LZ4 +XZ +ZLIB +ZSTD -BPF_FRAMEWORK -XKBCOMMON +UTMP +SYSVINIT default-hierarchy=unified)
Aug 08 08:59:22 n systemd[1]: Detected architecture x86-64.
Aug 08 08:59:22 n systemd[1]: Hostname set to <n>.
Aug 08 08:59:22 n systemd[1]: Queued start job for default target graphical.target.
Aug 08 08:59:22 n systemd[1]: Created slice system-modprobe.slice - Slice /system/modprobe.
Aug 08 08:59:22 n systemd[1]: Created slice system-systemd\x2dfsck.slice - Slice /system/systemd-fsck.
Aug 08 08:59:22 n systemd[1]: Created slice user.slice - User and Session Slice.
Aug 08 08:59:22 n systemd[1]: Started systemd-ask-password-wall.path - Forward Password Requests to Wall Directory Watch.
Aug 08 08:59:22 n systemd[1]: Set up automount proc-sys-fs-binfmt_misc.automount - Arbitrary Executable File Formats File System Automount Point.
Aug 08 08:59:22 n systemd[1]: Expecting device dev-disk-by\x2duuid-58E670A3E6708354.device - /dev/disk/by-uuid/58E670A3E6708354...
Aug 08 08:59:22 n systemd[1]: Expecting device dev-disk-by\x2duuid-C06C\x2d2AEA.device - /dev/disk/by-uuid/C06C-2AEA...
Aug 08 08:59:22 n systemd[1]: Reached target integritysetup.target - Local Integrity Protected Volumes.
Aug 08 08:59:22 n systemd[1]: Reached target remote-fs.target - Remote File Systems.
Aug 08 08:59:22 n systemd[1]: Reached target slices.target - Slice Units.
Aug 08 08:59:22 n systemd[1]: Reached target snapd.mounts-pre.target - Mounting snaps.
Aug 08 08:59:22 n systemd[1]: Reached target veritysetup.target - Local Verity Protected Volumes.
Aug 08 08:59:22 n systemd[1]: Listening on syslog.socket - Syslog Socket.
Aug 08 08:59:22 n systemd[1]: Listening on systemd-fsckd.socket - fsck to fsckd communication Socket.
Aug 08 08:59:22 n systemd[1]: Listening on systemd-initctl.socket - initctl Compatibility Named Pipe.
Aug 08 08:59:22 n systemd[1]: Listening on systemd-journald-dev-log.socket - Journal Socket (/dev/log).
Aug 08 08:59:22 n systemd[1]: Listening on systemd-journald.socket - Journal Socket.
Aug 08 08:59:22 n systemd[1]: Listening on systemd-oomd.socket - Userspace Out-Of-Memory (OOM) Killer Socket.
Aug 08 08:59:22 n systemd[1]: systemd-pcrextend.socket - TPM2 PCR Extension (Varlink) was skipped because of an unmet condition check (ConditionSecurity=measured-uki).
Aug 08 08:59:22 n systemd[1]: Listening on systemd-udevd-control.socket - udev Control Socket.
Aug 08 08:59:22 n systemd[1]: Listening on systemd-udevd-kernel.socket - udev Kernel Socket.
Aug 08 08:59:22 n systemd[1]: Mounting dev-hugepages.mount - Huge Pages File System...
Aug 08 08:59:22 n systemd[1]: Mounting dev-mqueue.mount - POSIX Message Queue File System...
Aug 08 08:59:22 n systemd[1]: Mounting sys-kernel-debug.mount - Kernel Debug File System...
Aug 08 08:59:22 n systemd[1]: Mounting sys-kernel-tracing.mount - Kernel Trace File System...
Aug 08 08:59:22 n systemd[1]: Starting systemd-journald.service - Journal Service...
Aug 08 08:59:22 n systemd[1]: Starting keyboard-setup.service - Set the console keyboard layout...
Aug 08 08:59:22 n systemd[1]: Starting kmod-static-nodes.service - Create List of Static Device Nodes...
Aug 08 08:59:22 n systemd[1]: Starting modprobe@configfs.service - Load Kernel Module configfs...
Aug 08 08:59:22 n systemd[1]: Starting modprobe@dm_mod.service - Load Kernel Module dm_mod...
Aug 08 08:59:22 n systemd[1]: Starting modprobe@drm.service - Load Kernel Module drm...
Aug 08 08:59:22 n systemd[1]: Starting modprobe@efi_pstore.service - Load Kernel Module efi_pstore...
Aug 08 08:59:22 n systemd[1]: Starting modprobe@fuse.service - Load Kernel Module fuse...
Aug 08 08:59:22 n systemd[1]: Starting modprobe@loop.service - Load Kernel Module loop...
Aug 08 08:59:22 n systemd[1]: systemd-fsck-root.service - File System Check on Root Device was skipped because of an unmet condition check (ConditionPathExists=!/run/initramfs/fsck-root).
Aug 08 08:59:22 n systemd[1]: Starting systemd-modules-load.service - Load Kernel Modules...
Aug 08 08:59:22 n systemd[1]: systemd-pcrmachine.service - TPM2 PCR Machine ID Measurement was skipped because of an unmet condition check (ConditionSecurity=measured-uki).
Aug 08 08:59:22 n systemd[1]: Starting systemd-remount-fs.service - Remount Root and Kernel File Systems...
Aug 08 08:59:22 n systemd[1]: systemd-tpm2-setup-early.service - TPM2 SRK Setup (Early) was skipped because of an unmet condition check (ConditionSecurity=measured-uki).
Aug 08 08:59:22 n systemd[1]: Starting systemd-udev-trigger.service - Coldplug All udev Devices...
Aug 08 08:59:22 n kernel: pstore: Using crash dump compression: deflate
Aug 08 08:59:22 n systemd[1]: Mounted dev-hugepages.mount - Huge Pages File System.
Aug 08 08:59:22 n systemd[1]: Mounted dev-mqueue.mount - POSIX Message Queue File System.
Aug 08 08:59:22 n systemd[1]: Mounted sys-kernel-debug.mount - Kernel Debug File System.
Aug 08 08:59:22 n systemd[1]: Mounted sys-kernel-tracing.mount - Kernel Trace File System.
Aug 08 08:59:22 n kernel: pstore: Registered efi_pstore as persistent store backend
Aug 08 08:59:22 n systemd[1]: Finished kmod-static-nodes.service - Create List of Static Device Nodes.
Aug 08 08:59:22 n systemd[1]: modprobe@configfs.service: Deactivated successfully.
Aug 08 08:59:22 n systemd[1]: Finished modprobe@configfs.service - Load Kernel Module configfs.
Aug 08 08:59:22 n systemd-journald[450]: Collecting audit messages is disabled.
Aug 08 08:59:22 n systemd[1]: modprobe@dm_mod.service: Deactivated successfully.
Aug 08 08:59:22 n systemd[1]: Finished modprobe@dm_mod.service - Load Kernel Module dm_mod.
Aug 08 08:59:22 n systemd[1]: modprobe@drm.service: Deactivated successfully.
Aug 08 08:59:22 n systemd[1]: Finished modprobe@drm.service - Load Kernel Module drm.
Aug 08 08:59:22 n systemd[1]: modprobe@efi_pstore.service: Deactivated successfully.
Aug 08 08:59:22 n systemd[1]: Finished modprobe@efi_pstore.service - Load Kernel Module efi_pstore.
Aug 08 08:59:22 n systemd[1]: modprobe@fuse.service: Deactivated successfully.
Aug 08 08:59:22 n systemd[1]: Finished modprobe@fuse.service - Load Kernel Module fuse.
Aug 08 08:59:22 n systemd[1]: modprobe@loop.service: Deactivated successfully.
Aug 08 08:59:22 n systemd[1]: Finished modprobe@loop.service - Load Kernel Module loop.
Aug 08 08:59:22 n systemd[1]: Mounting sys-fs-fuse-connections.mount - FUSE Control File System...
Aug 08 08:59:22 n systemd[1]: Mounting sys-kernel-config.mount - Kernel Configuration File System...
Aug 08 08:59:22 n systemd[1]: systemd-repart.service - Repartition Root Disk was skipped because no trigger condition checks were met.
Aug 08 08:59:22 n systemd[1]: Starting systemd-tmpfiles-setup-dev-early.service - Create Static Device Nodes in /dev gracefully...
Aug 08 08:59:22 n systemd[1]: Mounted sys-fs-fuse-connections.mount - FUSE Control File System.
Aug 08 08:59:22 n systemd[1]: Mounted sys-kernel-config.mount - Kernel Configuration File System.
Aug 08 08:59:22 n kernel: lp: driver loaded but no devices found
Aug 08 08:59:22 n kernel: EXT4-fs (nvme0n1p5): re-mounted <UUID-01> r/w.
Aug 08 08:59:22 n systemd[1]: Finished systemd-remount-fs.service - Remount Root and Kernel File Systems.
Aug 08 08:59:22 n kernel: ppdev: user-space parallel port driver
Aug 08 08:59:22 n systemd[1]: Activating swap swap.img.swap - /swap.img...
Aug 08 08:59:22 n systemd[1]: systemd-hwdb-update.service - Rebuild Hardware Database was skipped because of an unmet condition check (ConditionNeedsUpdate=/etc).
Aug 08 08:59:22 n systemd[1]: systemd-pstore.service - Platform Persistent Storage Archival was skipped because of an unmet condition check (ConditionDirectoryNotEmpty=/sys/fs/pstore).
Aug 08 08:59:22 n systemd[1]: Starting systemd-random-seed.service - Load/Save OS Random Seed...
Aug 08 08:59:22 n systemd[1]: systemd-tpm2-setup.service - TPM2 SRK Setup was skipped because of an unmet condition check (ConditionSecurity=measured-uki).
Aug 08 08:59:22 n kernel: Adding 8388604k swap on /swap.img.  Priority:-1 extents:39 across:404414460k SS
Aug 08 08:59:22 n systemd[1]: Activated swap swap.img.swap - /swap.img.
Aug 08 08:59:22 n systemd[1]: Finished systemd-tmpfiles-setup-dev-early.service - Create Static Device Nodes in /dev gracefully.
Aug 08 08:59:22 n systemd[1]: Reached target swap.target - Swaps.
Aug 08 08:59:22 n systemd[1]: systemd-sysusers.service - Create System Users was skipped because no trigger condition checks were met.
Aug 08 08:59:22 n systemd[1]: Starting systemd-tmpfiles-setup-dev.service - Create Static Device Nodes in /dev...
Aug 08 08:59:22 n systemd[1]: Finished systemd-random-seed.service - Load/Save OS Random Seed.
Aug 08 08:59:22 n systemd[1]: Finished systemd-modules-load.service - Load Kernel Modules.
Aug 08 08:59:22 n systemd[1]: Finished keyboard-setup.service - Set the console keyboard layout.
Aug 08 08:59:22 n systemd[1]: Starting systemd-sysctl.service - Apply Kernel Variables...
Aug 08 08:59:22 n systemd[1]: Finished systemd-tmpfiles-setup-dev.service - Create Static Device Nodes in /dev.
Aug 08 08:59:22 n systemd[1]: Reached target local-fs-pre.target - Preparation for Local File Systems.
Aug 08 08:59:22 n systemd[1]: Mounting snap-bare-5.mount - Mount unit for bare, revision 5...
Aug 08 08:59:22 n systemd[1]: Mounting snap-blender-7480.mount - Mount unit for blender, revision 7480...
Aug 08 08:59:22 n systemd[1]: Mounting snap-blender-7599.mount - Mount unit for blender, revision 7599...
Aug 08 08:59:22 n systemd[1]: Mounting snap-core20-2769.mount - Mount unit for core20, revision 2769...
Aug 08 08:59:22 n systemd[1]: Mounting snap-core20-2866.mount - Mount unit for core20, revision 2866...
Aug 08 08:59:22 n systemd[1]: Mounting snap-core22-2339.mount - Mount unit for core22, revision 2339...
Aug 08 08:59:22 n kernel: loop0: detected capacity change from 0 to 851864
Aug 08 08:59:22 n systemd[1]: Mounting snap-core22-2411.mount - Mount unit for core22, revision 2411...
Aug 08 08:59:22 n kernel: loop1: detected capacity change from 0 to 8
Aug 08 08:59:22 n kernel: loop2: detected capacity change from 0 to 831968
Aug 08 08:59:22 n kernel: loop3: detected capacity change from 0 to 130616
Aug 08 08:59:22 n systemd[1]: Mounting snap-core24-1587.mount - Mount unit for core24, revision 1587...
Aug 08 08:59:22 n kernel: loop4: detected capacity change from 0 to 130624
Aug 08 08:59:22 n systemd[1]: Mounting snap-core24-1643.mount - Mount unit for core24, revision 1643...
Aug 08 08:59:22 n systemd[1]: Mounting snap-cups-1229.mount - Mount unit for cups, revision 1229...
Aug 08 08:59:22 n kernel: loop5: detected capacity change from 0 to 151456
Aug 08 08:59:22 n systemd[1]: Mounting snap-cups-1238.mount - Mount unit for cups, revision 1238...
Aug 08 08:59:22 n kernel: loop6: detected capacity change from 0 to 151512
Aug 08 08:59:22 n systemd[1]: Mounting snap-ffmpeg\x2d2404-139.mount - Mount unit for ffmpeg-2404, revision 139...
Aug 08 08:59:22 n systemd[1]: Mounting snap-ffmpeg\x2d2404-149.mount - Mount unit for ffmpeg-2404, revision 149...
Aug 08 08:59:22 n kernel: loop7: detected capacity change from 0 to 136816
Aug 08 08:59:22 n kernel: loop8: detected capacity change from 0 to 136904
Aug 08 08:59:22 n systemd[1]: Mounting snap-firefox-8702.mount - Mount unit for firefox, revision 8702...
Aug 08 08:59:22 n kernel: loop9: detected capacity change from 0 to 100632
Aug 08 08:59:22 n systemd[1]: Mounting snap-firefox-8736.mount - Mount unit for firefox, revision 8736...
Aug 08 08:59:22 n systemd[1]: Mounting snap-firmware\x2dupdater-224.mount - Mount unit for firmware-updater, revision 224...
Aug 08 08:59:22 n systemd[1]: Mounting snap-firmware\x2dupdater-226.mount - Mount unit for firmware-updater, revision 226...
Aug 08 08:59:22 n systemd[1]: Mounting snap-gimp-558.mount - Mount unit for gimp, revision 558...
Aug 08 08:59:22 n systemd[1]: Mounting snap-gimp-560.mount - Mount unit for gimp, revision 560...
Aug 08 08:59:22 n systemd[1]: Mounting snap-gnome\x2d42\x2d2204-247.mount - Mount unit for gnome-42-2204, revision 247...
Aug 08 08:59:22 n systemd[1]: Mounting snap-gnome\x2d42\x2d2204-263.mount - Mount unit for gnome-42-2204, revision 263...
Aug 08 08:59:22 n systemd[1]: Mounting snap-gnome\x2d46\x2d2404-153.mount - Mount unit for gnome-46-2404, revision 153...
Aug 08 08:59:22 n systemd[1]: Mounting snap-gnome\x2d46\x2d2404-164.mount - Mount unit for gnome-46-2404, revision 164...
Aug 08 08:59:22 n systemd[1]: Mounting snap-gtk\x2dcommon\x2dthemes-1535.mount - Mount unit for gtk-common-themes, revision 1535...
Aug 08 08:59:22 n systemd[1]: Mounting snap-inkscape-11364.mount - Mount unit for inkscape, revision 11364...
Aug 08 08:59:22 n systemd[1]: Mounting snap-inkscape-11530.mount - Mount unit for inkscape, revision 11530...
Aug 08 08:59:22 n systemd[1]: Mounting snap-mesa\x2d2404-1165.mount - Mount unit for mesa-2404, revision 1165...
Aug 08 08:59:22 n systemd[1]: Mounting snap-mesa\x2d2404-1839.mount - Mount unit for mesa-2404, revision 1839...
Aug 08 08:59:22 n systemd[1]: Mounting snap-snap\x2dstore-1367.mount - Mount unit for snap-store, revision 1367...
Aug 08 08:59:22 n systemd[1]: Mounting snap-snap\x2dstore-1390.mount - Mount unit for snap-store, revision 1390...
Aug 08 08:59:22 n systemd[1]: Mounting snap-snapd-27406.mount - Mount unit for snapd, revision 27406...
Aug 08 08:59:22 n systemd[1]: Mounting snap-snapd-27591.mount - Mount unit for snapd, revision 27591...
Aug 08 08:59:22 n systemd[1]: Mounting snap-snapd\x2ddesktop\x2dintegration-387.mount - Mount unit for snapd-desktop-integration, revision 387...
Aug 08 08:59:22 n systemd[1]: Mounting snap-snapd\x2ddesktop\x2dintegration-391.mount - Mount unit for snapd-desktop-integration, revision 391...
Aug 08 08:59:22 n systemd[1]: Mounting snap-thunderbird-1170.mount - Mount unit for thunderbird, revision 1170...
Aug 08 08:59:22 n systemd[1]: Mounting snap-thunderbird-1201.mount - Mount unit for thunderbird, revision 1201...
Aug 08 08:59:22 n systemd[1]: Starting systemd-udevd.service - Rule-based Manager for Device Events and Files...
Aug 08 08:59:22 n systemd[1]: Started systemd-journald.service - Journal Service.
Aug 08 08:59:22 n systemd-journald[450]: Received client request to flush runtime journal.
Aug 08 08:59:22 n systemd-journald[450]: /var/log/journal/fe39f92475564dc19f9053ec0b0605f6/system.journal: Journal file uses a different sequence number ID, rotating.
Aug 08 08:59:22 n systemd-journald[450]: Rotating system journal.
Aug 08 08:59:22 n kernel: ccp 0000:03:00.2: enabling device (0000 -> 0002)
Aug 08 08:59:22 n kernel: ccp 0000:03:00.2: ccp: unable to access the device: you might be running a broken BIOS.
Aug 08 08:59:22 n kernel: ccp 0000:03:00.2: tee enabled
Aug 08 08:59:22 n kernel: ccp 0000:03:00.2: psp enabled
Aug 08 08:59:22 n kernel: piix4_smbus 0000:00:14.0: SMBus Host Controller at 0xb00, revision 0
Aug 08 08:59:22 n kernel: piix4_smbus 0000:00:14.0: Using register 0x02 for SMBus port selection
Aug 08 08:59:22 n kernel: mc: Linux media interface: v0.10
Aug 08 08:59:22 n kernel: i2c i2c-1: Successfully instantiated SPD at 0x51
Aug 08 08:59:22 n kernel: piix4_smbus 0000:00:14.0: Auxiliary SMBus Host Controller at 0xb20
Aug 08 08:59:22 n kernel: RAPL PMU: API unit is 2^-32 Joules, 2 fixed counters, 163840 ms ovfl timer
Aug 08 08:59:22 n kernel: RAPL PMU: hw unit of domain package 2^-16 Joules
Aug 08 08:59:22 n kernel: RAPL PMU: hw unit of domain core 2^-16 Joules
Aug 08 08:59:22 n kernel: cfg80211: Loading compiled-in X.509 certificates for regulatory database
Aug 08 08:59:22 n kernel: Loaded X.509 cert 'sforshee: 00b28ddf47aef9cea7'
Aug 08 08:59:22 n kernel: Loaded X.509 cert 'wens: 61c038651aabdcf94bd0ac7ff06c7248db18c600'
Aug 08 08:59:22 n kernel: Bluetooth: Core ver 2.22
Aug 08 08:59:22 n kernel: NET: Registered PF_BLUETOOTH protocol family
Aug 08 08:59:22 n kernel: Bluetooth: HCI device and connection manager initialized
Aug 08 08:59:22 n kernel: Bluetooth: HCI socket layer initialized
Aug 08 08:59:22 n kernel: Bluetooth: L2CAP socket layer initialized
Aug 08 08:59:22 n kernel: Bluetooth: SCO socket layer initialized
Aug 08 08:59:22 n kernel: snd_rn_pci_acp3x 0000:03:00.5: enabling device (0000 -> 0002)
Aug 08 08:59:22 n kernel: videodev: Linux video capture interface: v2.00
Aug 08 08:59:22 n kernel: input: gpio-keys as /devices/platform/ID9000:00/gpio-keys.3.auto/input/input15
Aug 08 08:59:22 n kernel: usbcore: registered new interface driver btusb
Aug 08 08:59:22 n kernel: input: gpio-keys as /devices/platform/ACPI0011:00/gpio-keys.4.auto/input/input16
Aug 08 08:59:22 n kernel: uvcvideo 1-4:1.0: Found UVC 1.00 device icspring camera (32e6:9211)
Aug 08 08:59:22 n kernel: ee1004 1-0051: 512 byte EE1004-compliant SPD EEPROM, read-only
Aug 08 08:59:22 n kernel: usbcore: registered new interface driver uvcvideo
Aug 08 08:59:22 n kernel: kvm_amd: TSC scaling supported
Aug 08 08:59:22 n kernel: kvm_amd: Nested Virtualization enabled
Aug 08 08:59:22 n kernel: kvm_amd: Nested Paging enabled
Aug 08 08:59:22 n kernel: kvm_amd: LBR virtualization supported
Aug 08 08:59:22 n kernel: kvm_amd: Virtual VMLOAD VMSAVE supported
Aug 08 08:59:22 n kernel: kvm_amd: Virtual GIF supported
Aug 08 08:59:22 n kernel: MCE: In-kernel MCE decoding enabled.
Aug 08 08:59:22 n kernel: ath10k_pci 0000:02:00.0: enabling device (0000 -> 0002)
Aug 08 08:59:22 n kernel: ath10k_pci 0000:02:00.0: pci irq msi oper_irq_mode 2 irq_mode 0 reset_mode 0
Aug 08 08:59:22 n kernel: snd_hda_intel 0000:03:00.1: enabling device (0000 -> 0002)
Aug 08 08:59:22 n kernel: snd_hda_intel 0000:03:00.1: Handle vga_switcheroo audio client
Aug 08 08:59:22 n kernel: snd_hda_intel 0000:03:00.6: enabling device (0000 -> 0002)
Aug 08 08:59:22 n kernel: input: HD-Audio Generic HDMI/DP,pcm=3 as /devices/pci0000:00/0000:00:08.1/0000:03:00.1/sound/card0/input17
Aug 08 08:59:22 n kernel: input: HD-Audio Generic HDMI/DP,pcm=7 as /devices/pci0000:00/0000:00:08.1/0000:03:00.1/sound/card0/input18
Aug 08 08:59:22 n kernel: snd_hda_codec_conexant hdaudioC1D0: SN6140: BIOS auto-probing.
Aug 08 08:59:22 n kernel: snd_hda_codec_conexant hdaudioC1D0: autoconfig for SN6140: line_outs=1 (0x17/0x0/0x0/0x0/0x0) type:speaker
Aug 08 08:59:22 n kernel: snd_hda_codec_conexant hdaudioC1D0:    speaker_outs=0 (0x0/0x0/0x0/0x0/0x0)
Aug 08 08:59:22 n kernel: snd_hda_codec_conexant hdaudioC1D0:    hp_outs=1 (0x16/0x0/0x0/0x0/0x0)
Aug 08 08:59:22 n kernel: snd_hda_codec_conexant hdaudioC1D0:    mono: mono_out=0x0
Aug 08 08:59:22 n kernel: snd_hda_codec_conexant hdaudioC1D0:    inputs:
Aug 08 08:59:22 n kernel: snd_hda_codec_conexant hdaudioC1D0:      Mic=0x19
Aug 08 08:59:22 n kernel: snd_hda_codec_conexant hdaudioC1D0:      Internal Mic=0x1a
Aug 08 08:59:22 n kernel: intel_rapl_common: Found RAPL domain package
Aug 08 08:59:22 n kernel: intel_rapl_common: Found RAPL domain core
Aug 08 08:59:22 n kernel: amd_atl: AMD Address Translation Library initialized
Aug 08 08:59:22 n kernel: input: HD-Audio Generic Mic as /devices/pci0000:00/0000:00:08.1/0000:03:00.6/sound/card1/input19
Aug 08 08:59:22 n kernel: input: HD-Audio Generic Headphone as /devices/pci0000:00/0000:00:08.1/0000:03:00.6/sound/card1/input20
Aug 08 08:59:22 n kernel: ath10k_pci 0000:02:00.0: qca9377 hw1.1 target 0x05020001 chip_id 0x003821ff sub 1a3b:2b51
Aug 08 08:59:22 n kernel: ath10k_pci 0000:02:00.0: kconfig debug 0 debugfs 1 tracing 1 dfs 0 testmode 0
Aug 08 08:59:22 n kernel: ath10k_pci 0000:02:00.0: firmware ver WLAN.TF.2.1-00021-QCARMSWP-1 api 6 features wowlan,ignore-otp crc32 42e41877
Aug 08 08:59:22 n kernel: ath10k_pci 0000:02:00.0: board_file api 2 bmi_id N/A crc32 8aedfa4a
Aug 08 08:59:22 n kernel: ath10k_pci 0000:02:00.0: htt-ver 3.56 wmi-op 4 htt-op 3 cal otp max-sta 32 raw 0 hwcrypto 1
Aug 08 08:59:23 n kernel: ath: EEPROM regdomain: 0x6a
Aug 08 08:59:23 n kernel: ath: EEPROM indicates we should expect a direct regpair map
Aug 08 08:59:23 n kernel: ath: Country alpha2 being used: 00
Aug 08 08:59:23 n kernel: ath: Regpair used: 0x6a
Aug 08 08:59:23 n kernel: ath10k_pci 0000:02:00.0 wlp2s0: renamed from wlan0
Aug 08 08:59:24 n kernel: amdgpu: Virtual CRAT table created for CPU
Aug 08 08:59:24 n kernel: amdgpu: Topology: Add CPU node
Aug 08 08:59:24 n kernel: amdgpu 0000:03:00.0: enabling device (0006 -> 0007)
Aug 08 08:59:24 n kernel: amdgpu 0000:03:00.0: initializing kernel modesetting (RENOIR 0x1002:0x15E7 0x1E50:0x8015 0xC1).
Aug 08 08:59:24 n kernel: amdgpu 0000:03:00.0: register mmio base: 0xFCD00000
Aug 08 08:59:24 n kernel: amdgpu 0000:03:00.0: register mmio size: 524288
Aug 08 08:59:24 n kernel: amdgpu 0000:03:00.0: detected ip block number 0 <common_v2_0_0> (soc15_common)
Aug 08 08:59:24 n kernel: amdgpu 0000:03:00.0: detected ip block number 1 <gmc_v9_0_0> (gmc_v9_0)
Aug 08 08:59:24 n kernel: amdgpu 0000:03:00.0: detected ip block number 2 <ih_v4_0_0> (vega10_ih)
Aug 08 08:59:24 n kernel: amdgpu 0000:03:00.0: detected ip block number 3 <psp_v12_0_0> (psp)
Aug 08 08:59:24 n kernel: amdgpu 0000:03:00.0: detected ip block number 4 <smu_v12_0_0> (smu)
Aug 08 08:59:24 n kernel: amdgpu 0000:03:00.0: detected ip block number 5 <dce_v1_0_0> (dm)
Aug 08 08:59:24 n kernel: amdgpu 0000:03:00.0: detected ip block number 6 <gfx_v9_0_0> (gfx_v9_0)
Aug 08 08:59:24 n kernel: amdgpu 0000:03:00.0: detected ip block number 7 <sdma_v4_0_0> (sdma_v4_0)
Aug 08 08:59:24 n kernel: amdgpu 0000:03:00.0: detected ip block number 8 <vcn_v2_0_0> (vcn_v2_0)
Aug 08 08:59:24 n kernel: amdgpu 0000:03:00.0: detected ip block number 9 <jpeg_v2_0_0> (jpeg_v2_0)
Aug 08 08:59:24 n kernel: amdgpu 0000:03:00.0: Fetched VBIOS from VFCT
Aug 08 08:59:24 n kernel: amdgpu 0000:03:00.0: [drm] ATOM BIOS: 113-BARCELO-004
Aug 08 08:59:24 n kernel: audit: type=1400 audit(1786172364.974:2): apparmor="STATUS" operation="profile_load" profile="unconfined" name=4D6F6E676F444220436F6D70617373 pid=903 comm="apparmor_parser"
Aug 08 08:59:24 n kernel: audit: type=1400 audit(1786172364.974:3): apparmor="STATUS" operation="profile_load" profile="unconfined" name="chrome" pid=913 comm="apparmor_parser"
Aug 08 08:59:24 n kernel: audit: type=1400 audit(1786172364.974:4): apparmor="STATUS" operation="profile_load" profile="unconfined" name="cam" pid=910 comm="apparmor_parser"
Aug 08 08:59:24 n kernel: audit: type=1400 audit(1786172364.974:5): apparmor="STATUS" operation="profile_load" profile="unconfined" name="ch-run" pid=912 comm="apparmor_parser"
Aug 08 08:59:24 n kernel: audit: type=1400 audit(1786172364.974:6): apparmor="STATUS" operation="profile_load" profile="unconfined" name="crun" pid=915 comm="apparmor_parser"
Aug 08 08:59:24 n kernel: audit: type=1400 audit(1786172364.974:7): apparmor="STATUS" operation="profile_load" profile="unconfined" name="buildah" pid=908 comm="apparmor_parser"
Aug 08 08:59:24 n kernel: audit: type=1400 audit(1786172364.975:8): apparmor="STATUS" operation="profile_load" profile="unconfined" name="vscode" pid=914 comm="apparmor_parser"
Aug 08 08:59:24 n kernel: audit: type=1400 audit(1786172364.975:9): apparmor="STATUS" operation="profile_load" profile="unconfined" name="brave" pid=907 comm="apparmor_parser"
Aug 08 08:59:24 n kernel: audit: type=1400 audit(1786172364.975:10): apparmor="STATUS" operation="profile_load" profile="unconfined" name="desktop-icons-ng" pid=916 comm="apparmor_parser"
Aug 08 08:59:24 n kernel: amdgpu 0000:03:00.0: vgaarb: deactivate vga console
Aug 08 08:59:24 n kernel: amdgpu 0000:03:00.0: Trusted Memory Zone (TMZ) feature enabled
Aug 08 08:59:24 n kernel: amdgpu 0000:03:00.0: vm size is 262144 GB, 4 levels, block size is 9-bit, fragment size is 9-bit
Aug 08 08:59:24 n kernel: amdgpu 0000:03:00.0: VRAM: 512M 0x000000F400000000 - 0x000000F41FFFFFFF (512M used)
Aug 08 08:59:24 n kernel: amdgpu 0000:03:00.0: GART: 1024M 0x0000000000000000 - 0x000000003FFFFFFF
Aug 08 08:59:24 n kernel: amdgpu 0000:03:00.0: [drm] Detected VRAM RAM=512M, BAR=512M
Aug 08 08:59:24 n kernel: amdgpu 0000:03:00.0: [drm] RAM width 64bits DDR4
Aug 08 08:59:24 n kernel: amdgpu 0000:03:00.0:  512M of VRAM memory ready
Aug 08 08:59:24 n kernel: amdgpu 0000:03:00.0:  15739M of GTT memory ready.
Aug 08 08:59:24 n kernel: amdgpu 0000:03:00.0: [drm] GART: num cpu pages 262144, num gpu pages 262144
Aug 08 08:59:24 n kernel: amdgpu 0000:03:00.0: [drm] PCIE GART of 1024M enabled.
Aug 08 08:59:24 n kernel: amdgpu 0000:03:00.0: [drm] PTB located at 0x000000F41FC00000
Aug 08 08:59:24 n kernel: amdgpu 0000:03:00.0: [drm] Loading DMUB firmware via PSP: version=0x01010028
Aug 08 08:59:24 n kernel: amdgpu 0000:03:00.0: [VCN instance 0] Found VCN firmware Version ENC: 1.21 DEC: 7 VEP: 0 Revision: 2
Aug 08 08:59:25 n kernel: amdgpu 0000:03:00.0: reserve 0x400000 from 0xf41f800000 for PSP TMR
Aug 08 08:59:25 n kernel: amdgpu 0000:03:00.0: RAS: optional ras ta ucode is not available
Aug 08 08:59:25 n kernel: amdgpu 0000:03:00.0: RAP: optional rap ta ucode is not available
Aug 08 08:59:25 n kernel: amdgpu 0000:03:00.0: SECUREDISPLAY: optional securedisplay ta ucode is not available
Aug 08 08:59:25 n kernel: amdgpu 0000:03:00.0: SMU is initialized successfully!
Aug 08 08:59:25 n kernel: amdgpu 0000:03:00.0: [drm] Display Core v3.2.369 initialized on DCN 2.1
Aug 08 08:59:25 n kernel: amdgpu 0000:03:00.0: [drm] DP-HDMI FRL PCON supported
Aug 08 08:59:25 n kernel: amdgpu 0000:03:00.0: [drm] DMUB hardware initialized: version=0x01010028
Aug 08 08:59:25 n kernel: snd_hda_intel 0000:03:00.1: bound 0000:03:00.0 (ops amdgpu_dm_audio_component_bind_ops [amdgpu])
Aug 08 08:59:25 n kernel: kauditd_printk_skb: 164 callbacks suppressed
Aug 08 08:59:25 n kernel: audit: type=1400 audit(1786172365.224:175): apparmor="STATUS" operation="profile_load" profile="unconfined" name="snap.cups.gs" pid=1090 comm="apparmor_parser"
Aug 08 08:59:25 n kernel: audit: type=1400 audit(1786172365.225:176): apparmor="STATUS" operation="profile_load" profile="unconfined" name="snap.cups.cupsaccept" pid=1081 comm="apparmor_parser"
Aug 08 08:59:25 n kernel: audit: type=1400 audit(1786172365.225:177): apparmor="STATUS" operation="profile_load" profile="unconfined" name="snap.cups.cupsctl" pid=1082 comm="apparmor_parser"
Aug 08 08:59:25 n kernel: audit: type=1400 audit(1786172365.225:178): apparmor="STATUS" operation="profile_load" profile="unconfined" name="snap.cups.cupsfilter" pid=1086 comm="apparmor_parser"
Aug 08 08:59:25 n kernel: audit: type=1400 audit(1786172365.225:179): apparmor="STATUS" operation="profile_load" profile="unconfined" name="snap.cups.cupsreject" pid=1087 comm="apparmor_parser"
Aug 08 08:59:25 n kernel: audit: type=1400 audit(1786172365.225:180): apparmor="STATUS" operation="profile_load" profile="unconfined" name="snap.cups.cupsenable" pid=1085 comm="apparmor_parser"
Aug 08 08:59:25 n kernel: audit: type=1400 audit(1786172365.225:181): apparmor="STATUS" operation="profile_load" profile="unconfined" name="snap.cups.cancel" pid=1079 comm="apparmor_parser"
Aug 08 08:59:25 n kernel: audit: type=1400 audit(1786172365.226:182): apparmor="STATUS" operation="profile_load" profile="unconfined" name="snap.cups.cupstestppd" pid=1088 comm="apparmor_parser"
Aug 08 08:59:25 n kernel: audit: type=1400 audit(1786172365.226:183): apparmor="STATUS" operation="profile_load" profile="unconfined" name="snap.cups.accept" pid=1078 comm="apparmor_parser"
Aug 08 08:59:25 n kernel: audit: type=1400 audit(1786172365.226:184): apparmor="STATUS" operation="profile_load" profile="unconfined" name="snap.cups.driverless" pid=1089 comm="apparmor_parser"
Aug 08 08:59:25 n kernel: amdgpu 0000:03:00.0: kiq ring mec 2 pipe 1 q 0
Aug 08 08:59:25 n kernel: Bluetooth: BNEP (Ethernet Emulation) ver 1.3
Aug 08 08:59:25 n kernel: Bluetooth: BNEP filters: protocol multicast
Aug 08 08:59:25 n kernel: Bluetooth: BNEP socket layer initialized
Aug 08 08:59:25 n kernel: Bluetooth: MGMT ver 1.23
Aug 08 08:59:25 n kernel: kfd kfd: Allocated 3969056 bytes on gart
Aug 08 08:59:25 n kernel: kfd kfd: Total number of KFD nodes to be created: 1
Aug 08 08:59:25 n kernel: amdgpu: Virtual CRAT table created for GPU
Aug 08 08:59:25 n kernel: amdgpu: Topology: Add GPU node [0x1002:0x15e7]
Aug 08 08:59:25 n kernel: kfd kfd: added device 1002:15e7
Aug 08 08:59:25 n kernel: amdgpu 0000:03:00.0: SE 1, SH per SE 1, CU per SH 8, active_cu_number 8
Aug 08 08:59:25 n kernel: amdgpu 0000:03:00.0: ring gfx uses VM inv eng 0 on hub 0
Aug 08 08:59:25 n kernel: amdgpu 0000:03:00.0: ring comp_1.0.0 uses VM inv eng 1 on hub 0
Aug 08 08:59:25 n kernel: amdgpu 0000:03:00.0: ring comp_1.1.0 uses VM inv eng 4 on hub 0
Aug 08 08:59:25 n kernel: amdgpu 0000:03:00.0: ring comp_1.2.0 uses VM inv eng 5 on hub 0
Aug 08 08:59:25 n kernel: amdgpu 0000:03:00.0: ring comp_1.3.0 uses VM inv eng 6 on hub 0
Aug 08 08:59:25 n kernel: amdgpu 0000:03:00.0: ring comp_1.0.1 uses VM inv eng 7 on hub 0
Aug 08 08:59:25 n kernel: amdgpu 0000:03:00.0: ring comp_1.1.1 uses VM inv eng 8 on hub 0
Aug 08 08:59:25 n kernel: amdgpu 0000:03:00.0: ring comp_1.2.1 uses VM inv eng 9 on hub 0
Aug 08 08:59:25 n kernel: amdgpu 0000:03:00.0: ring comp_1.3.1 uses VM inv eng 10 on hub 0
Aug 08 08:59:25 n kernel: amdgpu 0000:03:00.0: ring kiq_<IPV4-01> uses VM inv eng 11 on hub 0
Aug 08 08:59:25 n kernel: amdgpu 0000:03:00.0: ring sdma0 uses VM inv eng 0 on hub 8
Aug 08 08:59:25 n kernel: amdgpu 0000:03:00.0: ring vcn_dec uses VM inv eng 1 on hub 8
Aug 08 08:59:25 n kernel: amdgpu 0000:03:00.0: ring vcn_enc0 uses VM inv eng 4 on hub 8
Aug 08 08:59:25 n kernel: amdgpu 0000:03:00.0: ring vcn_enc1 uses VM inv eng 5 on hub 8
Aug 08 08:59:25 n kernel: amdgpu 0000:03:00.0: ring jpeg_dec uses VM inv eng 6 on hub 8
Aug 08 08:59:25 n kernel: NET: Registered PF_ALG protocol family
Aug 08 08:59:25 n kernel: amdgpu 0000:03:00.0: Runtime PM not available
Aug 08 08:59:25 n kernel: amdgpu 0000:03:00.0: [drm] Using custom brightness curve
Aug 08 08:59:25 n kernel: amdgpu 0000:03:00.0: [drm] Registered 4 planes with drm panic
Aug 08 08:59:25 n kernel: [drm] Initialized amdgpu 3.64.0 for 0000:03:00.0 on minor 1
Aug 08 08:59:25 n kernel: fbcon: amdgpudrmfb (fb0) is primary device
Aug 08 08:59:25 n kernel: fbcon: Deferring console take-over
Aug 08 08:59:25 n kernel: amdgpu 0000:03:00.0: [drm] fb0: amdgpudrmfb frame buffer device
Aug 08 08:59:25 n kernel: [drm] pre_validate_dsc:1667 MST_DSC dsc precompute is not needed
Aug 08 08:59:25 n kernel: nvme nvme0: using unchecked data buffer
Aug 08 08:59:25 n kernel: NET: Registered PF_QIPCRTR protocol family
Aug 08 08:59:26 n kernel: Bluetooth: RFCOMM TTY layer initialized
Aug 08 08:59:26 n kernel: Bluetooth: RFCOMM socket layer initialized
Aug 08 08:59:26 n kernel: Bluetooth: RFCOMM ver 1.11
Aug 08 08:59:27 n kernel: rfkill: input handler disabled
Aug 08 08:59:31 n kernel: wlp2s0: authenticate with AA:BB:CC:00:00:01 (local address=AA:BB:CC:00:00:02)
Aug 08 08:59:31 n kernel: wlp2s0: send auth to AA:BB:CC:00:00:01 (try 1/3)
Aug 08 08:59:31 n kernel: wlp2s0: authenticated
Aug 08 08:59:31 n kernel: wlp2s0: associate with AA:BB:CC:00:00:01 (try 1/3)
Aug 08 08:59:31 n kernel: wlp2s0: RX AssocResp from AA:BB:CC:00:00:01 (capab=0x1531 status=0 aid=96)
Aug 08 08:59:31 n kernel: wlp2s0: associated
Aug 08 08:59:31 n kernel: ath: EEPROM regdomain: 0x82d4
Aug 08 08:59:31 n kernel: ath: EEPROM indicates we should expect a country code
Aug 08 08:59:31 n kernel: ath: doing EEPROM country->regdmn map search
Aug 08 08:59:31 n kernel: ath: country maps to regdmn code: 0x37
Aug 08 08:59:31 n kernel: ath: Country alpha2 being used: ES
Aug 08 08:59:31 n kernel: ath: Regpair used: 0x37
Aug 08 08:59:31 n kernel: ath: regdomain 0x82d4 dynamically updated by country element
Aug 08 08:59:31 n kernel: wlp2s0: Limiting TX power to 23 (23 - 0) dBm as advertised by AA:BB:CC:00:00:01
Aug 08 08:59:31 n kernel: kauditd_printk_skb: 50 callbacks suppressed
Aug 08 08:59:31 n kernel: audit: type=1400 audit(1786172371.648:235): apparmor="STATUS" operation="profile_load" profile="unconfined" name="docker-default" pid=2538 comm="apparmor_parser"
Aug 08 08:59:31 n kernel: evm: overlay not supported
Aug 08 08:59:31 n kernel: Initializing XFRM netlink socket
Aug 08 08:59:31 n kernel: bridge: filtering via arp/ip/ip6tables is no longer available by default. Update your scripts to load br_netfilter if you need this.
Aug 08 09:02:47 n systemd-journald[450]: /var/log/journal/fe39f92475564dc19f9053ec0b0605f6/user-1000.journal: Journal file uses a different sequence number ID, rotating.
Aug 08 09:02:47 n kernel: rfkill: input handler enabled
Aug 08 09:02:48 n kernel: rfkill: input handler disabled
Aug 08 09:04:15 n kernel: Bluetooth: hci0: unexpected event for opcode 0x2005
Aug 08 09:04:17 n kernel: Bluetooth: hci0: unexpected event for opcode 0x2005
Aug 08 09:04:28 n kernel: input: 联想thinkplus-GM2 pro (AVRCP) as /devices/virtual/input/input21
Aug 08 09:04:32 n kernel: input: 联想thinkplus-GM2 pro (AVRCP) as /devices/virtual/input/input22
Aug 08 09:04:32 n kernel: Bluetooth: hci0: unexpected event for opcode 0x2005
Aug 08 09:04:50 n kernel: Bluetooth: hci0: unexpected event for opcode 0x2005
Aug 08 09:04:57 n kernel: Bluetooth: hci0: unexpected event for opcode 0x2005
Aug 08 09:04:57 n kernel: input: 联想thinkplus-GM2 pro (AVRCP) as /devices/virtual/input/input23
Aug 08 09:05:00 n kernel: warning: `ThreadPoolForeg' uses wireless extensions which will stop working for Wi-Fi 7 hardware; use nl80211
Aug 08 09:05:12 n kernel: Bluetooth: hci0: unexpected event for opcode 0x2005
Aug 08 09:05:28 n kernel: Bluetooth: hci0: unexpected event for opcode 0x2005
Aug 08 09:05:44 n kernel: Bluetooth: hci0: unexpected event for opcode 0x2005
Aug 08 09:06:00 n kernel: Bluetooth: hci0: unexpected event for opcode 0x2005
Aug 08 09:06:16 n kernel: Bluetooth: hci0: unexpected event for opcode 0x2005
Aug 08 09:06:32 n kernel: Bluetooth: hci0: unexpected event for opcode 0x2005
Aug 08 09:06:48 n kernel: Bluetooth: hci0: unexpected event for opcode 0x2005
Aug 08 09:07:04 n kernel: Bluetooth: hci0: unexpected event for opcode 0x2005
Aug 08 09:07:20 n kernel: Bluetooth: hci0: unexpected event for opcode 0x2005
Aug 08 09:07:36 n kernel: Bluetooth: hci0: unexpected event for opcode 0x2005
Aug 08 09:07:52 n kernel: Bluetooth: hci0: unexpected event for opcode 0x2005
Aug 08 09:08:08 n kernel: Bluetooth: hci0: unexpected event for opcode 0x2005
Aug 08 09:08:24 n kernel: Bluetooth: hci0: unexpected event for opcode 0x2005
Aug 08 09:08:40 n kernel: Bluetooth: hci0: unexpected event for opcode 0x2005
Aug 08 09:08:56 n kernel: Bluetooth: hci0: unexpected event for opcode 0x2005
Aug 08 09:09:12 n kernel: Bluetooth: hci0: unexpected event for opcode 0x2005
Aug 08 09:09:28 n kernel: Bluetooth: hci0: unexpected event for opcode 0x2005
Aug 08 09:09:44 n kernel: Bluetooth: hci0: unexpected event for opcode 0x2005
Aug 08 09:10:00 n kernel: Bluetooth: hci0: unexpected event for opcode 0x2005
Aug 08 09:10:16 n kernel: Bluetooth: hci0: unexpected event for opcode 0x2005
Aug 08 09:10:32 n kernel: Bluetooth: hci0: unexpected event for opcode 0x2005
Aug 08 09:10:48 n kernel: Bluetooth: hci0: unexpected event for opcode 0x2005
Aug 08 09:11:04 n kernel: Bluetooth: hci0: unexpected event for opcode 0x2005
Aug 08 09:11:20 n kernel: Bluetooth: hci0: unexpected event for opcode 0x2005
Aug 08 09:11:36 n kernel: Bluetooth: hci0: unexpected event for opcode 0x2005
Aug 08 09:11:52 n kernel: Bluetooth: hci0: unexpected event for opcode 0x2005
Aug 08 09:12:08 n kernel: Bluetooth: hci0: unexpected event for opcode 0x2005
Aug 08 09:12:24 n kernel: Bluetooth: hci0: unexpected event for opcode 0x2005
Aug 08 09:12:40 n kernel: Bluetooth: hci0: unexpected event for opcode 0x2005
Aug 08 09:12:56 n kernel: Bluetooth: hci0: unexpected event for opcode 0x2005
Aug 08 09:13:12 n kernel: Bluetooth: hci0: unexpected event for opcode 0x2005
Aug 08 09:13:28 n kernel: Bluetooth: hci0: unexpected event for opcode 0x2005
Aug 08 09:13:44 n kernel: Bluetooth: hci0: unexpected event for opcode 0x2005
Aug 08 09:14:00 n kernel: Bluetooth: hci0: unexpected event for opcode 0x2005
Aug 08 09:14:16 n kernel: Bluetooth: hci0: unexpected event for opcode 0x2005
Aug 08 09:14:32 n kernel: Bluetooth: hci0: unexpected event for opcode 0x2005
Aug 08 09:14:48 n kernel: Bluetooth: hci0: unexpected event for opcode 0x2005
Aug 08 09:15:04 n kernel: Bluetooth: hci0: unexpected event for opcode 0x2005
Aug 08 09:15:20 n kernel: Bluetooth: hci0: unexpected event for opcode 0x2005
Aug 08 09:15:36 n kernel: Bluetooth: hci0: unexpected event for opcode 0x2005
Aug 08 09:15:52 n kernel: Bluetooth: hci0: unexpected event for opcode 0x2005
Aug 08 09:16:08 n kernel: Bluetooth: hci0: unexpected event for opcode 0x2005
Aug 08 09:16:24 n kernel: Bluetooth: hci0: unexpected event for opcode 0x2005
Aug 08 09:16:40 n kernel: Bluetooth: hci0: unexpected event for opcode 0x2005
Aug 08 09:16:56 n kernel: Bluetooth: hci0: unexpected event for opcode 0x2005
Aug 08 09:17:12 n kernel: Bluetooth: hci0: unexpected event for opcode 0x2005
Aug 08 09:17:28 n kernel: Bluetooth: hci0: unexpected event for opcode 0x2005
Aug 08 09:17:44 n kernel: Bluetooth: hci0: unexpected event for opcode 0x2005
Aug 08 09:18:00 n kernel: Bluetooth: hci0: unexpected event for opcode 0x2005
Aug 08 09:18:16 n kernel: Bluetooth: hci0: unexpected event for opcode 0x2005
Aug 08 09:18:32 n kernel: Bluetooth: hci0: unexpected event for opcode 0x2005
Aug 08 09:18:48 n kernel: Bluetooth: hci0: unexpected event for opcode 0x2005
Aug 08 09:19:04 n kernel: Bluetooth: hci0: unexpected event for opcode 0x2005
Aug 08 09:19:20 n kernel: Bluetooth: hci0: unexpected event for opcode 0x2005
Aug 08 09:19:36 n kernel: Bluetooth: hci0: unexpected event for opcode 0x2005
Aug 08 09:19:52 n kernel: Bluetooth: hci0: unexpected event for opcode 0x2005
Aug 08 09:20:08 n kernel: Bluetooth: hci0: unexpected event for opcode 0x2005
Aug 08 09:20:24 n kernel: Bluetooth: hci0: unexpected event for opcode 0x2005
Aug 08 09:20:40 n kernel: Bluetooth: hci0: unexpected event for opcode 0x2005
Aug 08 09:20:56 n kernel: Bluetooth: hci0: unexpected event for opcode 0x2005
Aug 08 09:21:12 n kernel: Bluetooth: hci0: unexpected event for opcode 0x2005
Aug 08 09:21:28 n kernel: Bluetooth: hci0: unexpected event for opcode 0x2005
Aug 08 09:21:44 n kernel: Bluetooth: hci0: unexpected event for opcode 0x2005
Aug 08 09:22:00 n kernel: Bluetooth: hci0: unexpected event for opcode 0x2005
Aug 08 09:22:16 n kernel: Bluetooth: hci0: unexpected event for opcode 0x2005
Aug 08 09:22:32 n kernel: Bluetooth: hci0: unexpected event for opcode 0x2005
Aug 08 09:22:48 n kernel: Bluetooth: hci0: unexpected event for opcode 0x2005
Aug 08 09:23:04 n kernel: Bluetooth: hci0: unexpected event for opcode 0x2005
Aug 08 09:23:20 n kernel: Bluetooth: hci0: unexpected event for opcode 0x2005
Aug 08 09:23:36 n kernel: Bluetooth: hci0: unexpected event for opcode 0x2005
Aug 08 09:23:52 n kernel: Bluetooth: hci0: unexpected event for opcode 0x2005
Aug 08 09:24:08 n kernel: Bluetooth: hci0: unexpected event for opcode 0x2005
Aug 08 09:24:24 n kernel: Bluetooth: hci0: unexpected event for opcode 0x2005
Aug 08 09:24:40 n kernel: Bluetooth: hci0: unexpected event for opcode 0x2005
Aug 08 09:24:56 n kernel: Bluetooth: hci0: unexpected event for opcode 0x2005
Aug 08 09:25:12 n kernel: Bluetooth: hci0: unexpected event for opcode 0x2005
Aug 08 09:25:28 n kernel: Bluetooth: hci0: unexpected event for opcode 0x2005
Aug 08 09:25:44 n kernel: Bluetooth: hci0: unexpected event for opcode 0x2005
Aug 08 09:26:00 n kernel: Bluetooth: hci0: unexpected event for opcode 0x2005
Aug 08 09:26:16 n kernel: Bluetooth: hci0: unexpected event for opcode 0x2005
Aug 08 09:26:32 n kernel: Bluetooth: hci0: unexpected event for opcode 0x2005
Aug 08 09:26:48 n kernel: Bluetooth: hci0: unexpected event for opcode 0x2005
Aug 08 09:27:04 n kernel: Bluetooth: hci0: unexpected event for opcode 0x2005
Aug 08 09:27:20 n kernel: Bluetooth: hci0: unexpected event for opcode 0x2005
Aug 08 09:27:36 n kernel: Bluetooth: hci0: unexpected event for opcode 0x2005
Aug 08 09:27:52 n kernel: Bluetooth: hci0: unexpected event for opcode 0x2005
Aug 08 09:28:08 n kernel: Bluetooth: hci0: unexpected event for opcode 0x2005
Aug 08 09:28:24 n kernel: Bluetooth: hci0: unexpected event for opcode 0x2005
Aug 08 09:28:40 n kernel: Bluetooth: hci0: unexpected event for opcode 0x2005
Aug 08 09:28:56 n kernel: Bluetooth: hci0: unexpected event for opcode 0x2005
Aug 08 09:29:12 n kernel: Bluetooth: hci0: unexpected event for opcode 0x2005
Aug 08 09:29:28 n kernel: Bluetooth: hci0: unexpected event for opcode 0x2005
Aug 08 09:29:44 n kernel: Bluetooth: hci0: unexpected event for opcode 0x2005
Aug 08 09:30:00 n kernel: Bluetooth: hci0: unexpected event for opcode 0x2005
Aug 08 09:30:16 n kernel: Bluetooth: hci0: unexpected event for opcode 0x2005
Aug 08 09:30:32 n kernel: Bluetooth: hci0: unexpected event for opcode 0x2005
Aug 08 09:30:48 n kernel: Bluetooth: hci0: unexpected event for opcode 0x2005
Aug 08 09:31:04 n kernel: Bluetooth: hci0: unexpected event for opcode 0x2005
Aug 08 09:31:20 n kernel: Bluetooth: hci0: unexpected event for opcode 0x2005
Aug 08 09:31:36 n kernel: Bluetooth: hci0: unexpected event for opcode 0x2005
Aug 08 09:31:52 n kernel: Bluetooth: hci0: unexpected event for opcode 0x2005
Aug 08 09:32:08 n kernel: Bluetooth: hci0: unexpected event for opcode 0x2005
Aug 08 09:32:24 n kernel: Bluetooth: hci0: unexpected event for opcode 0x2005
Aug 08 09:32:40 n kernel: Bluetooth: hci0: unexpected event for opcode 0x2005
Aug 08 09:32:56 n kernel: Bluetooth: hci0: unexpected event for opcode 0x2005
Aug 08 09:33:12 n kernel: Bluetooth: hci0: unexpected event for opcode 0x2005
Aug 08 09:33:28 n kernel: Bluetooth: hci0: unexpected event for opcode 0x2005
Aug 08 09:33:44 n kernel: Bluetooth: hci0: unexpected event for opcode 0x2005
Aug 08 09:34:00 n kernel: Bluetooth: hci0: unexpected event for opcode 0x2005
Aug 08 09:34:16 n kernel: Bluetooth: hci0: unexpected event for opcode 0x2005
Aug 08 09:34:32 n kernel: Bluetooth: hci0: unexpected event for opcode 0x2005
Aug 08 09:34:48 n kernel: Bluetooth: hci0: unexpected event for opcode 0x2005
Aug 08 09:35:04 n kernel: Bluetooth: hci0: unexpected event for opcode 0x2005
Aug 08 09:35:20 n kernel: Bluetooth: hci0: unexpected event for opcode 0x2005
Aug 08 09:35:36 n kernel: Bluetooth: hci0: unexpected event for opcode 0x2005
Aug 08 09:35:52 n kernel: Bluetooth: hci0: unexpected event for opcode 0x2005
Aug 08 09:36:08 n kernel: Bluetooth: hci0: unexpected event for opcode 0x2005
Aug 08 09:36:24 n kernel: Bluetooth: hci0: unexpected event for opcode 0x2005
Aug 08 09:36:40 n kernel: Bluetooth: hci0: unexpected event for opcode 0x2005
Aug 08 09:36:56 n kernel: Bluetooth: hci0: unexpected event for opcode 0x2005
Aug 08 09:37:12 n kernel: Bluetooth: hci0: unexpected event for opcode 0x2005
Aug 08 09:37:28 n kernel: Bluetooth: hci0: unexpected event for opcode 0x2005
Aug 08 09:37:44 n kernel: Bluetooth: hci0: unexpected event for opcode 0x2005
Aug 08 09:38:00 n kernel: Bluetooth: hci0: unexpected event for opcode 0x2005
Aug 08 09:38:16 n kernel: Bluetooth: hci0: unexpected event for opcode 0x2005
Aug 08 09:38:32 n kernel: Bluetooth: hci0: unexpected event for opcode 0x2005
Aug 08 09:38:48 n kernel: Bluetooth: hci0: unexpected event for opcode 0x2005
Aug 08 09:39:04 n kernel: Bluetooth: hci0: unexpected event for opcode 0x2005
Aug 08 09:39:20 n kernel: Bluetooth: hci0: unexpected event for opcode 0x2005
Aug 08 09:39:36 n kernel: Bluetooth: hci0: unexpected event for opcode 0x2005
Aug 08 09:39:52 n kernel: Bluetooth: hci0: unexpected event for opcode 0x2005
Aug 08 09:40:08 n kernel: Bluetooth: hci0: unexpected event for opcode 0x2005
Aug 08 09:40:24 n kernel: Bluetooth: hci0: unexpected event for opcode 0x2005
Aug 08 09:40:40 n kernel: Bluetooth: hci0: unexpected event for opcode 0x2005
Aug 08 09:40:56 n kernel: Bluetooth: hci0: unexpected event for opcode 0x2005
Aug 08 09:41:12 n kernel: Bluetooth: hci0: unexpected event for opcode 0x2005
Aug 08 09:41:28 n kernel: Bluetooth: hci0: unexpected event for opcode 0x2005
Aug 08 09:41:44 n kernel: Bluetooth: hci0: unexpected event for opcode 0x2005
Aug 08 09:42:00 n kernel: Bluetooth: hci0: unexpected event for opcode 0x2005
Aug 08 09:42:16 n kernel: Bluetooth: hci0: unexpected event for opcode 0x2005
Aug 08 09:42:32 n kernel: Bluetooth: hci0: unexpected event for opcode 0x2005
Aug 08 09:42:48 n kernel: Bluetooth: hci0: unexpected event for opcode 0x2005
Aug 08 09:43:04 n kernel: Bluetooth: hci0: unexpected event for opcode 0x2005
Aug 08 09:43:20 n kernel: Bluetooth: hci0: unexpected event for opcode 0x2005
Aug 08 09:43:36 n kernel: Bluetooth: hci0: unexpected event for opcode 0x2005
Aug 08 09:43:52 n kernel: Bluetooth: hci0: unexpected event for opcode 0x2005
Aug 08 09:44:08 n kernel: Bluetooth: hci0: unexpected event for opcode 0x2005
Aug 08 09:44:24 n kernel: Bluetooth: hci0: unexpected event for opcode 0x2005
Aug 08 09:44:40 n kernel: Bluetooth: hci0: unexpected event for opcode 0x2005
Aug 08 09:44:56 n kernel: Bluetooth: hci0: unexpected event for opcode 0x2005
Aug 08 09:45:12 n kernel: Bluetooth: hci0: unexpected event for opcode 0x2005
Aug 08 09:45:28 n kernel: Bluetooth: hci0: unexpected event for opcode 0x2005
Aug 08 09:45:44 n kernel: Bluetooth: hci0: unexpected event for opcode 0x2005
Aug 08 09:46:00 n kernel: Bluetooth: hci0: unexpected event for opcode 0x2005
Aug 08 09:46:16 n kernel: Bluetooth: hci0: unexpected event for opcode 0x2005
Aug 08 09:46:32 n kernel: Bluetooth: hci0: unexpected event for opcode 0x2005
Aug 08 09:46:48 n kernel: Bluetooth: hci0: unexpected event for opcode 0x2005
Aug 08 09:47:04 n kernel: Bluetooth: hci0: unexpected event for opcode 0x2005
Aug 08 09:47:20 n kernel: Bluetooth: hci0: unexpected event for opcode 0x2005
Aug 08 09:47:36 n kernel: Bluetooth: hci0: unexpected event for opcode 0x2005
Aug 08 09:47:52 n kernel: Bluetooth: hci0: unexpected event for opcode 0x2005
Aug 08 09:48:08 n kernel: Bluetooth: hci0: unexpected event for opcode 0x2005
Aug 08 09:48:24 n kernel: Bluetooth: hci0: unexpected event for opcode 0x2005
Aug 08 09:48:40 n kernel: Bluetooth: hci0: unexpected event for opcode 0x2005
Aug 08 09:48:56 n kernel: Bluetooth: hci0: unexpected event for opcode 0x2005
Aug 08 09:49:12 n kernel: Bluetooth: hci0: unexpected event for opcode 0x2005
Aug 08 09:49:28 n kernel: Bluetooth: hci0: unexpected event for opcode 0x2005
Aug 08 09:49:44 n kernel: Bluetooth: hci0: unexpected event for opcode 0x2005
Aug 08 09:50:00 n kernel: Bluetooth: hci0: unexpected event for opcode 0x2005
Aug 08 09:50:16 n kernel: Bluetooth: hci0: unexpected event for opcode 0x2005
Aug 08 09:50:32 n kernel: Bluetooth: hci0: unexpected event for opcode 0x2005
Aug 08 09:50:48 n kernel: Bluetooth: hci0: unexpected event for opcode 0x2005
Aug 08 09:51:04 n kernel: Bluetooth: hci0: unexpected event for opcode 0x2005
Aug 08 09:51:20 n kernel: Bluetooth: hci0: unexpected event for opcode 0x2005
Aug 08 09:51:36 n kernel: Bluetooth: hci0: unexpected event for opcode 0x2005
Aug 08 09:51:52 n kernel: Bluetooth: hci0: unexpected event for opcode 0x2005
Aug 08 09:52:08 n kernel: Bluetooth: hci0: unexpected event for opcode 0x2005
Aug 08 09:52:24 n kernel: Bluetooth: hci0: unexpected event for opcode 0x2005
Aug 08 09:52:40 n kernel: Bluetooth: hci0: unexpected event for opcode 0x2005
Aug 08 09:52:56 n kernel: Bluetooth: hci0: unexpected event for opcode 0x2005
Aug 08 09:53:12 n kernel: Bluetooth: hci0: unexpected event for opcode 0x2005
Aug 08 09:53:28 n kernel: Bluetooth: hci0: unexpected event for opcode 0x2005
Aug 08 09:53:44 n kernel: Bluetooth: hci0: unexpected event for opcode 0x2005
Aug 08 09:54:00 n kernel: Bluetooth: hci0: unexpected event for opcode 0x2005
Aug 08 09:54:16 n kernel: Bluetooth: hci0: unexpected event for opcode 0x2005
Aug 08 09:54:32 n kernel: Bluetooth: hci0: unexpected event for opcode 0x2005
Aug 08 09:54:48 n kernel: Bluetooth: hci0: unexpected event for opcode 0x2005
Aug 08 09:55:04 n kernel: Bluetooth: hci0: unexpected event for opcode 0x2005
Aug 08 09:55:20 n kernel: Bluetooth: hci0: unexpected event for opcode 0x2005
Aug 08 09:55:36 n kernel: Bluetooth: hci0: unexpected event for opcode 0x2005
Aug 08 09:55:52 n kernel: Bluetooth: hci0: unexpected event for opcode 0x2005
Aug 08 09:56:08 n kernel: Bluetooth: hci0: unexpected event for opcode 0x2005
Aug 08 09:56:24 n kernel: Bluetooth: hci0: unexpected event for opcode 0x2005
Aug 08 09:56:40 n kernel: Bluetooth: hci0: unexpected event for opcode 0x2005
Aug 08 09:56:56 n kernel: Bluetooth: hci0: unexpected event for opcode 0x2005
Aug 08 09:57:12 n kernel: Bluetooth: hci0: unexpected event for opcode 0x2005
Aug 08 09:57:28 n kernel: Bluetooth: hci0: unexpected event for opcode 0x2005
Aug 08 09:57:44 n kernel: Bluetooth: hci0: unexpected event for opcode 0x2005
Aug 08 09:58:00 n kernel: Bluetooth: hci0: unexpected event for opcode 0x2005
Aug 08 09:58:16 n kernel: Bluetooth: hci0: unexpected event for opcode 0x2005
Aug 08 09:58:32 n kernel: Bluetooth: hci0: unexpected event for opcode 0x2005
Aug 08 09:58:48 n kernel: Bluetooth: hci0: unexpected event for opcode 0x2005
Aug 08 09:59:04 n kernel: Bluetooth: hci0: unexpected event for opcode 0x2005
Aug 08 09:59:20 n kernel: Bluetooth: hci0: unexpected event for opcode 0x2005
Aug 08 09:59:36 n kernel: Bluetooth: hci0: unexpected event for opcode 0x2005
Aug 08 09:59:52 n kernel: Bluetooth: hci0: unexpected event for opcode 0x2005
Aug 08 10:00:08 n kernel: Bluetooth: hci0: unexpected event for opcode 0x2005
Aug 08 10:00:24 n kernel: Bluetooth: hci0: unexpected event for opcode 0x2005
Aug 08 10:00:40 n kernel: Bluetooth: hci0: unexpected event for opcode 0x2005
Aug 08 10:00:56 n kernel: Bluetooth: hci0: unexpected event for opcode 0x2005
Aug 08 10:01:12 n kernel: Bluetooth: hci0: unexpected event for opcode 0x2005
Aug 08 10:01:28 n kernel: Bluetooth: hci0: unexpected event for opcode 0x2005
Aug 08 10:01:44 n kernel: Bluetooth: hci0: unexpected event for opcode 0x2005
Aug 08 10:02:00 n kernel: Bluetooth: hci0: unexpected event for opcode 0x2005
Aug 08 10:02:16 n kernel: Bluetooth: hci0: unexpected event for opcode 0x2005
Aug 08 10:02:32 n kernel: Bluetooth: hci0: unexpected event for opcode 0x2005
Aug 08 10:02:48 n kernel: Bluetooth: hci0: unexpected event for opcode 0x2005
Aug 08 10:03:04 n kernel: Bluetooth: hci0: unexpected event for opcode 0x2005
Aug 08 10:03:20 n kernel: Bluetooth: hci0: unexpected event for opcode 0x2005
Aug 08 10:03:36 n kernel: Bluetooth: hci0: unexpected event for opcode 0x2005
Aug 08 10:03:52 n kernel: Bluetooth: hci0: unexpected event for opcode 0x2005
Aug 08 10:04:08 n kernel: Bluetooth: hci0: unexpected event for opcode 0x2005
Aug 08 10:04:24 n kernel: Bluetooth: hci0: unexpected event for opcode 0x2005
Aug 08 10:04:40 n kernel: Bluetooth: hci0: unexpected event for opcode 0x2005
Aug 08 10:04:56 n kernel: Bluetooth: hci0: unexpected event for opcode 0x2005
Aug 08 10:05:12 n kernel: Bluetooth: hci0: unexpected event for opcode 0x2005
Aug 08 10:05:28 n kernel: Bluetooth: hci0: unexpected event for opcode 0x2005
Aug 08 10:05:44 n kernel: Bluetooth: hci0: unexpected event for opcode 0x2005
Aug 08 10:06:00 n kernel: Bluetooth: hci0: unexpected event for opcode 0x2005
Aug 08 10:06:16 n kernel: Bluetooth: hci0: unexpected event for opcode 0x2005
Aug 08 10:06:32 n kernel: Bluetooth: hci0: unexpected event for opcode 0x2005
Aug 08 10:06:48 n kernel: Bluetooth: hci0: unexpected event for opcode 0x2005
Aug 08 10:07:04 n kernel: Bluetooth: hci0: unexpected event for opcode 0x2005
Aug 08 10:07:20 n kernel: Bluetooth: hci0: unexpected event for opcode 0x2005
Aug 08 10:07:36 n kernel: Bluetooth: hci0: unexpected event for opcode 0x2005
Aug 08 10:07:52 n kernel: Bluetooth: hci0: unexpected event for opcode 0x2005
Aug 08 10:08:08 n kernel: Bluetooth: hci0: unexpected event for opcode 0x2005
Aug 08 10:08:24 n kernel: Bluetooth: hci0: unexpected event for opcode 0x2005
Aug 08 10:08:40 n kernel: Bluetooth: hci0: unexpected event for opcode 0x2005
Aug 08 10:08:56 n kernel: Bluetooth: hci0: unexpected event for opcode 0x2005
Aug 08 10:09:12 n kernel: Bluetooth: hci0: unexpected event for opcode 0x2005
Aug 08 10:09:28 n kernel: Bluetooth: hci0: unexpected event for opcode 0x2005
Aug 08 10:09:44 n kernel: Bluetooth: hci0: unexpected event for opcode 0x2005
Aug 08 10:10:00 n kernel: Bluetooth: hci0: unexpected event for opcode 0x2005
Aug 08 10:10:16 n kernel: Bluetooth: hci0: unexpected event for opcode 0x2005
Aug 08 10:10:32 n kernel: Bluetooth: hci0: unexpected event for opcode 0x2005
Aug 08 10:10:48 n kernel: Bluetooth: hci0: unexpected event for opcode 0x2005
Aug 08 10:11:04 n kernel: Bluetooth: hci0: unexpected event for opcode 0x2005
Aug 08 10:11:20 n kernel: Bluetooth: hci0: unexpected event for opcode 0x2005
Aug 08 10:11:36 n kernel: Bluetooth: hci0: unexpected event for opcode 0x2005
Aug 08 10:11:52 n kernel: Bluetooth: hci0: unexpected event for opcode 0x2005
Aug 08 10:12:08 n kernel: Bluetooth: hci0: unexpected event for opcode 0x2005
Aug 08 10:12:24 n kernel: Bluetooth: hci0: unexpected event for opcode 0x2005
Aug 08 10:12:40 n kernel: Bluetooth: hci0: unexpected event for opcode 0x2005
Aug 08 10:12:56 n kernel: Bluetooth: hci0: unexpected event for opcode 0x2005
Aug 08 10:13:12 n kernel: Bluetooth: hci0: unexpected event for opcode 0x2005
Aug 08 10:13:28 n kernel: Bluetooth: hci0: unexpected event for opcode 0x2005
Aug 08 10:13:44 n kernel: Bluetooth: hci0: unexpected event for opcode 0x2005
Aug 08 10:14:00 n kernel: Bluetooth: hci0: unexpected event for opcode 0x2005
Aug 08 10:14:16 n kernel: Bluetooth: hci0: unexpected event for opcode 0x2005
Aug 08 10:14:32 n kernel: Bluetooth: hci0: unexpected event for opcode 0x2005
Aug 08 10:14:48 n kernel: Bluetooth: hci0: unexpected event for opcode 0x2005
Aug 08 10:15:04 n kernel: Bluetooth: hci0: unexpected event for opcode 0x2005
Aug 08 10:15:20 n kernel: Bluetooth: hci0: unexpected event for opcode 0x2005
Aug 08 10:15:36 n kernel: Bluetooth: hci0: unexpected event for opcode 0x2005
Aug 08 10:15:52 n kernel: Bluetooth: hci0: unexpected event for opcode 0x2005
Aug 08 10:16:08 n kernel: Bluetooth: hci0: unexpected event for opcode 0x2005
Aug 08 10:16:24 n kernel: Bluetooth: hci0: unexpected event for opcode 0x2005
Aug 08 10:16:40 n kernel: Bluetooth: hci0: unexpected event for opcode 0x2005
Aug 08 10:16:56 n kernel: Bluetooth: hci0: unexpected event for opcode 0x2005
Aug 08 10:17:12 n kernel: Bluetooth: hci0: unexpected event for opcode 0x2005
Aug 08 10:17:28 n kernel: Bluetooth: hci0: unexpected event for opcode 0x2005
Aug 08 10:17:44 n kernel: Bluetooth: hci0: unexpected event for opcode 0x2005
Aug 08 10:18:00 n kernel: Bluetooth: hci0: unexpected event for opcode 0x2005
Aug 08 10:18:16 n kernel: Bluetooth: hci0: unexpected event for opcode 0x2005
Aug 08 10:18:32 n kernel: Bluetooth: hci0: unexpected event for opcode 0x2005
Aug 08 10:18:48 n kernel: Bluetooth: hci0: unexpected event for opcode 0x2005
Aug 08 10:19:04 n kernel: Bluetooth: hci0: unexpected event for opcode 0x2005
Aug 08 10:19:20 n kernel: Bluetooth: hci0: unexpected event for opcode 0x2005
Aug 08 10:19:36 n kernel: Bluetooth: hci0: unexpected event for opcode 0x2005
Aug 08 10:19:52 n kernel: Bluetooth: hci0: unexpected event for opcode 0x2005
Aug 08 10:20:08 n kernel: Bluetooth: hci0: unexpected event for opcode 0x2005
Aug 08 10:20:24 n kernel: Bluetooth: hci0: unexpected event for opcode 0x2005
Aug 08 10:20:40 n kernel: Bluetooth: hci0: unexpected event for opcode 0x2005
Aug 08 10:20:56 n kernel: Bluetooth: hci0: unexpected event for opcode 0x2005
Aug 08 10:21:12 n kernel: Bluetooth: hci0: unexpected event for opcode 0x2005
Aug 08 10:21:28 n kernel: Bluetooth: hci0: unexpected event for opcode 0x2005
Aug 08 10:21:44 n kernel: Bluetooth: hci0: unexpected event for opcode 0x2005
Aug 08 10:22:00 n kernel: Bluetooth: hci0: unexpected event for opcode 0x2005
Aug 08 10:22:16 n kernel: Bluetooth: hci0: unexpected event for opcode 0x2005
Aug 08 10:22:32 n kernel: Bluetooth: hci0: unexpected event for opcode 0x2005
Aug 08 10:22:48 n kernel: Bluetooth: hci0: unexpected event for opcode 0x2005
Aug 08 10:23:04 n kernel: Bluetooth: hci0: unexpected event for opcode 0x2005
Aug 08 10:23:20 n kernel: Bluetooth: hci0: unexpected event for opcode 0x2005
Aug 08 10:23:36 n kernel: Bluetooth: hci0: unexpected event for opcode 0x2005
Aug 08 10:23:52 n kernel: Bluetooth: hci0: unexpected event for opcode 0x2005
Aug 08 10:24:08 n kernel: Bluetooth: hci0: unexpected event for opcode 0x2005
Aug 08 10:24:24 n kernel: Bluetooth: hci0: unexpected event for opcode 0x2005
Aug 08 10:24:40 n kernel: Bluetooth: hci0: unexpected event for opcode 0x2005
Aug 08 10:24:56 n kernel: Bluetooth: hci0: unexpected event for opcode 0x2005
Aug 08 10:25:12 n kernel: Bluetooth: hci0: unexpected event for opcode 0x2005
Aug 08 10:25:28 n kernel: Bluetooth: hci0: unexpected event for opcode 0x2005
Aug 08 10:25:44 n kernel: Bluetooth: hci0: unexpected event for opcode 0x2005
Aug 08 10:26:00 n kernel: Bluetooth: hci0: unexpected event for opcode 0x2005
Aug 08 10:26:16 n kernel: Bluetooth: hci0: unexpected event for opcode 0x2005
Aug 08 10:26:32 n kernel: Bluetooth: hci0: unexpected event for opcode 0x2005
Aug 08 10:26:48 n kernel: Bluetooth: hci0: unexpected event for opcode 0x2005
Aug 08 10:27:04 n kernel: Bluetooth: hci0: unexpected event for opcode 0x2005
Aug 08 10:27:20 n kernel: Bluetooth: hci0: unexpected event for opcode 0x2005
Aug 08 10:27:36 n kernel: Bluetooth: hci0: unexpected event for opcode 0x2005
Aug 08 10:27:52 n kernel: Bluetooth: hci0: unexpected event for opcode 0x2005
Aug 08 10:28:08 n kernel: Bluetooth: hci0: unexpected event for opcode 0x2005
Aug 08 10:28:24 n kernel: Bluetooth: hci0: unexpected event for opcode 0x2005
Aug 08 10:28:40 n kernel: Bluetooth: hci0: unexpected event for opcode 0x2005
Aug 08 10:28:56 n kernel: Bluetooth: hci0: unexpected event for opcode 0x2005
Aug 08 10:29:12 n kernel: Bluetooth: hci0: unexpected event for opcode 0x2005
Aug 08 10:29:28 n kernel: Bluetooth: hci0: unexpected event for opcode 0x2005
Aug 08 10:29:44 n kernel: Bluetooth: hci0: unexpected event for opcode 0x2005
Aug 08 10:30:00 n kernel: Bluetooth: hci0: unexpected event for opcode 0x2005
Aug 08 10:30:16 n kernel: Bluetooth: hci0: unexpected event for opcode 0x2005
Aug 08 10:30:32 n kernel: Bluetooth: hci0: unexpected event for opcode 0x2005
Aug 08 10:30:48 n kernel: Bluetooth: hci0: unexpected event for opcode 0x2005
Aug 08 10:31:04 n kernel: Bluetooth: hci0: unexpected event for opcode 0x2005
Aug 08 10:31:21 n kernel: Bluetooth: hci0: unexpected event for opcode 0x2005
Aug 08 10:31:36 n kernel: Bluetooth: hci0: unexpected event for opcode 0x2005
Aug 08 10:31:52 n kernel: Bluetooth: hci0: unexpected event for opcode 0x2005
Aug 08 10:32:08 n kernel: Bluetooth: hci0: unexpected event for opcode 0x2005
Aug 08 10:32:24 n kernel: Bluetooth: hci0: unexpected event for opcode 0x2005
Aug 08 10:32:40 n kernel: Bluetooth: hci0: unexpected event for opcode 0x2005
Aug 08 10:32:56 n kernel: Bluetooth: hci0: unexpected event for opcode 0x2005
Aug 08 10:33:12 n kernel: Bluetooth: hci0: unexpected event for opcode 0x2005
Aug 08 10:33:28 n kernel: Bluetooth: hci0: unexpected event for opcode 0x2005
Aug 08 10:33:44 n kernel: Bluetooth: hci0: unexpected event for opcode 0x2005
Aug 08 10:34:00 n kernel: Bluetooth: hci0: unexpected event for opcode 0x2005
Aug 08 10:34:16 n kernel: Bluetooth: hci0: unexpected event for opcode 0x2005
Aug 08 10:34:33 n kernel: Bluetooth: hci0: unexpected event for opcode 0x2005
Aug 08 10:34:48 n kernel: Bluetooth: hci0: unexpected event for opcode 0x2005
Aug 08 10:35:04 n kernel: Bluetooth: hci0: unexpected event for opcode 0x2005
Aug 08 10:35:20 n kernel: Bluetooth: hci0: unexpected event for opcode 0x2005
Aug 08 10:35:36 n kernel: Bluetooth: hci0: unexpected event for opcode 0x2005
Aug 08 10:35:52 n kernel: Bluetooth: hci0: unexpected event for opcode 0x2005
Aug 08 10:36:08 n kernel: Bluetooth: hci0: unexpected event for opcode 0x2005
Aug 08 10:36:24 n kernel: Bluetooth: hci0: unexpected event for opcode 0x2005
Aug 08 10:36:40 n kernel: Bluetooth: hci0: unexpected event for opcode 0x2005
Aug 08 10:36:56 n kernel: Bluetooth: hci0: unexpected event for opcode 0x2005
Aug 08 10:37:12 n kernel: Bluetooth: hci0: unexpected event for opcode 0x2005
Aug 08 10:37:28 n kernel: Bluetooth: hci0: unexpected event for opcode 0x2005
Aug 08 10:37:44 n kernel: Bluetooth: hci0: unexpected event for opcode 0x2005
Aug 08 10:38:00 n kernel: Bluetooth: hci0: unexpected event for opcode 0x2005
Aug 08 10:38:16 n kernel: Bluetooth: hci0: unexpected event for opcode 0x2005
Aug 08 10:38:32 n kernel: Bluetooth: hci0: unexpected event for opcode 0x2005
Aug 08 10:38:48 n kernel: Bluetooth: hci0: unexpected event for opcode 0x2005
Aug 08 10:39:04 n kernel: Bluetooth: hci0: unexpected event for opcode 0x2005
Aug 08 10:39:20 n kernel: Bluetooth: hci0: unexpected event for opcode 0x2005
Aug 08 10:39:36 n kernel: Bluetooth: hci0: unexpected event for opcode 0x2005
Aug 08 10:39:52 n kernel: Bluetooth: hci0: unexpected event for opcode 0x2005
Aug 08 10:40:08 n kernel: Bluetooth: hci0: unexpected event for opcode 0x2005
Aug 08 10:40:24 n kernel: Bluetooth: hci0: unexpected event for opcode 0x2005
Aug 08 10:40:40 n kernel: Bluetooth: hci0: unexpected event for opcode 0x2005
Aug 08 10:40:56 n kernel: Bluetooth: hci0: unexpected event for opcode 0x2005
Aug 08 10:41:12 n kernel: Bluetooth: hci0: unexpected event for opcode 0x2005
Aug 08 10:41:28 n kernel: Bluetooth: hci0: unexpected event for opcode 0x2005
Aug 08 10:41:44 n kernel: Bluetooth: hci0: unexpected event for opcode 0x2005
Aug 08 10:42:00 n kernel: Bluetooth: hci0: unexpected event for opcode 0x2005
Aug 08 10:42:16 n kernel: Bluetooth: hci0: unexpected event for opcode 0x2005
Aug 08 10:42:32 n kernel: Bluetooth: hci0: unexpected event for opcode 0x2005
Aug 08 10:42:48 n kernel: Bluetooth: hci0: unexpected event for opcode 0x2005
Aug 08 10:43:04 n kernel: Bluetooth: hci0: unexpected event for opcode 0x2005
Aug 08 10:43:20 n kernel: Bluetooth: hci0: unexpected event for opcode 0x2005
Aug 08 10:43:36 n kernel: Bluetooth: hci0: unexpected event for opcode 0x2005
Aug 08 10:43:52 n kernel: Bluetooth: hci0: unexpected event for opcode 0x2005
Aug 08 10:44:08 n kernel: Bluetooth: hci0: unexpected event for opcode 0x2005
Aug 08 10:44:24 n kernel: Bluetooth: hci0: unexpected event for opcode 0x2005
Aug 08 10:44:40 n kernel: Bluetooth: hci0: unexpected event for opcode 0x2005
Aug 08 10:44:56 n kernel: Bluetooth: hci0: unexpected event for opcode 0x2005
Aug 08 10:45:12 n kernel: Bluetooth: hci0: unexpected event for opcode 0x2005
Aug 08 10:45:28 n kernel: Bluetooth: hci0: unexpected event for opcode 0x2005
Aug 08 10:45:44 n kernel: Bluetooth: hci0: unexpected event for opcode 0x2005
Aug 08 10:46:00 n kernel: Bluetooth: hci0: unexpected event for opcode 0x2005
Aug 08 10:46:16 n kernel: Bluetooth: hci0: unexpected event for opcode 0x2005
Aug 08 10:46:32 n kernel: Bluetooth: hci0: unexpected event for opcode 0x2005
Aug 08 10:46:48 n kernel: Bluetooth: hci0: unexpected event for opcode 0x2005
Aug 08 10:47:04 n kernel: Bluetooth: hci0: unexpected event for opcode 0x2005
Aug 08 10:47:21 n kernel: Bluetooth: hci0: unexpected event for opcode 0x2005
Aug 08 10:47:36 n kernel: Bluetooth: hci0: unexpected event for opcode 0x2005
Aug 08 10:47:52 n kernel: Bluetooth: hci0: unexpected event for opcode 0x2005
Aug 08 10:48:08 n kernel: Bluetooth: hci0: unexpected event for opcode 0x2005
Aug 08 10:48:24 n kernel: Bluetooth: hci0: unexpected event for opcode 0x2005
Aug 08 10:48:40 n kernel: Bluetooth: hci0: unexpected event for opcode 0x2005
Aug 08 10:48:56 n kernel: Bluetooth: hci0: unexpected event for opcode 0x2005
Aug 08 10:49:12 n kernel: Bluetooth: hci0: unexpected event for opcode 0x2005
Aug 08 10:49:28 n kernel: Bluetooth: hci0: unexpected event for opcode 0x2005
Aug 08 10:49:44 n kernel: Bluetooth: hci0: unexpected event for opcode 0x2005
Aug 08 10:50:00 n kernel: Bluetooth: hci0: unexpected event for opcode 0x2005
Aug 08 10:50:16 n kernel: Bluetooth: hci0: unexpected event for opcode 0x2005
Aug 08 10:50:32 n kernel: Bluetooth: hci0: unexpected event for opcode 0x2005
Aug 08 10:50:48 n kernel: Bluetooth: hci0: unexpected event for opcode 0x2005
Aug 08 10:51:04 n kernel: Bluetooth: hci0: unexpected event for opcode 0x2005
Aug 08 10:51:20 n kernel: Bluetooth: hci0: unexpected event for opcode 0x2005
Aug 08 10:51:36 n kernel: Bluetooth: hci0: unexpected event for opcode 0x2005
Aug 08 10:51:52 n kernel: Bluetooth: hci0: unexpected event for opcode 0x2005
Aug 08 10:52:08 n kernel: Bluetooth: hci0: unexpected event for opcode 0x2005
Aug 08 10:52:25 n kernel: Bluetooth: hci0: unexpected event for opcode 0x2005
Aug 08 10:52:40 n kernel: Bluetooth: hci0: unexpected event for opcode 0x2005
Aug 08 10:52:56 n kernel: Bluetooth: hci0: unexpected event for opcode 0x2005
Aug 08 10:53:12 n kernel: Bluetooth: hci0: unexpected event for opcode 0x2005
Aug 08 10:53:28 n kernel: Bluetooth: hci0: unexpected event for opcode 0x2005
Aug 08 10:53:44 n kernel: Bluetooth: hci0: unexpected event for opcode 0x2005
Aug 08 10:54:00 n kernel: Bluetooth: hci0: unexpected event for opcode 0x2005
Aug 08 10:54:16 n kernel: Bluetooth: hci0: unexpected event for opcode 0x2005
Aug 08 10:54:32 n kernel: Bluetooth: hci0: unexpected event for opcode 0x2005
Aug 08 10:54:48 n kernel: Bluetooth: hci0: unexpected event for opcode 0x2005
Aug 08 10:55:04 n kernel: Bluetooth: hci0: unexpected event for opcode 0x2005
Aug 08 10:55:20 n kernel: Bluetooth: hci0: unexpected event for opcode 0x2005
Aug 08 10:55:36 n kernel: Bluetooth: hci0: unexpected event for opcode 0x2005
Aug 08 10:55:52 n kernel: Bluetooth: hci0: unexpected event for opcode 0x2005
Aug 08 10:56:08 n kernel: Bluetooth: hci0: unexpected event for opcode 0x2005
Aug 08 10:56:24 n kernel: Bluetooth: hci0: unexpected event for opcode 0x2005
Aug 08 10:56:40 n kernel: Bluetooth: hci0: unexpected event for opcode 0x2005
Aug 08 10:56:56 n kernel: Bluetooth: hci0: unexpected event for opcode 0x2005
Aug 08 10:57:12 n kernel: Bluetooth: hci0: unexpected event for opcode 0x2005
Aug 08 10:57:28 n kernel: Bluetooth: hci0: unexpected event for opcode 0x2005
Aug 08 10:57:44 n kernel: Bluetooth: hci0: unexpected event for opcode 0x2005
Aug 08 10:58:00 n kernel: Bluetooth: hci0: unexpected event for opcode 0x2005
Aug 08 10:58:16 n kernel: Bluetooth: hci0: unexpected event for opcode 0x2005
Aug 08 10:58:32 n kernel: Bluetooth: hci0: unexpected event for opcode 0x2005
Aug 08 10:58:48 n kernel: Bluetooth: hci0: unexpected event for opcode 0x2005
Aug 08 10:59:04 n kernel: Bluetooth: hci0: unexpected event for opcode 0x2005
Aug 08 10:59:20 n kernel: Bluetooth: hci0: unexpected event for opcode 0x2005
Aug 08 10:59:36 n kernel: Bluetooth: hci0: unexpected event for opcode 0x2005
Aug 08 10:59:53 n kernel: Bluetooth: hci0: unexpected event for opcode 0x2005
Aug 08 11:00:08 n kernel: Bluetooth: hci0: unexpected event for opcode 0x2005
Aug 08 11:00:24 n kernel: Bluetooth: hci0: unexpected event for opcode 0x2005
Aug 08 11:00:40 n kernel: Bluetooth: hci0: unexpected event for opcode 0x2005
Aug 08 11:00:56 n kernel: Bluetooth: hci0: unexpected event for opcode 0x2005
Aug 08 11:01:12 n kernel: Bluetooth: hci0: unexpected event for opcode 0x2005
Aug 08 11:01:28 n kernel: Bluetooth: hci0: unexpected event for opcode 0x2005
Aug 08 11:01:44 n kernel: Bluetooth: hci0: unexpected event for opcode 0x2005
Aug 08 11:02:00 n kernel: Bluetooth: hci0: unexpected event for opcode 0x2005
Aug 08 11:02:16 n kernel: Bluetooth: hci0: unexpected event for opcode 0x2005
Aug 08 11:02:32 n kernel: Bluetooth: hci0: unexpected event for opcode 0x2005
Aug 08 11:02:48 n kernel: Bluetooth: hci0: unexpected event for opcode 0x2005
Aug 08 11:03:04 n kernel: Bluetooth: hci0: unexpected event for opcode 0x2005
Aug 08 11:03:20 n kernel: Bluetooth: hci0: unexpected event for opcode 0x2005
Aug 08 11:03:36 n kernel: Bluetooth: hci0: unexpected event for opcode 0x2005
Aug 08 11:03:52 n kernel: Bluetooth: hci0: unexpected event for opcode 0x2005
Aug 08 11:04:08 n kernel: Bluetooth: hci0: unexpected event for opcode 0x2005
Aug 08 11:04:24 n kernel: Bluetooth: hci0: unexpected event for opcode 0x2005
Aug 08 11:04:40 n kernel: Bluetooth: hci0: unexpected event for opcode 0x2005
Aug 08 11:04:56 n kernel: Bluetooth: hci0: unexpected event for opcode 0x2005
Aug 08 11:05:12 n kernel: Bluetooth: hci0: unexpected event for opcode 0x2005
Aug 08 11:05:28 n kernel: Bluetooth: hci0: unexpected event for opcode 0x2005
Aug 08 11:05:44 n kernel: Bluetooth: hci0: unexpected event for opcode 0x2005
Aug 08 11:06:00 n kernel: Bluetooth: hci0: unexpected event for opcode 0x2005
Aug 08 11:06:16 n kernel: Bluetooth: hci0: unexpected event for opcode 0x2005
Aug 08 11:06:32 n kernel: Bluetooth: hci0: unexpected event for opcode 0x2005
Aug 08 11:06:48 n kernel: Bluetooth: hci0: unexpected event for opcode 0x2005
Aug 08 11:07:04 n kernel: Bluetooth: hci0: unexpected event for opcode 0x2005
Aug 08 11:07:20 n kernel: Bluetooth: hci0: unexpected event for opcode 0x2005
Aug 08 11:07:36 n kernel: Bluetooth: hci0: unexpected event for opcode 0x2005
Aug 08 11:07:52 n kernel: Bluetooth: hci0: unexpected event for opcode 0x2005
Aug 08 11:08:08 n kernel: Bluetooth: hci0: unexpected event for opcode 0x2005
Aug 08 11:08:24 n kernel: Bluetooth: hci0: unexpected event for opcode 0x2005
Aug 08 11:08:40 n kernel: Bluetooth: hci0: unexpected event for opcode 0x2005
Aug 08 11:08:56 n kernel: Bluetooth: hci0: unexpected event for opcode 0x2005
Aug 08 11:09:12 n kernel: Bluetooth: hci0: unexpected event for opcode 0x2005
Aug 08 11:09:28 n kernel: Bluetooth: hci0: unexpected event for opcode 0x2005
Aug 08 11:09:44 n kernel: Bluetooth: hci0: unexpected event for opcode 0x2005
Aug 08 11:10:00 n kernel: Bluetooth: hci0: unexpected event for opcode 0x2005
Aug 08 11:10:16 n kernel: Bluetooth: hci0: unexpected event for opcode 0x2005
Aug 08 11:10:32 n kernel: Bluetooth: hci0: unexpected event for opcode 0x2005
Aug 08 11:10:48 n kernel: Bluetooth: hci0: unexpected event for opcode 0x2005
Aug 08 11:11:04 n kernel: Bluetooth: hci0: unexpected event for opcode 0x2005
Aug 08 11:11:20 n kernel: Bluetooth: hci0: unexpected event for opcode 0x2005
Aug 08 11:11:36 n kernel: Bluetooth: hci0: unexpected event for opcode 0x2005
Aug 08 11:11:52 n kernel: Bluetooth: hci0: unexpected event for opcode 0x2005
Aug 08 11:12:08 n kernel: Bluetooth: hci0: unexpected event for opcode 0x2005
Aug 08 11:12:24 n kernel: Bluetooth: hci0: unexpected event for opcode 0x2005
Aug 08 11:12:40 n kernel: Bluetooth: hci0: unexpected event for opcode 0x2005
Aug 08 11:12:56 n kernel: Bluetooth: hci0: unexpected event for opcode 0x2005
Aug 08 11:13:12 n kernel: Bluetooth: hci0: unexpected event for opcode 0x2005
Aug 08 11:13:28 n kernel: Bluetooth: hci0: unexpected event for opcode 0x2005
Aug 08 11:13:44 n kernel: Bluetooth: hci0: unexpected event for opcode 0x2005
Aug 08 11:14:00 n kernel: Bluetooth: hci0: unexpected event for opcode 0x2005
Aug 08 11:14:16 n kernel: Bluetooth: hci0: unexpected event for opcode 0x2005
Aug 08 11:14:32 n kernel: Bluetooth: hci0: unexpected event for opcode 0x2005
Aug 08 11:14:48 n kernel: Bluetooth: hci0: unexpected event for opcode 0x2005
Aug 08 11:15:04 n kernel: Bluetooth: hci0: unexpected event for opcode 0x2005
Aug 08 11:15:20 n kernel: Bluetooth: hci0: unexpected event for opcode 0x2005
Aug 08 11:15:36 n kernel: Bluetooth: hci0: unexpected event for opcode 0x2005
Aug 08 11:15:52 n kernel: Bluetooth: hci0: unexpected event for opcode 0x2005
Aug 08 11:16:08 n kernel: Bluetooth: hci0: unexpected event for opcode 0x2005
Aug 08 11:16:24 n kernel: Bluetooth: hci0: unexpected event for opcode 0x2005
Aug 08 11:16:40 n kernel: Bluetooth: hci0: unexpected event for opcode 0x2005
Aug 08 11:16:56 n kernel: Bluetooth: hci0: unexpected event for opcode 0x2005
Aug 08 11:17:12 n kernel: Bluetooth: hci0: unexpected event for opcode 0x2005
Aug 08 11:17:29 n kernel: Bluetooth: hci0: unexpected event for opcode 0x2005
Aug 08 11:17:44 n kernel: Bluetooth: hci0: unexpected event for opcode 0x2005
Aug 08 11:18:00 n kernel: Bluetooth: hci0: unexpected event for opcode 0x2005
Aug 08 11:18:16 n kernel: Bluetooth: hci0: unexpected event for opcode 0x2005
Aug 08 11:18:32 n kernel: Bluetooth: hci0: unexpected event for opcode 0x2005
Aug 08 11:18:49 n kernel: Bluetooth: hci0: unexpected event for opcode 0x2005
Aug 08 11:19:04 n kernel: Bluetooth: hci0: unexpected event for opcode 0x2005
Aug 08 11:19:20 n kernel: Bluetooth: hci0: unexpected event for opcode 0x2005
Aug 08 11:19:36 n kernel: Bluetooth: hci0: unexpected event for opcode 0x2005
Aug 08 11:19:52 n kernel: Bluetooth: hci0: unexpected event for opcode 0x2005
Aug 08 11:20:08 n kernel: Bluetooth: hci0: unexpected event for opcode 0x2005
Aug 08 11:20:24 n kernel: Bluetooth: hci0: unexpected event for opcode 0x2005
Aug 08 11:20:40 n kernel: Bluetooth: hci0: unexpected event for opcode 0x2005
Aug 08 11:20:56 n kernel: Bluetooth: hci0: unexpected event for opcode 0x2005
Aug 08 11:21:12 n kernel: Bluetooth: hci0: unexpected event for opcode 0x2005
Aug 08 11:21:28 n kernel: Bluetooth: hci0: unexpected event for opcode 0x2005
Aug 08 11:21:44 n kernel: Bluetooth: hci0: unexpected event for opcode 0x2005
Aug 08 11:22:00 n kernel: Bluetooth: hci0: unexpected event for opcode 0x2005
Aug 08 11:22:16 n kernel: Bluetooth: hci0: unexpected event for opcode 0x2005
Aug 08 11:22:32 n kernel: Bluetooth: hci0: unexpected event for opcode 0x2005
Aug 08 11:22:48 n kernel: Bluetooth: hci0: unexpected event for opcode 0x2005
Aug 08 11:23:04 n kernel: Bluetooth: hci0: unexpected event for opcode 0x2005
Aug 08 11:23:20 n kernel: Bluetooth: hci0: unexpected event for opcode 0x2005
Aug 08 11:23:36 n kernel: Bluetooth: hci0: unexpected event for opcode 0x2005
Aug 08 11:23:52 n kernel: Bluetooth: hci0: unexpected event for opcode 0x2005
Aug 08 11:24:08 n kernel: Bluetooth: hci0: unexpected event for opcode 0x2005
Aug 08 11:24:24 n kernel: Bluetooth: hci0: unexpected event for opcode 0x2005
Aug 08 11:24:40 n kernel: Bluetooth: hci0: unexpected event for opcode 0x2005
Aug 08 11:24:56 n kernel: Bluetooth: hci0: unexpected event for opcode 0x2005
Aug 08 11:25:12 n kernel: Bluetooth: hci0: unexpected event for opcode 0x2005
Aug 08 11:25:28 n kernel: Bluetooth: hci0: unexpected event for opcode 0x2005
Aug 08 11:25:44 n kernel: Bluetooth: hci0: unexpected event for opcode 0x2005
Aug 08 11:26:00 n kernel: Bluetooth: hci0: unexpected event for opcode 0x2005
Aug 08 11:26:16 n kernel: Bluetooth: hci0: unexpected event for opcode 0x2005
Aug 08 11:26:32 n kernel: Bluetooth: hci0: unexpected event for opcode 0x2005
Aug 08 11:26:48 n kernel: Bluetooth: hci0: unexpected event for opcode 0x2005
Aug 08 11:27:04 n kernel: Bluetooth: hci0: unexpected event for opcode 0x2005
Aug 08 11:27:20 n kernel: Bluetooth: hci0: unexpected event for opcode 0x2005
Aug 08 11:27:36 n kernel: Bluetooth: hci0: unexpected event for opcode 0x2005
Aug 08 11:27:52 n kernel: Bluetooth: hci0: unexpected event for opcode 0x2005
Aug 08 11:28:08 n kernel: Bluetooth: hci0: unexpected event for opcode 0x2005
Aug 08 11:28:24 n kernel: Bluetooth: hci0: unexpected event for opcode 0x2005
Aug 08 11:28:40 n kernel: Bluetooth: hci0: unexpected event for opcode 0x2005
Aug 08 11:28:56 n kernel: Bluetooth: hci0: unexpected event for opcode 0x2005
Aug 08 11:29:12 n kernel: Bluetooth: hci0: unexpected event for opcode 0x2005
Aug 08 11:29:28 n kernel: Bluetooth: hci0: unexpected event for opcode 0x2005
Aug 08 11:29:44 n kernel: Bluetooth: hci0: unexpected event for opcode 0x2005
Aug 08 11:30:00 n kernel: Bluetooth: hci0: unexpected event for opcode 0x2005
Aug 08 11:30:16 n kernel: Bluetooth: hci0: unexpected event for opcode 0x2005
Aug 08 11:30:32 n kernel: Bluetooth: hci0: unexpected event for opcode 0x2005
Aug 08 11:30:48 n kernel: Bluetooth: hci0: unexpected event for opcode 0x2005
Aug 08 11:31:04 n kernel: Bluetooth: hci0: unexpected event for opcode 0x2005
Aug 08 11:31:20 n kernel: Bluetooth: hci0: unexpected event for opcode 0x2005
Aug 08 11:31:36 n kernel: Bluetooth: hci0: unexpected event for opcode 0x2005
Aug 08 11:31:52 n kernel: Bluetooth: hci0: unexpected event for opcode 0x2005
Aug 08 11:32:08 n kernel: Bluetooth: hci0: unexpected event for opcode 0x2005
Aug 08 11:32:24 n kernel: Bluetooth: hci0: unexpected event for opcode 0x2005
Aug 08 11:32:40 n kernel: Bluetooth: hci0: unexpected event for opcode 0x2005
Aug 08 11:32:56 n kernel: Bluetooth: hci0: unexpected event for opcode 0x2005
Aug 08 11:33:12 n kernel: Bluetooth: hci0: unexpected event for opcode 0x2005
Aug 08 11:33:28 n kernel: Bluetooth: hci0: unexpected event for opcode 0x2005
Aug 08 11:33:44 n kernel: Bluetooth: hci0: unexpected event for opcode 0x2005
Aug 08 11:34:00 n kernel: Bluetooth: hci0: unexpected event for opcode 0x2005
Aug 08 11:34:16 n kernel: Bluetooth: hci0: unexpected event for opcode 0x2005
Aug 08 11:34:32 n kernel: Bluetooth: hci0: unexpected event for opcode 0x2005
Aug 08 11:34:48 n kernel: Bluetooth: hci0: unexpected event for opcode 0x2005
Aug 08 11:35:04 n kernel: Bluetooth: hci0: unexpected event for opcode 0x2005
Aug 08 11:35:20 n kernel: Bluetooth: hci0: unexpected event for opcode 0x2005
Aug 08 11:35:36 n kernel: Bluetooth: hci0: unexpected event for opcode 0x2005
Aug 08 11:35:52 n kernel: Bluetooth: hci0: unexpected event for opcode 0x2005
Aug 08 11:36:08 n kernel: Bluetooth: hci0: unexpected event for opcode 0x2005
Aug 08 11:36:24 n kernel: Bluetooth: hci0: unexpected event for opcode 0x2005
Aug 08 11:36:40 n kernel: Bluetooth: hci0: unexpected event for opcode 0x2005
Aug 08 11:36:56 n kernel: Bluetooth: hci0: unexpected event for opcode 0x2005
Aug 08 11:37:12 n kernel: Bluetooth: hci0: unexpected event for opcode 0x2005
Aug 08 11:37:28 n kernel: Bluetooth: hci0: unexpected event for opcode 0x2005
Aug 08 11:37:44 n kernel: Bluetooth: hci0: unexpected event for opcode 0x2005
Aug 08 11:38:00 n kernel: Bluetooth: hci0: unexpected event for opcode 0x2005
Aug 08 11:38:16 n kernel: Bluetooth: hci0: unexpected event for opcode 0x2005
Aug 08 11:38:32 n kernel: Bluetooth: hci0: unexpected event for opcode 0x2005
Aug 08 11:38:48 n kernel: Bluetooth: hci0: unexpected event for opcode 0x2005
Aug 08 11:39:04 n kernel: Bluetooth: hci0: unexpected event for opcode 0x2005
Aug 08 11:39:20 n kernel: Bluetooth: hci0: unexpected event for opcode 0x2005
Aug 08 11:39:36 n kernel: Bluetooth: hci0: unexpected event for opcode 0x2005
Aug 08 11:39:52 n kernel: Bluetooth: hci0: unexpected event for opcode 0x2005
Aug 08 11:40:08 n kernel: Bluetooth: hci0: unexpected event for opcode 0x2005
Aug 08 11:40:24 n kernel: Bluetooth: hci0: unexpected event for opcode 0x2005
Aug 08 11:40:40 n kernel: Bluetooth: hci0: unexpected event for opcode 0x2005
Aug 08 11:40:56 n kernel: Bluetooth: hci0: unexpected event for opcode 0x2005
Aug 08 11:41:12 n kernel: Bluetooth: hci0: unexpected event for opcode 0x2005
Aug 08 11:41:28 n kernel: Bluetooth: hci0: unexpected event for opcode 0x2005
Aug 08 11:41:44 n kernel: Bluetooth: hci0: unexpected event for opcode 0x2005
Aug 08 11:42:00 n kernel: Bluetooth: hci0: unexpected event for opcode 0x2005
Aug 08 11:42:16 n kernel: Bluetooth: hci0: unexpected event for opcode 0x2005
Aug 08 11:42:32 n kernel: Bluetooth: hci0: unexpected event for opcode 0x2005
Aug 08 11:42:48 n kernel: Bluetooth: hci0: unexpected event for opcode 0x2005
Aug 08 11:43:04 n kernel: Bluetooth: hci0: unexpected event for opcode 0x2005
Aug 08 11:43:20 n kernel: Bluetooth: hci0: unexpected event for opcode 0x2005
Aug 08 11:43:36 n kernel: Bluetooth: hci0: unexpected event for opcode 0x2005
Aug 08 11:43:52 n kernel: Bluetooth: hci0: unexpected event for opcode 0x2005
Aug 08 11:44:08 n kernel: Bluetooth: hci0: unexpected event for opcode 0x2005
Aug 08 11:44:24 n kernel: Bluetooth: hci0: unexpected event for opcode 0x2005
Aug 08 11:44:41 n kernel: Bluetooth: hci0: unexpected event for opcode 0x2005
Aug 08 11:44:57 n kernel: Bluetooth: hci0: unexpected event for opcode 0x2005
Aug 08 11:45:12 n kernel: Bluetooth: hci0: unexpected event for opcode 0x2005
Aug 08 11:45:28 n kernel: Bluetooth: hci0: unexpected event for opcode 0x2005
Aug 08 11:45:45 n kernel: Bluetooth: hci0: unexpected event for opcode 0x2005
Aug 08 11:46:00 n kernel: Bluetooth: hci0: unexpected event for opcode 0x2005
Aug 08 11:46:16 n kernel: Bluetooth: hci0: unexpected event for opcode 0x2005
Aug 08 11:46:32 n kernel: Bluetooth: hci0: unexpected event for opcode 0x2005
Aug 08 11:46:48 n kernel: Bluetooth: hci0: unexpected event for opcode 0x2005
Aug 08 11:47:04 n kernel: Bluetooth: hci0: unexpected event for opcode 0x2005
Aug 08 11:47:20 n kernel: Bluetooth: hci0: unexpected event for opcode 0x2005
Aug 08 11:47:36 n kernel: Bluetooth: hci0: unexpected event for opcode 0x2005
Aug 08 11:47:52 n kernel: Bluetooth: hci0: unexpected event for opcode 0x2005
Aug 08 11:48:08 n kernel: Bluetooth: hci0: unexpected event for opcode 0x2005
Aug 08 11:48:24 n kernel: Bluetooth: hci0: unexpected event for opcode 0x2005
Aug 08 11:48:40 n kernel: Bluetooth: hci0: unexpected event for opcode 0x2005
Aug 08 11:48:56 n kernel: Bluetooth: hci0: unexpected event for opcode 0x2005
Aug 08 11:49:12 n kernel: Bluetooth: hci0: unexpected event for opcode 0x2005
Aug 08 11:49:28 n kernel: Bluetooth: hci0: unexpected event for opcode 0x2005
Aug 08 11:49:44 n kernel: Bluetooth: hci0: unexpected event for opcode 0x2005
Aug 08 11:50:00 n kernel: Bluetooth: hci0: unexpected event for opcode 0x2005
Aug 08 11:50:16 n kernel: Bluetooth: hci0: unexpected event for opcode 0x2005
Aug 08 11:50:32 n kernel: Bluetooth: hci0: unexpected event for opcode 0x2005
Aug 08 11:50:48 n kernel: Bluetooth: hci0: unexpected event for opcode 0x2005
Aug 08 11:51:04 n kernel: Bluetooth: hci0: unexpected event for opcode 0x2005
Aug 08 11:51:20 n kernel: Bluetooth: hci0: unexpected event for opcode 0x2005
Aug 08 11:51:36 n kernel: Bluetooth: hci0: unexpected event for opcode 0x2005
Aug 08 11:51:52 n kernel: Bluetooth: hci0: unexpected event for opcode 0x2005
Aug 08 11:52:08 n kernel: Bluetooth: hci0: unexpected event for opcode 0x2005
Aug 08 11:52:24 n kernel: Bluetooth: hci0: unexpected event for opcode 0x2005
Aug 08 11:52:40 n kernel: Bluetooth: hci0: unexpected event for opcode 0x2005
Aug 08 11:52:56 n kernel: Bluetooth: hci0: unexpected event for opcode 0x2005
Aug 08 11:53:12 n kernel: Bluetooth: hci0: unexpected event for opcode 0x2005
Aug 08 11:53:28 n kernel: Bluetooth: hci0: unexpected event for opcode 0x2005
Aug 08 11:53:44 n kernel: Bluetooth: hci0: unexpected event for opcode 0x2005
Aug 08 11:54:00 n kernel: Bluetooth: hci0: unexpected event for opcode 0x2005
Aug 08 11:54:16 n kernel: Bluetooth: hci0: unexpected event for opcode 0x2005
Aug 08 11:54:32 n kernel: Bluetooth: hci0: unexpected event for opcode 0x2005
Aug 08 11:54:48 n kernel: Bluetooth: hci0: unexpected event for opcode 0x2005
Aug 08 11:55:04 n kernel: Bluetooth: hci0: unexpected event for opcode 0x2005
Aug 08 11:55:20 n kernel: Bluetooth: hci0: unexpected event for opcode 0x2005
Aug 08 11:55:36 n kernel: Bluetooth: hci0: unexpected event for opcode 0x2005
Aug 08 11:55:52 n kernel: Bluetooth: hci0: unexpected event for opcode 0x2005
Aug 08 11:56:08 n kernel: Bluetooth: hci0: unexpected event for opcode 0x2005
Aug 08 11:56:24 n kernel: Bluetooth: hci0: unexpected event for opcode 0x2005
Aug 08 11:56:40 n kernel: Bluetooth: hci0: unexpected event for opcode 0x2005
Aug 08 11:56:56 n kernel: Bluetooth: hci0: unexpected event for opcode 0x2005
Aug 08 11:57:12 n kernel: Bluetooth: hci0: unexpected event for opcode 0x2005
Aug 08 11:57:28 n kernel: Bluetooth: hci0: unexpected event for opcode 0x2005
Aug 08 11:57:45 n kernel: Bluetooth: hci0: unexpected event for opcode 0x2005
Aug 08 11:58:00 n kernel: Bluetooth: hci0: unexpected event for opcode 0x2005
Aug 08 11:58:16 n kernel: Bluetooth: hci0: unexpected event for opcode 0x2005
Aug 08 11:58:32 n kernel: Bluetooth: hci0: unexpected event for opcode 0x2005
Aug 08 11:58:48 n kernel: Bluetooth: hci0: unexpected event for opcode 0x2005
Aug 08 11:59:04 n kernel: Bluetooth: hci0: unexpected event for opcode 0x2005
Aug 08 11:59:20 n kernel: Bluetooth: hci0: unexpected event for opcode 0x2005
Aug 08 11:59:36 n kernel: Bluetooth: hci0: unexpected event for opcode 0x2005
Aug 08 11:59:52 n kernel: Bluetooth: hci0: unexpected event for opcode 0x2005
Aug 08 12:00:03 n kernel: audit: type=1400 audit(1786183203.893:236): apparmor="DENIED" operation="open" class="file" profile="snap.firmware-updater.firmware-notifier" name="/proc/sys/vm/max_map_count" pid=19562 comm="firmware-notifi" requested_mask="r" denied_mask="r" fsuid=1000 ouid=0
Aug 08 12:00:08 n kernel: Bluetooth: hci0: unexpected event for opcode 0x2005
Aug 08 12:00:24 n kernel: Bluetooth: hci0: unexpected event for opcode 0x2005
Aug 08 12:00:40 n kernel: Bluetooth: hci0: unexpected event for opcode 0x2005
Aug 08 12:00:56 n kernel: Bluetooth: hci0: unexpected event for opcode 0x2005
Aug 08 12:01:12 n kernel: Bluetooth: hci0: unexpected event for opcode 0x2005
Aug 08 12:01:28 n kernel: Bluetooth: hci0: unexpected event for opcode 0x2005
Aug 08 12:01:44 n kernel: Bluetooth: hci0: unexpected event for opcode 0x2005
Aug 08 12:02:00 n kernel: Bluetooth: hci0: unexpected event for opcode 0x2005
Aug 08 12:02:16 n kernel: Bluetooth: hci0: unexpected event for opcode 0x2005
Aug 08 12:02:32 n kernel: Bluetooth: hci0: unexpected event for opcode 0x2005
Aug 08 12:02:48 n kernel: Bluetooth: hci0: unexpected event for opcode 0x2005
Aug 08 12:03:04 n kernel: Bluetooth: hci0: unexpected event for opcode 0x2005
Aug 08 12:03:20 n kernel: Bluetooth: hci0: unexpected event for opcode 0x2005
Aug 08 12:03:36 n kernel: Bluetooth: hci0: unexpected event for opcode 0x2005
Aug 08 12:03:53 n kernel: Bluetooth: hci0: unexpected event for opcode 0x2005
Aug 08 12:04:08 n kernel: Bluetooth: hci0: unexpected event for opcode 0x2005
Aug 08 12:04:24 n kernel: Bluetooth: hci0: unexpected event for opcode 0x2005
Aug 08 12:04:40 n kernel: Bluetooth: hci0: unexpected event for opcode 0x2005
Aug 08 12:04:56 n kernel: Bluetooth: hci0: unexpected event for opcode 0x2005
Aug 08 12:05:12 n kernel: Bluetooth: hci0: unexpected event for opcode 0x2005
Aug 08 12:05:28 n kernel: Bluetooth: hci0: unexpected event for opcode 0x2005
Aug 08 12:05:44 n kernel: Bluetooth: hci0: unexpected event for opcode 0x2005
Aug 08 12:06:00 n kernel: Bluetooth: hci0: unexpected event for opcode 0x2005
Aug 08 12:06:16 n kernel: Bluetooth: hci0: unexpected event for opcode 0x2005
Aug 08 12:06:32 n kernel: Bluetooth: hci0: unexpected event for opcode 0x2005
Aug 08 12:06:48 n kernel: Bluetooth: hci0: unexpected event for opcode 0x2005
Aug 08 12:07:05 n kernel: Bluetooth: hci0: unexpected event for opcode 0x2005
Aug 08 12:07:20 n kernel: Bluetooth: hci0: unexpected event for opcode 0x2005
Aug 08 12:07:37 n kernel: Bluetooth: hci0: unexpected event for opcode 0x2005
Aug 08 12:07:52 n kernel: Bluetooth: hci0: unexpected event for opcode 0x2005
Aug 08 12:08:08 n kernel: Bluetooth: hci0: unexpected event for opcode 0x2005
Aug 08 12:08:25 n kernel: Bluetooth: hci0: unexpected event for opcode 0x2005
Aug 08 12:08:40 n kernel: Bluetooth: hci0: unexpected event for opcode 0x2005
Aug 08 12:08:56 n kernel: Bluetooth: hci0: unexpected event for opcode 0x2005
Aug 08 12:09:13 n kernel: Bluetooth: hci0: unexpected event for opcode 0x2005
Aug 08 12:09:28 n kernel: Bluetooth: hci0: unexpected event for opcode 0x2005
Aug 08 12:09:44 n kernel: Bluetooth: hci0: unexpected event for opcode 0x2005
Aug 08 12:10:00 n kernel: Bluetooth: hci0: unexpected event for opcode 0x2005
Aug 08 12:10:16 n kernel: Bluetooth: hci0: unexpected event for opcode 0x2005
Aug 08 12:10:32 n kernel: Bluetooth: hci0: unexpected event for opcode 0x2005
Aug 08 12:10:48 n kernel: Bluetooth: hci0: unexpected event for opcode 0x2005
Aug 08 12:11:04 n kernel: Bluetooth: hci0: unexpected event for opcode 0x2005
Aug 08 12:11:20 n kernel: Bluetooth: hci0: unexpected event for opcode 0x2005
Aug 08 12:11:36 n kernel: Bluetooth: hci0: unexpected event for opcode 0x2005
Aug 08 12:11:52 n kernel: Bluetooth: hci0: unexpected event for opcode 0x2005
Aug 08 12:12:08 n kernel: Bluetooth: hci0: unexpected event for opcode 0x2005
Aug 08 12:12:24 n kernel: Bluetooth: hci0: unexpected event for opcode 0x2005
Aug 08 12:12:40 n kernel: Bluetooth: hci0: unexpected event for opcode 0x2005
Aug 08 12:12:56 n kernel: Bluetooth: hci0: unexpected event for opcode 0x2005
Aug 08 12:13:12 n kernel: Bluetooth: hci0: unexpected event for opcode 0x2005
Aug 08 12:13:28 n kernel: Bluetooth: hci0: unexpected event for opcode 0x2005
Aug 08 12:13:44 n kernel: Bluetooth: hci0: unexpected event for opcode 0x2005
Aug 08 12:14:00 n kernel: Bluetooth: hci0: unexpected event for opcode 0x2005
Aug 08 12:14:16 n kernel: Bluetooth: hci0: unexpected event for opcode 0x2005
Aug 08 12:14:32 n kernel: Bluetooth: hci0: unexpected event for opcode 0x2005
Aug 08 12:14:48 n kernel: Bluetooth: hci0: unexpected event for opcode 0x2005
Aug 08 12:15:04 n kernel: Bluetooth: hci0: unexpected event for opcode 0x2005
Aug 08 12:15:20 n kernel: Bluetooth: hci0: unexpected event for opcode 0x2005
Aug 08 12:15:36 n kernel: Bluetooth: hci0: unexpected event for opcode 0x2005
Aug 08 12:15:52 n kernel: Bluetooth: hci0: unexpected event for opcode 0x2005
Aug 08 12:16:08 n kernel: Bluetooth: hci0: unexpected event for opcode 0x2005
Aug 08 12:16:24 n kernel: Bluetooth: hci0: unexpected event for opcode 0x2005
Aug 08 12:16:40 n kernel: Bluetooth: hci0: unexpected event for opcode 0x2005
Aug 08 12:16:56 n kernel: Bluetooth: hci0: unexpected event for opcode 0x2005
Aug 08 12:17:12 n kernel: Bluetooth: hci0: unexpected event for opcode 0x2005
Aug 08 12:17:28 n kernel: Bluetooth: hci0: unexpected event for opcode 0x2005
Aug 08 12:17:44 n kernel: Bluetooth: hci0: unexpected event for opcode 0x2005
Aug 08 12:18:00 n kernel: Bluetooth: hci0: unexpected event for opcode 0x2005
Aug 08 12:18:16 n kernel: Bluetooth: hci0: unexpected event for opcode 0x2005
Aug 08 12:18:32 n kernel: Bluetooth: hci0: unexpected event for opcode 0x2005
Aug 08 12:18:48 n kernel: Bluetooth: hci0: unexpected event for opcode 0x2005
Aug 08 12:19:04 n kernel: Bluetooth: hci0: unexpected event for opcode 0x2005
Aug 08 12:19:20 n kernel: Bluetooth: hci0: unexpected event for opcode 0x2005
Aug 08 12:19:36 n kernel: Bluetooth: hci0: unexpected event for opcode 0x2005
Aug 08 12:19:52 n kernel: Bluetooth: hci0: unexpected event for opcode 0x2005
Aug 08 12:20:08 n kernel: Bluetooth: hci0: unexpected event for opcode 0x2005
Aug 08 12:20:24 n kernel: Bluetooth: hci0: unexpected event for opcode 0x2005
Aug 08 12:20:40 n kernel: Bluetooth: hci0: unexpected event for opcode 0x2005
Aug 08 12:20:56 n kernel: Bluetooth: hci0: unexpected event for opcode 0x2005
Aug 08 12:21:12 n kernel: Bluetooth: hci0: unexpected event for opcode 0x2005
Aug 08 12:21:28 n kernel: Bluetooth: hci0: unexpected event for opcode 0x2005
Aug 08 12:21:44 n kernel: Bluetooth: hci0: unexpected event for opcode 0x2005
Aug 08 12:22:00 n kernel: Bluetooth: hci0: unexpected event for opcode 0x2005
Aug 08 12:22:16 n kernel: Bluetooth: hci0: unexpected event for opcode 0x2005
Aug 08 12:22:32 n kernel: Bluetooth: hci0: unexpected event for opcode 0x2005
Aug 08 12:22:48 n kernel: Bluetooth: hci0: unexpected event for opcode 0x2005
Aug 08 12:23:04 n kernel: Bluetooth: hci0: unexpected event for opcode 0x2005
Aug 08 12:23:20 n kernel: Bluetooth: hci0: unexpected event for opcode 0x2005
Aug 08 12:23:36 n kernel: Bluetooth: hci0: unexpected event for opcode 0x2005
Aug 08 12:23:52 n kernel: Bluetooth: hci0: unexpected event for opcode 0x2005
Aug 08 12:24:08 n kernel: Bluetooth: hci0: unexpected event for opcode 0x2005
Aug 08 12:24:24 n kernel: Bluetooth: hci0: unexpected event for opcode 0x2005
Aug 08 12:24:40 n kernel: Bluetooth: hci0: unexpected event for opcode 0x2005
Aug 08 12:24:56 n kernel: Bluetooth: hci0: unexpected event for opcode 0x2005
Aug 08 12:25:12 n kernel: Bluetooth: hci0: unexpected event for opcode 0x2005
Aug 08 12:25:28 n kernel: Bluetooth: hci0: unexpected event for opcode 0x2005
Aug 08 12:25:44 n kernel: Bluetooth: hci0: unexpected event for opcode 0x2005
Aug 08 12:26:00 n kernel: Bluetooth: hci0: unexpected event for opcode 0x2005
Aug 08 12:26:16 n kernel: Bluetooth: hci0: unexpected event for opcode 0x2005
Aug 08 12:26:32 n kernel: Bluetooth: hci0: unexpected event for opcode 0x2005
Aug 08 12:26:48 n kernel: Bluetooth: hci0: unexpected event for opcode 0x2005
Aug 08 12:27:04 n kernel: Bluetooth: hci0: unexpected event for opcode 0x2005
Aug 08 12:27:20 n kernel: Bluetooth: hci0: unexpected event for opcode 0x2005
Aug 08 12:27:36 n kernel: Bluetooth: hci0: unexpected event for opcode 0x2005
Aug 08 12:27:52 n kernel: Bluetooth: hci0: unexpected event for opcode 0x2005
Aug 08 12:28:08 n kernel: Bluetooth: hci0: unexpected event for opcode 0x2005
Aug 08 12:28:24 n kernel: Bluetooth: hci0: unexpected event for opcode 0x2005
Aug 08 12:28:40 n kernel: Bluetooth: hci0: unexpected event for opcode 0x2005
Aug 08 12:28:56 n kernel: Bluetooth: hci0: unexpected event for opcode 0x2005
Aug 08 12:29:12 n kernel: Bluetooth: hci0: unexpected event for opcode 0x2005
Aug 08 12:29:28 n kernel: Bluetooth: hci0: unexpected event for opcode 0x2005
Aug 08 12:29:44 n kernel: Bluetooth: hci0: unexpected event for opcode 0x2005
Aug 08 12:30:01 n kernel: Bluetooth: hci0: unexpected event for opcode 0x2005
Aug 08 12:30:16 n kernel: Bluetooth: hci0: unexpected event for opcode 0x2005
Aug 08 12:30:32 n kernel: Bluetooth: hci0: unexpected event for opcode 0x2005
Aug 08 12:30:48 n kernel: Bluetooth: hci0: unexpected event for opcode 0x2005
Aug 08 12:31:04 n kernel: Bluetooth: hci0: unexpected event for opcode 0x2005
Aug 08 12:31:20 n kernel: Bluetooth: hci0: unexpected event for opcode 0x2005
Aug 08 12:31:36 n kernel: Bluetooth: hci0: unexpected event for opcode 0x2005
Aug 08 12:31:52 n kernel: Bluetooth: hci0: unexpected event for opcode 0x2005
Aug 08 12:32:08 n kernel: Bluetooth: hci0: unexpected event for opcode 0x2005
Aug 08 12:32:24 n kernel: Bluetooth: hci0: unexpected event for opcode 0x2005
Aug 08 12:32:40 n kernel: Bluetooth: hci0: unexpected event for opcode 0x2005
Aug 08 12:32:56 n kernel: Bluetooth: hci0: unexpected event for opcode 0x2005
Aug 08 12:33:12 n kernel: Bluetooth: hci0: unexpected event for opcode 0x2005
Aug 08 12:33:28 n kernel: Bluetooth: hci0: unexpected event for opcode 0x2005
Aug 08 12:33:44 n kernel: Bluetooth: hci0: unexpected event for opcode 0x2005
Aug 08 12:34:00 n kernel: Bluetooth: hci0: unexpected event for opcode 0x2005
Aug 08 12:34:16 n kernel: Bluetooth: hci0: unexpected event for opcode 0x2005
Aug 08 12:34:32 n kernel: Bluetooth: hci0: unexpected event for opcode 0x2005
Aug 08 12:34:48 n kernel: Bluetooth: hci0: unexpected event for opcode 0x2005
Aug 08 12:35:04 n kernel: Bluetooth: hci0: unexpected event for opcode 0x2005
Aug 08 12:35:20 n kernel: Bluetooth: hci0: unexpected event for opcode 0x2005
Aug 08 12:35:36 n kernel: Bluetooth: hci0: unexpected event for opcode 0x2005
Aug 08 12:35:52 n kernel: Bluetooth: hci0: unexpected event for opcode 0x2005
Aug 08 12:36:08 n kernel: Bluetooth: hci0: unexpected event for opcode 0x2005
Aug 08 12:36:24 n kernel: Bluetooth: hci0: unexpected event for opcode 0x2005
Aug 08 12:36:40 n kernel: Bluetooth: hci0: unexpected event for opcode 0x2005
Aug 08 12:36:56 n kernel: Bluetooth: hci0: unexpected event for opcode 0x2005
Aug 08 12:37:12 n kernel: Bluetooth: hci0: unexpected event for opcode 0x2005
Aug 08 12:37:28 n kernel: Bluetooth: hci0: unexpected event for opcode 0x2005
Aug 08 12:37:44 n kernel: Bluetooth: hci0: unexpected event for opcode 0x2005
Aug 08 12:38:00 n kernel: Bluetooth: hci0: unexpected event for opcode 0x2005
Aug 08 12:38:16 n kernel: Bluetooth: hci0: unexpected event for opcode 0x2005
Aug 08 12:38:32 n kernel: Bluetooth: hci0: unexpected event for opcode 0x2005
Aug 08 12:38:48 n kernel: Bluetooth: hci0: unexpected event for opcode 0x2005
Aug 08 12:39:04 n kernel: Bluetooth: hci0: unexpected event for opcode 0x2005
Aug 08 12:39:20 n kernel: Bluetooth: hci0: unexpected event for opcode 0x2005
Aug 08 12:39:36 n kernel: Bluetooth: hci0: unexpected event for opcode 0x2005
Aug 08 12:39:52 n kernel: Bluetooth: hci0: unexpected event for opcode 0x2005
Aug 08 12:40:08 n kernel: Bluetooth: hci0: unexpected event for opcode 0x2005
Aug 08 12:40:24 n kernel: Bluetooth: hci0: unexpected event for opcode 0x2005
Aug 08 12:40:40 n kernel: Bluetooth: hci0: unexpected event for opcode 0x2005
Aug 08 12:40:56 n kernel: Bluetooth: hci0: unexpected event for opcode 0x2005
Aug 08 12:41:12 n kernel: Bluetooth: hci0: unexpected event for opcode 0x2005
Aug 08 12:41:28 n kernel: Bluetooth: hci0: unexpected event for opcode 0x2005
Aug 08 12:41:44 n kernel: Bluetooth: hci0: unexpected event for opcode 0x2005
Aug 08 12:42:00 n kernel: Bluetooth: hci0: unexpected event for opcode 0x2005
Aug 08 12:42:16 n kernel: Bluetooth: hci0: unexpected event for opcode 0x2005
Aug 08 12:42:32 n kernel: Bluetooth: hci0: unexpected event for opcode 0x2005
Aug 08 12:42:48 n kernel: Bluetooth: hci0: unexpected event for opcode 0x2005
Aug 08 12:43:04 n kernel: Bluetooth: hci0: unexpected event for opcode 0x2005
Aug 08 12:43:20 n kernel: Bluetooth: hci0: unexpected event for opcode 0x2005
Aug 08 12:43:36 n kernel: Bluetooth: hci0: unexpected event for opcode 0x2005
Aug 08 12:43:52 n kernel: Bluetooth: hci0: unexpected event for opcode 0x2005
Aug 08 12:44:08 n kernel: Bluetooth: hci0: unexpected event for opcode 0x2005
Aug 08 12:44:24 n kernel: Bluetooth: hci0: unexpected event for opcode 0x2005
Aug 08 12:44:40 n kernel: Bluetooth: hci0: unexpected event for opcode 0x2005
Aug 08 12:44:56 n kernel: Bluetooth: hci0: unexpected event for opcode 0x2005
Aug 08 12:45:12 n kernel: Bluetooth: hci0: unexpected event for opcode 0x2005
Aug 08 12:45:28 n kernel: Bluetooth: hci0: unexpected event for opcode 0x2005
Aug 08 12:45:44 n kernel: Bluetooth: hci0: unexpected event for opcode 0x2005
Aug 08 12:46:00 n kernel: Bluetooth: hci0: unexpected event for opcode 0x2005
Aug 08 12:46:16 n kernel: Bluetooth: hci0: unexpected event for opcode 0x2005
Aug 08 12:46:32 n kernel: Bluetooth: hci0: unexpected event for opcode 0x2005
Aug 08 12:46:48 n kernel: Bluetooth: hci0: unexpected event for opcode 0x2005
Aug 08 12:47:04 n kernel: Bluetooth: hci0: unexpected event for opcode 0x2005
Aug 08 12:47:20 n kernel: Bluetooth: hci0: unexpected event for opcode 0x2005
Aug 08 12:47:36 n kernel: Bluetooth: hci0: unexpected event for opcode 0x2005
Aug 08 12:47:52 n kernel: Bluetooth: hci0: unexpected event for opcode 0x2005
Aug 08 12:48:08 n kernel: Bluetooth: hci0: unexpected event for opcode 0x2005
Aug 08 12:48:24 n kernel: Bluetooth: hci0: unexpected event for opcode 0x2005
Aug 08 12:48:40 n kernel: Bluetooth: hci0: unexpected event for opcode 0x2005
Aug 08 12:48:56 n kernel: Bluetooth: hci0: unexpected event for opcode 0x2005
Aug 08 12:49:12 n kernel: Bluetooth: hci0: unexpected event for opcode 0x2005
Aug 08 12:49:28 n kernel: Bluetooth: hci0: unexpected event for opcode 0x2005
Aug 08 12:49:44 n kernel: Bluetooth: hci0: unexpected event for opcode 0x2005
Aug 08 12:50:00 n kernel: Bluetooth: hci0: unexpected event for opcode 0x2005
Aug 08 12:50:16 n kernel: Bluetooth: hci0: unexpected event for opcode 0x2005
Aug 08 12:50:32 n kernel: Bluetooth: hci0: unexpected event for opcode 0x2005
Aug 08 12:50:48 n kernel: Bluetooth: hci0: unexpected event for opcode 0x2005
Aug 08 12:51:04 n kernel: Bluetooth: hci0: unexpected event for opcode 0x2005
Aug 08 12:51:20 n kernel: Bluetooth: hci0: unexpected event for opcode 0x2005
Aug 08 12:51:36 n kernel: Bluetooth: hci0: unexpected event for opcode 0x2005
Aug 08 12:51:52 n kernel: Bluetooth: hci0: unexpected event for opcode 0x2005
Aug 08 12:52:08 n kernel: Bluetooth: hci0: unexpected event for opcode 0x2005
Aug 08 12:52:24 n kernel: Bluetooth: hci0: unexpected event for opcode 0x2005
Aug 08 12:52:40 n kernel: Bluetooth: hci0: unexpected event for opcode 0x2005
Aug 08 12:52:56 n kernel: Bluetooth: hci0: unexpected event for opcode 0x2005
Aug 08 12:53:12 n kernel: Bluetooth: hci0: unexpected event for opcode 0x2005
Aug 08 12:53:28 n kernel: Bluetooth: hci0: unexpected event for opcode 0x2005
Aug 08 12:53:44 n kernel: Bluetooth: hci0: unexpected event for opcode 0x2005
Aug 08 12:54:00 n kernel: Bluetooth: hci0: unexpected event for opcode 0x2005
Aug 08 12:54:16 n kernel: Bluetooth: hci0: unexpected event for opcode 0x2005
Aug 08 12:54:32 n kernel: Bluetooth: hci0: unexpected event for opcode 0x2005
Aug 08 12:54:48 n kernel: Bluetooth: hci0: unexpected event for opcode 0x2005
Aug 08 12:55:04 n kernel: Bluetooth: hci0: unexpected event for opcode 0x2005
Aug 08 12:55:21 n kernel: Bluetooth: hci0: unexpected event for opcode 0x2005
Aug 08 12:55:36 n kernel: Bluetooth: hci0: unexpected event for opcode 0x2005
Aug 08 12:55:52 n kernel: Bluetooth: hci0: unexpected event for opcode 0x2005
Aug 08 12:56:08 n kernel: Bluetooth: hci0: unexpected event for opcode 0x2005
Aug 08 12:56:24 n kernel: Bluetooth: hci0: unexpected event for opcode 0x2005
Aug 08 12:56:40 n kernel: Bluetooth: hci0: unexpected event for opcode 0x2005
Aug 08 12:56:56 n kernel: Bluetooth: hci0: unexpected event for opcode 0x2005
Aug 08 12:57:12 n kernel: Bluetooth: hci0: unexpected event for opcode 0x2005
Aug 08 12:57:28 n kernel: Bluetooth: hci0: unexpected event for opcode 0x2005
Aug 08 12:57:44 n kernel: Bluetooth: hci0: unexpected event for opcode 0x2005
Aug 08 12:58:00 n kernel: Bluetooth: hci0: unexpected event for opcode 0x2005
Aug 08 12:58:16 n kernel: Bluetooth: hci0: unexpected event for opcode 0x2005
Aug 08 12:58:32 n kernel: Bluetooth: hci0: unexpected event for opcode 0x2005
Aug 08 12:58:48 n kernel: Bluetooth: hci0: unexpected event for opcode 0x2005
Aug 08 12:59:04 n kernel: Bluetooth: hci0: unexpected event for opcode 0x2005
Aug 08 12:59:20 n kernel: Bluetooth: hci0: unexpected event for opcode 0x2005
Aug 08 12:59:36 n kernel: Bluetooth: hci0: unexpected event for opcode 0x2005
Aug 08 12:59:52 n kernel: Bluetooth: hci0: unexpected event for opcode 0x2005
Aug 08 13:00:08 n kernel: Bluetooth: hci0: unexpected event for opcode 0x2005
Aug 08 13:00:24 n kernel: Bluetooth: hci0: unexpected event for opcode 0x2005
Aug 08 13:00:40 n kernel: Bluetooth: hci0: unexpected event for opcode 0x2005
Aug 08 13:00:56 n kernel: Bluetooth: hci0: unexpected event for opcode 0x2005
Aug 08 13:01:12 n kernel: Bluetooth: hci0: unexpected event for opcode 0x2005
Aug 08 13:01:28 n kernel: Bluetooth: hci0: unexpected event for opcode 0x2005
Aug 08 13:01:44 n kernel: Bluetooth: hci0: unexpected event for opcode 0x2005
Aug 08 13:02:00 n kernel: Bluetooth: hci0: unexpected event for opcode 0x2005
Aug 08 13:02:16 n kernel: Bluetooth: hci0: unexpected event for opcode 0x2005
Aug 08 13:02:32 n kernel: Bluetooth: hci0: unexpected event for opcode 0x2005
Aug 08 13:02:48 n kernel: Bluetooth: hci0: unexpected event for opcode 0x2005
Aug 08 13:03:04 n kernel: Bluetooth: hci0: unexpected event for opcode 0x2005
Aug 08 13:03:20 n kernel: Bluetooth: hci0: unexpected event for opcode 0x2005
Aug 08 13:03:36 n kernel: Bluetooth: hci0: unexpected event for opcode 0x2005
Aug 08 13:03:52 n kernel: Bluetooth: hci0: unexpected event for opcode 0x2005
Aug 08 13:04:08 n kernel: Bluetooth: hci0: unexpected event for opcode 0x2005
Aug 08 13:04:24 n kernel: Bluetooth: hci0: unexpected event for opcode 0x2005
Aug 08 13:04:40 n kernel: Bluetooth: hci0: unexpected event for opcode 0x2005
Aug 08 13:04:56 n kernel: Bluetooth: hci0: unexpected event for opcode 0x2005
Aug 08 13:05:12 n kernel: Bluetooth: hci0: unexpected event for opcode 0x2005
Aug 08 13:05:28 n kernel: Bluetooth: hci0: unexpected event for opcode 0x2005
Aug 08 13:05:44 n kernel: Bluetooth: hci0: unexpected event for opcode 0x2005
Aug 08 13:06:00 n kernel: Bluetooth: hci0: unexpected event for opcode 0x2005
Aug 08 13:06:16 n kernel: Bluetooth: hci0: unexpected event for opcode 0x2005
Aug 08 13:06:32 n kernel: Bluetooth: hci0: unexpected event for opcode 0x2005
Aug 08 13:06:48 n kernel: Bluetooth: hci0: unexpected event for opcode 0x2005
Aug 08 13:07:05 n kernel: Bluetooth: hci0: unexpected event for opcode 0x2005
Aug 08 13:07:20 n kernel: Bluetooth: hci0: unexpected event for opcode 0x2005
Aug 08 13:07:36 n kernel: Bluetooth: hci0: unexpected event for opcode 0x2005
Aug 08 13:07:52 n kernel: Bluetooth: hci0: unexpected event for opcode 0x2005
Aug 08 13:08:08 n kernel: Bluetooth: hci0: unexpected event for opcode 0x2005
Aug 08 13:08:24 n kernel: Bluetooth: hci0: unexpected event for opcode 0x2005
Aug 08 13:08:40 n kernel: Bluetooth: hci0: unexpected event for opcode 0x2005
Aug 08 13:08:56 n kernel: Bluetooth: hci0: unexpected event for opcode 0x2005
Aug 08 13:09:12 n kernel: Bluetooth: hci0: unexpected event for opcode 0x2005
Aug 08 13:09:28 n kernel: Bluetooth: hci0: unexpected event for opcode 0x2005
Aug 08 13:09:44 n kernel: Bluetooth: hci0: unexpected event for opcode 0x2005
Aug 08 13:10:00 n kernel: Bluetooth: hci0: unexpected event for opcode 0x2005
Aug 08 13:10:16 n kernel: Bluetooth: hci0: unexpected event for opcode 0x2005
Aug 08 13:10:32 n kernel: Bluetooth: hci0: unexpected event for opcode 0x2005
Aug 08 13:10:48 n kernel: Bluetooth: hci0: unexpected event for opcode 0x2005
Aug 08 13:11:04 n kernel: Bluetooth: hci0: unexpected event for opcode 0x2005
Aug 08 13:11:20 n kernel: Bluetooth: hci0: unexpected event for opcode 0x2005
Aug 08 13:11:36 n kernel: Bluetooth: hci0: unexpected event for opcode 0x2005
Aug 08 13:11:52 n kernel: Bluetooth: hci0: unexpected event for opcode 0x2005
Aug 08 13:12:08 n kernel: Bluetooth: hci0: unexpected event for opcode 0x2005
Aug 08 13:12:24 n kernel: Bluetooth: hci0: unexpected event for opcode 0x2005
Aug 08 13:12:40 n kernel: Bluetooth: hci0: unexpected event for opcode 0x2005
Aug 08 13:12:56 n kernel: Bluetooth: hci0: unexpected event for opcode 0x2005
Aug 08 13:13:12 n kernel: Bluetooth: hci0: unexpected event for opcode 0x2005
Aug 08 13:13:28 n kernel: Bluetooth: hci0: unexpected event for opcode 0x2005
Aug 08 13:13:44 n kernel: Bluetooth: hci0: unexpected event for opcode 0x2005
Aug 08 13:14:00 n kernel: Bluetooth: hci0: unexpected event for opcode 0x2005
Aug 08 13:14:16 n kernel: Bluetooth: hci0: unexpected event for opcode 0x2005
Aug 08 13:14:32 n kernel: Bluetooth: hci0: unexpected event for opcode 0x2005
Aug 08 13:14:48 n kernel: Bluetooth: hci0: unexpected event for opcode 0x2005
Aug 08 13:15:04 n kernel: Bluetooth: hci0: unexpected event for opcode 0x2005
Aug 08 13:15:20 n kernel: Bluetooth: hci0: unexpected event for opcode 0x2005
Aug 08 13:15:36 n kernel: Bluetooth: hci0: unexpected event for opcode 0x2005
Aug 08 13:15:52 n kernel: Bluetooth: hci0: unexpected event for opcode 0x2005
Aug 08 13:16:08 n kernel: Bluetooth: hci0: unexpected event for opcode 0x2005
Aug 08 13:16:24 n kernel: Bluetooth: hci0: unexpected event for opcode 0x2005
Aug 08 13:16:40 n kernel: Bluetooth: hci0: unexpected event for opcode 0x2005
Aug 08 13:16:56 n kernel: Bluetooth: hci0: unexpected event for opcode 0x2005
Aug 08 13:17:12 n kernel: Bluetooth: hci0: unexpected event for opcode 0x2005
Aug 08 13:17:28 n kernel: Bluetooth: hci0: unexpected event for opcode 0x2005
Aug 08 13:17:44 n kernel: Bluetooth: hci0: unexpected event for opcode 0x2005
Aug 08 13:18:00 n kernel: Bluetooth: hci0: unexpected event for opcode 0x2005
Aug 08 13:18:16 n kernel: Bluetooth: hci0: unexpected event for opcode 0x2005
Aug 08 13:18:32 n kernel: Bluetooth: hci0: unexpected event for opcode 0x2005
Aug 08 13:18:48 n kernel: Bluetooth: hci0: unexpected event for opcode 0x2005
Aug 08 13:19:04 n kernel: Bluetooth: hci0: unexpected event for opcode 0x2005
Aug 08 13:19:20 n kernel: Bluetooth: hci0: unexpected event for opcode 0x2005
Aug 08 13:19:36 n kernel: Bluetooth: hci0: unexpected event for opcode 0x2005
Aug 08 13:19:52 n kernel: Bluetooth: hci0: unexpected event for opcode 0x2005
Aug 08 13:20:08 n kernel: Bluetooth: hci0: unexpected event for opcode 0x2005
Aug 08 13:20:24 n kernel: Bluetooth: hci0: unexpected event for opcode 0x2005
Aug 08 13:20:40 n kernel: Bluetooth: hci0: unexpected event for opcode 0x2005
Aug 08 13:20:56 n kernel: Bluetooth: hci0: unexpected event for opcode 0x2005
Aug 08 13:21:12 n kernel: Bluetooth: hci0: unexpected event for opcode 0x2005
Aug 08 13:21:28 n kernel: Bluetooth: hci0: unexpected event for opcode 0x2005
Aug 08 13:21:44 n kernel: Bluetooth: hci0: unexpected event for opcode 0x2005
Aug 08 13:22:00 n kernel: Bluetooth: hci0: unexpected event for opcode 0x2005
Aug 08 13:22:16 n kernel: Bluetooth: hci0: unexpected event for opcode 0x2005
Aug 08 13:22:32 n kernel: Bluetooth: hci0: unexpected event for opcode 0x2005
Aug 08 13:22:48 n kernel: Bluetooth: hci0: unexpected event for opcode 0x2005
Aug 08 13:23:04 n kernel: Bluetooth: hci0: unexpected event for opcode 0x2005
Aug 08 13:23:20 n kernel: Bluetooth: hci0: unexpected event for opcode 0x2005
Aug 08 13:23:36 n kernel: Bluetooth: hci0: unexpected event for opcode 0x2005
Aug 08 13:23:52 n kernel: Bluetooth: hci0: unexpected event for opcode 0x2005
Aug 08 13:24:08 n kernel: Bluetooth: hci0: unexpected event for opcode 0x2005
Aug 08 13:24:24 n kernel: Bluetooth: hci0: unexpected event for opcode 0x2005
Aug 08 13:24:40 n kernel: Bluetooth: hci0: unexpected event for opcode 0x2005
Aug 08 13:24:56 n kernel: Bluetooth: hci0: unexpected event for opcode 0x2005
Aug 08 13:25:12 n kernel: Bluetooth: hci0: unexpected event for opcode 0x2005
Aug 08 13:25:28 n kernel: Bluetooth: hci0: unexpected event for opcode 0x2005
Aug 08 13:25:44 n kernel: Bluetooth: hci0: unexpected event for opcode 0x2005
Aug 08 13:26:00 n kernel: Bluetooth: hci0: unexpected event for opcode 0x2005
Aug 08 13:26:16 n kernel: Bluetooth: hci0: unexpected event for opcode 0x2005
Aug 08 13:26:32 n kernel: Bluetooth: hci0: unexpected event for opcode 0x2005
Aug 08 13:26:48 n kernel: Bluetooth: hci0: unexpected event for opcode 0x2005
Aug 08 13:27:04 n kernel: Bluetooth: hci0: unexpected event for opcode 0x2005
Aug 08 13:27:20 n kernel: Bluetooth: hci0: unexpected event for opcode 0x2005
Aug 08 13:27:36 n kernel: Bluetooth: hci0: unexpected event for opcode 0x2005
Aug 08 13:27:52 n kernel: Bluetooth: hci0: unexpected event for opcode 0x2005
Aug 08 13:28:08 n kernel: Bluetooth: hci0: unexpected event for opcode 0x2005
Aug 08 13:28:24 n kernel: Bluetooth: hci0: unexpected event for opcode 0x2005
Aug 08 13:28:40 n kernel: Bluetooth: hci0: unexpected event for opcode 0x2005
Aug 08 13:28:56 n kernel: Bluetooth: hci0: unexpected event for opcode 0x2005
Aug 08 13:29:12 n kernel: Bluetooth: hci0: unexpected event for opcode 0x2005
Aug 08 13:29:28 n kernel: Bluetooth: hci0: unexpected event for opcode 0x2005
Aug 08 13:29:44 n kernel: Bluetooth: hci0: unexpected event for opcode 0x2005
Aug 08 13:30:00 n kernel: Bluetooth: hci0: unexpected event for opcode 0x2005
Aug 08 13:30:16 n kernel: Bluetooth: hci0: unexpected event for opcode 0x2005
Aug 08 13:30:32 n kernel: Bluetooth: hci0: unexpected event for opcode 0x2005
Aug 08 13:30:48 n kernel: Bluetooth: hci0: unexpected event for opcode 0x2005
Aug 08 13:31:04 n kernel: Bluetooth: hci0: unexpected event for opcode 0x2005
Aug 08 13:31:20 n kernel: Bluetooth: hci0: unexpected event for opcode 0x2005
Aug 08 13:31:36 n kernel: Bluetooth: hci0: unexpected event for opcode 0x2005
Aug 08 13:31:52 n kernel: Bluetooth: hci0: unexpected event for opcode 0x2005
Aug 08 13:32:08 n kernel: Bluetooth: hci0: unexpected event for opcode 0x2005
Aug 08 13:32:24 n kernel: Bluetooth: hci0: unexpected event for opcode 0x2005
Aug 08 13:32:40 n kernel: Bluetooth: hci0: unexpected event for opcode 0x2005
Aug 08 13:32:56 n kernel: Bluetooth: hci0: unexpected event for opcode 0x2005
Aug 08 13:33:12 n kernel: Bluetooth: hci0: unexpected event for opcode 0x2005
Aug 08 13:33:28 n kernel: Bluetooth: hci0: unexpected event for opcode 0x2005
Aug 08 13:33:44 n kernel: Bluetooth: hci0: unexpected event for opcode 0x2005
Aug 08 13:34:00 n kernel: Bluetooth: hci0: unexpected event for opcode 0x2005
Aug 08 13:34:16 n kernel: Bluetooth: hci0: unexpected event for opcode 0x2005
Aug 08 13:34:32 n kernel: Bluetooth: hci0: unexpected event for opcode 0x2005
Aug 08 13:34:48 n kernel: Bluetooth: hci0: unexpected event for opcode 0x2005
Aug 08 13:35:04 n kernel: Bluetooth: hci0: unexpected event for opcode 0x2005
Aug 08 13:35:20 n kernel: Bluetooth: hci0: unexpected event for opcode 0x2005
Aug 08 13:35:36 n kernel: Bluetooth: hci0: unexpected event for opcode 0x2005
Aug 08 13:35:52 n kernel: Bluetooth: hci0: unexpected event for opcode 0x2005
Aug 08 13:36:08 n kernel: Bluetooth: hci0: unexpected event for opcode 0x2005
Aug 08 13:36:24 n kernel: Bluetooth: hci0: unexpected event for opcode 0x2005
Aug 08 13:36:40 n kernel: Bluetooth: hci0: unexpected event for opcode 0x2005
Aug 08 13:36:56 n kernel: Bluetooth: hci0: unexpected event for opcode 0x2005
Aug 08 13:37:12 n kernel: Bluetooth: hci0: unexpected event for opcode 0x2005
Aug 08 13:37:28 n kernel: Bluetooth: hci0: unexpected event for opcode 0x2005
Aug 08 13:37:44 n kernel: Bluetooth: hci0: unexpected event for opcode 0x2005
Aug 08 13:38:00 n kernel: Bluetooth: hci0: unexpected event for opcode 0x2005
Aug 08 13:38:16 n kernel: Bluetooth: hci0: unexpected event for opcode 0x2005
Aug 08 13:38:32 n kernel: Bluetooth: hci0: unexpected event for opcode 0x2005
Aug 08 13:38:48 n kernel: Bluetooth: hci0: unexpected event for opcode 0x2005
Aug 08 13:39:04 n kernel: Bluetooth: hci0: unexpected event for opcode 0x2005
Aug 08 13:39:20 n kernel: Bluetooth: hci0: unexpected event for opcode 0x2005
Aug 08 13:39:36 n kernel: Bluetooth: hci0: unexpected event for opcode 0x2005
Aug 08 13:39:52 n kernel: Bluetooth: hci0: unexpected event for opcode 0x2005
Aug 08 13:40:08 n kernel: Bluetooth: hci0: unexpected event for opcode 0x2005
Aug 08 13:40:24 n kernel: Bluetooth: hci0: unexpected event for opcode 0x2005
Aug 08 13:40:40 n kernel: Bluetooth: hci0: unexpected event for opcode 0x2005
Aug 08 13:40:56 n kernel: Bluetooth: hci0: unexpected event for opcode 0x2005
Aug 08 13:41:12 n kernel: Bluetooth: hci0: unexpected event for opcode 0x2005
Aug 08 13:41:28 n kernel: Bluetooth: hci0: unexpected event for opcode 0x2005
Aug 08 13:41:44 n kernel: Bluetooth: hci0: unexpected event for opcode 0x2005
Aug 08 13:42:00 n kernel: Bluetooth: hci0: unexpected event for opcode 0x2005
Aug 08 13:42:16 n kernel: Bluetooth: hci0: unexpected event for opcode 0x2005
Aug 08 13:42:32 n kernel: Bluetooth: hci0: unexpected event for opcode 0x2005
Aug 08 13:42:48 n kernel: Bluetooth: hci0: unexpected event for opcode 0x2005
Aug 08 13:43:04 n kernel: Bluetooth: hci0: unexpected event for opcode 0x2005
Aug 08 13:43:20 n kernel: Bluetooth: hci0: unexpected event for opcode 0x2005
Aug 08 13:43:36 n kernel: Bluetooth: hci0: unexpected event for opcode 0x2005
Aug 08 13:43:52 n kernel: Bluetooth: hci0: unexpected event for opcode 0x2005
Aug 08 13:44:08 n kernel: Bluetooth: hci0: unexpected event for opcode 0x2005
Aug 08 13:44:24 n kernel: Bluetooth: hci0: unexpected event for opcode 0x2005
Aug 08 13:44:40 n kernel: Bluetooth: hci0: unexpected event for opcode 0x2005
Aug 08 13:44:57 n kernel: Bluetooth: hci0: unexpected event for opcode 0x2005
Aug 08 13:45:12 n kernel: Bluetooth: hci0: unexpected event for opcode 0x2005
Aug 08 13:45:28 n kernel: Bluetooth: hci0: unexpected event for opcode 0x2005
Aug 08 13:45:44 n kernel: Bluetooth: hci0: unexpected event for opcode 0x2005
Aug 08 13:46:00 n kernel: Bluetooth: hci0: unexpected event for opcode 0x2005
Aug 08 13:46:16 n kernel: Bluetooth: hci0: unexpected event for opcode 0x2005
Aug 08 13:46:32 n kernel: Bluetooth: hci0: unexpected event for opcode 0x2005
Aug 08 13:46:48 n kernel: Bluetooth: hci0: unexpected event for opcode 0x2005
Aug 08 13:47:04 n kernel: Bluetooth: hci0: unexpected event for opcode 0x2005
Aug 08 13:47:20 n kernel: Bluetooth: hci0: unexpected event for opcode 0x2005
Aug 08 13:47:36 n kernel: Bluetooth: hci0: unexpected event for opcode 0x2005
Aug 08 13:47:52 n kernel: Bluetooth: hci0: unexpected event for opcode 0x2005
Aug 08 13:48:08 n kernel: Bluetooth: hci0: unexpected event for opcode 0x2005
Aug 08 13:48:25 n kernel: Bluetooth: hci0: unexpected event for opcode 0x2005
Aug 08 13:48:40 n kernel: Bluetooth: hci0: unexpected event for opcode 0x2005
Aug 08 13:48:56 n kernel: Bluetooth: hci0: unexpected event for opcode 0x2005
Aug 08 13:49:12 n kernel: Bluetooth: hci0: unexpected event for opcode 0x2005
Aug 08 13:49:28 n kernel: Bluetooth: hci0: unexpected event for opcode 0x2005
Aug 08 13:49:44 n kernel: Bluetooth: hci0: unexpected event for opcode 0x2005
Aug 08 13:50:00 n kernel: Bluetooth: hci0: unexpected event for opcode 0x2005
Aug 08 13:50:16 n kernel: Bluetooth: hci0: unexpected event for opcode 0x2005
Aug 08 13:50:32 n kernel: Bluetooth: hci0: unexpected event for opcode 0x2005
Aug 08 13:50:48 n kernel: Bluetooth: hci0: unexpected event for opcode 0x2005
Aug 08 13:51:04 n kernel: Bluetooth: hci0: unexpected event for opcode 0x2005
Aug 08 13:51:20 n kernel: Bluetooth: hci0: unexpected event for opcode 0x2005
Aug 08 13:51:36 n kernel: Bluetooth: hci0: unexpected event for opcode 0x2005
Aug 08 13:51:52 n kernel: Bluetooth: hci0: unexpected event for opcode 0x2005
Aug 08 13:52:08 n kernel: Bluetooth: hci0: unexpected event for opcode 0x2005
Aug 08 13:52:24 n kernel: Bluetooth: hci0: unexpected event for opcode 0x2005
Aug 08 13:52:40 n kernel: Bluetooth: hci0: unexpected event for opcode 0x2005
Aug 08 13:52:56 n kernel: Bluetooth: hci0: unexpected event for opcode 0x2005
Aug 08 13:53:12 n kernel: Bluetooth: hci0: unexpected event for opcode 0x2005
Aug 08 13:53:28 n kernel: Bluetooth: hci0: unexpected event for opcode 0x2005
Aug 08 13:53:44 n kernel: Bluetooth: hci0: unexpected event for opcode 0x2005
Aug 08 13:54:00 n kernel: Bluetooth: hci0: unexpected event for opcode 0x2005
Aug 08 13:54:16 n kernel: Bluetooth: hci0: unexpected event for opcode 0x2005
Aug 08 13:54:32 n kernel: Bluetooth: hci0: unexpected event for opcode 0x2005
Aug 08 13:54:48 n kernel: Bluetooth: hci0: unexpected event for opcode 0x2005
Aug 08 13:55:05 n kernel: Bluetooth: hci0: unexpected event for opcode 0x2005
Aug 08 13:55:20 n kernel: Bluetooth: hci0: unexpected event for opcode 0x2005
Aug 08 13:55:36 n kernel: Bluetooth: hci0: unexpected event for opcode 0x2005
Aug 08 13:55:52 n kernel: Bluetooth: hci0: unexpected event for opcode 0x2005
Aug 08 13:56:08 n kernel: Bluetooth: hci0: unexpected event for opcode 0x2005
Aug 08 13:56:24 n kernel: Bluetooth: hci0: unexpected event for opcode 0x2005
Aug 08 13:56:40 n kernel: Bluetooth: hci0: unexpected event for opcode 0x2005
Aug 08 13:56:56 n kernel: Bluetooth: hci0: unexpected event for opcode 0x2005
Aug 08 13:57:12 n kernel: Bluetooth: hci0: unexpected event for opcode 0x2005
Aug 08 13:57:28 n kernel: Bluetooth: hci0: unexpected event for opcode 0x2005
Aug 08 13:57:44 n kernel: Bluetooth: hci0: unexpected event for opcode 0x2005
Aug 08 13:58:00 n kernel: Bluetooth: hci0: unexpected event for opcode 0x2005
Aug 08 13:58:16 n kernel: Bluetooth: hci0: unexpected event for opcode 0x2005
Aug 08 13:58:32 n kernel: Bluetooth: hci0: unexpected event for opcode 0x2005
Aug 08 13:58:48 n kernel: Bluetooth: hci0: unexpected event for opcode 0x2005
Aug 08 13:59:04 n kernel: Bluetooth: hci0: unexpected event for opcode 0x2005
Aug 08 13:59:20 n kernel: Bluetooth: hci0: unexpected event for opcode 0x2005
Aug 08 13:59:36 n kernel: Bluetooth: hci0: unexpected event for opcode 0x2005
Aug 08 13:59:52 n kernel: Bluetooth: hci0: unexpected event for opcode 0x2005
Aug 08 14:00:08 n kernel: Bluetooth: hci0: unexpected event for opcode 0x2005
Aug 08 14:00:24 n kernel: Bluetooth: hci0: unexpected event for opcode 0x2005
Aug 08 14:00:40 n kernel: Bluetooth: hci0: unexpected event for opcode 0x2005
Aug 08 14:00:56 n kernel: Bluetooth: hci0: unexpected event for opcode 0x2005
Aug 08 14:01:12 n kernel: Bluetooth: hci0: unexpected event for opcode 0x2005
Aug 08 14:01:28 n kernel: Bluetooth: hci0: unexpected event for opcode 0x2005
Aug 08 14:01:44 n kernel: Bluetooth: hci0: unexpected event for opcode 0x2005
Aug 08 14:02:00 n kernel: Bluetooth: hci0: unexpected event for opcode 0x2005
Aug 08 14:02:16 n kernel: Bluetooth: hci0: unexpected event for opcode 0x2005
Aug 08 14:02:32 n kernel: Bluetooth: hci0: unexpected event for opcode 0x2005
Aug 08 14:02:48 n kernel: Bluetooth: hci0: unexpected event for opcode 0x2005
Aug 08 14:03:04 n kernel: Bluetooth: hci0: unexpected event for opcode 0x2005
Aug 08 14:03:20 n kernel: Bluetooth: hci0: unexpected event for opcode 0x2005
Aug 08 14:03:36 n kernel: Bluetooth: hci0: unexpected event for opcode 0x2005
Aug 08 14:03:52 n kernel: Bluetooth: hci0: unexpected event for opcode 0x2005
Aug 08 14:04:08 n kernel: Bluetooth: hci0: unexpected event for opcode 0x2005
Aug 08 14:04:24 n kernel: Bluetooth: hci0: unexpected event for opcode 0x2005
Aug 08 14:04:40 n kernel: Bluetooth: hci0: unexpected event for opcode 0x2005
Aug 08 14:04:56 n kernel: Bluetooth: hci0: unexpected event for opcode 0x2005
Aug 08 14:05:12 n kernel: Bluetooth: hci0: unexpected event for opcode 0x2005
Aug 08 14:05:28 n kernel: Bluetooth: hci0: unexpected event for opcode 0x2005
Aug 08 14:05:44 n kernel: Bluetooth: hci0: unexpected event for opcode 0x2005
Aug 08 14:06:00 n kernel: Bluetooth: hci0: unexpected event for opcode 0x2005
Aug 08 14:06:16 n kernel: Bluetooth: hci0: unexpected event for opcode 0x2005
Aug 08 14:06:32 n kernel: Bluetooth: hci0: unexpected event for opcode 0x2005
Aug 08 14:06:48 n kernel: Bluetooth: hci0: unexpected event for opcode 0x2005
Aug 08 14:07:04 n kernel: Bluetooth: hci0: unexpected event for opcode 0x2005
Aug 08 14:07:20 n kernel: Bluetooth: hci0: unexpected event for opcode 0x2005
Aug 08 14:07:34 n kernel: input: 联想thinkplus-GM2 pro (AVRCP) as /devices/virtual/input/input24
Aug 08 14:07:36 n kernel: Bluetooth: hci0: unexpected event for opcode 0x2005
Aug 08 14:07:38 n kernel: input: 联想thinkplus-GM2 pro (AVRCP) as /devices/virtual/input/input25
Aug 08 14:07:53 n kernel: Bluetooth: hci0: unexpected event for opcode 0x2005
Aug 08 14:08:09 n kernel: Bluetooth: hci0: unexpected event for opcode 0x2005
Aug 08 14:08:25 n kernel: Bluetooth: hci0: unexpected event for opcode 0x2005
Aug 08 14:08:41 n kernel: Bluetooth: hci0: unexpected event for opcode 0x2005
Aug 08 14:08:57 n kernel: Bluetooth: hci0: unexpected event for opcode 0x2005
Aug 08 14:09:13 n kernel: Bluetooth: hci0: unexpected event for opcode 0x2005
Aug 08 14:09:29 n kernel: Bluetooth: hci0: unexpected event for opcode 0x2005
Aug 08 14:09:45 n kernel: Bluetooth: hci0: unexpected event for opcode 0x2005
Aug 08 14:10:01 n kernel: Bluetooth: hci0: unexpected event for opcode 0x2005
Aug 08 14:10:17 n kernel: Bluetooth: hci0: unexpected event for opcode 0x2005
Aug 08 14:10:33 n kernel: Bluetooth: hci0: unexpected event for opcode 0x2005
Aug 08 14:10:49 n kernel: Bluetooth: hci0: unexpected event for opcode 0x2005
Aug 08 14:11:05 n kernel: Bluetooth: hci0: unexpected event for opcode 0x2005
Aug 08 14:11:21 n kernel: Bluetooth: hci0: unexpected event for opcode 0x2005
Aug 08 14:11:37 n kernel: Bluetooth: hci0: unexpected event for opcode 0x2005
Aug 08 14:11:53 n kernel: Bluetooth: hci0: unexpected event for opcode 0x2005
Aug 08 14:12:09 n kernel: Bluetooth: hci0: unexpected event for opcode 0x2005
Aug 08 14:12:25 n kernel: Bluetooth: hci0: unexpected event for opcode 0x2005
Aug 08 14:12:41 n kernel: Bluetooth: hci0: unexpected event for opcode 0x2005
Aug 08 14:12:57 n kernel: Bluetooth: hci0: unexpected event for opcode 0x2005
Aug 08 14:13:13 n kernel: Bluetooth: hci0: unexpected event for opcode 0x2005
Aug 08 14:13:29 n kernel: Bluetooth: hci0: unexpected event for opcode 0x2005
Aug 08 14:13:45 n kernel: Bluetooth: hci0: unexpected event for opcode 0x2005
Aug 08 14:14:01 n kernel: Bluetooth: hci0: unexpected event for opcode 0x2005
Aug 08 14:14:17 n kernel: Bluetooth: hci0: unexpected event for opcode 0x2005
Aug 08 14:14:33 n kernel: Bluetooth: hci0: unexpected event for opcode 0x2005
Aug 08 14:14:49 n kernel: Bluetooth: hci0: unexpected event for opcode 0x2005
Aug 08 14:15:05 n kernel: Bluetooth: hci0: unexpected event for opcode 0x2005
Aug 08 14:15:21 n kernel: Bluetooth: hci0: unexpected event for opcode 0x2005
Aug 08 14:15:37 n kernel: Bluetooth: hci0: unexpected event for opcode 0x2005
Aug 08 14:15:53 n kernel: Bluetooth: hci0: unexpected event for opcode 0x2005
Aug 08 14:16:09 n kernel: Bluetooth: hci0: unexpected event for opcode 0x2005
Aug 08 14:16:25 n kernel: Bluetooth: hci0: unexpected event for opcode 0x2005
Aug 08 14:16:41 n kernel: Bluetooth: hci0: unexpected event for opcode 0x2005
Aug 08 14:16:57 n kernel: Bluetooth: hci0: unexpected event for opcode 0x2005
Aug 08 14:17:13 n kernel: Bluetooth: hci0: unexpected event for opcode 0x2005
Aug 08 14:17:29 n kernel: Bluetooth: hci0: unexpected event for opcode 0x2005
Aug 08 14:17:45 n kernel: Bluetooth: hci0: unexpected event for opcode 0x2005
Aug 08 14:18:01 n kernel: Bluetooth: hci0: unexpected event for opcode 0x2005
Aug 08 14:18:17 n kernel: Bluetooth: hci0: unexpected event for opcode 0x2005
Aug 08 14:18:33 n kernel: Bluetooth: hci0: unexpected event for opcode 0x2005
Aug 08 14:18:49 n kernel: Bluetooth: hci0: unexpected event for opcode 0x2005
Aug 08 14:19:05 n kernel: Bluetooth: hci0: unexpected event for opcode 0x2005
Aug 08 14:19:21 n kernel: Bluetooth: hci0: unexpected event for opcode 0x2005
Aug 08 14:19:38 n kernel: Bluetooth: hci0: unexpected event for opcode 0x2005
Aug 08 14:19:53 n kernel: Bluetooth: hci0: unexpected event for opcode 0x2005
Aug 08 14:20:09 n kernel: Bluetooth: hci0: unexpected event for opcode 0x2005
Aug 08 14:20:25 n kernel: Bluetooth: hci0: unexpected event for opcode 0x2005
Aug 08 14:20:41 n kernel: Bluetooth: hci0: unexpected event for opcode 0x2005
Aug 08 14:20:57 n kernel: Bluetooth: hci0: unexpected event for opcode 0x2005
Aug 08 14:21:13 n kernel: Bluetooth: hci0: unexpected event for opcode 0x2005
Aug 08 14:21:29 n kernel: Bluetooth: hci0: unexpected event for opcode 0x2005
Aug 08 14:21:45 n kernel: Bluetooth: hci0: unexpected event for opcode 0x2005
Aug 08 14:22:01 n kernel: Bluetooth: hci0: unexpected event for opcode 0x2005
Aug 08 14:22:17 n kernel: Bluetooth: hci0: unexpected event for opcode 0x2005
Aug 08 14:22:33 n kernel: Bluetooth: hci0: unexpected event for opcode 0x2005
Aug 08 14:22:49 n kernel: Bluetooth: hci0: unexpected event for opcode 0x2005
Aug 08 14:23:05 n kernel: Bluetooth: hci0: unexpected event for opcode 0x2005
Aug 08 14:23:21 n kernel: Bluetooth: hci0: unexpected event for opcode 0x2005
Aug 08 14:23:37 n kernel: Bluetooth: hci0: unexpected event for opcode 0x2005
Aug 08 14:23:53 n kernel: Bluetooth: hci0: unexpected event for opcode 0x2005
Aug 08 14:24:09 n kernel: Bluetooth: hci0: unexpected event for opcode 0x2005
Aug 08 14:24:25 n kernel: Bluetooth: hci0: unexpected event for opcode 0x2005
Aug 08 14:24:41 n kernel: Bluetooth: hci0: unexpected event for opcode 0x2005
Aug 08 14:24:57 n kernel: Bluetooth: hci0: unexpected event for opcode 0x2005
Aug 08 14:25:13 n kernel: Bluetooth: hci0: unexpected event for opcode 0x2005
Aug 08 14:25:29 n kernel: Bluetooth: hci0: unexpected event for opcode 0x2005
Aug 08 14:25:45 n kernel: Bluetooth: hci0: unexpected event for opcode 0x2005
Aug 08 14:26:01 n kernel: Bluetooth: hci0: unexpected event for opcode 0x2005
Aug 08 14:26:17 n kernel: Bluetooth: hci0: unexpected event for opcode 0x2005
Aug 08 14:26:33 n kernel: Bluetooth: hci0: unexpected event for opcode 0x2005
Aug 08 14:26:49 n kernel: Bluetooth: hci0: unexpected event for opcode 0x2005
Aug 08 14:27:05 n kernel: Bluetooth: hci0: unexpected event for opcode 0x2005
Aug 08 14:27:21 n kernel: Bluetooth: hci0: unexpected event for opcode 0x2005
Aug 08 14:27:37 n kernel: Bluetooth: hci0: unexpected event for opcode 0x2005
Aug 08 14:27:53 n kernel: Bluetooth: hci0: unexpected event for opcode 0x2005
Aug 08 14:28:09 n kernel: Bluetooth: hci0: unexpected event for opcode 0x2005
Aug 08 14:28:25 n kernel: Bluetooth: hci0: unexpected event for opcode 0x2005
Aug 08 14:28:41 n kernel: Bluetooth: hci0: unexpected event for opcode 0x2005
Aug 08 14:28:57 n kernel: Bluetooth: hci0: unexpected event for opcode 0x2005
Aug 08 14:29:13 n kernel: Bluetooth: hci0: unexpected event for opcode 0x2005
Aug 08 14:29:29 n kernel: Bluetooth: hci0: unexpected event for opcode 0x2005
Aug 08 14:29:45 n kernel: Bluetooth: hci0: unexpected event for opcode 0x2005
Aug 08 14:30:01 n kernel: Bluetooth: hci0: unexpected event for opcode 0x2005
Aug 08 14:30:17 n kernel: Bluetooth: hci0: unexpected event for opcode 0x2005
Aug 08 14:30:33 n kernel: Bluetooth: hci0: unexpected event for opcode 0x2005
Aug 08 14:30:49 n kernel: Bluetooth: hci0: unexpected event for opcode 0x2005
Aug 08 14:31:05 n kernel: Bluetooth: hci0: unexpected event for opcode 0x2005
Aug 08 14:31:21 n kernel: Bluetooth: hci0: unexpected event for opcode 0x2005
Aug 08 14:31:37 n kernel: Bluetooth: hci0: unexpected event for opcode 0x2005
Aug 08 14:31:53 n kernel: Bluetooth: hci0: unexpected event for opcode 0x2005
Aug 08 14:32:09 n kernel: Bluetooth: hci0: unexpected event for opcode 0x2005
Aug 08 14:32:26 n kernel: Bluetooth: hci0: unexpected event for opcode 0x2005
Aug 08 14:32:41 n kernel: Bluetooth: hci0: unexpected event for opcode 0x2005
Aug 08 14:32:57 n kernel: Bluetooth: hci0: unexpected event for opcode 0x2005
Aug 08 14:33:13 n kernel: Bluetooth: hci0: unexpected event for opcode 0x2005
Aug 08 14:33:29 n kernel: Bluetooth: hci0: unexpected event for opcode 0x2005
Aug 08 14:33:45 n kernel: Bluetooth: hci0: unexpected event for opcode 0x2005
Aug 08 14:34:01 n kernel: Bluetooth: hci0: unexpected event for opcode 0x2005
Aug 08 14:34:17 n kernel: Bluetooth: hci0: unexpected event for opcode 0x2005
Aug 08 14:34:33 n kernel: Bluetooth: hci0: unexpected event for opcode 0x2005
Aug 08 14:34:49 n kernel: Bluetooth: hci0: unexpected event for opcode 0x2005
Aug 08 14:35:05 n kernel: Bluetooth: hci0: unexpected event for opcode 0x2005
Aug 08 14:35:21 n kernel: Bluetooth: hci0: unexpected event for opcode 0x2005
Aug 08 14:35:37 n kernel: Bluetooth: hci0: unexpected event for opcode 0x2005
Aug 08 14:35:53 n kernel: Bluetooth: hci0: unexpected event for opcode 0x2005
Aug 08 14:36:09 n kernel: Bluetooth: hci0: unexpected event for opcode 0x2005
Aug 08 14:36:25 n kernel: Bluetooth: hci0: unexpected event for opcode 0x2005
Aug 08 14:36:41 n kernel: Bluetooth: hci0: unexpected event for opcode 0x2005
Aug 08 14:36:57 n kernel: Bluetooth: hci0: unexpected event for opcode 0x2005
Aug 08 14:37:13 n kernel: Bluetooth: hci0: unexpected event for opcode 0x2005
Aug 08 14:37:29 n kernel: Bluetooth: hci0: unexpected event for opcode 0x2005
Aug 08 14:37:45 n kernel: Bluetooth: hci0: unexpected event for opcode 0x2005
Aug 08 14:38:01 n kernel: Bluetooth: hci0: unexpected event for opcode 0x2005
Aug 08 14:38:17 n kernel: Bluetooth: hci0: unexpected event for opcode 0x2005
Aug 08 14:38:33 n kernel: Bluetooth: hci0: unexpected event for opcode 0x2005
Aug 08 14:38:49 n kernel: Bluetooth: hci0: unexpected event for opcode 0x2005
Aug 08 14:39:05 n kernel: Bluetooth: hci0: unexpected event for opcode 0x2005
Aug 08 14:39:21 n kernel: Bluetooth: hci0: unexpected event for opcode 0x2005
Aug 08 14:39:37 n kernel: Bluetooth: hci0: unexpected event for opcode 0x2005
Aug 08 14:39:53 n kernel: Bluetooth: hci0: unexpected event for opcode 0x2005
Aug 08 14:40:09 n kernel: Bluetooth: hci0: unexpected event for opcode 0x2005
Aug 08 14:40:25 n kernel: Bluetooth: hci0: unexpected event for opcode 0x2005
Aug 08 14:40:41 n kernel: Bluetooth: hci0: unexpected event for opcode 0x2005
Aug 08 14:40:57 n kernel: Bluetooth: hci0: unexpected event for opcode 0x2005
Aug 08 14:41:13 n kernel: Bluetooth: hci0: unexpected event for opcode 0x2005
Aug 08 14:41:29 n kernel: Bluetooth: hci0: unexpected event for opcode 0x2005
Aug 08 14:41:45 n kernel: Bluetooth: hci0: unexpected event for opcode 0x2005
Aug 08 14:42:01 n kernel: Bluetooth: hci0: unexpected event for opcode 0x2005
Aug 08 14:42:17 n kernel: Bluetooth: hci0: unexpected event for opcode 0x2005
Aug 08 14:42:33 n kernel: Bluetooth: hci0: unexpected event for opcode 0x2005
Aug 08 14:42:49 n kernel: Bluetooth: hci0: unexpected event for opcode 0x2005
Aug 08 14:43:05 n kernel: Bluetooth: hci0: unexpected event for opcode 0x2005
Aug 08 14:43:21 n kernel: Bluetooth: hci0: unexpected event for opcode 0x2005
Aug 08 14:43:37 n kernel: Bluetooth: hci0: unexpected event for opcode 0x2005
Aug 08 14:43:53 n kernel: Bluetooth: hci0: unexpected event for opcode 0x2005
Aug 08 14:44:06 n kernel: Bluetooth: hci0: unexpected event for opcode 0x2005
Aug 08 14:44:16 n kernel: Bluetooth: hci0: unexpected event for opcode 0x2005
Aug 08 14:44:27 n kernel: Bluetooth: hci0: unexpected event for opcode 0x2005
Aug 08 14:44:38 n kernel: Bluetooth: hci0: unexpected event for opcode 0x2005
Aug 08 14:44:48 n kernel: Bluetooth: hci0: unexpected event for opcode 0x2005
Aug 08 14:44:59 n kernel: Bluetooth: hci0: unexpected event for opcode 0x2005
Aug 08 14:45:10 n kernel: Bluetooth: hci0: unexpected event for opcode 0x2005
Aug 08 14:45:21 n kernel: Bluetooth: hci0: unexpected event for opcode 0x2005
Aug 08 14:45:31 n kernel: Bluetooth: hci0: unexpected event for opcode 0x2005
Aug 08 14:45:42 n kernel: Bluetooth: hci0: unexpected event for opcode 0x2005
Aug 08 14:45:53 n kernel: Bluetooth: hci0: unexpected event for opcode 0x2005
Aug 08 14:46:04 n kernel: Bluetooth: hci0: unexpected event for opcode 0x2005
Aug 08 14:46:14 n kernel: Bluetooth: hci0: unexpected event for opcode 0x2005
Aug 08 14:46:25 n kernel: Bluetooth: hci0: unexpected event for opcode 0x2005
Aug 08 14:46:36 n kernel: Bluetooth: hci0: unexpected event for opcode 0x2005
Aug 08 14:46:47 n kernel: Bluetooth: hci0: unexpected event for opcode 0x2005
Aug 08 14:46:57 n kernel: Bluetooth: hci0: unexpected event for opcode 0x2005
Aug 08 14:47:08 n kernel: Bluetooth: hci0: unexpected event for opcode 0x2005
Aug 08 14:47:19 n kernel: Bluetooth: hci0: unexpected event for opcode 0x2005
Aug 08 14:47:30 n kernel: Bluetooth: hci0: unexpected event for opcode 0x2005
Aug 08 14:47:40 n kernel: Bluetooth: hci0: unexpected event for opcode 0x2005
Aug 08 14:47:51 n kernel: Bluetooth: hci0: unexpected event for opcode 0x2005
Aug 08 14:48:02 n kernel: Bluetooth: hci0: unexpected event for opcode 0x2005
Aug 08 14:48:13 n kernel: Bluetooth: hci0: unexpected event for opcode 0x2005
Aug 08 14:48:23 n kernel: Bluetooth: hci0: unexpected event for opcode 0x2005
Aug 08 14:48:34 n kernel: Bluetooth: hci0: unexpected event for opcode 0x2005
Aug 08 14:48:45 n kernel: Bluetooth: hci0: unexpected event for opcode 0x2005
Aug 08 14:48:56 n kernel: Bluetooth: hci0: unexpected event for opcode 0x2005
Aug 08 14:49:06 n kernel: Bluetooth: hci0: unexpected event for opcode 0x2005
Aug 08 14:49:17 n kernel: Bluetooth: hci0: unexpected event for opcode 0x2005
Aug 08 14:49:28 n kernel: Bluetooth: hci0: unexpected event for opcode 0x2005
Aug 08 14:49:39 n kernel: Bluetooth: hci0: unexpected event for opcode 0x2005
Aug 08 14:49:49 n kernel: Bluetooth: hci0: unexpected event for opcode 0x2005
Aug 08 14:50:00 n kernel: Bluetooth: hci0: unexpected event for opcode 0x2005
Aug 08 14:50:11 n kernel: Bluetooth: hci0: unexpected event for opcode 0x2005
Aug 08 14:50:22 n kernel: Bluetooth: hci0: unexpected event for opcode 0x2005
Aug 08 14:50:32 n kernel: Bluetooth: hci0: unexpected event for opcode 0x2005
Aug 08 14:50:43 n kernel: Bluetooth: hci0: unexpected event for opcode 0x2005
Aug 08 14:50:54 n kernel: Bluetooth: hci0: unexpected event for opcode 0x2005
Aug 08 14:51:05 n kernel: Bluetooth: hci0: unexpected event for opcode 0x2005
Aug 08 14:51:15 n kernel: Bluetooth: hci0: unexpected event for opcode 0x2005
Aug 08 14:51:26 n kernel: Bluetooth: hci0: unexpected event for opcode 0x2005
Aug 08 14:51:37 n kernel: Bluetooth: hci0: unexpected event for opcode 0x2005
Aug 08 14:51:48 n kernel: Bluetooth: hci0: unexpected event for opcode 0x2005
Aug 08 14:51:58 n kernel: Bluetooth: hci0: unexpected event for opcode 0x2005
Aug 08 14:52:09 n kernel: Bluetooth: hci0: unexpected event for opcode 0x2005
Aug 08 14:52:20 n kernel: Bluetooth: hci0: unexpected event for opcode 0x2005
Aug 08 14:52:31 n kernel: Bluetooth: hci0: unexpected event for opcode 0x2005
Aug 08 14:52:41 n kernel: Bluetooth: hci0: unexpected event for opcode 0x2005
Aug 08 14:52:52 n kernel: Bluetooth: hci0: unexpected event for opcode 0x2005
Aug 08 14:53:03 n kernel: Bluetooth: hci0: unexpected event for opcode 0x2005
Aug 08 14:53:14 n kernel: Bluetooth: hci0: unexpected event for opcode 0x2005
Aug 08 14:53:24 n kernel: Bluetooth: hci0: unexpected event for opcode 0x2005
Aug 08 14:53:35 n kernel: Bluetooth: hci0: unexpected event for opcode 0x2005
Aug 08 14:53:46 n kernel: Bluetooth: hci0: unexpected event for opcode 0x2005
Aug 08 14:53:57 n kernel: Bluetooth: hci0: unexpected event for opcode 0x2005
Aug 08 14:54:07 n kernel: Bluetooth: hci0: unexpected event for opcode 0x2005
Aug 08 14:54:18 n kernel: Bluetooth: hci0: unexpected event for opcode 0x2005
Aug 08 14:54:29 n kernel: Bluetooth: hci0: unexpected event for opcode 0x2005
Aug 08 14:54:40 n kernel: Bluetooth: hci0: unexpected event for opcode 0x2005
Aug 08 14:54:50 n kernel: Bluetooth: hci0: unexpected event for opcode 0x2005
Aug 08 14:55:01 n kernel: Bluetooth: hci0: unexpected event for opcode 0x2005
Aug 08 14:55:12 n kernel: Bluetooth: hci0: unexpected event for opcode 0x2005
Aug 08 14:55:23 n kernel: Bluetooth: hci0: unexpected event for opcode 0x2005
Aug 08 14:55:33 n kernel: Bluetooth: hci0: unexpected event for opcode 0x2005
Aug 08 14:55:44 n kernel: Bluetooth: hci0: unexpected event for opcode 0x2005
Aug 08 14:55:55 n kernel: Bluetooth: hci0: unexpected event for opcode 0x2005
Aug 08 14:56:06 n kernel: Bluetooth: hci0: unexpected event for opcode 0x2005
Aug 08 14:56:16 n kernel: Bluetooth: hci0: unexpected event for opcode 0x2005
Aug 08 14:56:27 n kernel: Bluetooth: hci0: unexpected event for opcode 0x2005
Aug 08 14:56:38 n kernel: Bluetooth: hci0: unexpected event for opcode 0x2005
Aug 08 14:56:49 n kernel: Bluetooth: hci0: unexpected event for opcode 0x2005
Aug 08 14:56:59 n kernel: Bluetooth: hci0: unexpected event for opcode 0x2005
Aug 08 14:57:10 n kernel: Bluetooth: hci0: unexpected event for opcode 0x2005
Aug 08 14:57:21 n kernel: Bluetooth: hci0: unexpected event for opcode 0x2005
Aug 08 14:57:32 n kernel: Bluetooth: hci0: unexpected event for opcode 0x2005
Aug 08 14:57:42 n kernel: Bluetooth: hci0: unexpected event for opcode 0x2005
Aug 08 14:57:53 n kernel: Bluetooth: hci0: unexpected event for opcode 0x2005
Aug 08 14:58:04 n kernel: Bluetooth: hci0: unexpected event for opcode 0x2005
Aug 08 14:58:15 n kernel: Bluetooth: hci0: unexpected event for opcode 0x2005
Aug 08 14:58:26 n kernel: Bluetooth: hci0: unexpected event for opcode 0x2005
Aug 08 14:58:36 n kernel: Bluetooth: hci0: unexpected event for opcode 0x2005
Aug 08 14:58:47 n kernel: Bluetooth: hci0: unexpected event for opcode 0x2005
Aug 08 14:58:58 n kernel: Bluetooth: hci0: unexpected event for opcode 0x2005
Aug 08 14:59:09 n kernel: Bluetooth: hci0: unexpected event for opcode 0x2005
Aug 08 14:59:19 n kernel: Bluetooth: hci0: unexpected event for opcode 0x2005
Aug 08 14:59:30 n kernel: Bluetooth: hci0: unexpected event for opcode 0x2005
Aug 08 14:59:41 n kernel: Bluetooth: hci0: unexpected event for opcode 0x2005
Aug 08 14:59:52 n kernel: Bluetooth: hci0: unexpected event for opcode 0x2005
Aug 08 15:00:02 n kernel: Bluetooth: hci0: unexpected event for opcode 0x2005
Aug 08 15:00:13 n kernel: Bluetooth: hci0: unexpected event for opcode 0x2005
Aug 08 15:00:24 n kernel: Bluetooth: hci0: unexpected event for opcode 0x2005
Aug 08 15:00:35 n kernel: Bluetooth: hci0: unexpected event for opcode 0x2005
Aug 08 15:00:45 n kernel: Bluetooth: hci0: unexpected event for opcode 0x2005
Aug 08 15:00:56 n kernel: Bluetooth: hci0: unexpected event for opcode 0x2005
Aug 08 15:01:07 n kernel: Bluetooth: hci0: unexpected event for opcode 0x2005
Aug 08 15:01:18 n kernel: Bluetooth: hci0: unexpected event for opcode 0x2005
Aug 08 15:01:28 n kernel: Bluetooth: hci0: unexpected event for opcode 0x2005
Aug 08 15:01:39 n kernel: Bluetooth: hci0: unexpected event for opcode 0x2005
Aug 08 15:01:50 n kernel: Bluetooth: hci0: unexpected event for opcode 0x2005
Aug 08 15:02:01 n kernel: Bluetooth: hci0: unexpected event for opcode 0x2005
Aug 08 15:02:11 n kernel: Bluetooth: hci0: unexpected event for opcode 0x2005
Aug 08 15:02:22 n kernel: Bluetooth: hci0: unexpected event for opcode 0x2005
Aug 08 15:02:33 n kernel: Bluetooth: hci0: unexpected event for opcode 0x2005
Aug 08 15:02:44 n kernel: Bluetooth: hci0: unexpected event for opcode 0x2005
Aug 08 15:02:54 n kernel: Bluetooth: hci0: unexpected event for opcode 0x2005
Aug 08 15:03:05 n kernel: Bluetooth: hci0: unexpected event for opcode 0x2005
Aug 08 15:03:16 n kernel: Bluetooth: hci0: unexpected event for opcode 0x2005
Aug 08 15:03:27 n kernel: Bluetooth: hci0: unexpected event for opcode 0x2005
Aug 08 15:03:37 n kernel: Bluetooth: hci0: unexpected event for opcode 0x2005
Aug 08 15:03:48 n kernel: Bluetooth: hci0: unexpected event for opcode 0x2005
Aug 08 15:03:59 n kernel: Bluetooth: hci0: unexpected event for opcode 0x2005
Aug 08 15:04:10 n kernel: Bluetooth: hci0: unexpected event for opcode 0x2005
Aug 08 15:04:20 n kernel: Bluetooth: hci0: unexpected event for opcode 0x2005
Aug 08 15:04:31 n kernel: Bluetooth: hci0: unexpected event for opcode 0x2005
Aug 08 15:04:42 n kernel: Bluetooth: hci0: unexpected event for opcode 0x2005
Aug 08 15:04:53 n kernel: Bluetooth: hci0: unexpected event for opcode 0x2005
Aug 08 15:05:03 n kernel: Bluetooth: hci0: unexpected event for opcode 0x2005
Aug 08 15:05:14 n kernel: Bluetooth: hci0: unexpected event for opcode 0x2005
Aug 08 15:05:25 n kernel: Bluetooth: hci0: unexpected event for opcode 0x2005
Aug 08 15:05:36 n kernel: Bluetooth: hci0: unexpected event for opcode 0x2005
Aug 08 15:05:46 n kernel: Bluetooth: hci0: unexpected event for opcode 0x2005
Aug 08 15:05:57 n kernel: Bluetooth: hci0: unexpected event for opcode 0x2005
Aug 08 15:06:08 n kernel: Bluetooth: hci0: unexpected event for opcode 0x2005
Aug 08 15:06:19 n kernel: Bluetooth: hci0: unexpected event for opcode 0x2005
Aug 08 15:06:29 n kernel: Bluetooth: hci0: unexpected event for opcode 0x2005
Aug 08 15:06:40 n kernel: Bluetooth: hci0: unexpected event for opcode 0x2005
Aug 08 15:06:51 n kernel: Bluetooth: hci0: unexpected event for opcode 0x2005
Aug 08 15:07:02 n kernel: Bluetooth: hci0: unexpected event for opcode 0x2005
Aug 08 15:07:12 n kernel: Bluetooth: hci0: unexpected event for opcode 0x2005
Aug 08 15:07:23 n kernel: Bluetooth: hci0: unexpected event for opcode 0x2005
Aug 08 15:07:34 n kernel: Bluetooth: hci0: unexpected event for opcode 0x2005
Aug 08 15:07:45 n kernel: Bluetooth: hci0: unexpected event for opcode 0x2005
Aug 08 15:07:55 n kernel: Bluetooth: hci0: unexpected event for opcode 0x2005
Aug 08 15:08:06 n kernel: Bluetooth: hci0: unexpected event for opcode 0x2005
Aug 08 15:08:17 n kernel: Bluetooth: hci0: unexpected event for opcode 0x2005
Aug 08 15:08:28 n kernel: Bluetooth: hci0: unexpected event for opcode 0x2005
Aug 08 15:08:38 n kernel: Bluetooth: hci0: unexpected event for opcode 0x2005
Aug 08 15:08:49 n kernel: Bluetooth: hci0: unexpected event for opcode 0x2005
Aug 08 15:09:00 n kernel: Bluetooth: hci0: unexpected event for opcode 0x2005
Aug 08 15:09:11 n kernel: Bluetooth: hci0: unexpected event for opcode 0x2005
Aug 08 15:09:21 n kernel: Bluetooth: hci0: unexpected event for opcode 0x2005
Aug 08 15:09:32 n kernel: Bluetooth: hci0: unexpected event for opcode 0x2005
Aug 08 15:09:43 n kernel: Bluetooth: hci0: unexpected event for opcode 0x2005
Aug 08 15:09:54 n kernel: Bluetooth: hci0: unexpected event for opcode 0x2005
Aug 08 15:10:04 n kernel: Bluetooth: hci0: unexpected event for opcode 0x2005
Aug 08 15:10:15 n kernel: Bluetooth: hci0: unexpected event for opcode 0x2005
Aug 08 15:10:26 n kernel: Bluetooth: hci0: unexpected event for opcode 0x2005
Aug 08 15:10:37 n kernel: Bluetooth: hci0: unexpected event for opcode 0x2005
Aug 08 15:10:47 n kernel: Bluetooth: hci0: unexpected event for opcode 0x2005
Aug 08 15:10:58 n kernel: Bluetooth: hci0: unexpected event for opcode 0x2005
Aug 08 15:11:09 n kernel: Bluetooth: hci0: unexpected event for opcode 0x2005
Aug 08 15:11:20 n kernel: Bluetooth: hci0: unexpected event for opcode 0x2005
Aug 08 15:11:30 n kernel: Bluetooth: hci0: unexpected event for opcode 0x2005
Aug 08 15:11:41 n kernel: Bluetooth: hci0: unexpected event for opcode 0x2005
Aug 08 15:11:52 n kernel: Bluetooth: hci0: unexpected event for opcode 0x2005
Aug 08 15:12:03 n kernel: Bluetooth: hci0: unexpected event for opcode 0x2005
Aug 08 15:12:13 n kernel: Bluetooth: hci0: unexpected event for opcode 0x2005
Aug 08 15:12:24 n kernel: Bluetooth: hci0: unexpected event for opcode 0x2005
Aug 08 15:12:35 n kernel: Bluetooth: hci0: unexpected event for opcode 0x2005
Aug 08 15:12:46 n kernel: Bluetooth: hci0: unexpected event for opcode 0x2005
Aug 08 15:12:56 n kernel: Bluetooth: hci0: unexpected event for opcode 0x2005
Aug 08 15:13:07 n kernel: Bluetooth: hci0: unexpected event for opcode 0x2005
Aug 08 15:13:18 n kernel: Bluetooth: hci0: unexpected event for opcode 0x2005
Aug 08 15:13:29 n kernel: Bluetooth: hci0: unexpected event for opcode 0x2005
Aug 08 15:13:39 n kernel: Bluetooth: hci0: unexpected event for opcode 0x2005
Aug 08 15:13:50 n kernel: Bluetooth: hci0: unexpected event for opcode 0x2005
Aug 08 15:14:01 n kernel: Bluetooth: hci0: unexpected event for opcode 0x2005
Aug 08 15:14:12 n kernel: Bluetooth: hci0: unexpected event for opcode 0x2005
Aug 08 15:14:22 n kernel: Bluetooth: hci0: unexpected event for opcode 0x2005
Aug 08 15:14:33 n kernel: Bluetooth: hci0: unexpected event for opcode 0x2005
Aug 08 15:14:44 n kernel: Bluetooth: hci0: unexpected event for opcode 0x2005
Aug 08 15:14:55 n kernel: Bluetooth: hci0: unexpected event for opcode 0x2005
Aug 08 15:15:05 n kernel: Bluetooth: hci0: unexpected event for opcode 0x2005
Aug 08 15:15:16 n kernel: Bluetooth: hci0: unexpected event for opcode 0x2005
Aug 08 15:15:27 n kernel: Bluetooth: hci0: unexpected event for opcode 0x2005
Aug 08 15:15:38 n kernel: Bluetooth: hci0: unexpected event for opcode 0x2005
Aug 08 15:15:48 n kernel: Bluetooth: hci0: unexpected event for opcode 0x2005
Aug 08 15:15:59 n kernel: Bluetooth: hci0: unexpected event for opcode 0x2005
Aug 08 15:16:10 n kernel: Bluetooth: hci0: unexpected event for opcode 0x2005
Aug 08 15:16:21 n kernel: Bluetooth: hci0: unexpected event for opcode 0x2005
Aug 08 15:16:31 n kernel: Bluetooth: hci0: unexpected event for opcode 0x2005
Aug 08 15:16:42 n kernel: Bluetooth: hci0: unexpected event for opcode 0x2005
Aug 08 15:16:53 n kernel: Bluetooth: hci0: unexpected event for opcode 0x2005
Aug 08 15:17:04 n kernel: Bluetooth: hci0: unexpected event for opcode 0x2005
Aug 08 15:17:14 n kernel: Bluetooth: hci0: unexpected event for opcode 0x2005
Aug 08 15:17:25 n kernel: Bluetooth: hci0: unexpected event for opcode 0x2005
Aug 08 15:17:36 n kernel: Bluetooth: hci0: unexpected event for opcode 0x2005
Aug 08 15:17:47 n kernel: Bluetooth: hci0: unexpected event for opcode 0x2005
Aug 08 15:17:57 n kernel: Bluetooth: hci0: unexpected event for opcode 0x2005
Aug 08 15:18:08 n kernel: Bluetooth: hci0: unexpected event for opcode 0x2005
Aug 08 15:18:19 n kernel: Bluetooth: hci0: unexpected event for opcode 0x2005
Aug 08 15:18:30 n kernel: Bluetooth: hci0: unexpected event for opcode 0x2005
Aug 08 15:18:40 n kernel: Bluetooth: hci0: unexpected event for opcode 0x2005
Aug 08 15:18:51 n kernel: Bluetooth: hci0: unexpected event for opcode 0x2005
Aug 08 15:19:02 n kernel: Bluetooth: hci0: unexpected event for opcode 0x2005
Aug 08 15:19:13 n kernel: Bluetooth: hci0: unexpected event for opcode 0x2005
Aug 08 15:19:23 n kernel: Bluetooth: hci0: unexpected event for opcode 0x2005
Aug 08 15:19:34 n kernel: Bluetooth: hci0: unexpected event for opcode 0x2005
Aug 08 15:19:45 n kernel: Bluetooth: hci0: unexpected event for opcode 0x2005
Aug 08 15:19:56 n kernel: Bluetooth: hci0: unexpected event for opcode 0x2005
Aug 08 15:20:06 n kernel: Bluetooth: hci0: unexpected event for opcode 0x2005
Aug 08 15:20:17 n kernel: Bluetooth: hci0: unexpected event for opcode 0x2005
Aug 08 15:20:28 n kernel: Bluetooth: hci0: unexpected event for opcode 0x2005
Aug 08 15:20:39 n kernel: Bluetooth: hci0: unexpected event for opcode 0x2005
Aug 08 15:20:50 n kernel: Bluetooth: hci0: unexpected event for opcode 0x2005
Aug 08 15:21:00 n kernel: Bluetooth: hci0: unexpected event for opcode 0x2005
Aug 08 15:21:11 n kernel: Bluetooth: hci0: unexpected event for opcode 0x2005
Aug 08 15:21:22 n kernel: Bluetooth: hci0: unexpected event for opcode 0x2005
Aug 08 15:21:33 n kernel: Bluetooth: hci0: unexpected event for opcode 0x2005
Aug 08 15:21:43 n kernel: Bluetooth: hci0: unexpected event for opcode 0x2005
Aug 08 15:21:54 n kernel: Bluetooth: hci0: unexpected event for opcode 0x2005
Aug 08 15:22:05 n kernel: Bluetooth: hci0: unexpected event for opcode 0x2005
Aug 08 15:22:16 n kernel: Bluetooth: hci0: unexpected event for opcode 0x2005
Aug 08 15:22:26 n kernel: Bluetooth: hci0: unexpected event for opcode 0x2005
Aug 08 15:22:37 n kernel: Bluetooth: hci0: unexpected event for opcode 0x2005
Aug 08 15:22:48 n kernel: Bluetooth: hci0: unexpected event for opcode 0x2005
Aug 08 15:22:59 n kernel: Bluetooth: hci0: unexpected event for opcode 0x2005
Aug 08 15:23:09 n kernel: Bluetooth: hci0: unexpected event for opcode 0x2005
Aug 08 15:23:20 n kernel: Bluetooth: hci0: unexpected event for opcode 0x2005
Aug 08 15:23:31 n kernel: Bluetooth: hci0: unexpected event for opcode 0x2005
Aug 08 15:23:42 n kernel: Bluetooth: hci0: unexpected event for opcode 0x2005
Aug 08 15:23:52 n kernel: Bluetooth: hci0: unexpected event for opcode 0x2005
Aug 08 15:24:03 n kernel: Bluetooth: hci0: unexpected event for opcode 0x2005
Aug 08 15:24:14 n kernel: Bluetooth: hci0: unexpected event for opcode 0x2005
Aug 08 15:24:25 n kernel: Bluetooth: hci0: unexpected event for opcode 0x2005
Aug 08 15:24:35 n kernel: Bluetooth: hci0: unexpected event for opcode 0x2005
Aug 08 15:24:46 n kernel: Bluetooth: hci0: unexpected event for opcode 0x2005
Aug 08 15:24:57 n kernel: Bluetooth: hci0: unexpected event for opcode 0x2005
Aug 08 15:25:08 n kernel: Bluetooth: hci0: unexpected event for opcode 0x2005
Aug 08 15:25:18 n kernel: Bluetooth: hci0: unexpected event for opcode 0x2005
Aug 08 15:25:29 n kernel: Bluetooth: hci0: unexpected event for opcode 0x2005
Aug 08 15:25:40 n kernel: Bluetooth: hci0: unexpected event for opcode 0x2005
Aug 08 15:25:51 n kernel: Bluetooth: hci0: unexpected event for opcode 0x2005
Aug 08 15:26:01 n kernel: Bluetooth: hci0: unexpected event for opcode 0x2005
Aug 08 15:26:12 n kernel: Bluetooth: hci0: unexpected event for opcode 0x2005
Aug 08 15:26:23 n kernel: Bluetooth: hci0: unexpected event for opcode 0x2005
Aug 08 15:26:34 n kernel: Bluetooth: hci0: unexpected event for opcode 0x2005
Aug 08 15:26:44 n kernel: Bluetooth: hci0: unexpected event for opcode 0x2005
Aug 08 15:26:55 n kernel: Bluetooth: hci0: unexpected event for opcode 0x2005
Aug 08 15:27:06 n kernel: Bluetooth: hci0: unexpected event for opcode 0x2005
Aug 08 15:27:17 n kernel: Bluetooth: hci0: unexpected event for opcode 0x2005
Aug 08 15:27:27 n kernel: Bluetooth: hci0: unexpected event for opcode 0x2005
Aug 08 15:27:38 n kernel: Bluetooth: hci0: unexpected event for opcode 0x2005
Aug 08 15:27:49 n kernel: Bluetooth: hci0: unexpected event for opcode 0x2005
Aug 08 15:28:00 n kernel: Bluetooth: hci0: unexpected event for opcode 0x2005
Aug 08 15:28:10 n kernel: Bluetooth: hci0: unexpected event for opcode 0x2005
Aug 08 15:28:21 n kernel: Bluetooth: hci0: unexpected event for opcode 0x2005
Aug 08 15:28:32 n kernel: Bluetooth: hci0: unexpected event for opcode 0x2005
Aug 08 15:28:43 n kernel: Bluetooth: hci0: unexpected event for opcode 0x2005
Aug 08 15:28:53 n kernel: Bluetooth: hci0: unexpected event for opcode 0x2005
Aug 08 15:28:58 n kernel: bluetoothd[1140]: segfault at 10 ip 00005cd90aed37e5 sp 00007fffca27f910 error 4 in bluetoothd[367e5,5cd90aec2000+f3000] likely on CPU 14 (core 7, socket 0)
Aug 08 15:28:58 n kernel: Code: e8 40 03 ff ff e9 5f ff ff ff 0f 1f 00 4c 89 e7 44 0f b7 75 c6 44 0f b7 7d c4 e8 56 17 ff ff 4c 8b 6b 28 89 c7 e8 0b 12 ff ff <49> 8b 7d 10 49 89 c1 48 8b 47 50 49 39 c5 0f 84 47 01 00 00 48 85
Aug 08 15:52:45 n kernel: input: 联想thinkplus-GM2 pro (AVRCP) as /devices/virtual/input/input26
Aug 08 15:52:49 n kernel: input: 联想thinkplus-GM2 pro (AVRCP) as /devices/virtual/input/input27
Aug 08 18:51:23 n kernel: input: 联想thinkplus-GM2 pro (AVRCP) as /devices/virtual/input/input28
Aug 08 18:51:26 n kernel: input: 联想thinkplus-GM2 pro (AVRCP) as /devices/virtual/input/input29
Aug 08 19:55:55 n kernel: input: 联想thinkplus-GM2 pro (AVRCP) as /devices/virtual/input/input30
Aug 08 19:55:59 n kernel: input: 联想thinkplus-GM2 pro (AVRCP) as /devices/virtual/input/input31
Aug 08 19:58:14 n kernel: perf: interrupt took too long (2503 > 2500), lowering kernel.perf_event_max_sample_rate to 79000
Aug 08 21:53:56 n kernel: input: 联想thinkplus-GM2 pro (AVRCP) as /devices/virtual/input/input32
Aug 08 21:53:59 n kernel: input: 联想thinkplus-GM2 pro (AVRCP) as /devices/virtual/input/input33
Aug 08 22:19:45 n kernel: hrtimer: interrupt took 6752 ns
Aug 08 22:56:50 n kernel: input: MOMENTUM 4 (AVRCP) as /devices/virtual/input/input34
Aug 09 00:00:03 n kernel: audit: type=1400 audit(1786226403.783:237): apparmor="DENIED" operation="capable" class="cap" profile="/usr/sbin/cupsd" pid=70760 comm="cupsd" capability=12  capname="net_admin"
Aug 09 09:43:57 n kernel: input: 联想thinkplus-GM2 pro (AVRCP) as /devices/virtual/input/input35
Aug 09 09:44:00 n kernel: input: 联想thinkplus-GM2 pro (AVRCP) as /devices/virtual/input/input36
Aug 09 13:37:58 n kernel: input: 联想thinkplus-GM2 pro (AVRCP) as /devices/virtual/input/input37
Aug 09 15:53:06 n kernel: input: 联想thinkplus-GM2 pro (AVRCP) as /devices/virtual/input/input38
Aug 09 15:53:10 n kernel: input: 联想thinkplus-GM2 pro (AVRCP) as /devices/virtual/input/input39
Aug 09 18:34:24 n kernel: input: 联想thinkplus-GM2 pro (AVRCP) as /devices/virtual/input/input40
Aug 09 18:34:28 n kernel: input: 联想thinkplus-GM2 pro (AVRCP) as /devices/virtual/input/input41
Aug 09 19:31:29 n kernel: input: 联想thinkplus-GM2 pro (AVRCP) as /devices/virtual/input/input42
Aug 09 19:31:33 n kernel: input: 联想thinkplus-GM2 pro (AVRCP) as /devices/virtual/input/input43
Aug 09 19:56:20 n kernel: input: 联想thinkplus-GM2 pro (AVRCP) as /devices/virtual/input/input44
Aug 09 19:56:24 n kernel: input: 联想thinkplus-GM2 pro (AVRCP) as /devices/virtual/input/input45
Aug 09 20:20:43 n kernel: Bluetooth: hci0: command 0x0406 tx timeout
Aug 09 20:20:48 n kernel: Bluetooth: hci0: setting interface failed (110)
Aug 09 20:21:02 n kernel: Bluetooth: hci0: command 0x0406 tx timeout
Aug 09 20:21:18 n kernel: Bluetooth: hci0: command 0x0406 tx timeout
Aug 09 20:22:45 n kernel: Bluetooth: hci0: command 0x0406 tx timeout
Aug 09 20:22:50 n kernel: Bluetooth: hci0: command 0x0406 tx timeout
Aug 09 20:33:51 n kernel: Bluetooth: hci0: link tx timeout
Aug 09 20:33:51 n kernel: Bluetooth: hci0: killing stalled connection AA:BB:CC:00:00:03
Aug 09 20:33:53 n kernel: Bluetooth: hci0: command 0x0406 tx timeout
Aug 09 20:33:55 n kernel: Bluetooth: hci0: command 0x0406 tx timeout
Aug 09 20:33:57 n kernel: Bluetooth: hci0: command 0x0406 tx timeout
Aug 10 00:00:03 n kernel: audit: type=1400 audit(1786312803.764:238): apparmor="DENIED" operation="capable" class="cap" profile="/usr/sbin/cupsd" pid=159245 comm="cupsd" capability=12  capname="net_admin"
Aug 10 02:21:21 n kernel: Bluetooth: hci0: Opcode 0x0c3a failed: -110
Aug 10 02:21:21 n kernel: Bluetooth: hci0: command 0x0406 tx timeout
Aug 10 02:21:23 n kernel: Bluetooth: hci0: Opcode 0x2005 failed: -110
Aug 10 02:21:23 n kernel: Bluetooth: hci0: command 0x0406 tx timeout
Aug 10 02:21:25 n kernel: Bluetooth: hci0: Opcode 0x200b failed: -110
Aug 10 02:21:25 n kernel: Bluetooth: hci0: command 0x0406 tx timeout
Aug 10 02:21:27 n kernel: Bluetooth: hci0: command 0x0406 tx timeout
Aug 10 02:21:52 n kernel: Bluetooth: hci0: command 0x0406 tx timeout
Aug 10 02:21:52 n kernel: Bluetooth: hci0: Opcode 0x2005 failed: -110
Aug 10 02:21:52 n kernel: Bluetooth: hci0: Opcode 0x200b failed: -110
Aug 10 02:21:54 n kernel: Bluetooth: hci0: command 0x0406 tx timeout
Aug 10 02:22:10 n kernel: Bluetooth: hci0: command 0x0406 tx timeout
Aug 10 02:22:14 n kernel: Bluetooth: hci0: command 0x0406 tx timeout
Aug 10 02:22:55 n kernel: Bluetooth: hci0: command 0x0406 tx timeout
Aug 10 02:34:12 n kernel: NOTICE: Automounting of tracing to debugfs is deprecated and will be removed in 2030
Aug 10 02:42:42 n kernel: Bluetooth: hci0: command 0x0406 tx timeout
Aug 10 02:45:17 n kernel: Bluetooth: hci0: command 0x0406 tx timeout
Aug 10 02:46:48 n kernel: Bluetooth: hci0: Opcode 0x0c1a failed: -110
Aug 10 02:46:48 n kernel: Bluetooth: hci0: command 0x0406 tx timeout
Aug 10 02:46:57 n kernel: Bluetooth: hci0: command 0x0406 tx timeout
Aug 10 02:46:57 n kernel: Bluetooth: hci0: Opcode 0x0c1a failed: -110
Aug 10 02:47:00 n kernel: Bluetooth: hci0: Opcode 0x0c24 failed: -110
Aug 10 02:47:13 n kernel: usb 3-3: reset full-speed USB device number 2 using xhci_hcd
Aug 10 02:47:29 n kernel: usb 3-3: device descriptor read/64, error -110
Aug 10 02:47:45 n kernel: usb 3-3: device descriptor read/64, error -110
Aug 10 02:47:45 n kernel: usb 3-3: reset full-speed USB device number 2 using xhci_hcd
Aug 10 02:48:00 n kernel: usb 3-3: device descriptor read/64, error -110
Aug 10 02:48:16 n kernel: usb 3-3: device descriptor read/64, error -110
Aug 10 02:48:17 n kernel: usb 3-3: reset full-speed USB device number 2 using xhci_hcd
Aug 10 02:48:22 n kernel: xhci_hcd 0000:03:00.4: Timeout while waiting for setup device command
Aug 10 02:48:27 n kernel: xhci_hcd 0000:03:00.4: Timeout while waiting for setup device command
Aug 10 02:48:28 n kernel: usb 3-3: device not accepting address 2, error -62
Aug 10 02:48:28 n kernel: usb 3-3: reset full-speed USB device number 2 using xhci_hcd
Aug 10 02:48:33 n kernel: xhci_hcd 0000:03:00.4: Timeout while waiting for setup device command
Aug 10 02:48:39 n kernel: xhci_hcd 0000:03:00.4: Timeout while waiting for setup device command
Aug 10 02:48:39 n kernel: usb 3-3: device not accepting address 2, error -62
Aug 10 02:48:39 n kernel: usb 3-3: USB disconnect, device number 2
Aug 10 02:48:39 n kernel: usb 3-3: new full-speed USB device number 4 using xhci_hcd
Aug 10 02:48:55 n kernel: usb 3-3: device descriptor read/64, error -110
Aug 10 02:49:11 n kernel: usb 3-3: device descriptor read/64, error -110
Aug 10 02:49:11 n kernel: usb 3-3: new full-speed USB device number 5 using xhci_hcd
Aug 10 02:49:26 n kernel: usb 3-3: device descriptor read/64, error -110
Aug 10 02:49:42 n kernel: usb 3-3: device descriptor read/64, error -110
Aug 10 02:49:42 n kernel: usb usb3-port3: attempt power cycle
Aug 10 02:49:43 n kernel: usb 3-3: new full-speed USB device number 6 using xhci_hcd
Aug 10 02:49:48 n kernel: xhci_hcd 0000:03:00.4: Timeout while waiting for setup device command
Aug 10 02:49:53 n kernel: xhci_hcd 0000:03:00.4: Timeout while waiting for setup device command
Aug 10 02:49:54 n kernel: usb 3-3: device not accepting address 6, error -62
Aug 10 02:49:54 n kernel: usb 3-3: WARN: invalid context state for evaluate context command.
Aug 10 02:49:54 n kernel: usb 3-3: new full-speed USB device number 7 using xhci_hcd
Aug 10 02:49:59 n kernel: xhci_hcd 0000:03:00.4: Timeout while waiting for setup device command
Aug 10 02:50:05 n kernel: xhci_hcd 0000:03:00.4: Timeout while waiting for setup device command
Aug 10 02:50:05 n kernel: usb 3-3: device not accepting address 7, error -62
Aug 10 02:50:05 n kernel: usb 3-3: WARN: invalid context state for evaluate context command.
Aug 10 02:50:05 n kernel: usb usb3-port3: unable to enumerate USB device
Aug 10 02:50:32 n kernel: usb 3-3: new full-speed USB device number 8 using xhci_hcd
Aug 10 02:50:47 n kernel: usb 3-3: device descriptor read/64, error -110
Aug 10 02:51:03 n kernel: usb 3-3: device descriptor read/64, error -110
Aug 10 02:51:03 n kernel: usb 3-3: new full-speed USB device number 9 using xhci_hcd
Aug 10 02:51:19 n kernel: usb 3-3: device descriptor read/64, error -110
Aug 10 02:51:35 n kernel: usb 3-3: device descriptor read/64, error -110
Aug 10 02:51:35 n kernel: usb usb3-port3: attempt power cycle
Aug 10 02:51:35 n kernel: usb 3-3: new full-speed USB device number 10 using xhci_hcd
Aug 10 02:51:41 n kernel: xhci_hcd 0000:03:00.4: Timeout while waiting for setup device command
Aug 10 02:51:46 n kernel: xhci_hcd 0000:03:00.4: Timeout while waiting for setup device command
Aug 10 02:51:46 n kernel: usb 3-3: device not accepting address 10, error -62
Aug 10 02:51:46 n kernel: usb 3-3: WARN: invalid context state for evaluate context command.
Aug 10 02:51:46 n kernel: usb 3-3: new full-speed USB device number 11 using xhci_hcd
Aug 10 02:51:52 n kernel: xhci_hcd 0000:03:00.4: Timeout while waiting for setup device command
Aug 10 02:51:57 n kernel: xhci_hcd 0000:03:00.4: Timeout while waiting for setup device command
Aug 10 02:51:58 n kernel: usb 3-3: device not accepting address 11, error -62
Aug 10 02:51:58 n kernel: usb 3-3: WARN: invalid context state for evaluate context command.
Aug 10 02:51:58 n kernel: usb usb3-port3: unable to enumerate USB device
