Aug 18 22:14:59.181449 n bluetoothd[313564]: src/shared/mgmt.c:can_read_data() [0x0000] event 0x000b
Aug 18 22:14:59.181485 n bluetoothd[313564]: src/adapter.c:connected_callback() hci0 device AA:BB:CC:00:00:01 connected eir_len 30
Aug 18 22:14:59.468439 n bluetoothd[313564]: profiles/audio/a2dp.c:confirm_cb() AVDTP: incoming connect from AA:BB:CC:00:00:01
Aug 18 22:14:59.514409 n bluetoothd[313564]: profiles/audio/sink.c:sink_set_state() State changed /org/bluez/hci0/dev_AA:BB:CC:00:00:01: SINK_STATE_DISCONNECTED -> SINK_STATE_CONNECTING
Aug 18 22:14:59.514496 n bluetoothd[313564]: profiles/audio/avdtp.c:avdtp_connect_cb() AVDTP: connected signaling channel to AA:BB:CC:00:00:01
Aug 18 22:14:59.514512 n bluetoothd[313564]: profiles/audio/avdtp.c:avdtp_connect_cb() AVDTP imtu=672, omtu=672
Aug 18 22:14:59.514590 n bluetoothd[313564]: profiles/audio/avdtp.c:avdtp_register_remote_sep() seid 1 type 1 media 0 delay_reporting true
Aug 18 22:14:59.514661 n bluetoothd[313564]: profiles/audio/a2dp.c:register_remote_sep() Found remote SEP: /org/bluez/hci0/dev_AA:BB:CC:00:00:01/sep1
Aug 18 22:14:59.514690 n bluetoothd[313564]: profiles/audio/avdtp.c:avdtp_register_remote_sep() seid 2 type 1 media 0 delay_reporting true
Aug 18 22:14:59.514730 n bluetoothd[313564]: profiles/audio/a2dp.c:register_remote_sep() Found remote SEP: /org/bluez/hci0/dev_AA:BB:CC:00:00:01/sep2
Aug 18 22:14:59.514756 n bluetoothd[313564]: profiles/audio/a2dp.c:load_remote_sep() LastUsed: lseid 7 rseid 1
Aug 18 22:14:59.514784 n bluetoothd[313564]: profiles/audio/avdtp.c:avdtp_ref() 0x60ff19049160: ref=1
Aug 18 22:14:59.514800 n bluetoothd[313564]: profiles/audio/avdtp.c:set_disconnect_timer() timeout 1
Aug 18 22:14:59.586428 n bluetoothd[313564]: profiles/audio/avdtp.c:session_cb()
Aug 18 22:14:59.586453 n bluetoothd[313564]: profiles/audio/avdtp.c:avdtp_parse_cmd() Received DISCOVER_CMD
Aug 18 22:14:59.667463 n bluetoothd[313564]: profiles/audio/avdtp.c:session_cb()
Aug 18 22:14:59.667485 n bluetoothd[313564]: profiles/audio/avdtp.c:avdtp_parse_cmd() Received  GET_ALL_CAPABILITIES_CMD
Aug 18 22:14:59.667495 n bluetoothd[313564]: profiles/audio/a2dp.c:endpoint_getcap_ind() Source 0x60ff19034d60: Get_Capability_Ind
Aug 18 22:14:59.686398 n bluetoothd[313564]: profiles/audio/avdtp.c:session_cb()
Aug 18 22:14:59.686436 n bluetoothd[313564]: profiles/audio/avdtp.c:avdtp_parse_cmd() Received  GET_ALL_CAPABILITIES_CMD
Aug 18 22:14:59.686452 n bluetoothd[313564]: profiles/audio/a2dp.c:endpoint_getcap_ind() Source 0x60ff1903af30: Get_Capability_Ind
Aug 18 22:14:59.686529 n bluetoothd[313564]: src/profile.c:ext_confirm() incoming connect from AA:BB:CC:00:00:01
Aug 18 22:14:59.686609 n bluetoothd[313564]: src/service.c:btd_service_ref() 0x60ff1902aec0: ref=3
Aug 18 22:14:59.686632 n bluetoothd[313564]: src/profile.c:ext_confirm() Hands-Free Voice gateway authorizing connection from AA:BB:CC:00:00:01
Aug 18 22:14:59.686705 n bluetoothd[313564]: src/profile.c:ext_auth() AA:BB:CC:00:00:01 authorized to connect to Hands-Free Voice gateway
Aug 18 22:14:59.686756 n bluetoothd[313564]: src/profile.c:ext_connect() Hands-Free Voice gateway connected to AA:BB:CC:00:00:01
Aug 18 22:14:59.686775 n bluetoothd[313564]: src/service.c:change_state() 0x60ff1902aec0: device AA:BB:CC:00:00:01 profile Hands-Free Voice gateway state changed: disconnected -> connecting (0)
Aug 18 22:14:59.687432 n bluetoothd[313564]: src/service.c:change_state() 0x60ff1902aec0: device AA:BB:CC:00:00:01 profile Hands-Free Voice gateway state changed: connecting -> connected (0)
Aug 18 22:14:59.687447 n bluetoothd[313564]: src/device.c:device_profile_connected() Hands-Free Voice gateway Success (0)
Aug 18 22:14:59.687459 n bluetoothd[313564]: plugins/policy.c:service_cb() Added Hands-Free Voice gateway reconnect 1
Aug 18 22:14:59.711359 n bluetoothd[313564]: profiles/audio/avdtp.c:session_cb()
Aug 18 22:14:59.711372 n bluetoothd[313564]: profiles/audio/avdtp.c:avdtp_parse_cmd() Received  GET_ALL_CAPABILITIES_CMD
Aug 18 22:14:59.711380 n bluetoothd[313564]: profiles/audio/a2dp.c:endpoint_getcap_ind() Source 0x60ff1903c4f0: Get_Capability_Ind
Aug 18 22:14:59.787402 n bluetoothd[313564]: profiles/audio/avdtp.c:session_cb()
Aug 18 22:14:59.787424 n bluetoothd[313564]: profiles/audio/avdtp.c:avdtp_parse_cmd() Received  GET_ALL_CAPABILITIES_CMD
Aug 18 22:14:59.787436 n bluetoothd[313564]: profiles/audio/a2dp.c:endpoint_getcap_ind() Source 0x60ff1903db20: Get_Capability_Ind
Aug 18 22:14:59.811395 n bluetoothd[313564]: profiles/audio/avdtp.c:session_cb()
Aug 18 22:14:59.811414 n bluetoothd[313564]: profiles/audio/avdtp.c:avdtp_parse_cmd() Received  GET_ALL_CAPABILITIES_CMD
Aug 18 22:14:59.811424 n bluetoothd[313564]: profiles/audio/a2dp.c:endpoint_getcap_ind() Source 0x60ff1903f230: Get_Capability_Ind
Aug 18 22:14:59.836427 n bluetoothd[313564]: profiles/audio/avdtp.c:session_cb()
Aug 18 22:14:59.836449 n bluetoothd[313564]: profiles/audio/avdtp.c:avdtp_parse_cmd() Received  GET_ALL_CAPABILITIES_CMD
Aug 18 22:14:59.836460 n bluetoothd[313564]: profiles/audio/a2dp.c:endpoint_getcap_ind() Source 0x60ff1903fe60: Get_Capability_Ind
Aug 18 22:14:59.872415 n bluetoothd[313564]: profiles/audio/avdtp.c:session_cb()
Aug 18 22:14:59.872439 n bluetoothd[313564]: profiles/audio/avdtp.c:avdtp_parse_cmd() Received  GET_ALL_CAPABILITIES_CMD
Aug 18 22:14:59.872451 n bluetoothd[313564]: profiles/audio/a2dp.c:endpoint_getcap_ind() Source 0x60ff19040a90: Get_Capability_Ind
Aug 18 22:14:59.947410 n bluetoothd[313564]: profiles/audio/avdtp.c:session_cb()
Aug 18 22:14:59.947436 n bluetoothd[313564]: profiles/audio/avdtp.c:avdtp_parse_cmd() Received  GET_ALL_CAPABILITIES_CMD
Aug 18 22:14:59.947450 n bluetoothd[313564]: profiles/audio/a2dp.c:endpoint_getcap_ind() Source 0x60ff19041630: Get_Capability_Ind
Aug 18 22:14:59.987424 n bluetoothd[313564]: profiles/audio/avdtp.c:session_cb()
Aug 18 22:14:59.987448 n bluetoothd[313564]: profiles/audio/avdtp.c:avdtp_parse_cmd() Received  GET_ALL_CAPABILITIES_CMD
Aug 18 22:14:59.987458 n bluetoothd[313564]: profiles/audio/a2dp.c:endpoint_getcap_ind() Source 0x60ff190421d0: Get_Capability_Ind
Aug 18 22:15:00.036397 n bluetoothd[313564]: profiles/audio/avdtp.c:session_cb()
Aug 18 22:15:00.036420 n bluetoothd[313564]: profiles/audio/avdtp.c:avdtp_parse_cmd() Received  GET_ALL_CAPABILITIES_CMD
Aug 18 22:15:00.036433 n bluetoothd[313564]: profiles/audio/a2dp.c:endpoint_getcap_ind() Source 0x60ff19042e40: Get_Capability_Ind
Aug 18 22:15:00.072409 n bluetoothd[313564]: profiles/audio/avdtp.c:session_cb()
Aug 18 22:15:00.072433 n bluetoothd[313564]: profiles/audio/avdtp.c:avdtp_parse_cmd() Received  GET_ALL_CAPABILITIES_CMD
Aug 18 22:15:00.072446 n bluetoothd[313564]: profiles/audio/a2dp.c:endpoint_getcap_ind() Source 0x60ff19043a60: Get_Capability_Ind
Aug 18 22:15:00.111411 n bluetoothd[313564]: profiles/audio/avdtp.c:session_cb()
Aug 18 22:15:00.111433 n bluetoothd[313564]: profiles/audio/avdtp.c:avdtp_parse_cmd() Received  GET_ALL_CAPABILITIES_CMD
Aug 18 22:15:00.111446 n bluetoothd[313564]: profiles/audio/a2dp.c:endpoint_getcap_ind() Source 0x60ff190451d0: Get_Capability_Ind
Aug 18 22:15:00.266709 n bluetoothd[313564]: profiles/audio/avdtp.c:avdtp_ref() 0x60ff19049160: ref=2
Aug 18 22:15:00.266734 n bluetoothd[313564]: profiles/audio/avdtp.c:avdtp_ref() 0x60ff19049160: ref=3
Aug 18 22:15:00.266744 n bluetoothd[313564]: profiles/audio/a2dp.c:setup_ref() 0x60ff19047320: ref=1
Aug 18 22:15:00.266766 n bluetoothd[313564]: profiles/audio/avdtp.c:avdtp_unref() 0x60ff19049160: ref=2
Aug 18 22:15:00.286383 n bluetoothd[313564]: profiles/audio/avdtp.c:session_cb()
Aug 18 22:15:00.286398 n bluetoothd[313564]: profiles/audio/avdtp.c:avdtp_parse_cmd() Received  GET_ALL_CAPABILITIES_CMD
Aug 18 22:15:00.286409 n bluetoothd[313564]: profiles/audio/a2dp.c:endpoint_getcap_ind() Source 0x60ff190468f0: Get_Capability_Ind
Aug 18 22:15:00.311390 n bluetoothd[313564]: profiles/audio/avdtp.c:session_cb()
Aug 18 22:15:00.311414 n bluetoothd[313564]: profiles/audio/avdtp.c:avdtp_parse_cmd() Received SET_CONFIGURATION_CMD
Aug 18 22:15:00.311427 n bluetoothd[313564]: profiles/audio/a2dp.c:endpoint_setconf_ind() Source 0x60ff1903f230: Set_Configuration_Ind
Aug 18 22:15:00.311436 n bluetoothd[313564]: profiles/audio/a2dp.c:setup_ref() 0x60ff19047320: ref=2
Aug 18 22:15:00.311445 n bluetoothd[313564]: profiles/audio/a2dp.c:setup_ref() 0x60ff19047320: ref=3
Aug 18 22:15:00.311594 n bluetoothd[313564]: profiles/audio/media.c:media_endpoint_async_call() Calling SetConfiguration: name = :1.86 path = /MediaEndpoint/A2DPSource/sbc_xq
Aug 18 22:15:00.314012 n bluetoothd[313564]: profiles/audio/avdtp.c:avdtp_sep_set_state() stream state changed: IDLE -> CONFIGURED
Aug 18 22:15:00.314021 n bluetoothd[313564]: profiles/audio/a2dp.c:setup_unref() 0x60ff19047320: ref=2
Aug 18 22:15:00.314027 n bluetoothd[313564]: profiles/audio/a2dp.c:setup_unref() 0x60ff19047320: ref=1
Aug 18 22:15:00.336867 n bluetoothd[313564]: src/battery.c:btd_battery_register() path = /org/bluez/hci0/dev_AA:BB:CC:00:00:01
Aug 18 22:15:00.336890 n bluetoothd[313564]: src/battery.c:btd_battery_register() registered Battery object: /org/bluez/hci0/dev_AA:BB:CC:00:00:01
Aug 18 22:15:00.336902 n bluetoothd[313564]: src/battery.c:provided_battery_added_cb() provided battery added /org/freedesktop/pipewire/battery/org/bluez/hci0/dev_AA:BB:CC:00:00:01
Aug 18 22:15:00.336911 n bluetoothd[313564]: src/battery.c:btd_battery_update() path = /org/bluez/hci0/dev_AA:BB:CC:00:00:01
Aug 18 22:15:00.386405 n bluetoothd[313564]: profiles/audio/avdtp.c:session_cb()
Aug 18 22:15:00.386432 n bluetoothd[313564]: profiles/audio/avdtp.c:avdtp_parse_cmd() Received DELAY_REPORT_CMD
Aug 18 22:15:00.386440 n bluetoothd[313564]: profiles/audio/a2dp.c:endpoint_delayreport_ind() Source 0x60ff1903f230: DelayReport_Ind
Aug 18 22:15:00.386479 n bluetoothd[313564]: profiles/audio/avdtp.c:session_cb()
Aug 18 22:15:00.386492 n bluetoothd[313564]: profiles/audio/avdtp.c:avdtp_parse_cmd() Received OPEN_CMD
Aug 18 22:15:00.386502 n bluetoothd[313564]: profiles/audio/a2dp.c:open_ind() Source 0x60ff1903f230: Open_Ind
Aug 18 22:15:00.386511 n bluetoothd[313564]: profiles/audio/a2dp.c:setup_ref() 0x60ff19047320: ref=2
Aug 18 22:15:00.411456 n bluetoothd[313564]: profiles/audio/a2dp.c:confirm_cb() AVDTP: incoming connect from AA:BB:CC:00:00:01
Aug 18 22:15:00.411514 n bluetoothd[313564]: profiles/audio/avdtp.c:session_cb()
Aug 18 22:15:00.411530 n bluetoothd[313564]: profiles/audio/avdtp.c:avdtp_parse_resp() DISCOVER request succeeded
Aug 18 22:15:00.411544 n bluetoothd[313564]: profiles/audio/avdtp.c:avdtp_discover_resp() seid 1 type 1 media 0 in use 0
Aug 18 22:15:00.411558 n bluetoothd[313564]: profiles/audio/avdtp.c:avdtp_discover_resp() seid 2 type 1 media 0 in use 0
Aug 18 22:15:00.411580 n bluetoothd[313564]: profiles/audio/a2dp.c:discover_cb() version 0x0103 err (nil)
Aug 18 22:15:00.418010 n bluetoothd[313564]: profiles/audio/sink.c:discovery_complete() Discovery complete
Aug 18 22:15:00.418024 n bluetoothd[313564]: profiles/audio/a2dp.c:setup_ref() 0x60ff19047320: ref=3
Aug 18 22:15:00.418031 n bluetoothd[313564]: profiles/audio/a2dp.c:setup_ref() 0x60ff19047320: ref=4
Aug 18 22:15:00.418076 n bluetoothd[313564]: profiles/audio/media.c:media_endpoint_async_call() Calling SelectConfiguration: name = :1.86 path = /MediaEndpoint/A2DPSource/sbc
Aug 18 22:15:00.418085 n bluetoothd[313564]: profiles/audio/a2dp.c:setup_unref() 0x60ff19047320: ref=3
Aug 18 22:15:00.418285 n bluetoothd[313564]: profiles/audio/a2dp.c:a2dp_config() a2dp_config: selected SEP 0x60ff1903db20
Aug 18 22:15:00.418292 n bluetoothd[313564]: profiles/audio/a2dp.c:setup_ref() 0x60ff19047320: ref=4
Aug 18 22:15:00.418299 n bluetoothd[313564]: profiles/audio/a2dp.c:a2dp_config() avdtp_close failed
Aug 18 22:15:00.418307 n bluetoothd[313564]: profiles/audio/a2dp.c:setup_unref() 0x60ff19047320: ref=3
Aug 18 22:15:00.418321 n bluetoothd[313564]: profiles/audio/avdtp.c:avdtp_unref() 0x60ff19049160: ref=1
Aug 18 22:15:00.418331 n bluetoothd[313564]: profiles/audio/a2dp.c:setup_unref() 0x60ff19047320: ref=2
Aug 18 22:15:00.418339 n bluetoothd[313564]: profiles/audio/a2dp.c:setup_unref() 0x60ff19047320: ref=1
Aug 18 22:15:00.562073 n systemd[1]: bluetooth.service: Main process exited, code=dumped, status=11/SEGV
Aug 18 22:15:00.562247 n systemd[1]: bluetooth.service: Failed with result 'core-dump'.
Aug 18 22:15:00.841599 n systemd[1]: bluetooth.service: Scheduled restart job, restart counter is at 2.
Aug 18 22:15:00.853663 n systemd[1]: Starting bluetooth.service - Bluetooth service...
Aug 18 22:15:00.853746 n (uetoothd)[348170]: bluetooth.service: ConfigurationDirectory 'bluetooth' already exists but the mode is different. (File system: 755 ConfigurationDirectoryMode: 555)
Aug 18 22:15:00.888232 n bluetoothd[348170]: Bluetooth daemon 5.72
Aug 18 22:15:00.888295 n bluetoothd[348170]: src/main.c:parse_config() parsing /etc/bluetooth/main.conf
Aug 18 22:15:00.889249 n systemd[1]: Started bluetooth.service - Bluetooth service.
Aug 18 22:15:00.889355 n bluetoothd[348170]: src/adapter.c:adapter_init() sending read version command
Aug 18 22:15:00.889382 n bluetoothd[348170]: Starting SDP server
Aug 18 22:15:00.889424 n bluetoothd[348170]: src/sdpd-service.c:register_device_id() Adding device id record for 0002:1d6b:0246:0548
Aug 18 22:15:00.889437 n bluetoothd[348170]: src/plugin.c:plugin_init() Loading builtin plugins
Aug 18 22:15:00.889446 n bluetoothd[348170]: src/plugin.c:add_plugin() Loading hostname plugin
Aug 18 22:15:00.889457 n bluetoothd[348170]: src/plugin.c:add_plugin() Loading wiimote plugin
Aug 18 22:15:00.889465 n bluetoothd[348170]: src/plugin.c:add_plugin() Loading autopair plugin
Aug 18 22:15:00.889473 n bluetoothd[348170]: src/plugin.c:add_plugin() Loading policy plugin
Aug 18 22:15:00.889481 n bluetoothd[348170]: src/plugin.c:add_plugin() Loading neard plugin
Aug 18 22:15:00.889490 n bluetoothd[348170]: src/plugin.c:add_plugin() Loading sap plugin
Aug 18 22:15:00.889498 n bluetoothd[348170]: src/plugin.c:add_plugin() Loading a2dp plugin
Aug 18 22:15:00.889509 n bluetoothd[348170]: src/plugin.c:add_plugin() Loading avrcp plugin
Aug 18 22:15:00.889517 n bluetoothd[348170]: src/plugin.c:add_plugin() Loading network plugin
Aug 18 22:15:00.889528 n bluetoothd[348170]: src/plugin.c:add_plugin() Loading input plugin
Aug 18 22:15:00.889536 n bluetoothd[348170]: src/plugin.c:add_plugin() Loading hog plugin
Aug 18 22:15:00.889547 n bluetoothd[348170]: src/plugin.c:add_plugin() Loading health plugin
Aug 18 22:15:00.889559 n bluetoothd[348170]: src/plugin.c:add_plugin() Loading gap plugin
Aug 18 22:15:00.889574 n bluetoothd[348170]: src/plugin.c:add_plugin() Loading scanparam plugin
Aug 18 22:15:00.889581 n bluetoothd[348170]: src/plugin.c:add_plugin() Loading deviceinfo plugin
Aug 18 22:15:00.889590 n bluetoothd[348170]: src/plugin.c:add_plugin() Loading midi plugin
Aug 18 22:15:00.889599 n bluetoothd[348170]: src/plugin.c:add_plugin() Loading battery plugin
Aug 18 22:15:00.889607 n bluetoothd[348170]: src/plugin.c:add_plugin() Loading bap plugin
Aug 18 22:15:00.889615 n bluetoothd[348170]: src/plugin.c:add_plugin() Loading bass plugin
Aug 18 22:15:00.889623 n bluetoothd[348170]: src/plugin.c:add_plugin() Loading mcp plugin
Aug 18 22:15:00.889632 n bluetoothd[348170]: src/plugin.c:add_plugin() Loading vcp plugin
Aug 18 22:15:00.889645 n bluetoothd[348170]: src/plugin.c:add_plugin() Loading micp plugin
Aug 18 22:15:00.889654 n bluetoothd[348170]: src/plugin.c:add_plugin() Loading csip plugin
Aug 18 22:15:00.889662 n bluetoothd[348170]: src/plugin.c:plugin_init() Loading plugins /usr/lib/x86_64-linux-gnu/bluetooth/plugins
Aug 18 22:15:00.889873 n bluetoothd[348170]: src/plugin.c:add_plugin() Loading sixaxis plugin
Aug 18 22:15:00.889902 n bluetoothd[348170]: src/profile.c:btd_profile_register() D-Bus experimental not enabled
Aug 18 22:15:00.889910 n bluetoothd[348170]: src/plugin.c:plugin_init() System does not support csip plugin
Aug 18 22:15:00.889918 n bluetoothd[348170]: profiles/audio/micp.c:micp_init() D-Bus experimental not enabled
Aug 18 22:15:00.889927 n bluetoothd[348170]: src/plugin.c:plugin_init() System does not support micp plugin
Aug 18 22:15:00.889937 n bluetoothd[348170]: src/profile.c:btd_profile_register() D-Bus experimental not enabled
Aug 18 22:15:00.889944 n bluetoothd[348170]: src/plugin.c:plugin_init() System does not support vcp plugin
Aug 18 22:15:00.889956 n bluetoothd[348170]: src/profile.c:btd_profile_register() D-Bus experimental not enabled
Aug 18 22:15:00.889968 n bluetoothd[348170]: src/plugin.c:plugin_init() System does not support mcp plugin
Aug 18 22:15:00.889976 n bluetoothd[348170]: src/profile.c:btd_profile_register() D-Bus experimental not enabled
Aug 18 22:15:00.889985 n bluetoothd[348170]: src/plugin.c:plugin_init() System does not support bass plugin
Aug 18 22:15:00.889993 n bluetoothd[348170]: src/profile.c:btd_profile_register() D-Bus experimental not enabled
Aug 18 22:15:00.890001 n bluetoothd[348170]: src/plugin.c:plugin_init() System does not support bap plugin
Aug 18 22:15:00.890011 n bluetoothd[348170]: profiles/health/hdp.c:hdp_manager_start() Starting Health manager
Aug 18 22:15:00.890028 n bluetoothd[348170]: profiles/input/suspend-none.c:suspend_init()
Aug 18 22:15:00.890075 n bluetoothd[348170]: profiles/network/manager.c:read_config() /etc/bluetooth/network.conf: Key file does not have key “DisableSecurity” in group “General”
Aug 18 22:15:00.890084 n bluetoothd[348170]: profiles/network/manager.c:read_config() Config options: Security=true
Aug 18 22:15:00.890105 n bluetoothd[348170]: plugins/neard.c:neard_init() Setup neard plugin
Aug 18 22:15:00.890302 n bluetoothd[348170]: plugins/hostname.c:read_dmi_fallback() chassis: laptop
Aug 18 22:15:00.890311 n bluetoothd[348170]: plugins/hostname.c:read_dmi_fallback() major: 0x01 minor: 0x03
Aug 18 22:15:00.890328 n bluetoothd[348170]: plugins/hostname.c:read_transient_hostname() read transient hostname: 'n'
Aug 18 22:15:00.890821 n bluetoothd[348170]: plugins/sixaxis.c:sixaxis_init()
Aug 18 22:15:00.890916 n bluetoothd[348170]: src/main.c:main() Entering main loop
Aug 18 22:15:00.890948 n bluetoothd[348170]: src/shared/mgmt.c:send_request() [0xffff] command 0x0001
Aug 18 22:15:00.890957 n bluetoothd[348170]: src/rfkill.c:rfkill_event() RFKILL event idx 1 type 1 op 0 soft 0 hard 0
Aug 18 22:15:00.890970 n bluetoothd[348170]: src/shared/mgmt.c:can_read_data() [0xffff] command 0x0001 complete: 0x00
Aug 18 22:15:00.890976 n bluetoothd[348170]: Bluetooth management interface 1.23 initialized
Aug 18 22:15:00.890981 n bluetoothd[348170]: src/adapter.c:read_version_complete() sending read supported commands command
Aug 18 22:15:00.890987 n bluetoothd[348170]: src/adapter.c:read_version_complete() sending read index list command
Aug 18 22:15:00.890995 n bluetoothd[348170]: src/rfkill.c:rfkill_event() RFKILL event idx 2 type 2 op 0 soft 0 hard 0
Aug 18 22:15:00.891008 n bluetoothd[348170]: src/shared/mgmt.c:send_request() [0xffff] command 0x0002
Aug 18 22:15:00.891018 n bluetoothd[348170]: src/shared/mgmt.c:can_read_data() [0xffff] command 0x0002 complete: 0x00
Aug 18 22:15:00.891024 n bluetoothd[348170]: src/adapter.c:read_commands_complete() Number of commands: 89
Aug 18 22:15:00.891028 n bluetoothd[348170]: src/adapter.c:read_commands_complete() Number of events: 44
Aug 18 22:15:00.891034 n bluetoothd[348170]: src/adapter.c:read_commands_complete() enabling kernel-side connection control
Aug 18 22:15:00.891038 n bluetoothd[348170]: src/adapter.c:read_commands_complete() kernel supports the set_blocked_keys op
Aug 18 22:15:00.891043 n bluetoothd[348170]: src/adapter.c:read_commands_complete() kernel supports controller cap command
Aug 18 22:15:00.891048 n bluetoothd[348170]: src/adapter.c:read_commands_complete() kernel supports exp features
Aug 18 22:15:00.891053 n bluetoothd[348170]: src/adapter.c:read_commands_complete() kernel supports set system confic
Aug 18 22:15:00.891058 n bluetoothd[348170]: src/adapter.c:read_commands_complete() kernel supports ext adv commands
Aug 18 22:15:00.891063 n bluetoothd[348170]: src/adapter.c:read_commands_complete() kernel supports suspend/resume events
Aug 18 22:15:00.891079 n bluetoothd[348170]: src/shared/mgmt.c:send_request() [0xffff] command 0x0003
Aug 18 22:15:00.891089 n bluetoothd[348170]: src/shared/mgmt.c:can_read_data() [0xffff] command 0x0003 complete: 0x00
Aug 18 22:15:00.891094 n bluetoothd[348170]: src/adapter.c:read_index_list_complete() Number of controllers: 1
Aug 18 22:15:00.891098 n bluetoothd[348170]: src/adapter.c:read_index_list_complete() Found index 0
Aug 18 22:15:00.891105 n bluetoothd[348170]: src/adapter.c:index_added() index 0
Aug 18 22:15:00.891110 n bluetoothd[348170]: src/adapter.c:reset_adv_monitors() sending remove Adv Monitor command with handle 0
Aug 18 22:15:00.891168 n bluetoothd[348170]: src/adapter.c:btd_adapter_new() System name: BlueZ 5.72
Aug 18 22:15:00.891174 n bluetoothd[348170]: src/adapter.c:btd_adapter_new() Major class: 0
Aug 18 22:15:00.891179 n bluetoothd[348170]: src/adapter.c:btd_adapter_new() Minor class: 0
Aug 18 22:15:00.891183 n bluetoothd[348170]: src/adapter.c:btd_adapter_new() Modalias: usb:v1D6Bp0246d0548
Aug 18 22:15:00.891189 n bluetoothd[348170]: src/adapter.c:btd_adapter_new() Discoverable timeout: 180 seconds
Aug 18 22:15:00.891195 n bluetoothd[348170]: src/adapter.c:btd_adapter_new() Pairable timeout: 0 seconds
Aug 18 22:15:00.891222 n bluetoothd[348170]: src/shared/mgmt.c:send_request() [0x0000] command 0x0053
Aug 18 22:15:00.891243 n bluetoothd[348170]: src/profile.c:unregister_profile() sender :1.86
Aug 18 22:15:00.891258 n bluetoothd[348170]: src/profile.c:register_profile() sender :1.142
Aug 18 22:15:00.891266 n bluetoothd[348170]: src/profile.c:create_ext() Created "Message Notification"
Aug 18 22:15:00.891364 n bluetoothd[348170]: src/profile.c:register_profile() sender :1.142
Aug 18 22:15:00.891375 n bluetoothd[348170]: src/profile.c:create_ext() Created "Message Access"
Aug 18 22:15:00.891389 n bluetoothd[348170]: src/profile.c:register_profile() sender :1.142
Aug 18 22:15:00.891396 n bluetoothd[348170]: src/profile.c:create_ext() Created "Phone Book Access"
Aug 18 22:15:00.891406 n bluetoothd[348170]: src/profile.c:register_profile() sender :1.142
Aug 18 22:15:00.891412 n bluetoothd[348170]: src/profile.c:create_ext() Created "Synchronization"
Aug 18 22:15:00.891420 n bluetoothd[348170]: src/profile.c:register_profile() sender :1.142
Aug 18 22:15:00.891448 n bluetoothd[348170]: src/profile.c:create_ext() Created "File Transfer"
Aug 18 22:15:00.891466 n bluetoothd[348170]: src/profile.c:register_profile() sender :1.142
Aug 18 22:15:00.891473 n bluetoothd[348170]: src/profile.c:create_ext() Created "Object Push"
Aug 18 22:15:00.891497 n bluetoothd[348170]: src/profile.c:register_profile() sender :1.142
Aug 18 22:15:00.891508 n bluetoothd[348170]: src/profile.c:create_ext() Created ":1.142/org/bluez/obex/00005005_0000_1000_8000_0002ee000001/<UUID-01>"
Aug 18 22:15:00.891682 n bluetoothd[348170]: src/agent.c:add_default_agent() Default agent set to :1.249 /org/gnome/bluetooth/settings
Aug 18 22:15:00.891690 n bluetoothd[348170]: src/agent.c:agent_ref() 0x577f5c521c40: ref=1
Aug 18 22:15:00.891695 n bluetoothd[348170]: src/agent.c:register_agent() agent :1.249
Aug 18 22:15:00.891735 n bluetoothd[348170]: src/profile.c:unregister_profile() sender :1.86
Aug 18 22:15:00.891757 n bluetoothd[348170]: src/shared/mgmt.c:can_read_data() [0x0000] command 0x0053 complete: 0x00
Aug 18 22:15:00.891766 n bluetoothd[348170]: src/adapter.c:reset_adv_monitors_complete() Removed all Adv Monitors
Aug 18 22:15:00.891791 n bluetoothd[348170]: src/shared/mgmt.c:send_request() [0x0000] command 0x0049
Aug 18 22:15:00.891805 n bluetoothd[348170]: src/shared/mgmt.c:can_read_data() [0x0000] command 0x0049 complete: 0x00
Aug 18 22:15:00.891811 n bluetoothd[348170]: src/adapter.c:read_exp_features_complete() index 0 status 0x00
Aug 18 22:15:00.891817 n bluetoothd[348170]: src/adapter.c:read_exp_features_complete() <UUID-02> flags 0 action 0
Aug 18 22:15:00.891826 n bluetoothd[348170]: src/adapter.c:read_exp_features_complete() <UUID-03> flags 0 action 0
Aug 18 22:15:00.891833 n bluetoothd[348170]: src/adapter.c:read_info() sending read info command for index 0
Aug 18 22:15:00.891858 n bluetoothd[348170]: src/shared/mgmt.c:send_request() [0x0000] command 0x0004
Aug 18 22:15:00.891871 n bluetoothd[348170]: src/shared/mgmt.c:can_read_data() [0x0000] command 0x0004 complete: 0x00
Aug 18 22:15:00.891878 n bluetoothd[348170]: src/adapter.c:read_info_complete() index 0 status 0x00
Aug 18 22:15:00.891884 n bluetoothd[348170]: src/adapter.c:clear_uuids() sending clear uuids command for index 0
Aug 18 22:15:00.891892 n bluetoothd[348170]: src/adapter.c:clear_devices() sending clear devices command for index 0
Aug 18 22:15:00.891899 n bluetoothd[348170]: src/adapter.c:set_privacy() sending set privacy command for index 0
Aug 18 22:15:00.891905 n bluetoothd[348170]: src/adapter.c:set_privacy() setting privacy mode 0x00 for index 0
Aug 18 22:15:00.891920 n bluetoothd[348170]: src/agent.c:agent_ref() 0x577f5c521c40: ref=2
Aug 18 22:15:00.891929 n bluetoothd[348170]: src/agent.c:agent_unref() 0x577f5c521c40: ref=1
Aug 18 22:15:00.891936 n bluetoothd[348170]: src/battery.c:manager_new()
Aug 18 22:15:00.891944 n bluetoothd[348170]: Battery Provider Manager created
Aug 18 22:15:00.892025 n bluetoothd[348170]: src/gatt-database.c:btd_gatt_database_new() GATT Manager registered for adapter: /org/bluez/hci0
Aug 18 22:15:00.892044 n bluetoothd[348170]: src/adapter.c:adapter_service_add() /org/bluez/hci0
Aug 18 22:15:00.892052 n bluetoothd[348170]: src/sdpd-service.c:add_record_to_server() Adding record with handle 0x10001
Aug 18 22:15:00.892058 n bluetoothd[348170]: src/sdpd-service.c:add_record_to_server() Record pattern UUID 00000007-0000-1000-8000-00805f9
Aug 18 22:15:00.892064 n bluetoothd[348170]: src/sdpd-service.c:add_record_to_server() Record pattern UUID 00000100-0000-1000-8000-00805f9
Aug 18 22:15:00.892069 n bluetoothd[348170]: src/sdpd-service.c:add_record_to_server() Record pattern UUID 00001002-0000-1000-8000-00805f9
Aug 18 22:15:00.892076 n bluetoothd[348170]: src/sdpd-service.c:add_record_to_server() Record pattern UUID 00001800-0000-1000-8000-00805f9
Aug 18 22:15:00.892081 n bluetoothd[348170]: src/adapter.c:adapter_service_insert() /org/bluez/hci0
Aug 18 22:15:00.892087 n bluetoothd[348170]: src/adapter.c:add_uuid() sending add uuid command for index 0
Aug 18 22:15:00.892102 n bluetoothd[348170]: src/adapter.c:adapter_service_add() /org/bluez/hci0
Aug 18 22:15:00.892110 n bluetoothd[348170]: src/sdpd-service.c:add_record_to_server() Adding record with handle 0x10002
Aug 18 22:15:00.892117 n bluetoothd[348170]: src/sdpd-service.c:add_record_to_server() Record pattern UUID 00000007-0000-1000-8000-00805f9
Aug 18 22:15:00.892125 n bluetoothd[348170]: src/sdpd-service.c:add_record_to_server() Record pattern UUID 00000100-0000-1000-8000-00805f9
Aug 18 22:15:00.892133 n bluetoothd[348170]: src/sdpd-service.c:add_record_to_server() Record pattern UUID 00001002-0000-1000-8000-00805f9
Aug 18 22:15:00.892141 n bluetoothd[348170]: src/sdpd-service.c:add_record_to_server() Record pattern UUID 00001801-0000-1000-8000-00805f9
Aug 18 22:15:00.892147 n bluetoothd[348170]: src/adapter.c:adapter_service_insert() /org/bluez/hci0
Aug 18 22:15:00.892154 n bluetoothd[348170]: src/adapter.c:add_uuid() sending add uuid command for index 0
Aug 18 22:15:00.892168 n bluetoothd[348170]: src/adapter.c:adapter_service_add() /org/bluez/hci0
Aug 18 22:15:00.892175 n bluetoothd[348170]: src/sdpd-service.c:add_record_to_server() Adding record with handle 0x10003
Aug 18 22:15:00.892181 n bluetoothd[348170]: src/sdpd-service.c:add_record_to_server() Record pattern UUID 00000007-0000-1000-8000-00805f9
Aug 18 22:15:00.892187 n bluetoothd[348170]: src/sdpd-service.c:add_record_to_server() Record pattern UUID 00000100-0000-1000-8000-00805f9
Aug 18 22:15:00.892194 n bluetoothd[348170]: src/sdpd-service.c:add_record_to_server() Record pattern UUID 00001002-0000-1000-8000-00805f9
Aug 18 22:15:00.892200 n bluetoothd[348170]: src/sdpd-service.c:add_record_to_server() Record pattern UUID 0000180a-0000-1000-8000-00805f9
Aug 18 22:15:00.892211 n bluetoothd[348170]: src/adapter.c:adapter_service_insert() /org/bluez/hci0
Aug 18 22:15:00.892217 n bluetoothd[348170]: src/adapter.c:add_uuid() sending add uuid command for index 0
Aug 18 22:15:00.892224 n bluetoothd[348170]: src/advertising.c:btd_adv_manager_new() LE Advertising Manager created for adapter: /org/bluez/hci0
Aug 18 22:15:00.892286 n bluetoothd[348170]: profiles/audio/a2dp.c:media_server_probe() path /org/bluez/hci0
Aug 18 22:15:00.892297 n bluetoothd[348170]: plugins/policy.c:policy_adapter_probe()
Aug 18 22:15:00.892305 n bluetoothd[348170]: plugins/hostname.c:hostname_probe()
Aug 18 22:15:00.892312 n bluetoothd[348170]: plugins/hostname.c:update_class() major: 0x01 minor: 0x03
Aug 18 22:15:00.892325 n bluetoothd[348170]: src/adapter.c:btd_adapter_set_class() class: major 1 minor 3
Aug 18 22:15:00.892331 n bluetoothd[348170]: src/adapter.c:set_dev_class() sending set device class command for index 0
Aug 18 22:15:00.892369 n bluetoothd[348170]: profiles/network/manager.c:panu_server_probe() path /org/bluez/hci0
Aug 18 22:15:00.892393 n bluetoothd[348170]: profiles/network/server.c:server_register() Registered interface org.bluez.NetworkServer1 on path /org/bluez/hci0
Aug 18 22:15:00.892400 n bluetoothd[348170]: profiles/network/manager.c:gn_server_probe() path /org/bluez/hci0
Aug 18 22:15:00.892406 n bluetoothd[348170]: profiles/network/manager.c:nap_server_probe() path /org/bluez/hci0
Aug 18 22:15:00.892414 n bluetoothd[348170]: profiles/audio/avrcp.c:avrcp_controller_server_probe() path /org/bluez/hci0
Aug 18 22:15:00.892457 n bluetoothd[348170]: src/adapter.c:adapter_service_add() /org/bluez/hci0
Aug 18 22:15:00.892466 n bluetoothd[348170]: src/sdpd-service.c:add_record_to_server() Adding record with handle 0x10004
Aug 18 22:15:00.892474 n bluetoothd[348170]: src/sdpd-service.c:add_record_to_server() Record pattern UUID 00000017-0000-1000-8000-00805f9
Aug 18 22:15:00.892481 n bluetoothd[348170]: src/sdpd-service.c:add_record_to_server() Record pattern UUID 00000100-0000-1000-8000-00805f9
Aug 18 22:15:00.892489 n bluetoothd[348170]: src/sdpd-service.c:add_record_to_server() Record pattern UUID 00001002-0000-1000-8000-00805f9
Aug 18 22:15:00.892496 n bluetoothd[348170]: src/sdpd-service.c:add_record_to_server() Record pattern UUID 0000110e-0000-1000-8000-00805f9
Aug 18 22:15:00.892502 n bluetoothd[348170]: src/sdpd-service.c:add_record_to_server() Record pattern UUID 0000110f-0000-1000-8000-00805f9
Aug 18 22:15:00.892512 n bluetoothd[348170]: src/adapter.c:adapter_service_insert() /org/bluez/hci0
Aug 18 22:15:00.892519 n bluetoothd[348170]: src/adapter.c:add_uuid() sending add uuid command for index 0
Aug 18 22:15:00.892527 n bluetoothd[348170]: profiles/audio/avrcp.c:avrcp_target_server_probe() path /org/bluez/hci0
Aug 18 22:15:00.892541 n bluetoothd[348170]: src/adapter.c:adapter_service_add() /org/bluez/hci0
Aug 18 22:15:00.892549 n bluetoothd[348170]: src/sdpd-service.c:add_record_to_server() Adding record with handle 0x10005
Aug 18 22:15:00.892557 n bluetoothd[348170]: src/sdpd-service.c:add_record_to_server() Record pattern UUID 00000017-0000-1000-8000-00805f9
Aug 18 22:15:00.892566 n bluetoothd[348170]: src/sdpd-service.c:add_record_to_server() Record pattern UUID 00000100-0000-1000-8000-00805f9
Aug 18 22:15:00.892573 n bluetoothd[348170]: src/sdpd-service.c:add_record_to_server() Record pattern UUID 00001002-0000-1000-8000-00805f9
Aug 18 22:15:00.892579 n bluetoothd[348170]: src/sdpd-service.c:add_record_to_server() Record pattern UUID 0000110c-0000-1000-8000-00805f9
Aug 18 22:15:00.892586 n bluetoothd[348170]: src/sdpd-service.c:add_record_to_server() Record pattern UUID 0000110e-0000-1000-8000-00805f9
Aug 18 22:15:00.892593 n bluetoothd[348170]: src/adapter.c:adapter_service_insert() /org/bluez/hci0
Aug 18 22:15:00.892601 n bluetoothd[348170]: src/adapter.c:add_uuid() sending add uuid command for index 0
Aug 18 22:15:00.892610 n bluetoothd[348170]: profiles/audio/a2dp.c:a2dp_sink_server_probe() path /org/bluez/hci0
Aug 18 22:15:00.892618 n bluetoothd[348170]: profiles/audio/a2dp.c:a2dp_source_server_probe() path /org/bluez/hci0
Aug 18 22:15:00.892626 n bluetoothd[348170]: profiles/sap/manager.c:sap_server_probe() path /org/bluez/hci0
Aug 18 22:15:00.892641 n bluetoothd[348170]: profiles/sap/server.c:sap_server_register() Sap driver initialization failed.
Aug 18 22:15:00.892650 n bluetoothd[348170]: sap-server: Operation not permitted (1)
Aug 18 22:15:00.892662 n bluetoothd[348170]: src/profile.c:ext_adapter_probe() "Message Notification" probed
Aug 18 22:15:00.892689 n bluetoothd[348170]: src/profile.c:ext_start_servers() Message Notification listening on PSM 4097
Aug 18 22:15:00.892710 n bluetoothd[348170]: src/profile.c:ext_start_servers() Message Notification listening on chan 17
Aug 18 22:15:00.892750 n bluetoothd[348170]: src/adapter.c:adapter_service_add() /org/bluez/hci0
Aug 18 22:15:00.892757 n bluetoothd[348170]: src/sdpd-service.c:add_record_to_server() Adding record with handle 0x10006
Aug 18 22:15:00.892766 n bluetoothd[348170]: src/sdpd-service.c:add_record_to_server() Record pattern UUID 00000003-0000-1000-8000-00805f9
Aug 18 22:15:00.892775 n bluetoothd[348170]: src/sdpd-service.c:add_record_to_server() Record pattern UUID 00000008-0000-1000-8000-00805f9
Aug 18 22:15:00.892783 n bluetoothd[348170]: src/sdpd-service.c:add_record_to_server() Record pattern UUID 00000100-0000-1000-8000-00805f9
Aug 18 22:15:00.892796 n bluetoothd[348170]: src/sdpd-service.c:add_record_to_server() Record pattern UUID 00001002-0000-1000-8000-00805f9
Aug 18 22:15:00.892805 n bluetoothd[348170]: src/sdpd-service.c:add_record_to_server() Record pattern UUID 00001133-0000-1000-8000-00805f9
Aug 18 22:15:00.892812 n bluetoothd[348170]: src/sdpd-service.c:add_record_to_server() Record pattern UUID 00001134-0000-1000-8000-00805f9
Aug 18 22:15:00.892822 n bluetoothd[348170]: src/adapter.c:adapter_service_insert() /org/bluez/hci0
Aug 18 22:15:00.892829 n bluetoothd[348170]: src/adapter.c:add_uuid() sending add uuid command for index 0
Aug 18 22:15:00.892838 n bluetoothd[348170]: src/profile.c:ext_adapter_probe() "Message Access" probed
Aug 18 22:15:00.892866 n bluetoothd[348170]: src/profile.c:ext_start_servers() Message Access listening on PSM 4099
Aug 18 22:15:00.892888 n bluetoothd[348170]: src/profile.c:ext_start_servers() Message Access listening on chan 16
Aug 18 22:15:00.892924 n bluetoothd[348170]: src/adapter.c:adapter_service_add() /org/bluez/hci0
Aug 18 22:15:00.892938 n bluetoothd[348170]: src/sdpd-service.c:add_record_to_server() Adding record with handle 0x10007
Aug 18 22:15:00.892953 n bluetoothd[348170]: src/sdpd-service.c:add_record_to_server() Record pattern UUID 00000003-0000-1000-8000-00805f9
Aug 18 22:15:00.892963 n bluetoothd[348170]: src/sdpd-service.c:add_record_to_server() Record pattern UUID 00000008-0000-1000-8000-00805f9
Aug 18 22:15:00.892974 n bluetoothd[348170]: src/sdpd-service.c:add_record_to_server() Record pattern UUID 00000100-0000-1000-8000-00805f9
Aug 18 22:15:00.892984 n bluetoothd[348170]: src/sdpd-service.c:add_record_to_server() Record pattern UUID 00001002-0000-1000-8000-00805f9
Aug 18 22:15:00.892995 n bluetoothd[348170]: src/sdpd-service.c:add_record_to_server() Record pattern UUID 00001132-0000-1000-8000-00805f9
Aug 18 22:15:00.893005 n bluetoothd[348170]: src/sdpd-service.c:add_record_to_server() Record pattern UUID 00001134-0000-1000-8000-00805f9
Aug 18 22:15:00.893015 n bluetoothd[348170]: src/adapter.c:adapter_service_insert() /org/bluez/hci0
Aug 18 22:15:00.893027 n bluetoothd[348170]: src/adapter.c:add_uuid() sending add uuid command for index 0
Aug 18 22:15:00.893038 n bluetoothd[348170]: src/profile.c:ext_adapter_probe() "Phone Book Access" probed
Aug 18 22:15:00.893071 n bluetoothd[348170]: src/profile.c:ext_start_servers() Phone Book Access listening on PSM 4101
Aug 18 22:15:00.893091 n bluetoothd[348170]: src/profile.c:ext_start_servers() Phone Book Access listening on chan 15
Aug 18 22:15:00.893121 n bluetoothd[348170]: src/adapter.c:adapter_service_add() /org/bluez/hci0
Aug 18 22:15:00.893129 n bluetoothd[348170]: src/sdpd-service.c:add_record_to_server() Adding record with handle 0x10008
Aug 18 22:15:00.893136 n bluetoothd[348170]: src/sdpd-service.c:add_record_to_server() Record pattern UUID 00000003-0000-1000-8000-00805f9
Aug 18 22:15:00.893142 n bluetoothd[348170]: src/sdpd-service.c:add_record_to_server() Record pattern UUID 00000008-0000-1000-8000-00805f9
Aug 18 22:15:00.893150 n bluetoothd[348170]: src/sdpd-service.c:add_record_to_server() Record pattern UUID 00000100-0000-1000-8000-00805f9
Aug 18 22:15:00.893156 n bluetoothd[348170]: src/sdpd-service.c:add_record_to_server() Record pattern UUID 00001002-0000-1000-8000-00805f9
Aug 18 22:15:00.893162 n bluetoothd[348170]: src/sdpd-service.c:add_record_to_server() Record pattern UUID 0000112f-0000-1000-8000-00805f9
Aug 18 22:15:00.893168 n bluetoothd[348170]: src/sdpd-service.c:add_record_to_server() Record pattern UUID 00001130-0000-1000-8000-00805f9
Aug 18 22:15:00.893176 n bluetoothd[348170]: src/adapter.c:adapter_service_insert() /org/bluez/hci0
Aug 18 22:15:00.893183 n bluetoothd[348170]: src/adapter.c:add_uuid() sending add uuid command for index 0
Aug 18 22:15:00.893190 n bluetoothd[348170]: src/profile.c:ext_adapter_probe() "Synchronization" probed
Aug 18 22:15:00.893210 n bluetoothd[348170]: src/profile.c:ext_start_servers() Synchronization listening on chan 14
Aug 18 22:15:00.893245 n bluetoothd[348170]: src/adapter.c:adapter_service_add() /org/bluez/hci0
Aug 18 22:15:00.893252 n bluetoothd[348170]: src/sdpd-service.c:add_record_to_server() Adding record with handle 0x10009
Aug 18 22:15:00.893259 n bluetoothd[348170]: src/sdpd-service.c:add_record_to_server() Record pattern UUID 00000003-0000-1000-8000-00805f9
Aug 18 22:15:00.893265 n bluetoothd[348170]: src/sdpd-service.c:add_record_to_server() Record pattern UUID 00000008-0000-1000-8000-00805f9
Aug 18 22:15:00.893271 n bluetoothd[348170]: src/sdpd-service.c:add_record_to_server() Record pattern UUID 00000100-0000-1000-8000-00805f9
Aug 18 22:15:00.893277 n bluetoothd[348170]: src/sdpd-service.c:add_record_to_server() Record pattern UUID 00001002-0000-1000-8000-00805f9
Aug 18 22:15:00.893283 n bluetoothd[348170]: src/sdpd-service.c:add_record_to_server() Record pattern UUID 00001104-0000-1000-8000-00805f9
Aug 18 22:15:00.893291 n bluetoothd[348170]: src/adapter.c:adapter_service_insert() /org/bluez/hci0
Aug 18 22:15:00.893298 n bluetoothd[348170]: src/adapter.c:add_uuid() sending add uuid command for index 0
Aug 18 22:15:00.893307 n bluetoothd[348170]: src/profile.c:ext_adapter_probe() "File Transfer" probed
Aug 18 22:15:00.893342 n bluetoothd[348170]: src/profile.c:ext_start_servers() File Transfer listening on PSM 4103
Aug 18 22:15:00.893361 n bluetoothd[348170]: src/profile.c:ext_start_servers() File Transfer listening on chan 10
Aug 18 22:15:00.893387 n bluetoothd[348170]: src/adapter.c:adapter_service_add() /org/bluez/hci0
Aug 18 22:15:00.893394 n bluetoothd[348170]: src/sdpd-service.c:add_record_to_server() Adding record with handle 0x1000a
Aug 18 22:15:00.893401 n bluetoothd[348170]: src/sdpd-service.c:add_record_to_server() Record pattern UUID 00000003-0000-1000-8000-00805f9
Aug 18 22:15:00.893410 n bluetoothd[348170]: src/sdpd-service.c:add_record_to_server() Record pattern UUID 00000008-0000-1000-8000-00805f9
Aug 18 22:15:00.893416 n bluetoothd[348170]: src/sdpd-service.c:add_record_to_server() Record pattern UUID 00000100-0000-1000-8000-00805f9
Aug 18 22:15:00.893422 n bluetoothd[348170]: src/sdpd-service.c:add_record_to_server() Record pattern UUID 00001002-0000-1000-8000-00805f9
Aug 18 22:15:00.893428 n bluetoothd[348170]: src/sdpd-service.c:add_record_to_server() Record pattern UUID 00001106-0000-1000-8000-00805f9
Aug 18 22:15:00.893434 n bluetoothd[348170]: src/adapter.c:adapter_service_insert() /org/bluez/hci0
Aug 18 22:15:00.893443 n bluetoothd[348170]: src/adapter.c:add_uuid() sending add uuid command for index 0
Aug 18 22:15:00.893450 n bluetoothd[348170]: src/profile.c:ext_adapter_probe() "Object Push" probed
Aug 18 22:15:00.893476 n bluetoothd[348170]: src/profile.c:ext_start_servers() Object Push listening on PSM 4105
Aug 18 22:15:00.893495 n bluetoothd[348170]: src/profile.c:ext_start_servers() Object Push listening on chan 9
Aug 18 22:15:00.893521 n bluetoothd[348170]: src/adapter.c:adapter_service_add() /org/bluez/hci0
Aug 18 22:15:00.893528 n bluetoothd[348170]: src/sdpd-service.c:add_record_to_server() Adding record with handle 0x1000b
Aug 18 22:15:00.893535 n bluetoothd[348170]: src/sdpd-service.c:add_record_to_server() Record pattern UUID 00000003-0000-1000-8000-00805f9
Aug 18 22:15:00.893541 n bluetoothd[348170]: src/sdpd-service.c:add_record_to_server() Record pattern UUID 00000008-0000-1000-8000-00805f9
Aug 18 22:15:00.893551 n bluetoothd[348170]: src/sdpd-service.c:add_record_to_server() Record pattern UUID 00000100-0000-1000-8000-00805f9
Aug 18 22:15:00.893557 n bluetoothd[348170]: src/sdpd-service.c:add_record_to_server() Record pattern UUID 00001002-0000-1000-8000-00805f9
Aug 18 22:15:00.893564 n bluetoothd[348170]: src/sdpd-service.c:add_record_to_server() Record pattern UUID 00001105-0000-1000-8000-00805f9
Aug 18 22:15:00.893570 n bluetoothd[348170]: src/adapter.c:adapter_service_insert() /org/bluez/hci0
Aug 18 22:15:00.893582 n bluetoothd[348170]: src/adapter.c:add_uuid() sending add uuid command for index 0
Aug 18 22:15:00.893593 n bluetoothd[348170]: src/profile.c:ext_adapter_probe() ":1.142/org/bluez/obex/00005005_0000_1000_8000_0002ee000001/<UUID-01>" probed
Aug 18 22:15:00.893614 n bluetoothd[348170]: src/adapter.c:adapter_service_add() /org/bluez/hci0
Aug 18 22:15:00.893621 n bluetoothd[348170]: src/sdpd-service.c:add_record_to_server() Adding record with handle 0x1000c
Aug 18 22:15:00.893628 n bluetoothd[348170]: src/sdpd-service.c:add_record_to_server() Record pattern UUID 00000003-0000-1000-8000-00805f9
Aug 18 22:15:00.893634 n bluetoothd[348170]: src/sdpd-service.c:add_record_to_server() Record pattern UUID 00000008-0000-1000-8000-00805f9
Aug 18 22:15:00.893642 n bluetoothd[348170]: src/sdpd-service.c:add_record_to_server() Record pattern UUID 00000100-0000-1000-8000-00805f9
Aug 18 22:15:00.893649 n bluetoothd[348170]: src/sdpd-service.c:add_record_to_server() Record pattern UUID 00001002-0000-1000-8000-00805f9
Aug 18 22:15:00.893655 n bluetoothd[348170]: src/sdpd-service.c:add_record_to_server() Record pattern UUID 00005005-0000-1000-8000-0002ee0
Aug 18 22:15:00.893664 n bluetoothd[348170]: src/adapter.c:adapter_service_insert() /org/bluez/hci0
Aug 18 22:15:00.893670 n bluetoothd[348170]: src/adapter.c:add_uuid() sending add uuid command for index 0
Aug 18 22:15:00.893680 n bluetoothd[348170]: src/adapter.c:btd_adapter_unblock_address() hci0 AA:BB:CC:00:00:02
Aug 18 22:15:00.893754 n bluetoothd[348170]: src/adapter.c:get_ltk_info() AA:BB:CC:00:00:03
Aug 18 22:15:00.893762 n bluetoothd[348170]: src/adapter.c:get_peripheral_ltk_info() AA:BB:CC:00:00:03
Aug 18 22:15:00.893770 n bluetoothd[348170]: src/device.c:device_create_from_storage() address AA:BB:CC:00:00:03
Aug 18 22:15:00.893777 n bluetoothd[348170]: src/device.c:device_new() address AA:BB:CC:00:00:03
Aug 18 22:15:00.893789 n bluetoothd[348170]: src/device.c:device_new() Creating device /org/bluez/hci0/dev_AA:BB:CC:00:00:03
Aug 18 22:15:00.893840 n bluetoothd[348170]: src/device.c:btd_device_set_temporary() temporary 0
Aug 18 22:15:00.893850 n bluetoothd[348170]: src/device.c:device_set_bonded() setting bonded for device to true
Aug 18 22:15:00.893887 n bluetoothd[348170]: src/adapter.c:get_ltk_info() AA:BB:CC:00:00:04
Aug 18 22:15:00.893895 n bluetoothd[348170]: src/adapter.c:get_peripheral_ltk_info() AA:BB:CC:00:00:04
Aug 18 22:15:00.893903 n bluetoothd[348170]: src/device.c:device_create_from_storage() address AA:BB:CC:00:00:04
Aug 18 22:15:00.893909 n bluetoothd[348170]: src/device.c:device_new() address AA:BB:CC:00:00:04
Aug 18 22:15:00.893917 n bluetoothd[348170]: src/device.c:device_new() Creating device /org/bluez/hci0/dev_AA:BB:CC:00:00:04
Aug 18 22:15:00.893985 n bluetoothd[348170]: src/device.c:btd_device_set_temporary() temporary 0
Aug 18 22:15:00.893994 n bluetoothd[348170]: src/device.c:device_set_bonded() setting bonded for device to true
Aug 18 22:15:00.894019 n bluetoothd[348170]: src/adapter.c:get_ltk_info() AA:BB:CC:00:00:01
Aug 18 22:15:00.894025 n bluetoothd[348170]: src/adapter.c:get_peripheral_ltk_info() AA:BB:CC:00:00:01
Aug 18 22:15:00.894035 n bluetoothd[348170]: src/device.c:device_create_from_storage() address AA:BB:CC:00:00:01
Aug 18 22:15:00.894041 n bluetoothd[348170]: src/device.c:device_new() address AA:BB:CC:00:00:01
Aug 18 22:15:00.894046 n bluetoothd[348170]: src/device.c:device_new() Creating device /org/bluez/hci0/dev_AA:BB:CC:00:00:01
Aug 18 22:15:00.894085 n bluetoothd[348170]: src/device.c:btd_device_set_temporary() temporary 0
Aug 18 22:15:00.894092 n bluetoothd[348170]: src/device.c:device_set_bonded() setting bonded for device to true
Aug 18 22:15:00.894101 n bluetoothd[348170]: src/adapter.c:load_link_keys() hci0 keys 3 debug_keys 0 retry false
Aug 18 22:15:00.894108 n bluetoothd[348170]: src/adapter.c:load_ltks() hci0 keys 0
Aug 18 22:15:00.894113 n bluetoothd[348170]: src/adapter.c:load_irks() hci0 irks 0
Aug 18 22:15:00.894119 n bluetoothd[348170]: src/adapter.c:load_conn_params() hci0 conn params 0
Aug 18 22:15:00.894156 n bluetoothd[348170]: profiles/audio/avrcp.c:avrcp_controller_probe() path /org/bluez/hci0/dev_AA:BB:CC:00:00:03
Aug 18 22:15:00.894164 n bluetoothd[348170]: profiles/audio/control.c:control_init() Registered interface org.bluez.MediaControl1 on path /org/bluez/hci0/dev_AA:BB:CC:00:00:03
Aug 18 22:15:00.894169 n bluetoothd[348170]: src/service.c:btd_service_ref() 0x577f5c535f90: ref=2
Aug 18 22:15:00.894175 n bluetoothd[348170]: src/service.c:change_state() 0x577f5c535f90: device AA:BB:CC:00:00:03 profile avrcp-controller state changed: unavailable -> disconnected (0)
Aug 18 22:15:00.894182 n bluetoothd[348170]: profiles/audio/avrcp.c:avrcp_target_probe() path /org/bluez/hci0/dev_AA:BB:CC:00:00:03
Aug 18 22:15:00.894187 n bluetoothd[348170]: src/service.c:btd_service_ref() 0x577f5c536050: ref=2
Aug 18 22:15:00.894194 n bluetoothd[348170]: src/service.c:change_state() 0x577f5c536050: device AA:BB:CC:00:00:03 profile audio-avrcp-target state changed: unavailable -> disconnected (0)
Aug 18 22:15:00.894202 n bluetoothd[348170]: profiles/audio/a2dp.c:a2dp_sink_probe() path /org/bluez/hci0/dev_AA:BB:CC:00:00:03
Aug 18 22:15:00.894208 n bluetoothd[348170]: profiles/audio/sink.c:sink_init() /org/bluez/hci0/dev_AA:BB:CC:00:00:03
Aug 18 22:15:00.894212 n bluetoothd[348170]: src/service.c:btd_service_ref() 0x577f5c536090: ref=2
Aug 18 22:15:00.894219 n bluetoothd[348170]: src/service.c:change_state() 0x577f5c536090: device AA:BB:CC:00:00:03 profile a2dp-sink state changed: unavailable -> disconnected (0)
Aug 18 22:15:00.894294 n bluetoothd[348170]: profiles/audio/avrcp.c:avrcp_controller_probe() path /org/bluez/hci0/dev_AA:BB:CC:00:00:04
Aug 18 22:15:00.894301 n bluetoothd[348170]: profiles/audio/control.c:control_init() Registered interface org.bluez.MediaControl1 on path /org/bluez/hci0/dev_AA:BB:CC:00:00:04
Aug 18 22:15:00.894306 n bluetoothd[348170]: src/service.c:btd_service_ref() 0x577f5c536150: ref=2
Aug 18 22:15:00.894311 n bluetoothd[348170]: src/service.c:change_state() 0x577f5c536150: device AA:BB:CC:00:00:04 profile avrcp-controller state changed: unavailable -> disconnected (0)
Aug 18 22:15:00.894324 n bluetoothd[348170]: profiles/audio/avrcp.c:avrcp_target_probe() path /org/bluez/hci0/dev_AA:BB:CC:00:00:04
Aug 18 22:15:00.894329 n bluetoothd[348170]: src/service.c:btd_service_ref() 0x577f5c536210: ref=2
Aug 18 22:15:00.894335 n bluetoothd[348170]: src/service.c:change_state() 0x577f5c536210: device AA:BB:CC:00:00:04 profile audio-avrcp-target state changed: unavailable -> disconnected (0)
Aug 18 22:15:00.894341 n bluetoothd[348170]: profiles/audio/a2dp.c:a2dp_source_probe() path /org/bluez/hci0/dev_AA:BB:CC:00:00:04
Aug 18 22:15:00.894347 n bluetoothd[348170]: profiles/audio/source.c:source_init() /org/bluez/hci0/dev_AA:BB:CC:00:00:04
Aug 18 22:15:00.894356 n bluetoothd[348170]: src/service.c:btd_service_ref() 0x577f5c536250: ref=2
Aug 18 22:15:00.894362 n bluetoothd[348170]: src/service.c:change_state() 0x577f5c536250: device AA:BB:CC:00:00:04 profile a2dp-source state changed: unavailable -> disconnected (0)
Aug 18 22:15:00.894369 n bluetoothd[348170]: profiles/audio/a2dp.c:a2dp_sink_probe() path /org/bluez/hci0/dev_AA:BB:CC:00:00:04
Aug 18 22:15:00.894374 n bluetoothd[348170]: profiles/audio/sink.c:sink_init() /org/bluez/hci0/dev_AA:BB:CC:00:00:04
Aug 18 22:15:00.894381 n bluetoothd[348170]: src/service.c:btd_service_ref() 0x577f5c536310: ref=2
Aug 18 22:15:00.894386 n bluetoothd[348170]: src/service.c:change_state() 0x577f5c536310: device AA:BB:CC:00:00:04 profile a2dp-sink state changed: unavailable -> disconnected (0)
Aug 18 22:15:00.894468 n bluetoothd[348170]: profiles/audio/avrcp.c:avrcp_controller_probe() path /org/bluez/hci0/dev_AA:BB:CC:00:00:01
Aug 18 22:15:00.894476 n bluetoothd[348170]: profiles/audio/control.c:control_init() Registered interface org.bluez.MediaControl1 on path /org/bluez/hci0/dev_AA:BB:CC:00:00:01
Aug 18 22:15:00.894481 n bluetoothd[348170]: src/service.c:btd_service_ref() 0x577f5c536390: ref=2
Aug 18 22:15:00.894486 n bluetoothd[348170]: src/service.c:change_state() 0x577f5c536390: device AA:BB:CC:00:00:01 profile avrcp-controller state changed: unavailable -> disconnected (0)
Aug 18 22:15:00.894494 n bluetoothd[348170]: profiles/audio/avrcp.c:avrcp_target_probe() path /org/bluez/hci0/dev_AA:BB:CC:00:00:01
Aug 18 22:15:00.894498 n bluetoothd[348170]: src/service.c:btd_service_ref() 0x577f5c536450: ref=2
Aug 18 22:15:00.894504 n bluetoothd[348170]: src/service.c:change_state() 0x577f5c536450: device AA:BB:CC:00:00:01 profile audio-avrcp-target state changed: unavailable -> disconnected (0)
Aug 18 22:15:00.894512 n bluetoothd[348170]: profiles/audio/a2dp.c:a2dp_sink_probe() path /org/bluez/hci0/dev_AA:BB:CC:00:00:01
Aug 18 22:15:00.894518 n bluetoothd[348170]: profiles/audio/sink.c:sink_init() /org/bluez/hci0/dev_AA:BB:CC:00:00:01
Aug 18 22:15:00.894523 n bluetoothd[348170]: src/service.c:btd_service_ref() 0x577f5c536490: ref=2
Aug 18 22:15:00.894528 n bluetoothd[348170]: src/service.c:change_state() 0x577f5c536490: device AA:BB:CC:00:00:01 profile a2dp-sink state changed: unavailable -> disconnected (0)
Aug 18 22:15:00.894606 n bluetoothd[348170]: src/adapter.c:load_connections() sending get connections command for index 0
Aug 18 22:15:00.894613 n bluetoothd[348170]: src/adapter.c:adapter_service_insert() /org/bluez/hci0
Aug 18 22:15:00.894618 n bluetoothd[348170]: src/adapter.c:add_uuid() sending add uuid command for index 0
Aug 18 22:15:00.894623 n bluetoothd[348170]: src/adapter.c:set_did() hci0 source 2 vendor 1d6b product 246 version 548
Aug 18 22:15:00.894629 n bluetoothd[348170]: src/adapter.c:adapter_register() Adapter /org/bluez/hci0 registered
Aug 18 22:15:00.894635 n bluetoothd[348170]: src/adapter.c:set_dev_class() sending set device class command for index 0
Aug 18 22:15:00.894640 n bluetoothd[348170]: src/adapter.c:set_name() sending set local name command for index 0
Aug 18 22:15:00.894646 n bluetoothd[348170]: src/adapter.c:adapter_set_power_state() on
Aug 18 22:15:00.894652 n bluetoothd[348170]: src/adapter.c:adapter_start() adapter /org/bluez/hci0 has been enabled
Aug 18 22:15:00.894658 n bluetoothd[348170]: src/adapter.c:trigger_passive_scanning()
Aug 18 22:15:00.894715 n bluetoothd[348170]: src/shared/mgmt.c:send_request() [0x0000] command 0x0011
Aug 18 22:15:00.894731 n bluetoothd[348170]: src/shared/mgmt.c:can_read_data() [0x0000] command 0x0011 complete: 0x00
Aug 18 22:15:00.894760 n bluetoothd[348170]: src/shared/mgmt.c:send_request() [0x0000] command 0x0034
Aug 18 22:15:00.894773 n bluetoothd[348170]: src/shared/mgmt.c:can_read_data() [0x0000] command 0x0034 complete: 0x00
Aug 18 22:15:00.894793 n bluetoothd[348170]: src/shared/mgmt.c:send_request() [0x0000] command 0x002f
Aug 18 22:15:00.894805 n bluetoothd[348170]: src/shared/mgmt.c:can_read_data() [0x0000] command 0x2f status: 0x0b
Aug 18 22:15:00.894810 n bluetoothd[348170]: Failed to set privacy: Rejected (0x0b)
Aug 18 22:15:00.894831 n bluetoothd[348170]: src/shared/mgmt.c:send_request() [0x0000] command 0x0018
Aug 18 22:15:00.894843 n bluetoothd[348170]: src/shared/mgmt.c:can_read_data() [0x0000] command 0x0018 complete: 0x00
Aug 18 22:15:00.894860 n bluetoothd[348170]: src/shared/mgmt.c:send_request() [0x0000] command 0x0010
Aug 18 22:15:00.905407 n bluetoothd[348170]: src/shared/mgmt.c:can_read_data() [0x0000] command 0x0010 complete: 0x00
Aug 18 22:15:00.905465 n bluetoothd[348170]: src/shared/mgmt.c:send_request() [0x0000] command 0x0010
Aug 18 22:15:00.905535 n bluetoothd[348170]: src/shared/mgmt.c:can_read_data() [0x0000] command 0x0010 complete: 0x00
Aug 18 22:15:00.905598 n bluetoothd[348170]: src/shared/mgmt.c:send_request() [0x0000] command 0x0010
Aug 18 22:15:00.905693 n bluetoothd[348170]: src/shared/mgmt.c:can_read_data() [0x0000] command 0x0010 complete: 0x00
Aug 18 22:15:00.905747 n bluetoothd[348170]: src/shared/mgmt.c:send_request() [0x0000] command 0x003d
Aug 18 22:15:00.905781 n bluetoothd[348170]: src/shared/mgmt.c:can_read_data() [0x0000] command 0x003d complete: 0x00
Aug 18 22:15:00.905839 n bluetoothd[348170]: src/shared/mgmt.c:send_request() [0x0000] command 0x000e
Aug 18 22:15:00.906965 n bluetoothd[348170]: src/profile.c:register_profile() sender :1.86
Aug 18 22:15:00.906981 n bluetoothd[348170]: src/profile.c:create_ext() Created "Hands-Free Voice gateway"
Aug 18 22:15:00.906987 n bluetoothd[348170]: src/profile.c:ext_adapter_probe() "Hands-Free Voice gateway" probed
Aug 18 22:15:00.907010 n bluetoothd[348170]: src/profile.c:ext_start_servers() Hands-Free Voice gateway listening on chan 13
Aug 18 22:15:00.907037 n bluetoothd[348170]: src/adapter.c:adapter_service_add() /org/bluez/hci0
Aug 18 22:15:00.907044 n bluetoothd[348170]: src/sdpd-service.c:add_record_to_server() Adding record with handle 0x1000d
Aug 18 22:15:00.907052 n bluetoothd[348170]: src/sdpd-service.c:add_record_to_server() Record pattern UUID 00000003-0000-1000-8000-00805f9
Aug 18 22:15:00.907057 n bluetoothd[348170]: src/sdpd-service.c:add_record_to_server() Record pattern UUID 00000100-0000-1000-8000-00805f9
Aug 18 22:15:00.907062 n bluetoothd[348170]: src/sdpd-service.c:add_record_to_server() Record pattern UUID 00001002-0000-1000-8000-00805f9
Aug 18 22:15:00.907068 n bluetoothd[348170]: src/sdpd-service.c:add_record_to_server() Record pattern UUID 0000111e-0000-1000-8000-00805f9
Aug 18 22:15:00.907072 n bluetoothd[348170]: src/sdpd-service.c:add_record_to_server() Record pattern UUID 0000111f-0000-1000-8000-00805f9
Aug 18 22:15:00.907078 n bluetoothd[348170]: src/sdpd-service.c:add_record_to_server() Record pattern UUID 00001203-0000-1000-8000-00805f9
Aug 18 22:15:00.907085 n bluetoothd[348170]: src/adapter.c:adapter_service_insert() /org/bluez/hci0
Aug 18 22:15:00.907092 n bluetoothd[348170]: src/adapter.c:add_uuid() sending add uuid command for index 0
Aug 18 22:15:00.907106 n bluetoothd[348170]: src/profile.c:ext_device_probe() Hands-Free Voice gateway probed with UUID <UUID-04>
Aug 18 22:15:00.907115 n bluetoothd[348170]: src/service.c:change_state() 0x577f5c5381d0: device AA:BB:CC:00:00:03 profile Hands-Free Voice gateway state changed: unavailable -> disconnected (0)
Aug 18 22:15:00.907125 n bluetoothd[348170]: src/profile.c:ext_device_probe() Hands-Free Voice gateway probed with UUID <UUID-04>
Aug 18 22:15:00.907131 n bluetoothd[348170]: src/service.c:change_state() 0x577f5c538210: device AA:BB:CC:00:00:04 profile Hands-Free Voice gateway state changed: unavailable -> disconnected (0)
Aug 18 22:15:00.907140 n bluetoothd[348170]: src/profile.c:ext_device_probe() Hands-Free Voice gateway probed with UUID <UUID-04>
Aug 18 22:15:00.907145 n bluetoothd[348170]: src/service.c:change_state() 0x577f5c538250: device AA:BB:CC:00:00:01 profile Hands-Free Voice gateway state changed: unavailable -> disconnected (0)
Aug 18 22:15:00.907224 n bluetoothd[348170]: src/profile.c:register_profile() sender :1.86
Aug 18 22:15:00.907238 n bluetoothd[348170]: src/profile.c:create_ext() Created "Hands-Free unit"
Aug 18 22:15:00.907244 n bluetoothd[348170]: src/profile.c:ext_adapter_probe() "Hands-Free unit" probed
Aug 18 22:15:00.907263 n bluetoothd[348170]: src/profile.c:ext_start_servers() Hands-Free unit listening on chan 7
Aug 18 22:15:00.907283 n bluetoothd[348170]: src/adapter.c:adapter_service_add() /org/bluez/hci0
Aug 18 22:15:00.907296 n bluetoothd[348170]: src/sdpd-service.c:add_record_to_server() Adding record with handle 0x1000e
Aug 18 22:15:00.907302 n bluetoothd[348170]: src/sdpd-service.c:add_record_to_server() Record pattern UUID 00000003-0000-1000-8000-00805f9
Aug 18 22:15:00.907308 n bluetoothd[348170]: src/sdpd-service.c:add_record_to_server() Record pattern UUID 00000100-0000-1000-8000-00805f9
Aug 18 22:15:00.907313 n bluetoothd[348170]: src/sdpd-service.c:add_record_to_server() Record pattern UUID 00001002-0000-1000-8000-00805f9
Aug 18 22:15:00.907325 n bluetoothd[348170]: src/sdpd-service.c:add_record_to_server() Record pattern UUID 0000111e-0000-1000-8000-00805f9
Aug 18 22:15:00.907331 n bluetoothd[348170]: src/sdpd-service.c:add_record_to_server() Record pattern UUID 00001203-0000-1000-8000-00805f9
Aug 18 22:15:00.907336 n bluetoothd[348170]: src/adapter.c:adapter_service_insert() /org/bluez/hci0
Aug 18 22:15:00.907342 n bluetoothd[348170]: src/adapter.c:add_uuid() sending add uuid command for index 0
Aug 18 22:15:00.908127 n bluetoothd[348170]: profiles/audio/media.c:register_app() Registering application: :1.86:/MediaEndpoint
Aug 18 22:15:00.908886 n bluetoothd[348170]: profiles/audio/media.c:proxy_added_cb() Proxy added: /MediaEndpoint/A2DPSource/ldac, iface: org.bluez.MediaEndpoint1
Aug 18 22:15:00.908909 n bluetoothd[348170]: profiles/audio/avdtp.c:avdtp_register_sep() SEP 0x577f5c5402e0 registered: type:0 codec:255 seid_pool:0x577f5c52e138 seid:1
Aug 18 22:15:00.908927 n bluetoothd[348170]: src/adapter.c:adapter_service_add() /org/bluez/hci0
Aug 18 22:15:00.908937 n bluetoothd[348170]: src/sdpd-service.c:add_record_to_server() Adding record with handle 0x1000f
Aug 18 22:15:00.908945 n bluetoothd[348170]: src/sdpd-service.c:add_record_to_server() Record pattern UUID 00000019-0000-1000-8000-00805f9
Aug 18 22:15:00.908951 n bluetoothd[348170]: src/sdpd-service.c:add_record_to_server() Record pattern UUID 00000100-0000-1000-8000-00805f9
Aug 18 22:15:00.908960 n bluetoothd[348170]: src/sdpd-service.c:add_record_to_server() Record pattern UUID 00001002-0000-1000-8000-00805f9
Aug 18 22:15:00.908967 n bluetoothd[348170]: src/sdpd-service.c:add_record_to_server() Record pattern UUID 0000110a-0000-1000-8000-00805f9
Aug 18 22:15:00.908973 n bluetoothd[348170]: src/sdpd-service.c:add_record_to_server() Record pattern UUID 0000110d-0000-1000-8000-00805f9
Aug 18 22:15:00.908979 n bluetoothd[348170]: src/adapter.c:adapter_service_insert() /org/bluez/hci0
Aug 18 22:15:00.908987 n bluetoothd[348170]: src/adapter.c:add_uuid() sending add uuid command for index 0
Aug 18 22:15:00.909167 n bluetoothd[348170]: profiles/audio/media.c:proxy_added_cb() Proxy added: /MediaEndpoint/A2DPSink/aptx_hd, iface: org.bluez.MediaEndpoint1
Aug 18 22:15:00.909180 n bluetoothd[348170]: profiles/audio/avdtp.c:avdtp_register_sep() SEP 0x577f5c5445e0 registered: type:1 codec:255 seid_pool:0x577f5c52e138 seid:2
Aug 18 22:15:00.909189 n bluetoothd[348170]: src/adapter.c:adapter_service_add() /org/bluez/hci0
Aug 18 22:15:00.909195 n bluetoothd[348170]: src/sdpd-service.c:add_record_to_server() Adding record with handle 0x10010
Aug 18 22:15:00.909201 n bluetoothd[348170]: src/sdpd-service.c:add_record_to_server() Record pattern UUID 00000019-0000-1000-8000-00805f9
Aug 18 22:15:00.909206 n bluetoothd[348170]: src/sdpd-service.c:add_record_to_server() Record pattern UUID 00000100-0000-1000-8000-00805f9
Aug 18 22:15:00.909211 n bluetoothd[348170]: src/sdpd-service.c:add_record_to_server() Record pattern UUID 00001002-0000-1000-8000-00805f9
Aug 18 22:15:00.909221 n bluetoothd[348170]: src/sdpd-service.c:add_record_to_server() Record pattern UUID 0000110b-0000-1000-8000-00805f9
Aug 18 22:15:00.909226 n bluetoothd[348170]: src/sdpd-service.c:add_record_to_server() Record pattern UUID 0000110d-0000-1000-8000-00805f9
Aug 18 22:15:00.909231 n bluetoothd[348170]: src/adapter.c:adapter_service_insert() /org/bluez/hci0
Aug 18 22:15:00.909237 n bluetoothd[348170]: src/adapter.c:add_uuid() sending add uuid command for index 0
Aug 18 22:15:00.909359 n bluetoothd[348170]: profiles/audio/media.c:proxy_added_cb() Proxy added: /MediaEndpoint/A2DPSource/aptx_hd, iface: org.bluez.MediaEndpoint1
Aug 18 22:15:00.909368 n bluetoothd[348170]: profiles/audio/avdtp.c:avdtp_register_sep() SEP 0x577f5c545a60 registered: type:0 codec:255 seid_pool:0x577f5c52e138 seid:3
Aug 18 22:15:00.909483 n bluetoothd[348170]: profiles/audio/media.c:proxy_added_cb() Proxy added: /MediaEndpoint/A2DPSink/aptx, iface: org.bluez.MediaEndpoint1
Aug 18 22:15:00.909493 n bluetoothd[348170]: profiles/audio/avdtp.c:avdtp_register_sep() SEP 0x577f5c547510 registered: type:1 codec:255 seid_pool:0x577f5c52e138 seid:4
Aug 18 22:15:00.909641 n bluetoothd[348170]: profiles/audio/media.c:proxy_added_cb() Proxy added: /MediaEndpoint/A2DPSource/aptx, iface: org.bluez.MediaEndpoint1
Aug 18 22:15:00.909652 n bluetoothd[348170]: profiles/audio/avdtp.c:avdtp_register_sep() SEP 0x577f5c5480d0 registered: type:0 codec:255 seid_pool:0x577f5c52e138 seid:5
Aug 18 22:15:00.909785 n bluetoothd[348170]: profiles/audio/media.c:proxy_added_cb() Proxy added: /MediaEndpoint/A2DPSink/sbc, iface: org.bluez.MediaEndpoint1
Aug 18 22:15:00.909792 n bluetoothd[348170]: profiles/audio/avdtp.c:avdtp_register_sep() SEP 0x577f5c548b40 registered: type:1 codec:0 seid_pool:0x577f5c52e138 seid:6
Aug 18 22:15:00.909941 n bluetoothd[348170]: profiles/audio/media.c:proxy_added_cb() Proxy added: /MediaEndpoint/A2DPSource/sbc, iface: org.bluez.MediaEndpoint1
Aug 18 22:15:00.909956 n bluetoothd[348170]: profiles/audio/avdtp.c:avdtp_register_sep() SEP 0x577f5c549700 registered: type:0 codec:0 seid_pool:0x577f5c52e138 seid:7
Aug 18 22:15:00.910178 n bluetoothd[348170]: profiles/audio/media.c:proxy_added_cb() Proxy added: /MediaEndpoint/A2DPSink/sbc_xq, iface: org.bluez.MediaEndpoint1
Aug 18 22:15:00.910195 n bluetoothd[348170]: profiles/audio/avdtp.c:avdtp_register_sep() SEP 0x577f5c54a1e0 registered: type:1 codec:0 seid_pool:0x577f5c52e138 seid:8
Aug 18 22:15:00.910338 n bluetoothd[348170]: profiles/audio/media.c:proxy_added_cb() Proxy added: /MediaEndpoint/A2DPSource/sbc_xq, iface: org.bluez.MediaEndpoint1
Aug 18 22:15:00.910353 n bluetoothd[348170]: profiles/audio/avdtp.c:avdtp_register_sep() SEP 0x577f5c54ae10 registered: type:0 codec:0 seid_pool:0x577f5c52e138 seid:9
Aug 18 22:15:00.910488 n bluetoothd[348170]: profiles/audio/media.c:proxy_added_cb() Proxy added: /MediaEndpoint/A2DPSource/aptx_ll_1, iface: org.bluez.MediaEndpoint1
Aug 18 22:15:00.910500 n bluetoothd[348170]: profiles/audio/avdtp.c:avdtp_register_sep() SEP 0x577f5c54ba40 registered: type:0 codec:255 seid_pool:0x577f5c52e138 seid:10
Aug 18 22:15:00.910605 n bluetoothd[348170]: profiles/audio/media.c:proxy_added_cb() Proxy added: /MediaEndpoint/A2DPSource/aptx_ll_0, iface: org.bluez.MediaEndpoint1
Aug 18 22:15:00.910614 n bluetoothd[348170]: profiles/audio/avdtp.c:avdtp_register_sep() SEP 0x577f5c54c670 registered: type:0 codec:255 seid_pool:0x577f5c52e138 seid:11
Aug 18 22:15:00.910985 n bluetoothd[348170]: profiles/audio/media.c:proxy_added_cb() Proxy added: /MediaEndpoint/A2DPSource/aptx_ll_duplex_1, iface: org.bluez.MediaEndpoint1
Aug 18 22:15:00.910999 n bluetoothd[348170]: profiles/audio/avdtp.c:avdtp_register_sep() SEP 0x577f5c54d210 registered: type:0 codec:255 seid_pool:0x577f5c52e138 seid:12
Aug 18 22:15:00.911145 n bluetoothd[348170]: profiles/audio/media.c:proxy_added_cb() Proxy added: /MediaEndpoint/A2DPSource/aptx_ll_duplex_0, iface: org.bluez.MediaEndpoint1
Aug 18 22:15:00.911156 n bluetoothd[348170]: profiles/audio/avdtp.c:avdtp_register_sep() SEP 0x577f5c54ddb0 registered: type:0 codec:255 seid_pool:0x577f5c52e138 seid:13
Aug 18 22:15:00.911288 n bluetoothd[348170]: profiles/audio/media.c:proxy_added_cb() Proxy added: /MediaEndpoint/A2DPSource/faststream, iface: org.bluez.MediaEndpoint1
Aug 18 22:15:00.911299 n bluetoothd[348170]: profiles/audio/avdtp.c:avdtp_register_sep() SEP 0x577f5c54ea20 registered: type:0 codec:255 seid_pool:0x577f5c52e138 seid:14
Aug 18 22:15:00.911451 n bluetoothd[348170]: profiles/audio/media.c:proxy_added_cb() Proxy added: /MediaEndpoint/A2DPSource/faststream_duplex, iface: org.bluez.MediaEndpoint1
Aug 18 22:15:00.911464 n bluetoothd[348170]: profiles/audio/avdtp.c:avdtp_register_sep() SEP 0x577f5c54f640 registered: type:0 codec:255 seid_pool:0x577f5c52e138 seid:15
Aug 18 22:15:00.911596 n bluetoothd[348170]: profiles/audio/media.c:proxy_added_cb() Proxy added: /MediaEndpoint/A2DPSink/opus_05, iface: org.bluez.MediaEndpoint1
Aug 18 22:15:00.911608 n bluetoothd[348170]: profiles/audio/avdtp.c:avdtp_register_sep() SEP 0x577f5c550170 registered: type:1 codec:255 seid_pool:0x577f5c52e138 seid:16
Aug 18 22:15:00.911753 n bluetoothd[348170]: profiles/audio/media.c:proxy_added_cb() Proxy added: /MediaEndpoint/A2DPSource/opus_05, iface: org.bluez.MediaEndpoint1
Aug 18 22:15:00.911768 n bluetoothd[348170]: profiles/audio/avdtp.c:avdtp_register_sep() SEP 0x577f5c550db0 registered: type:0 codec:255 seid_pool:0x577f5c52e138 seid:17
Aug 18 22:15:00.911908 n bluetoothd[348170]: profiles/audio/media.c:proxy_added_cb() Proxy added: /MediaEndpoint/A2DPSink/opus_05_duplex, iface: org.bluez.MediaEndpoint1
Aug 18 22:15:00.911919 n bluetoothd[348170]: profiles/audio/avdtp.c:avdtp_register_sep() SEP 0x577f5c5518a0 registered: type:1 codec:255 seid_pool:0x577f5c52e138 seid:18
Aug 18 22:15:00.912052 n bluetoothd[348170]: profiles/audio/media.c:proxy_added_cb() Proxy added: /MediaEndpoint/A2DPSource/opus_05_duplex, iface: org.bluez.MediaEndpoint1
Aug 18 22:15:00.912064 n bluetoothd[348170]: profiles/audio/avdtp.c:avdtp_register_sep() SEP 0x577f5c5524d0 registered: type:0 codec:255 seid_pool:0x577f5c52e138 seid:19
Aug 18 22:15:00.912085 n bluetoothd[348170]: profiles/audio/media.c:client_ready_cb() Media application registered: :1.86:/MediaEndpoint
Aug 18 22:15:00.912368 n bluetoothd[348170]: src/shared/mgmt.c:can_read_data() [0x0000] event 0x0007
Aug 18 22:15:00.912378 n bluetoothd[348170]: src/adapter.c:dev_class_changed_callback() Class: 0x00010c
Aug 18 22:15:00.912399 n bluetoothd[348170]: src/shared/mgmt.c:can_read_data() [0x0000] command 0x000e complete: 0x00
Aug 18 22:15:00.912429 n bluetoothd[348170]: src/shared/mgmt.c:send_request() [0x0000] command 0x0010
Aug 18 22:15:00.915390 n bluetoothd[348170]: src/shared/mgmt.c:can_read_data() [0x0000] command 0x0010 complete: 0x00
Aug 18 22:15:00.915433 n bluetoothd[348170]: src/shared/mgmt.c:send_request() [0x0000] command 0x0010
Aug 18 22:15:00.918382 n bluetoothd[348170]: src/shared/mgmt.c:can_read_data() [0x0000] command 0x0010 complete: 0x00
Aug 18 22:15:00.918418 n bluetoothd[348170]: src/shared/mgmt.c:send_request() [0x0000] command 0x0010
Aug 18 22:15:00.921406 n bluetoothd[348170]: src/shared/mgmt.c:can_read_data() [0x0000] command 0x0010 complete: 0x00
Aug 18 22:15:00.921465 n bluetoothd[348170]: src/shared/mgmt.c:send_request() [0x0000] command 0x0010
Aug 18 22:15:00.924380 n bluetoothd[348170]: src/shared/mgmt.c:can_read_data() [0x0000] command 0x0010 complete: 0x00
Aug 18 22:15:00.924422 n bluetoothd[348170]: src/shared/mgmt.c:send_request() [0x0000] command 0x0010
Aug 18 22:15:00.927357 n bluetoothd[348170]: src/shared/mgmt.c:can_read_data() [0x0000] event 0x0007
Aug 18 22:15:00.927374 n bluetoothd[348170]: src/adapter.c:dev_class_changed_callback() Class: 0x10010c
Aug 18 22:15:00.930380 n bluetoothd[348170]: src/shared/mgmt.c:can_read_data() [0x0000] command 0x0010 complete: 0x00
Aug 18 22:15:00.930437 n bluetoothd[348170]: src/shared/mgmt.c:send_request() [0x0000] command 0x0010
Aug 18 22:15:00.933373 n bluetoothd[348170]: src/shared/mgmt.c:can_read_data() [0x0000] command 0x0010 complete: 0x00
Aug 18 22:15:00.933410 n bluetoothd[348170]: src/shared/mgmt.c:send_request() [0x0000] command 0x0010
Aug 18 22:15:00.936413 n bluetoothd[348170]: src/shared/mgmt.c:can_read_data() [0x0000] command 0x0010 complete: 0x00
Aug 18 22:15:00.936486 n bluetoothd[348170]: src/shared/mgmt.c:send_request() [0x0000] command 0x0010
Aug 18 22:15:00.939390 n bluetoothd[348170]: src/shared/mgmt.c:can_read_data() [0x0000] command 0x0010 complete: 0x00
Aug 18 22:15:00.939427 n bluetoothd[348170]: src/shared/mgmt.c:send_request() [0x0000] command 0x0010
Aug 18 22:15:00.942370 n bluetoothd[348170]: src/shared/mgmt.c:can_read_data() [0x0000] command 0x0010 complete: 0x00
Aug 18 22:15:00.942404 n bluetoothd[348170]: src/shared/mgmt.c:send_request() [0x0000] command 0x0027
Aug 18 22:15:00.942421 n bluetoothd[348170]: src/shared/mgmt.c:can_read_data() [0x0000] command 0x0027 complete: 0x00
Aug 18 22:15:00.942445 n bluetoothd[348170]: src/shared/mgmt.c:send_request() [0x0000] command 0x004c
Aug 18 22:15:00.942460 n bluetoothd[348170]: src/shared/mgmt.c:can_read_data() [0x0000] command 0x4c status: 0x0d
Aug 18 22:15:00.942487 n bluetoothd[348170]: src/shared/mgmt.c:send_request() [0x0000] command 0x0033
Aug 18 22:15:00.942505 n bluetoothd[348170]: src/shared/mgmt.c:can_read_data() [0x0000] event 0x002a
Aug 18 22:15:00.942529 n bluetoothd[348170]: src/shared/mgmt.c:can_read_data() [0x0000] command 0x0033 complete: 0x00
Aug 18 22:15:00.942537 n bluetoothd[348170]: src/adapter.c:add_accept_list_complete() AA:BB:CC:00:00:03 added to kernel accept list
Aug 18 22:15:00.942573 n bluetoothd[348170]: src/shared/mgmt.c:send_request() [0x0000] command 0x0033
Aug 18 22:15:00.942589 n bluetoothd[348170]: src/shared/mgmt.c:can_read_data() [0x0000] event 0x002a
Aug 18 22:15:00.942604 n bluetoothd[348170]: src/shared/mgmt.c:can_read_data() [0x0000] command 0x0033 complete: 0x00
Aug 18 22:15:00.942611 n bluetoothd[348170]: src/adapter.c:add_accept_list_complete() AA:BB:CC:00:00:04 added to kernel accept list
Aug 18 22:15:00.942635 n bluetoothd[348170]: src/shared/mgmt.c:send_request() [0x0000] command 0x0033
Aug 18 22:15:00.942650 n bluetoothd[348170]: src/shared/mgmt.c:can_read_data() [0x0000] event 0x002a
Aug 18 22:15:00.942665 n bluetoothd[348170]: src/shared/mgmt.c:can_read_data() [0x0000] command 0x0033 complete: 0x00
Aug 18 22:15:00.942672 n bluetoothd[348170]: src/adapter.c:add_accept_list_complete() AA:BB:CC:00:00:01 added to kernel accept list
Aug 18 22:15:00.942704 n bluetoothd[348170]: src/shared/mgmt.c:send_request() [0x0000] command 0x0012
Aug 18 22:15:00.942719 n bluetoothd[348170]: src/shared/mgmt.c:can_read_data() [0x0000] command 0x0012 complete: 0x00
Aug 18 22:15:00.942726 n bluetoothd[348170]: src/adapter.c:load_link_keys_complete() link keys loaded for hci0
Aug 18 22:15:00.942750 n bluetoothd[348170]: src/shared/mgmt.c:send_request() [0x0000] command 0x0013
Aug 18 22:15:00.942764 n bluetoothd[348170]: src/shared/mgmt.c:can_read_data() [0x0000] command 0x0013 complete: 0x00
Aug 18 22:15:00.942774 n bluetoothd[348170]: src/adapter.c:load_ltks_complete() LTKs loaded for hci0
Aug 18 22:15:00.942808 n bluetoothd[348170]: src/shared/mgmt.c:send_request() [0x0000] command 0x0030
Aug 18 22:15:00.942831 n bluetoothd[348170]: src/shared/mgmt.c:can_read_data() [0x0000] command 0x0030 complete: 0x00
Aug 18 22:15:00.942841 n bluetoothd[348170]: src/adapter.c:load_irks_complete() IRKs loaded for hci0
Aug 18 22:15:00.942875 n bluetoothd[348170]: src/shared/mgmt.c:send_request() [0x0000] command 0x0035
Aug 18 22:15:00.942898 n bluetoothd[348170]: src/shared/mgmt.c:can_read_data() [0x0000] command 0x0035 complete: 0x00
Aug 18 22:15:00.942906 n bluetoothd[348170]: src/adapter.c:load_conn_params_complete() Connection Parameters loaded for hci0
Aug 18 22:15:00.942942 n bluetoothd[348170]: src/shared/mgmt.c:send_request() [0x0000] command 0x0015
Aug 18 22:15:00.942964 n bluetoothd[348170]: src/shared/mgmt.c:can_read_data() [0x0000] command 0x0015 complete: 0x00
Aug 18 22:15:00.942972 n bluetoothd[348170]: src/adapter.c:get_connections_complete() Connection count: 1
Aug 18 22:15:00.942984 n bluetoothd[348170]: src/adapter.c:get_connections_complete() Adding existing connection to AA:BB:CC:00:00:01
Aug 18 22:15:00.943022 n bluetoothd[348170]: src/shared/mgmt.c:send_request() [0x0000] command 0x0010
Aug 18 22:15:00.945383 n bluetoothd[348170]: src/shared/mgmt.c:can_read_data() [0x0000] command 0x0010 complete: 0x00
Aug 18 22:15:00.945435 n bluetoothd[348170]: src/shared/mgmt.c:send_request() [0x0000] command 0x0028
Aug 18 22:15:00.945465 n bluetoothd[348170]: src/shared/mgmt.c:can_read_data() [0x0000] command 0x0028 complete: 0x00
Aug 18 22:15:00.945502 n bluetoothd[348170]: src/shared/mgmt.c:send_request() [0x0000] command 0x000e
Aug 18 22:15:00.945528 n bluetoothd[348170]: src/shared/mgmt.c:can_read_data() [0x0000] command 0x000e complete: 0x00
Aug 18 22:15:00.945568 n bluetoothd[348170]: src/shared/mgmt.c:send_request() [0x0000] command 0x000f
Aug 18 22:15:00.951388 n bluetoothd[348170]: src/shared/mgmt.c:can_read_data() [0x0000] command 0x000f complete: 0x00
Aug 18 22:15:00.951401 n bluetoothd[348170]: src/adapter.c:local_name_changed_callback() Name: BlueZ 5.72
Aug 18 22:15:00.951410 n bluetoothd[348170]: src/adapter.c:local_name_changed_callback() Short name:
Aug 18 22:15:00.951419 n bluetoothd[348170]: src/adapter.c:local_name_changed_callback() Current alias: BlueZ 5.72
Aug 18 22:15:00.951465 n bluetoothd[348170]: src/shared/mgmt.c:send_request() [0x0000] command 0x0046
Aug 18 22:15:00.951486 n bluetoothd[348170]: src/shared/mgmt.c:can_read_data() [0x0000] command 0x0046 complete: 0x00
Aug 18 22:15:00.951494 n bluetoothd[348170]: src/adapter.c:set_blocked_keys_complete() Successfully set blocked keys for index 0
Aug 18 22:15:00.951524 n bluetoothd[348170]: src/shared/mgmt.c:send_request() [0x0000] command 0x0010
Aug 18 22:15:00.954358 n bluetoothd[348170]: src/shared/mgmt.c:can_read_data() [0x0000] event 0x0007
Aug 18 22:15:00.954370 n bluetoothd[348170]: src/adapter.c:dev_class_changed_callback() Class: 0x50010c
Aug 18 22:15:00.957374 n bluetoothd[348170]: src/shared/mgmt.c:can_read_data() [0x0000] command 0x0010 complete: 0x00
Aug 18 22:15:00.957419 n bluetoothd[348170]: src/shared/mgmt.c:send_request() [0x0000] command 0x0010
Aug 18 22:15:00.960360 n bluetoothd[348170]: src/shared/mgmt.c:can_read_data() [0x0000] event 0x0007
Aug 18 22:15:00.960372 n bluetoothd[348170]: src/adapter.c:dev_class_changed_callback() Class: 0x70010c
Aug 18 22:15:00.963378 n bluetoothd[348170]: src/shared/mgmt.c:can_read_data() [0x0000] command 0x0010 complete: 0x00
Aug 18 22:15:00.963424 n bluetoothd[348170]: src/shared/mgmt.c:send_request() [0x0000] command 0x0010
Aug 18 22:15:00.966362 n bluetoothd[348170]: src/shared/mgmt.c:can_read_data() [0x0000] event 0x0007
Aug 18 22:15:00.966377 n bluetoothd[348170]: src/adapter.c:dev_class_changed_callback() Class: 0x78010c
Aug 18 22:15:00.969401 n bluetoothd[348170]: src/shared/mgmt.c:can_read_data() [0x0000] command 0x0010 complete: 0x00
Aug 18 22:15:00.969447 n bluetoothd[348170]: src/shared/mgmt.c:send_request() [0x0000] command 0x0010
Aug 18 22:15:00.972066 n bluetoothd[348170]: plugins/hostname.c:property_changed() static hostname: 'n'
Aug 18 22:15:00.972082 n bluetoothd[348170]: plugins/hostname.c:property_changed() pretty hostname: ''
Aug 18 22:15:00.972090 n bluetoothd[348170]: plugins/hostname.c:update_name() name: n
Aug 18 22:15:00.972098 n bluetoothd[348170]: src/adapter.c:adapter_set_name() name: n
Aug 18 22:15:00.972108 n bluetoothd[348170]: src/adapter.c:adapter_set_name() alias: n
Aug 18 22:15:00.972118 n bluetoothd[348170]: src/adapter.c:set_name() sending set local name command for index 0
Aug 18 22:15:00.972135 n bluetoothd[348170]: plugins/hostname.c:property_changed() chassis: 'laptop'
Aug 18 22:15:00.972144 n bluetoothd[348170]: plugins/hostname.c:update_class() major: 0x01 minor: 0x03
Aug 18 22:15:00.972372 n bluetoothd[348170]: src/shared/mgmt.c:can_read_data() [0x0000] event 0x0007
Aug 18 22:15:00.972383 n bluetoothd[348170]: src/adapter.c:dev_class_changed_callback() Class: 0x7c010c
Aug 18 22:15:00.975375 n bluetoothd[348170]: src/shared/mgmt.c:can_read_data() [0x0000] command 0x0010 complete: 0x00
Aug 18 22:15:00.975417 n bluetoothd[348170]: src/shared/mgmt.c:send_request() [0x0000] command 0x000f
Aug 18 22:15:00.981367 n bluetoothd[348170]: src/shared/mgmt.c:can_read_data() [0x0000] command 0x000f complete: 0x00
Aug 18 22:15:00.981379 n bluetoothd[348170]: src/adapter.c:local_name_changed_callback() Name: n
Aug 18 22:15:00.981386 n bluetoothd[348170]: src/adapter.c:local_name_changed_callback() Short name:
Aug 18 22:15:00.981394 n bluetoothd[348170]: src/adapter.c:local_name_changed_callback() Current alias: n
Aug 18 22:17:40.567879 n bluetoothd[348170]: src/shared/mgmt.c:can_read_data() [0x0000] event 0x000c
Aug 18 22:17:40.567907 n bluetoothd[348170]: src/adapter.c:dev_disconnected() Device AA:BB:CC:00:00:01 disconnected, reason 3
Aug 18 22:17:40.567921 n bluetoothd[348170]: src/adapter.c:adapter_remove_connection()
Aug 18 22:17:40.567946 n bluetoothd[348170]: plugins/policy.c:disconnect_cb() reason 3
Aug 18 22:17:40.567959 n bluetoothd[348170]: src/adapter.c:bonding_attempt_complete() hci0 bdaddr AA:BB:CC:00:00:01 type 0 status 0xe
Aug 18 22:17:40.567972 n bluetoothd[348170]: src/device.c:device_bonding_complete() bonding (nil) status 0x0e
Aug 18 22:17:40.567983 n bluetoothd[348170]: src/device.c:device_bonding_failed() status 14
Aug 18 22:17:40.567993 n bluetoothd[348170]: src/adapter.c:resume_discovery()
Aug 18 22:17:45.477891 n bluetoothd[348170]: src/shared/mgmt.c:can_read_data() [0x0000] event 0x000b
Aug 18 22:17:45.477927 n bluetoothd[348170]: src/adapter.c:connected_callback() hci0 device AA:BB:CC:00:00:01 connected eir_len 30
Aug 18 22:17:45.707429 n bluetoothd[348170]: profiles/audio/a2dp.c:confirm_cb() AVDTP: incoming connect from AA:BB:CC:00:00:01
Aug 18 22:17:45.736427 n bluetoothd[348170]: profiles/audio/sink.c:sink_set_state() State changed /org/bluez/hci0/dev_AA:BB:CC:00:00:01: SINK_STATE_DISCONNECTED -> SINK_STATE_CONNECTING
Aug 18 22:17:45.736485 n bluetoothd[348170]: profiles/audio/avdtp.c:avdtp_connect_cb() AVDTP: connected signaling channel to AA:BB:CC:00:00:01
Aug 18 22:17:45.736499 n bluetoothd[348170]: profiles/audio/avdtp.c:avdtp_connect_cb() AVDTP imtu=672, omtu=672
Aug 18 22:17:45.736530 n bluetoothd[348170]: profiles/audio/avdtp.c:avdtp_register_remote_sep() seid 1 type 1 media 0 delay_reporting true
Aug 18 22:17:45.736563 n bluetoothd[348170]: profiles/audio/a2dp.c:register_remote_sep() Found remote SEP: /org/bluez/hci0/dev_AA:BB:CC:00:00:01/sep1
Aug 18 22:17:45.736575 n bluetoothd[348170]: profiles/audio/avdtp.c:avdtp_register_remote_sep() seid 2 type 1 media 0 delay_reporting true
Aug 18 22:17:45.736593 n bluetoothd[348170]: profiles/audio/a2dp.c:register_remote_sep() Found remote SEP: /org/bluez/hci0/dev_AA:BB:CC:00:00:01/sep2
Aug 18 22:17:45.736605 n bluetoothd[348170]: profiles/audio/a2dp.c:load_remote_sep() LastUsed: lseid 7 rseid 1
Aug 18 22:17:45.736622 n bluetoothd[348170]: profiles/audio/avdtp.c:avdtp_ref() 0x577f5c553ea0: ref=1
Aug 18 22:17:45.736632 n bluetoothd[348170]: profiles/audio/avdtp.c:set_disconnect_timer() timeout 1
Aug 18 22:17:45.786434 n bluetoothd[348170]: profiles/audio/avdtp.c:session_cb()
Aug 18 22:17:45.786460 n bluetoothd[348170]: profiles/audio/avdtp.c:avdtp_parse_cmd() Received DISCOVER_CMD
Aug 18 22:17:45.834385 n bluetoothd[348170]: profiles/audio/avdtp.c:session_cb()
Aug 18 22:17:45.834410 n bluetoothd[348170]: profiles/audio/avdtp.c:avdtp_parse_cmd() Received  GET_ALL_CAPABILITIES_CMD
Aug 18 22:17:45.834425 n bluetoothd[348170]: profiles/audio/a2dp.c:endpoint_getcap_ind() Source 0x577f5c5402e0: Get_Capability_Ind
Aug 18 22:17:45.866429 n bluetoothd[348170]: profiles/audio/avdtp.c:session_cb()
Aug 18 22:17:45.866471 n bluetoothd[348170]: profiles/audio/avdtp.c:avdtp_parse_cmd() Received  GET_ALL_CAPABILITIES_CMD
Aug 18 22:17:45.866488 n bluetoothd[348170]: profiles/audio/a2dp.c:endpoint_getcap_ind() Source 0x577f5c545a60: Get_Capability_Ind
Aug 18 22:17:45.887446 n bluetoothd[348170]: src/profile.c:ext_confirm() incoming connect from AA:BB:CC:00:00:01
Aug 18 22:17:45.887527 n bluetoothd[348170]: src/service.c:btd_service_ref() 0x577f5c538250: ref=2
Aug 18 22:17:45.887562 n bluetoothd[348170]: src/profile.c:ext_confirm() Hands-Free Voice gateway authorizing connection from AA:BB:CC:00:00:01
Aug 18 22:17:45.887681 n bluetoothd[348170]: src/profile.c:ext_auth() AA:BB:CC:00:00:01 authorized to connect to Hands-Free Voice gateway
Aug 18 22:17:45.887740 n bluetoothd[348170]: src/profile.c:ext_connect() Hands-Free Voice gateway connected to AA:BB:CC:00:00:01
Aug 18 22:17:45.887778 n bluetoothd[348170]: src/service.c:change_state() 0x577f5c538250: device AA:BB:CC:00:00:01 profile Hands-Free Voice gateway state changed: disconnected -> connecting (0)
Aug 18 22:17:45.888569 n bluetoothd[348170]: src/service.c:change_state() 0x577f5c538250: device AA:BB:CC:00:00:01 profile Hands-Free Voice gateway state changed: connecting -> connected (0)
Aug 18 22:17:45.888581 n bluetoothd[348170]: src/device.c:device_profile_connected() Hands-Free Voice gateway Success (0)
Aug 18 22:17:45.888587 n bluetoothd[348170]: src/service.c:btd_service_ref() 0x577f5c538250: ref=3
Aug 18 22:17:45.888597 n bluetoothd[348170]: plugins/policy.c:service_cb() Added Hands-Free Voice gateway reconnect 0
Aug 18 22:17:45.907422 n bluetoothd[348170]: profiles/audio/avdtp.c:session_cb()
Aug 18 22:17:45.907442 n bluetoothd[348170]: profiles/audio/avdtp.c:avdtp_parse_cmd() Received  GET_ALL_CAPABILITIES_CMD
Aug 18 22:17:45.907452 n bluetoothd[348170]: profiles/audio/a2dp.c:endpoint_getcap_ind() Source 0x577f5c5480d0: Get_Capability_Ind
Aug 18 22:17:45.951357 n bluetoothd[348170]: profiles/audio/avdtp.c:session_cb()
Aug 18 22:17:45.951370 n bluetoothd[348170]: profiles/audio/avdtp.c:avdtp_parse_cmd() Received  GET_ALL_CAPABILITIES_CMD
Aug 18 22:17:45.951385 n bluetoothd[348170]: profiles/audio/a2dp.c:endpoint_getcap_ind() Source 0x577f5c549700: Get_Capability_Ind
Aug 18 22:17:45.986431 n bluetoothd[348170]: profiles/audio/avdtp.c:session_cb()
Aug 18 22:17:45.986450 n bluetoothd[348170]: profiles/audio/avdtp.c:avdtp_parse_cmd() Received  GET_ALL_CAPABILITIES_CMD
Aug 18 22:17:45.986460 n bluetoothd[348170]: profiles/audio/a2dp.c:endpoint_getcap_ind() Source 0x577f5c54ae10: Get_Capability_Ind
Aug 18 22:17:46.010432 n bluetoothd[348170]: profiles/audio/avdtp.c:session_cb()
Aug 18 22:17:46.010451 n bluetoothd[348170]: profiles/audio/avdtp.c:avdtp_parse_cmd() Received  GET_ALL_CAPABILITIES_CMD
Aug 18 22:17:46.010461 n bluetoothd[348170]: profiles/audio/a2dp.c:endpoint_getcap_ind() Source 0x577f5c54ba40: Get_Capability_Ind
Aug 18 22:17:46.035406 n bluetoothd[348170]: profiles/audio/avdtp.c:session_cb()
Aug 18 22:17:46.035425 n bluetoothd[348170]: profiles/audio/avdtp.c:avdtp_parse_cmd() Received  GET_ALL_CAPABILITIES_CMD
Aug 18 22:17:46.035434 n bluetoothd[348170]: profiles/audio/a2dp.c:endpoint_getcap_ind() Source 0x577f5c54c670: Get_Capability_Ind
Aug 18 22:17:46.082448 n bluetoothd[348170]: profiles/audio/avdtp.c:session_cb()
Aug 18 22:17:46.082468 n bluetoothd[348170]: profiles/audio/avdtp.c:avdtp_parse_cmd() Received  GET_ALL_CAPABILITIES_CMD
Aug 18 22:17:46.082478 n bluetoothd[348170]: profiles/audio/a2dp.c:endpoint_getcap_ind() Source 0x577f5c54d210: Get_Capability_Ind
Aug 18 22:17:46.109375 n bluetoothd[348170]: profiles/audio/avdtp.c:session_cb()
Aug 18 22:17:46.109389 n bluetoothd[348170]: profiles/audio/avdtp.c:avdtp_parse_cmd() Received  GET_ALL_CAPABILITIES_CMD
Aug 18 22:17:46.109396 n bluetoothd[348170]: profiles/audio/a2dp.c:endpoint_getcap_ind() Source 0x577f5c54ddb0: Get_Capability_Ind
Aug 18 22:17:46.157454 n bluetoothd[348170]: profiles/audio/avdtp.c:session_cb()
Aug 18 22:17:46.157471 n bluetoothd[348170]: profiles/audio/avdtp.c:avdtp_parse_cmd() Received  GET_ALL_CAPABILITIES_CMD
Aug 18 22:17:46.157480 n bluetoothd[348170]: profiles/audio/a2dp.c:endpoint_getcap_ind() Source 0x577f5c54ea20: Get_Capability_Ind
Aug 18 22:17:46.207397 n bluetoothd[348170]: profiles/audio/avdtp.c:session_cb()
Aug 18 22:17:46.207418 n bluetoothd[348170]: profiles/audio/avdtp.c:avdtp_parse_cmd() Received  GET_ALL_CAPABILITIES_CMD
Aug 18 22:17:46.207430 n bluetoothd[348170]: profiles/audio/a2dp.c:endpoint_getcap_ind() Source 0x577f5c54f640: Get_Capability_Ind
Aug 18 22:17:46.209570 n bluetoothd[348170]: src/battery.c:register_battery_provider() register battery provider path = /org/freedesktop/pipewire/battery
Aug 18 22:17:46.210157 n bluetoothd[348170]: src/battery.c:btd_battery_register() path = /org/bluez/hci0/dev_AA:BB:CC:00:00:01
Aug 18 22:17:46.210177 n bluetoothd[348170]: src/battery.c:btd_battery_register() registered Battery object: /org/bluez/hci0/dev_AA:BB:CC:00:00:01
Aug 18 22:17:46.210188 n bluetoothd[348170]: src/battery.c:provided_battery_added_cb() provided battery added /org/freedesktop/pipewire/battery/org/bluez/hci0/dev_AA:BB:CC:00:00:01
Aug 18 22:17:46.210199 n bluetoothd[348170]: src/battery.c:btd_battery_update() path = /org/bluez/hci0/dev_AA:BB:CC:00:00:01
Aug 18 22:17:46.232392 n bluetoothd[348170]: profiles/audio/avdtp.c:session_cb()
Aug 18 22:17:46.232417 n bluetoothd[348170]: profiles/audio/avdtp.c:avdtp_parse_cmd() Received  GET_ALL_CAPABILITIES_CMD
Aug 18 22:17:46.232432 n bluetoothd[348170]: profiles/audio/a2dp.c:endpoint_getcap_ind() Source 0x577f5c550db0: Get_Capability_Ind
Aug 18 22:17:46.259373 n bluetoothd[348170]: profiles/audio/avdtp.c:session_cb()
Aug 18 22:17:46.259386 n bluetoothd[348170]: profiles/audio/avdtp.c:avdtp_parse_cmd() Received  GET_ALL_CAPABILITIES_CMD
Aug 18 22:17:46.259396 n bluetoothd[348170]: profiles/audio/a2dp.c:endpoint_getcap_ind() Source 0x577f5c5524d0: Get_Capability_Ind
Aug 18 22:17:46.282404 n bluetoothd[348170]: profiles/audio/avdtp.c:session_cb()
Aug 18 22:17:46.282435 n bluetoothd[348170]: profiles/audio/avdtp.c:avdtp_parse_cmd() Received SET_CONFIGURATION_CMD
Aug 18 22:17:46.282450 n bluetoothd[348170]: profiles/audio/a2dp.c:endpoint_setconf_ind() Source 0x577f5c54ae10: Set_Configuration_Ind
Aug 18 22:17:46.282464 n bluetoothd[348170]: profiles/audio/avdtp.c:avdtp_ref() 0x577f5c553ea0: ref=2
Aug 18 22:17:46.282477 n bluetoothd[348170]: profiles/audio/avdtp.c:avdtp_unref() 0x577f5c553ea0: ref=1
Aug 18 22:17:46.282489 n bluetoothd[348170]: profiles/audio/a2dp.c:setup_ref() 0x577f5c555f80: ref=1
Aug 18 22:17:46.282500 n bluetoothd[348170]: profiles/audio/a2dp.c:setup_ref() 0x577f5c555f80: ref=2
Aug 18 22:17:46.282613 n bluetoothd[348170]: profiles/audio/media.c:media_endpoint_async_call() Calling SetConfiguration: name = :1.86 path = /MediaEndpoint/A2DPSource/sbc_xq
Aug 18 22:17:46.284642 n bluetoothd[348170]: profiles/audio/avdtp.c:avdtp_ref() 0x577f5c553ea0: ref=2
Aug 18 22:17:46.284655 n bluetoothd[348170]: profiles/audio/avdtp.c:avdtp_sep_set_state() stream state changed: IDLE -> CONFIGURED
Aug 18 22:17:46.284661 n bluetoothd[348170]: profiles/audio/a2dp.c:setup_unref() 0x577f5c555f80: ref=1
Aug 18 22:17:46.284666 n bluetoothd[348170]: profiles/audio/a2dp.c:setup_unref() 0x577f5c555f80: ref=0
Aug 18 22:17:46.284670 n bluetoothd[348170]: profiles/audio/a2dp.c:setup_free() 0x577f5c555f80
Aug 18 22:17:46.284676 n bluetoothd[348170]: profiles/audio/avdtp.c:avdtp_unref() 0x577f5c553ea0: ref=1
Aug 18 22:17:46.317464 n bluetoothd[348170]: profiles/audio/avdtp.c:session_cb()
Aug 18 22:17:46.317491 n bluetoothd[348170]: profiles/audio/avdtp.c:avdtp_parse_cmd() Received DELAY_REPORT_CMD
Aug 18 22:17:46.317508 n bluetoothd[348170]: profiles/audio/a2dp.c:endpoint_delayreport_ind() Source 0x577f5c54ae10: DelayReport_Ind
Aug 18 22:17:46.319367 n bluetoothd[348170]: profiles/audio/avdtp.c:session_cb()
Aug 18 22:17:46.319379 n bluetoothd[348170]: profiles/audio/avdtp.c:avdtp_parse_cmd() Received OPEN_CMD
Aug 18 22:17:46.319385 n bluetoothd[348170]: profiles/audio/a2dp.c:open_ind() Source 0x577f5c54ae10: Open_Ind
Aug 18 22:17:46.319391 n bluetoothd[348170]: profiles/audio/avdtp.c:avdtp_ref() 0x577f5c553ea0: ref=2
Aug 18 22:17:46.319399 n bluetoothd[348170]: profiles/audio/a2dp.c:setup_ref() 0x577f5c555f80: ref=1
Aug 18 22:17:46.333484 n bluetoothd[348170]: profiles/audio/a2dp.c:confirm_cb() AVDTP: incoming connect from AA:BB:CC:00:00:01
Aug 18 22:17:46.361410 n bluetoothd[348170]: profiles/audio/avdtp.c:handle_transport_connect() Flushable packets enabled
Aug 18 22:17:46.361423 n bluetoothd[348170]: profiles/audio/avdtp.c:handle_transport_connect() sk 41, omtu 672, send buffer size 106496
Aug 18 22:17:46.361430 n bluetoothd[348170]: profiles/audio/avdtp.c:avdtp_sep_set_state() stream state changed: CONFIGURED -> OPEN
Aug 18 22:17:46.361438 n bluetoothd[348170]: src/service.c:change_state() 0x577f5c536490: device AA:BB:CC:00:00:01 profile a2dp-sink state changed: disconnected -> connected (0)
Aug 18 22:17:46.361450 n bluetoothd[348170]: src/service.c:btd_service_ref() 0x577f5c536490: ref=3
Aug 18 22:17:46.361464 n bluetoothd[348170]: plugins/policy.c:service_cb() Added a2dp-sink reconnect 1
Aug 18 22:17:46.361472 n bluetoothd[348170]: profiles/audio/sink.c:sink_set_state() State changed /org/bluez/hci0/dev_AA:BB:CC:00:00:01: SINK_STATE_CONNECTING -> SINK_STATE_CONNECTED
Aug 18 22:17:46.361478 n bluetoothd[348170]: profiles/audio/transport.c:transport_update_playing() /org/bluez/hci0/dev_AA:BB:CC:00:00:01/fd0 State=TRANSPORT_STATE_IDLE Playing=0
Aug 18 22:17:46.361486 n bluetoothd[348170]: profiles/audio/a2dp.c:setup_unref() 0x577f5c555f80: ref=0
Aug 18 22:17:46.361492 n bluetoothd[348170]: profiles/audio/a2dp.c:setup_free() 0x577f5c555f80
Aug 18 22:17:46.361498 n bluetoothd[348170]: profiles/audio/avdtp.c:avdtp_unref() 0x577f5c553ea0: ref=1
Aug 18 22:17:46.507515 n bluetoothd[348170]: profiles/audio/avctp.c:avctp_confirm_cb() AVCTP: incoming connect from AA:BB:CC:00:00:01
Aug 18 22:17:46.507568 n bluetoothd[348170]: profiles/audio/avctp.c:avctp_set_state() AVCTP Connecting
Aug 18 22:17:46.559378 n bluetoothd[348170]: profiles/audio/avctp.c:avctp_connect_cb() AVCTP: connected to AA:BB:CC:00:00:01
Aug 18 22:17:46.559695 n bluetoothd[348170]: profiles/audio/avctp.c:init_uinput() AVRCP: uinput initialized for 联想thinkplus-GM2 pro
Aug 18 22:17:46.559728 n bluetoothd[348170]: profiles/audio/avrcp.c:controller_init() 0x577f5c542d80 version 0x0106
Aug 18 22:17:46.559748 n bluetoothd[348170]: src/service.c:change_state() 0x577f5c536450: device AA:BB:CC:00:00:01 profile audio-avrcp-target state changed: disconnected -> connected (0)
Aug 18 22:17:46.559776 n bluetoothd[348170]: profiles/audio/avrcp.c:target_init() 0x577f5c542e90 version 0x0106
Aug 18 22:17:46.559798 n bluetoothd[348170]: src/service.c:change_state() 0x577f5c536390: device AA:BB:CC:00:00:01 profile avrcp-controller state changed: disconnected -> connected (0)
Aug 18 22:17:46.559840 n bluetoothd[348170]: profiles/audio/avctp.c:avctp_set_state() AVCTP Connected
Aug 18 22:17:46.583390 n bluetoothd[348170]: profiles/audio/avrcp.c:handle_vendordep_pdu() AVRCP PDU 0x10, company 0x001958 len 0x0001
Aug 18 22:17:46.583402 n bluetoothd[348170]: profiles/audio/avrcp.c:avrcp_handle_get_capabilities() id=3
Aug 18 22:17:46.592368 n bluetoothd[348170]: profiles/audio/avrcp.c:handle_vendordep_pdu() AVRCP PDU 0x31, company 0x001958 len 0x0005
Aug 18 22:17:46.608390 n bluetoothd[348170]: profiles/audio/avrcp.c:handle_vendordep_pdu() AVRCP PDU 0x31, company 0x001958 len 0x0005
Aug 18 22:17:49.283450 n bluetoothd[348170]: profiles/audio/avdtp.c:avdtp_ref() 0x577f5c553ea0: ref=2
Aug 18 22:17:49.283473 n bluetoothd[348170]: profiles/audio/a2dp.c:setup_ref() 0x577f5c556560: ref=1
Aug 18 22:17:49.409473 n bluetoothd[348170]: profiles/audio/avdtp.c:session_cb()
Aug 18 22:17:49.409510 n bluetoothd[348170]: profiles/audio/avdtp.c:avdtp_parse_resp() CLOSE request succeeded
Aug 18 22:17:49.409527 n bluetoothd[348170]: profiles/audio/avdtp.c:avdtp_sep_set_state() stream state changed: OPEN -> CLOSING
Aug 18 22:17:49.409604 n bluetoothd[348170]: profiles/audio/a2dp.c:close_cfm() Source 0x577f5c54ae10: Close_Cfm
Aug 18 22:17:49.409618 n bluetoothd[348170]: profiles/audio/a2dp.c:setup_reconfigure() 0x577f5c556560
Aug 18 22:17:49.409639 n bluetoothd[348170]: profiles/audio/avdtp.c:avdtp_sep_set_state() stream state changed: CLOSING -> IDLE
Aug 18 22:17:49.409744 n bluetoothd[348170]: src/service.c:change_state() 0x577f5c536490: device AA:BB:CC:00:00:01 profile a2dp-sink state changed: connected -> disconnected (0)
Aug 18 22:17:49.409767 n bluetoothd[348170]: plugins/policy.c:policy_disconnect() /org/bluez/hci0/dev_AA:BB:CC:00:00:01 profile avrcp-controller
Aug 18 22:17:49.409786 n bluetoothd[348170]: src/service.c:change_state() 0x577f5c536390: device AA:BB:CC:00:00:01 profile avrcp-controller state changed: connected -> disconnecting (0)
Aug 18 22:17:49.409805 n bluetoothd[348170]: profiles/audio/avrcp.c:avrcp_disconnect() path /org/bluez/hci0/dev_AA:BB:CC:00:00:01
Aug 18 22:17:49.409825 n bluetoothd[348170]: src/service.c:change_state() 0x577f5c536450: device AA:BB:CC:00:00:01 profile audio-avrcp-target state changed: connected -> disconnected (0)
Aug 18 22:17:49.409847 n bluetoothd[348170]: src/service.c:change_state() 0x577f5c536390: device AA:BB:CC:00:00:01 profile avrcp-controller state changed: disconnecting -> disconnected (0)
Aug 18 22:17:49.409865 n bluetoothd[348170]: profiles/audio/avrcp.c:controller_destroy() 0x577f5c542d80
Aug 18 22:17:49.409882 n bluetoothd[348170]: profiles/audio/avrcp.c:target_destroy() 0x577f5c542e90
Aug 18 22:17:49.409908 n bluetoothd[348170]: profiles/audio/avctp.c:avctp_set_state() AVCTP Disconnected
Aug 18 22:17:49.409953 n bluetoothd[348170]: profiles/audio/avctp.c:avctp_disconnected() AVCTP: closing uinput for AA:BB:CC:00:00:01
Aug 18 22:17:49.428458 n bluetoothd[348170]: profiles/audio/avdtp.c:avdtp_unref() 0x577f5c553ea0: ref=1
Aug 18 22:17:49.911137 n bluetoothd[348170]: profiles/audio/avdtp.c:avdtp_set_configuration() 0x577f5c553ea0: int_seid=7, acp_seid=1
Aug 18 22:17:49.932375 n bluetoothd[348170]: profiles/audio/avdtp.c:session_cb()
Aug 18 22:17:49.932392 n bluetoothd[348170]: profiles/audio/avdtp.c:avdtp_parse_resp() SET_CONFIGURATION request succeeded
Aug 18 22:17:49.932401 n bluetoothd[348170]: profiles/audio/a2dp.c:setconf_cfm() Source 0x577f5c549700: Set_Configuration_Cfm
Aug 18 22:17:49.932410 n bluetoothd[348170]: profiles/audio/avdtp.c:avdtp_ref() 0x577f5c553ea0: ref=2
Aug 18 22:17:49.932417 n bluetoothd[348170]: profiles/audio/a2dp.c:setup_ref() 0x577f5c556560: ref=2
Aug 18 22:17:49.932509 n bluetoothd[348170]: profiles/audio/media.c:media_endpoint_async_call() Calling SetConfiguration: name = :1.86 path = /MediaEndpoint/A2DPSource/sbc
Aug 18 22:17:49.932520 n bluetoothd[348170]: profiles/audio/avdtp.c:avdtp_sep_set_state() stream state changed: IDLE -> CONFIGURED
Aug 18 22:17:49.933045 n bluetoothd[348170]: profiles/audio/a2dp.c:setup_unref() 0x577f5c556560: ref=1
Aug 18 22:17:49.934347 n bluetoothd[348170]: profiles/audio/avdtp.c:session_cb()
Aug 18 22:17:49.934357 n bluetoothd[348170]: profiles/audio/avdtp.c:avdtp_parse_cmd() Received DELAY_REPORT_CMD
Aug 18 22:17:49.957423 n bluetoothd[348170]: profiles/audio/avdtp.c:session_cb()
Aug 18 22:17:49.957457 n bluetoothd[348170]: profiles/audio/avdtp.c:avdtp_parse_resp() OPEN request succeeded
Aug 18 22:17:49.997452 n bluetoothd[348170]: profiles/audio/avdtp.c:avdtp_connect_cb() AVDTP: connected transport channel to AA:BB:CC:00:00:01
Aug 18 22:17:49.997508 n bluetoothd[348170]: profiles/audio/avdtp.c:handle_transport_connect() Flushable packets enabled
Aug 18 22:17:49.997533 n bluetoothd[348170]: profiles/audio/avdtp.c:handle_transport_connect() sk 41, omtu 672, send buffer size 106496
Aug 18 22:17:49.997552 n bluetoothd[348170]: profiles/audio/a2dp.c:open_cfm() Source 0x577f5c549700: Open_Cfm
Aug 18 22:17:49.997594 n bluetoothd[348170]: profiles/audio/a2dp.c:setup_unref() 0x577f5c556560: ref=0
Aug 18 22:17:49.997616 n bluetoothd[348170]: profiles/audio/a2dp.c:setup_free() 0x577f5c556560
Aug 18 22:17:49.997637 n bluetoothd[348170]: profiles/audio/avdtp.c:avdtp_unref() 0x577f5c553ea0: ref=1
Aug 18 22:17:49.997657 n bluetoothd[348170]: profiles/audio/avdtp.c:avdtp_sep_set_state() stream state changed: CONFIGURED -> OPEN
Aug 18 22:17:49.997672 n bluetoothd[348170]: src/service.c:change_state() 0x577f5c536490: device AA:BB:CC:00:00:01 profile a2dp-sink state changed: disconnected -> connected (0)
Aug 18 22:17:49.997698 n bluetoothd[348170]: plugins/policy.c:service_cb() Added a2dp-sink reconnect 1
Aug 18 22:17:49.997710 n bluetoothd[348170]: profiles/audio/sink.c:sink_set_state() State changed /org/bluez/hci0/dev_AA:BB:CC:00:00:01: SINK_STATE_CONNECTED -> SINK_STATE_CONNECTED
Aug 18 22:17:49.997722 n bluetoothd[348170]: profiles/audio/transport.c:transport_update_playing() /org/bluez/hci0/dev_AA:BB:CC:00:00:01/sep1/fd1 State=TRANSPORT_STATE_IDLE Playing=0
Aug 18 22:17:50.082496 n bluetoothd[348170]: profiles/audio/avctp.c:avctp_confirm_cb() AVCTP: incoming connect from AA:BB:CC:00:00:01
Aug 18 22:17:50.082521 n bluetoothd[348170]: profiles/audio/avctp.c:avctp_set_state() AVCTP Connecting
Aug 18 22:17:50.109436 n bluetoothd[348170]: profiles/audio/avctp.c:avctp_connect_cb() AVCTP: connected to AA:BB:CC:00:00:01
Aug 18 22:17:50.109736 n bluetoothd[348170]: profiles/audio/avctp.c:init_uinput() AVRCP: uinput initialized for 联想thinkplus-GM2 pro
Aug 18 22:17:50.109755 n bluetoothd[348170]: profiles/audio/avrcp.c:controller_init() 0x577f5c542f20 version 0x0106
Aug 18 22:17:50.109769 n bluetoothd[348170]: src/service.c:change_state() 0x577f5c536450: device AA:BB:CC:00:00:01 profile audio-avrcp-target state changed: disconnected -> connected (0)
Aug 18 22:17:50.109786 n bluetoothd[348170]: profiles/audio/avrcp.c:target_init() 0x577f5c543a00 version 0x0106
Aug 18 22:17:50.109796 n bluetoothd[348170]: src/service.c:change_state() 0x577f5c536390: device AA:BB:CC:00:00:01 profile avrcp-controller state changed: disconnected -> connected (0)
Aug 18 22:17:50.109814 n bluetoothd[348170]: profiles/audio/avctp.c:avctp_set_state() AVCTP Connected
Aug 18 22:17:50.132408 n bluetoothd[348170]: profiles/audio/avrcp.c:handle_vendordep_pdu() AVRCP PDU 0x10, company 0x001958 len 0x0001
Aug 18 22:17:50.132424 n bluetoothd[348170]: profiles/audio/avrcp.c:avrcp_handle_get_capabilities() id=3
Aug 18 22:17:50.157405 n bluetoothd[348170]: profiles/audio/avrcp.c:handle_vendordep_pdu() AVRCP PDU 0x31, company 0x001958 len 0x0005
Aug 18 22:17:50.160382 n bluetoothd[348170]: profiles/audio/avrcp.c:handle_vendordep_pdu() AVRCP PDU 0x31, company 0x001958 len 0x0005
Aug 18 22:17:51.329049 n bluetoothd[348170]: profiles/audio/transport.c:media_owner_create() Owner created: sender=:1.86
Aug 18 22:17:51.329066 n bluetoothd[348170]: profiles/audio/transport.c:media_transport_resume() Transport /org/bluez/hci0/dev_AA:BB:CC:00:00:01/sep1/fd1 Owner :1.86
Aug 18 22:17:51.329075 n bluetoothd[348170]: profiles/audio/avdtp.c:avdtp_ref() 0x577f5c553ea0: ref=2
Aug 18 22:17:51.329081 n bluetoothd[348170]: profiles/audio/a2dp.c:a2dp_sep_lock() SEP 0x577f5c549700 locked
Aug 18 22:17:51.329087 n bluetoothd[348170]: profiles/audio/avdtp.c:avdtp_ref() 0x577f5c553ea0: ref=3
Aug 18 22:17:51.329093 n bluetoothd[348170]: profiles/audio/a2dp.c:setup_ref() 0x577f5c542550: ref=1
Aug 18 22:17:51.329112 n bluetoothd[348170]: profiles/audio/transport.c:transport_set_state() State changed /org/bluez/hci0/dev_AA:BB:CC:00:00:01/sep1/fd1: TRANSPORT_STATE_IDLE -> TRANSPORT_STATE_REQUESTING
Aug 18 22:17:51.329118 n bluetoothd[348170]: profiles/audio/transport.c:media_request_create() Request created: method=Acquire id=2
Aug 18 22:17:51.329124 n bluetoothd[348170]: profiles/audio/transport.c:media_owner_add() Owner :1.86 Request Acquire
Aug 18 22:17:51.329130 n bluetoothd[348170]: profiles/audio/transport.c:media_transport_set_owner() Transport /org/bluez/hci0/dev_AA:BB:CC:00:00:01/sep1/fd1 Owner :1.86
Aug 18 22:17:51.357475 n bluetoothd[348170]: profiles/audio/avdtp.c:session_cb()
Aug 18 22:17:51.357502 n bluetoothd[348170]: profiles/audio/avdtp.c:avdtp_parse_resp() START request succeeded
Aug 18 22:17:51.357516 n bluetoothd[348170]: profiles/audio/a2dp.c:start_cfm() Source 0x577f5c549700: Start_Cfm
Aug 18 22:17:51.357527 n bluetoothd[348170]: /org/bluez/hci0/dev_AA:BB:CC:00:00:01/sep1/fd1: fd(41) ready
Aug 18 22:17:51.357585 n bluetoothd[348170]: profiles/audio/transport.c:media_owner_remove() Owner :1.86 Request Acquire
Aug 18 22:17:51.357597 n bluetoothd[348170]: profiles/audio/transport.c:transport_set_state() State changed /org/bluez/hci0/dev_AA:BB:CC:00:00:01/sep1/fd1: TRANSPORT_STATE_REQUESTING -> TRANSPORT_STATE_ACTIVE
Aug 18 22:17:51.357616 n bluetoothd[348170]: profiles/audio/a2dp.c:setup_unref() 0x577f5c542550: ref=0
Aug 18 22:17:51.357627 n bluetoothd[348170]: profiles/audio/a2dp.c:setup_free() 0x577f5c542550
Aug 18 22:17:51.357637 n bluetoothd[348170]: profiles/audio/avdtp.c:avdtp_unref() 0x577f5c553ea0: ref=2
Aug 18 22:17:51.357646 n bluetoothd[348170]: profiles/audio/avdtp.c:avdtp_sep_set_state() stream state changed: OPEN -> STREAMING
Aug 18 22:17:51.357657 n bluetoothd[348170]: profiles/audio/sink.c:sink_set_state() State changed /org/bluez/hci0/dev_AA:BB:CC:00:00:01: SINK_STATE_CONNECTED -> SINK_STATE_PLAYING
Aug 18 22:17:51.357666 n bluetoothd[348170]: profiles/audio/transport.c:transport_update_playing() /org/bluez/hci0/dev_AA:BB:CC:00:00:01/sep1/fd1 State=TRANSPORT_STATE_ACTIVE Playing=1
Aug 18 22:17:55.658404 n bluetoothd[348170]: profiles/audio/avdtp.c:session_cb()
Aug 18 22:17:55.658423 n bluetoothd[348170]: profiles/audio/avdtp.c:avdtp_parse_cmd() Received DELAY_REPORT_CMD
Aug 18 22:28:15.700232 n bluetoothd[348170]: profiles/audio/transport.c:media_transport_set_volume() Transport /org/bluez/hci0/dev_AA:BB:CC:00:00:01/sep1/fd1 level 91
Aug 18 22:28:16.157655 n bluetoothd[348170]: profiles/audio/transport.c:media_transport_set_volume() Transport /org/bluez/hci0/dev_AA:BB:CC:00:00:01/sep1/fd1 level 80
Aug 18 22:28:16.623941 n bluetoothd[348170]: profiles/audio/transport.c:media_transport_set_volume() Transport /org/bluez/hci0/dev_AA:BB:CC:00:00:01/sep1/fd1 level 73
Aug 18 22:32:26.285729 n bluetoothd[348170]: src/battery.c:provided_battery_property_changed_cb() battery percentage changed on /org/freedesktop/pipewire/battery/org/bluez/hci0/dev_AA:BB:CC:00:00:01, percentage = 90
Aug 18 22:32:26.285743 n bluetoothd[348170]: src/battery.c:btd_battery_update() path = /org/bluez/hci0/dev_AA:BB:CC:00:00:01
Aug 18 22:32:36.544751 n bluetoothd[348170]: src/battery.c:provided_battery_property_changed_cb() battery percentage changed on /org/freedesktop/pipewire/battery/org/bluez/hci0/dev_AA:BB:CC:00:00:01, percentage = 100
Aug 18 22:32:36.544770 n bluetoothd[348170]: src/battery.c:btd_battery_update() path = /org/bluez/hci0/dev_AA:BB:CC:00:00:01
Aug 18 22:33:11.286783 n bluetoothd[348170]: src/battery.c:provided_battery_property_changed_cb() battery percentage changed on /org/freedesktop/pipewire/battery/org/bluez/hci0/dev_AA:BB:CC:00:00:01, percentage = 90
Aug 18 22:33:11.286798 n bluetoothd[348170]: src/battery.c:btd_battery_update() path = /org/bluez/hci0/dev_AA:BB:CC:00:00:01
Aug 18 22:33:12.543938 n bluetoothd[348170]: src/battery.c:provided_battery_property_changed_cb() battery percentage changed on /org/freedesktop/pipewire/battery/org/bluez/hci0/dev_AA:BB:CC:00:00:01, percentage = 100
Aug 18 22:33:12.543962 n bluetoothd[348170]: src/battery.c:btd_battery_update() path = /org/bluez/hci0/dev_AA:BB:CC:00:00:01
Aug 18 22:33:33.285001 n bluetoothd[348170]: src/battery.c:provided_battery_property_changed_cb() battery percentage changed on /org/freedesktop/pipewire/battery/org/bluez/hci0/dev_AA:BB:CC:00:00:01, percentage = 90
Aug 18 22:33:33.285024 n bluetoothd[348170]: src/battery.c:btd_battery_update() path = /org/bluez/hci0/dev_AA:BB:CC:00:00:01
Aug 18 22:33:52.563941 n bluetoothd[348170]: src/battery.c:provided_battery_property_changed_cb() battery percentage changed on /org/freedesktop/pipewire/battery/org/bluez/hci0/dev_AA:BB:CC:00:00:01, percentage = 100
Aug 18 22:33:52.563966 n bluetoothd[348170]: src/battery.c:btd_battery_update() path = /org/bluez/hci0/dev_AA:BB:CC:00:00:01
Aug 18 22:33:56.130441 n bluetoothd[348170]: profiles/audio/avctp.c:handle_panel_passthrough() AV/C: PLAY pressed
Aug 18 22:33:56.150399 n bluetoothd[348170]: profiles/audio/avctp.c:handle_panel_passthrough() AV/C: PLAY released
Aug 18 22:35:41.303719 n bluetoothd[348170]: src/battery.c:provided_battery_property_changed_cb() battery percentage changed on /org/freedesktop/pipewire/battery/org/bluez/hci0/dev_AA:BB:CC:00:00:01, percentage = 90
Aug 18 22:35:41.303733 n bluetoothd[348170]: src/battery.c:btd_battery_update() path = /org/bluez/hci0/dev_AA:BB:CC:00:00:01
Aug 18 22:35:47.550855 n bluetoothd[348170]: src/battery.c:provided_battery_property_changed_cb() battery percentage changed on /org/freedesktop/pipewire/battery/org/bluez/hci0/dev_AA:BB:CC:00:00:01, percentage = 100
Aug 18 22:35:47.550875 n bluetoothd[348170]: src/battery.c:btd_battery_update() path = /org/bluez/hci0/dev_AA:BB:CC:00:00:01
Aug 18 22:36:44.285896 n bluetoothd[348170]: src/battery.c:provided_battery_property_changed_cb() battery percentage changed on /org/freedesktop/pipewire/battery/org/bluez/hci0/dev_AA:BB:CC:00:00:01, percentage = 90
Aug 18 22:36:44.285921 n bluetoothd[348170]: src/battery.c:btd_battery_update() path = /org/bluez/hci0/dev_AA:BB:CC:00:00:01
Aug 18 22:36:54.545773 n bluetoothd[348170]: src/battery.c:provided_battery_property_changed_cb() battery percentage changed on /org/freedesktop/pipewire/battery/org/bluez/hci0/dev_AA:BB:CC:00:00:01, percentage = 100
Aug 18 22:36:54.545795 n bluetoothd[348170]: src/battery.c:btd_battery_update() path = /org/bluez/hci0/dev_AA:BB:CC:00:00:01
Aug 18 22:38:04.312622 n bluetoothd[348170]: profiles/audio/transport.c:media_transport_set_volume() Transport /org/bluez/hci0/dev_AA:BB:CC:00:00:01/sep1/fd1 level 75
Aug 18 22:39:25.199615 n bluetoothd[348170]: profiles/audio/transport.c:media_transport_set_volume() Transport /org/bluez/hci0/dev_AA:BB:CC:00:00:01/sep1/fd1 level 79
Aug 18 22:39:41.289900 n bluetoothd[348170]: src/battery.c:provided_battery_property_changed_cb() battery percentage changed on /org/freedesktop/pipewire/battery/org/bluez/hci0/dev_AA:BB:CC:00:00:01, percentage = 90
Aug 18 22:39:41.289920 n bluetoothd[348170]: src/battery.c:btd_battery_update() path = /org/bluez/hci0/dev_AA:BB:CC:00:00:01
Aug 18 22:39:45.552794 n bluetoothd[348170]: src/battery.c:provided_battery_property_changed_cb() battery percentage changed on /org/freedesktop/pipewire/battery/org/bluez/hci0/dev_AA:BB:CC:00:00:01, percentage = 100
Aug 18 22:39:45.552811 n bluetoothd[348170]: src/battery.c:btd_battery_update() path = /org/bluez/hci0/dev_AA:BB:CC:00:00:01
Aug 18 22:43:42.306755 n bluetoothd[348170]: src/battery.c:provided_battery_property_changed_cb() battery percentage changed on /org/freedesktop/pipewire/battery/org/bluez/hci0/dev_AA:BB:CC:00:00:01, percentage = 90
Aug 18 22:43:42.306776 n bluetoothd[348170]: src/battery.c:btd_battery_update() path = /org/bluez/hci0/dev_AA:BB:CC:00:00:01
Aug 18 22:44:27.551933 n bluetoothd[348170]: src/battery.c:provided_battery_property_changed_cb() battery percentage changed on /org/freedesktop/pipewire/battery/org/bluez/hci0/dev_AA:BB:CC:00:00:01, percentage = 100
Aug 18 22:44:27.551959 n bluetoothd[348170]: src/battery.c:btd_battery_update() path = /org/bluez/hci0/dev_AA:BB:CC:00:00:01
Aug 18 22:45:53.292700 n bluetoothd[348170]: src/battery.c:provided_battery_property_changed_cb() battery percentage changed on /org/freedesktop/pipewire/battery/org/bluez/hci0/dev_AA:BB:CC:00:00:01, percentage = 90
Aug 18 22:45:53.292713 n bluetoothd[348170]: src/battery.c:btd_battery_update() path = /org/bluez/hci0/dev_AA:BB:CC:00:00:01
Aug 18 22:45:55.555837 n bluetoothd[348170]: src/battery.c:provided_battery_property_changed_cb() battery percentage changed on /org/freedesktop/pipewire/battery/org/bluez/hci0/dev_AA:BB:CC:00:00:01, percentage = 100
Aug 18 22:45:55.555857 n bluetoothd[348170]: src/battery.c:btd_battery_update() path = /org/bluez/hci0/dev_AA:BB:CC:00:00:01
Aug 18 22:46:10.295724 n bluetoothd[348170]: src/battery.c:provided_battery_property_changed_cb() battery percentage changed on /org/freedesktop/pipewire/battery/org/bluez/hci0/dev_AA:BB:CC:00:00:01, percentage = 90
Aug 18 22:46:10.295748 n bluetoothd[348170]: src/battery.c:btd_battery_update() path = /org/bluez/hci0/dev_AA:BB:CC:00:00:01
Aug 18 22:46:36.552797 n bluetoothd[348170]: src/battery.c:provided_battery_property_changed_cb() battery percentage changed on /org/freedesktop/pipewire/battery/org/bluez/hci0/dev_AA:BB:CC:00:00:01, percentage = 100
Aug 18 22:46:36.552810 n bluetoothd[348170]: src/battery.c:btd_battery_update() path = /org/bluez/hci0/dev_AA:BB:CC:00:00:01
Aug 18 22:46:50.294693 n bluetoothd[348170]: src/battery.c:provided_battery_property_changed_cb() battery percentage changed on /org/freedesktop/pipewire/battery/org/bluez/hci0/dev_AA:BB:CC:00:00:01, percentage = 90
Aug 18 22:46:50.294707 n bluetoothd[348170]: src/battery.c:btd_battery_update() path = /org/bluez/hci0/dev_AA:BB:CC:00:00:01
Aug 18 22:47:14.553851 n bluetoothd[348170]: src/battery.c:provided_battery_property_changed_cb() battery percentage changed on /org/freedesktop/pipewire/battery/org/bluez/hci0/dev_AA:BB:CC:00:00:01, percentage = 100
Aug 18 22:47:14.553870 n bluetoothd[348170]: src/battery.c:btd_battery_update() path = /org/bluez/hci0/dev_AA:BB:CC:00:00:01
Aug 18 22:47:16.298811 n bluetoothd[348170]: src/battery.c:provided_battery_property_changed_cb() battery percentage changed on /org/freedesktop/pipewire/battery/org/bluez/hci0/dev_AA:BB:CC:00:00:01, percentage = 90
Aug 18 22:47:16.298835 n bluetoothd[348170]: src/battery.c:btd_battery_update() path = /org/bluez/hci0/dev_AA:BB:CC:00:00:01
Aug 18 22:47:48.551868 n bluetoothd[348170]: src/battery.c:provided_battery_property_changed_cb() battery percentage changed on /org/freedesktop/pipewire/battery/org/bluez/hci0/dev_AA:BB:CC:00:00:01, percentage = 100
Aug 18 22:47:48.551887 n bluetoothd[348170]: src/battery.c:btd_battery_update() path = /org/bluez/hci0/dev_AA:BB:CC:00:00:01
Aug 18 22:47:57.298881 n bluetoothd[348170]: src/battery.c:provided_battery_property_changed_cb() battery percentage changed on /org/freedesktop/pipewire/battery/org/bluez/hci0/dev_AA:BB:CC:00:00:01, percentage = 90
Aug 18 22:47:57.298902 n bluetoothd[348170]: src/battery.c:btd_battery_update() path = /org/bluez/hci0/dev_AA:BB:CC:00:00:01
Aug 18 22:48:01.570880 n bluetoothd[348170]: src/battery.c:provided_battery_property_changed_cb() battery percentage changed on /org/freedesktop/pipewire/battery/org/bluez/hci0/dev_AA:BB:CC:00:00:01, percentage = 100
Aug 18 22:48:01.570902 n bluetoothd[348170]: src/battery.c:btd_battery_update() path = /org/bluez/hci0/dev_AA:BB:CC:00:00:01
Aug 18 22:48:16.555820 n bluetoothd[348170]: src/battery.c:provided_battery_property_changed_cb() battery percentage changed on /org/freedesktop/pipewire/battery/org/bluez/hci0/dev_AA:BB:CC:00:00:01, percentage = 90
Aug 18 22:48:16.555846 n bluetoothd[348170]: src/battery.c:btd_battery_update() path = /org/bluez/hci0/dev_AA:BB:CC:00:00:01
Aug 18 22:48:30.740463 n bluetoothd[348170]: profiles/audio/avdtp.c:session_cb()
Aug 18 22:48:30.740489 n bluetoothd[348170]: profiles/audio/avdtp.c:avdtp_parse_cmd() Received DELAY_REPORT_CMD
Aug 18 23:08:08.565918 n bluetoothd[348170]: src/battery.c:provided_battery_property_changed_cb() battery percentage changed on /org/freedesktop/pipewire/battery/org/bluez/hci0/dev_AA:BB:CC:00:00:01, percentage = 80
Aug 18 23:08:08.565938 n bluetoothd[348170]: src/battery.c:btd_battery_update() path = /org/bluez/hci0/dev_AA:BB:CC:00:00:01
Aug 18 23:17:36.877129 n bluetoothd[348170]: profiles/audio/transport.c:transport_set_state() State changed /org/bluez/hci0/dev_AA:BB:CC:00:00:01/sep1/fd1: TRANSPORT_STATE_ACTIVE -> TRANSPORT_STATE_SUSPENDING
Aug 18 23:17:36.877145 n bluetoothd[348170]: profiles/audio/transport.c:media_transport_suspend() Transport /org/bluez/hci0/dev_AA:BB:CC:00:00:01/sep1/fd1 Owner :1.86
Aug 18 23:17:36.877157 n bluetoothd[348170]: profiles/audio/avdtp.c:avdtp_ref() 0x577f5c553ea0: ref=3
Aug 18 23:17:36.877167 n bluetoothd[348170]: profiles/audio/a2dp.c:setup_ref() 0x577f5c556560: ref=1
Aug 18 23:17:36.877188 n bluetoothd[348170]: profiles/audio/transport.c:media_request_create() Request created: method=Release id=3
Aug 18 23:17:36.877197 n bluetoothd[348170]: profiles/audio/transport.c:media_owner_add() Owner :1.86 Request Release
Aug 18 23:17:36.897435 n bluetoothd[348170]: profiles/audio/avdtp.c:session_cb()
Aug 18 23:17:36.897467 n bluetoothd[348170]: profiles/audio/avdtp.c:avdtp_parse_resp() SUSPEND request succeeded
Aug 18 23:17:36.897484 n bluetoothd[348170]: profiles/audio/avdtp.c:avdtp_sep_set_state() stream state changed: STREAMING -> OPEN
Aug 18 23:17:36.897499 n bluetoothd[348170]: profiles/audio/sink.c:sink_set_state() State changed /org/bluez/hci0/dev_AA:BB:CC:00:00:01: SINK_STATE_PLAYING -> SINK_STATE_CONNECTED
Aug 18 23:17:36.897513 n bluetoothd[348170]: profiles/audio/transport.c:transport_update_playing() /org/bluez/hci0/dev_AA:BB:CC:00:00:01/sep1/fd1 State=TRANSPORT_STATE_SUSPENDING Playing=0
Aug 18 23:17:36.897529 n bluetoothd[348170]: profiles/audio/a2dp.c:suspend_cfm() Source 0x577f5c549700: Suspend_Cfm
Aug 18 23:17:36.897549 n bluetoothd[348170]: profiles/audio/transport.c:media_request_reply() Request Release Reply Success
Aug 18 23:17:36.897587 n bluetoothd[348170]: profiles/audio/transport.c:media_owner_remove() Owner :1.86 Request Release
Aug 18 23:17:36.897603 n bluetoothd[348170]: profiles/audio/a2dp.c:a2dp_sep_unlock() SEP 0x577f5c549700 unlocked
Aug 18 23:17:36.897617 n bluetoothd[348170]: profiles/audio/transport.c:transport_set_state() State changed /org/bluez/hci0/dev_AA:BB:CC:00:00:01/sep1/fd1: TRANSPORT_STATE_SUSPENDING -> TRANSPORT_STATE_IDLE
Aug 18 23:17:36.897638 n bluetoothd[348170]: profiles/audio/transport.c:media_transport_remove_owner() Transport /org/bluez/hci0/dev_AA:BB:CC:00:00:01/sep1/fd1 Owner :1.86
Aug 18 23:17:36.897660 n bluetoothd[348170]: profiles/audio/transport.c:media_owner_free() Owner :1.86
Aug 18 23:17:36.897674 n bluetoothd[348170]: profiles/audio/a2dp.c:setup_unref() 0x577f5c556560: ref=0
Aug 18 23:17:36.897689 n bluetoothd[348170]: profiles/audio/a2dp.c:setup_free() 0x577f5c556560
Aug 18 23:17:36.897704 n bluetoothd[348170]: profiles/audio/avdtp.c:avdtp_unref() 0x577f5c553ea0: ref=2
Aug 18 23:17:56.800365 n bluetoothd[348170]: profiles/audio/transport.c:media_owner_create() Owner created: sender=:1.86
Aug 18 23:17:56.800383 n bluetoothd[348170]: profiles/audio/transport.c:media_transport_resume() Transport /org/bluez/hci0/dev_AA:BB:CC:00:00:01/sep1/fd1 Owner :1.86
Aug 18 23:17:56.800390 n bluetoothd[348170]: profiles/audio/a2dp.c:a2dp_sep_lock() SEP 0x577f5c549700 locked
Aug 18 23:17:56.800398 n bluetoothd[348170]: profiles/audio/avdtp.c:avdtp_ref() 0x577f5c553ea0: ref=3
Aug 18 23:17:56.800405 n bluetoothd[348170]: profiles/audio/a2dp.c:setup_ref() 0x577f5c556560: ref=1
Aug 18 23:17:56.800423 n bluetoothd[348170]: profiles/audio/transport.c:transport_set_state() State changed /org/bluez/hci0/dev_AA:BB:CC:00:00:01/sep1/fd1: TRANSPORT_STATE_IDLE -> TRANSPORT_STATE_REQUESTING
Aug 18 23:17:56.800430 n bluetoothd[348170]: profiles/audio/transport.c:media_request_create() Request created: method=Acquire id=4
Aug 18 23:17:56.800436 n bluetoothd[348170]: profiles/audio/transport.c:media_owner_add() Owner :1.86 Request Acquire
Aug 18 23:17:56.800442 n bluetoothd[348170]: profiles/audio/transport.c:media_transport_set_owner() Transport /org/bluez/hci0/dev_AA:BB:CC:00:00:01/sep1/fd1 Owner :1.86
Aug 18 23:17:56.897420 n bluetoothd[348170]: profiles/audio/avdtp.c:session_cb()
Aug 18 23:17:56.897443 n bluetoothd[348170]: profiles/audio/avdtp.c:avdtp_parse_resp() START request succeeded
Aug 18 23:17:56.897451 n bluetoothd[348170]: profiles/audio/a2dp.c:start_cfm() Source 0x577f5c549700: Start_Cfm
Aug 18 23:17:56.897497 n bluetoothd[348170]: profiles/audio/transport.c:media_owner_remove() Owner :1.86 Request Acquire
Aug 18 23:17:56.897507 n bluetoothd[348170]: profiles/audio/transport.c:transport_set_state() State changed /org/bluez/hci0/dev_AA:BB:CC:00:00:01/sep1/fd1: TRANSPORT_STATE_REQUESTING -> TRANSPORT_STATE_ACTIVE
Aug 18 23:17:56.897524 n bluetoothd[348170]: profiles/audio/a2dp.c:setup_unref() 0x577f5c556560: ref=0
Aug 18 23:17:56.897535 n bluetoothd[348170]: profiles/audio/a2dp.c:setup_free() 0x577f5c556560
Aug 18 23:17:56.897546 n bluetoothd[348170]: profiles/audio/avdtp.c:avdtp_unref() 0x577f5c553ea0: ref=2
Aug 18 23:17:56.897557 n bluetoothd[348170]: profiles/audio/avdtp.c:avdtp_sep_set_state() stream state changed: OPEN -> STREAMING
Aug 18 23:17:56.897572 n bluetoothd[348170]: profiles/audio/sink.c:sink_set_state() State changed /org/bluez/hci0/dev_AA:BB:CC:00:00:01: SINK_STATE_CONNECTED -> SINK_STATE_PLAYING
Aug 18 23:17:56.897592 n bluetoothd[348170]: profiles/audio/transport.c:transport_update_playing() /org/bluez/hci0/dev_AA:BB:CC:00:00:01/sep1/fd1 State=TRANSPORT_STATE_ACTIVE Playing=1
Aug 18 23:18:10.159949 n bluetoothd[348170]: profiles/audio/transport.c:media_transport_set_volume() Transport /org/bluez/hci0/dev_AA:BB:CC:00:00:01/sep1/fd1 level 90
Aug 18 23:18:10.643652 n bluetoothd[348170]: profiles/audio/transport.c:media_transport_set_volume() Transport /org/bluez/hci0/dev_AA:BB:CC:00:00:01/sep1/fd1 level 73
Aug 18 23:20:28.170492 n bluetoothd[348170]: profiles/audio/avdtp.c:session_cb()
Aug 18 23:20:28.170538 n bluetoothd[348170]: profiles/audio/avdtp.c:avdtp_parse_cmd() Received DELAY_REPORT_CMD
Aug 18 23:28:13.888479 n bluetoothd[348170]: profiles/audio/avdtp.c:session_cb()
Aug 18 23:28:13.888505 n bluetoothd[348170]: profiles/audio/avdtp.c:avdtp_parse_cmd() Received DELAY_REPORT_CMD
Aug 18 23:29:02.773477 n bluetoothd[348170]: profiles/audio/avdtp.c:session_cb()
Aug 18 23:29:02.773526 n bluetoothd[348170]: profiles/audio/avdtp.c:avdtp_parse_cmd() Received DELAY_REPORT_CMD
Aug 18 23:31:23.848444 n bluetoothd[348170]: profiles/audio/avctp.c:handle_panel_passthrough() AV/C: PLAY pressed
Aug 18 23:31:23.869450 n bluetoothd[348170]: profiles/audio/avctp.c:handle_panel_passthrough() AV/C: PLAY released
Aug 18 23:32:21.573474 n bluetoothd[348170]: profiles/audio/avdtp.c:session_cb()
Aug 18 23:32:21.573502 n bluetoothd[348170]: profiles/audio/avdtp.c:avdtp_parse_cmd() Received DELAY_REPORT_CMD
Aug 18 23:32:37.647530 n bluetoothd[348170]: profiles/audio/avdtp.c:session_cb()
Aug 18 23:32:37.647557 n bluetoothd[348170]: profiles/audio/avdtp.c:avdtp_parse_cmd() Received DELAY_REPORT_CMD
Aug 18 23:32:45.379719 n bluetoothd[348170]: src/shared/mgmt.c:can_read_data() [0x0000] event 0x000c
Aug 18 23:32:45.379741 n bluetoothd[348170]: src/adapter.c:dev_disconnected() Device AA:BB:CC:00:00:01 disconnected, reason 3
Aug 18 23:32:45.379754 n bluetoothd[348170]: src/adapter.c:adapter_remove_connection()
Aug 18 23:32:45.379782 n bluetoothd[348170]: plugins/policy.c:disconnect_cb() reason 3
Aug 18 23:32:45.379794 n bluetoothd[348170]: src/adapter.c:bonding_attempt_complete() hci0 bdaddr AA:BB:CC:00:00:01 type 0 status 0xe
Aug 18 23:32:45.379809 n bluetoothd[348170]: src/device.c:device_bonding_complete() bonding (nil) status 0x0e
Aug 18 23:32:45.379820 n bluetoothd[348170]: src/device.c:device_bonding_failed() status 14
Aug 18 23:32:45.379830 n bluetoothd[348170]: src/adapter.c:resume_discovery()
Aug 18 23:32:45.379847 n bluetoothd[348170]: profiles/audio/avdtp.c:session_cb()
Aug 18 23:32:45.379865 n bluetoothd[348170]: profiles/audio/avdtp.c:avdtp_ref() 0x577f5c553ea0: ref=3
Aug 18 23:32:45.379880 n bluetoothd[348170]: profiles/audio/avdtp.c:connection_lost() Disconnected from AA:BB:CC:00:00:01
Aug 18 23:32:45.379894 n bluetoothd[348170]: profiles/audio/a2dp.c:abort_cfm() Source 0x577f5c549700: Abort_Cfm
Aug 18 23:32:45.379907 n bluetoothd[348170]: profiles/audio/avdtp.c:avdtp_sep_set_state() stream state changed: STREAMING -> IDLE
Aug 18 23:32:45.379984 n bluetoothd[348170]: profiles/audio/transport.c:media_transport_remove_owner() Transport /org/bluez/hci0/dev_AA:BB:CC:00:00:01/sep1/fd1 Owner :1.86
Aug 18 23:32:45.380004 n bluetoothd[348170]: profiles/audio/transport.c:media_owner_free() Owner :1.86
Aug 18 23:32:45.380016 n bluetoothd[348170]: profiles/audio/transport.c:media_transport_suspend() Transport /org/bluez/hci0/dev_AA:BB:CC:00:00:01/sep1/fd1 Owner
Aug 18 23:32:45.380027 n bluetoothd[348170]: profiles/audio/transport.c:transport_set_state() State changed /org/bluez/hci0/dev_AA:BB:CC:00:00:01/sep1/fd1: TRANSPORT_STATE_ACTIVE -> TRANSPORT_STATE_IDLE
Aug 18 23:32:45.380042 n bluetoothd[348170]: profiles/audio/a2dp.c:a2dp_sep_unlock() SEP 0x577f5c549700 unlocked
Aug 18 23:32:45.380057 n bluetoothd[348170]: profiles/audio/avdtp.c:avdtp_unref() 0x577f5c553ea0: ref=2
Aug 18 23:32:45.380103 n bluetoothd[348170]: src/service.c:change_state() 0x577f5c536490: device AA:BB:CC:00:00:01 profile a2dp-sink state changed: connected -> disconnected (0)
Aug 18 23:32:45.380118 n bluetoothd[348170]: plugins/policy.c:policy_disconnect() /org/bluez/hci0/dev_AA:BB:CC:00:00:01 profile avrcp-controller
Aug 18 23:32:45.380130 n bluetoothd[348170]: src/service.c:change_state() 0x577f5c536390: device AA:BB:CC:00:00:01 profile avrcp-controller state changed: connected -> disconnecting (0)
Aug 18 23:32:45.380142 n bluetoothd[348170]: profiles/audio/avrcp.c:avrcp_disconnect() path /org/bluez/hci0/dev_AA:BB:CC:00:00:01
Aug 18 23:32:45.380157 n bluetoothd[348170]: src/service.c:change_state() 0x577f5c536450: device AA:BB:CC:00:00:01 profile audio-avrcp-target state changed: connected -> disconnected (0)
Aug 18 23:32:45.380184 n bluetoothd[348170]: src/service.c:change_state() 0x577f5c536390: device AA:BB:CC:00:00:01 profile avrcp-controller state changed: disconnecting -> disconnected (0)
Aug 18 23:32:45.380214 n bluetoothd[348170]: profiles/audio/avrcp.c:controller_destroy() 0x577f5c542f20
Aug 18 23:32:45.380235 n bluetoothd[348170]: profiles/audio/avrcp.c:target_destroy() 0x577f5c543a00
Aug 18 23:32:45.380261 n bluetoothd[348170]: profiles/audio/avctp.c:avctp_set_state() AVCTP Disconnected
Aug 18 23:32:45.380294 n bluetoothd[348170]: profiles/audio/avctp.c:avctp_disconnected() AVCTP: closing uinput for AA:BB:CC:00:00:01
Aug 18 23:32:45.402471 n bluetoothd[348170]: profiles/audio/avdtp.c:avdtp_unref() 0x577f5c553ea0: ref=1
Aug 18 23:32:45.402535 n bluetoothd[348170]: profiles/audio/sink.c:sink_set_state() State changed /org/bluez/hci0/dev_AA:BB:CC:00:00:01: SINK_STATE_PLAYING -> SINK_STATE_DISCONNECTED
Aug 18 23:32:45.402554 n bluetoothd[348170]: profiles/audio/a2dp.c:channel_remove() chan 0x577f5c538970
Aug 18 23:32:45.402642 n bluetoothd[348170]: profiles/audio/avdtp.c:avdtp_unref() 0x577f5c553ea0: ref=0
Aug 18 23:32:45.402655 n bluetoothd[348170]: profiles/audio/avdtp.c:avdtp_free() 0x577f5c553ea0
Aug 18 23:32:45.402692 n bluetoothd[348170]: src/profile.c:ext_io_disconnected() Unable to get io data for Hands-Free Voice gateway: getpeername: Transport endpoint is not connected (107)
Aug 18 23:32:45.402706 n bluetoothd[348170]: src/service.c:change_state() 0x577f5c538250: device AA:BB:CC:00:00:01 profile Hands-Free Voice gateway state changed: connected -> disconnected (0)
Aug 18 23:32:45.402725 n bluetoothd[348170]: src/service.c:btd_service_unref() 0x577f5c538250: ref=2
Aug 18 23:32:45.402832 n bluetoothd[348170]: src/battery.c:provided_battery_removed_cb() provided battery removed /org/freedesktop/pipewire/battery/org/bluez/hci0/dev_AA:BB:CC:00:00:01
Aug 18 23:32:45.402844 n bluetoothd[348170]: src/battery.c:btd_battery_unregister() path = /org/bluez/hci0/dev_AA:BB:CC:00:00:01
