Aug 22 11:19:07.916087 n bluetoothd[2959]: Terminating
Aug 22 11:19:07.916112 n bluetoothd[2959]: src/adapter.c:adapter_shutdown()
Aug 22 11:19:07.916167 n systemd[1]: Stopping bluetooth.service - Bluetooth service...
Aug 22 11:19:07.916122 n bluetoothd[2959]: src/adapter.c:adapter_set_power_state() on-disabling
Aug 22 11:19:07.916135 n bluetoothd[2959]: src/adapter.c:set_mode() sending set mode command for index 0
Aug 22 11:19:07.916178 n bluetoothd[2959]: src/shared/mgmt.c:send_request() [0x0000] command 0x0005
Aug 22 11:19:08.902664 n bluetoothd[2959]: src/shared/mgmt.c:can_read_data() [0x0000] command 0x05 status: 0x05
Aug 22 11:19:08.902685 n bluetoothd[2959]: Failed to set mode: Authentication Failed (0x05)
Aug 22 11:19:08.902704 n bluetoothd[2959]: src/adapter.c:adapter_set_power_state() off
Aug 22 11:19:18.244559 n bluetoothd[2959]: src/plugin.c:plugin_cleanup() Cleanup plugins
Aug 22 11:19:18.244588 n bluetoothd[2959]: profiles/health/hdp.c:hdp_manager_stop() Stopped Health manager
Aug 22 11:19:18.244596 n bluetoothd[2959]: profiles/input/suspend-none.c:suspend_exit()
Aug 22 11:19:18.244614 n bluetoothd[2959]: profiles/audio/a2dp.c:media_server_remove() path /org/bluez/hci0
Aug 22 11:19:18.244629 n bluetoothd[2959]: profiles/audio/media.c:release_endpoint() sender=:1.86 path=/MediaEndpoint/A2DPSource/ldac
Aug 22 11:19:18.244679 n bluetoothd[2959]: profiles/audio/media.c:media_endpoint_destroy() sender=:1.86 path=/MediaEndpoint/A2DPSource/ldac
Aug 22 11:19:18.244691 n bluetoothd[2959]: profiles/audio/avdtp.c:avdtp_unregister_sep() SEP 0x5f8e53bce810 unregistered: type:0 codec:255 seid_pool:0x5f8e53bdd408 seid:1
Aug 22 11:19:18.244700 n bluetoothd[2959]: profiles/audio/media.c:release_endpoint() sender=:1.86 path=/MediaEndpoint/A2DPSink/aptx_hd
Aug 22 11:19:18.244716 n bluetoothd[2959]: profiles/audio/media.c:media_endpoint_destroy() sender=:1.86 path=/MediaEndpoint/A2DPSink/aptx_hd
Aug 22 11:19:18.244723 n bluetoothd[2959]: profiles/audio/avdtp.c:avdtp_unregister_sep() SEP 0x5f8e53bd31c0 unregistered: type:1 codec:255 seid_pool:0x5f8e53bdd408 seid:2
Aug 22 11:19:18.244729 n bluetoothd[2959]: profiles/audio/media.c:release_endpoint() sender=:1.86 path=/MediaEndpoint/A2DPSource/aptx_hd
Aug 22 11:19:18.244745 n bluetoothd[2959]: profiles/audio/media.c:media_endpoint_destroy() sender=:1.86 path=/MediaEndpoint/A2DPSource/aptx_hd
Aug 22 11:19:18.244752 n bluetoothd[2959]: profiles/audio/avdtp.c:avdtp_unregister_sep() SEP 0x5f8e53bf08f0 unregistered: type:0 codec:255 seid_pool:0x5f8e53bdd408 seid:3
Aug 22 11:19:18.244759 n bluetoothd[2959]: profiles/audio/media.c:release_endpoint() sender=:1.86 path=/MediaEndpoint/A2DPSink/aptx
Aug 22 11:19:18.244774 n bluetoothd[2959]: profiles/audio/media.c:media_endpoint_destroy() sender=:1.86 path=/MediaEndpoint/A2DPSink/aptx
Aug 22 11:19:18.244781 n bluetoothd[2959]: profiles/audio/avdtp.c:avdtp_unregister_sep() SEP 0x5f8e53be30c0 unregistered: type:1 codec:255 seid_pool:0x5f8e53bdd408 seid:4
Aug 22 11:19:18.244788 n bluetoothd[2959]: profiles/audio/media.c:release_endpoint() sender=:1.86 path=/MediaEndpoint/A2DPSource/aptx
Aug 22 11:19:18.244804 n bluetoothd[2959]: profiles/audio/media.c:media_endpoint_destroy() sender=:1.86 path=/MediaEndpoint/A2DPSource/aptx
Aug 22 11:19:18.244810 n bluetoothd[2959]: profiles/audio/avdtp.c:avdtp_unregister_sep() SEP 0x5f8e53bdfe10 unregistered: type:0 codec:255 seid_pool:0x5f8e53bdd408 seid:5
Aug 22 11:19:18.244816 n bluetoothd[2959]: profiles/audio/media.c:release_endpoint() sender=:1.86 path=/MediaEndpoint/A2DPSink/sbc
Aug 22 11:19:18.244833 n bluetoothd[2959]: profiles/audio/media.c:media_endpoint_destroy() sender=:1.86 path=/MediaEndpoint/A2DPSink/sbc
Aug 22 11:19:18.244840 n bluetoothd[2959]: profiles/audio/avdtp.c:avdtp_unregister_sep() SEP 0x5f8e53bf6ff0 unregistered: type:1 codec:0 seid_pool:0x5f8e53bdd408 seid:6
Aug 22 11:19:18.244846 n bluetoothd[2959]: profiles/audio/media.c:release_endpoint() sender=:1.86 path=/MediaEndpoint/A2DPSource/sbc
Aug 22 11:19:18.244863 n bluetoothd[2959]: profiles/audio/media.c:media_endpoint_destroy() sender=:1.86 path=/MediaEndpoint/A2DPSource/sbc
Aug 22 11:19:18.244869 n bluetoothd[2959]: profiles/audio/avdtp.c:avdtp_unregister_sep() SEP 0x5f8e53bfa3c0 unregistered: type:0 codec:0 seid_pool:0x5f8e53bdd408 seid:7
Aug 22 11:19:18.244876 n bluetoothd[2959]: profiles/audio/media.c:release_endpoint() sender=:1.86 path=/MediaEndpoint/A2DPSink/sbc_xq
Aug 22 11:19:18.244893 n bluetoothd[2959]: profiles/audio/media.c:media_endpoint_destroy() sender=:1.86 path=/MediaEndpoint/A2DPSink/sbc_xq
Aug 22 11:19:18.244898 n bluetoothd[2959]: profiles/audio/avdtp.c:avdtp_unregister_sep() SEP 0x5f8e53beb120 unregistered: type:1 codec:0 seid_pool:0x5f8e53bdd408 seid:8
Aug 22 11:19:18.244904 n bluetoothd[2959]: profiles/audio/media.c:release_endpoint() sender=:1.86 path=/MediaEndpoint/A2DPSource/sbc_xq
Aug 22 11:19:18.244919 n bluetoothd[2959]: profiles/audio/media.c:media_endpoint_destroy() sender=:1.86 path=/MediaEndpoint/A2DPSource/sbc_xq
Aug 22 11:19:18.244924 n bluetoothd[2959]: profiles/audio/avdtp.c:avdtp_unregister_sep() SEP 0x5f8e53beea90 unregistered: type:0 codec:0 seid_pool:0x5f8e53bdd408 seid:9
Aug 22 11:19:18.244930 n bluetoothd[2959]: profiles/audio/media.c:release_endpoint() sender=:1.86 path=/MediaEndpoint/A2DPSource/aptx_ll_1
Aug 22 11:19:18.244944 n bluetoothd[2959]: profiles/audio/media.c:media_endpoint_destroy() sender=:1.86 path=/MediaEndpoint/A2DPSource/aptx_ll_1
Aug 22 11:19:18.244950 n bluetoothd[2959]: profiles/audio/avdtp.c:avdtp_unregister_sep() SEP 0x5f8e53bf1900 unregistered: type:0 codec:255 seid_pool:0x5f8e53bdd408 seid:10
Aug 22 11:19:18.244956 n bluetoothd[2959]: profiles/audio/media.c:release_endpoint() sender=:1.86 path=/MediaEndpoint/A2DPSource/aptx_ll_0
Aug 22 11:19:18.244970 n bluetoothd[2959]: profiles/audio/media.c:media_endpoint_destroy() sender=:1.86 path=/MediaEndpoint/A2DPSource/aptx_ll_0
Aug 22 11:19:18.244976 n bluetoothd[2959]: profiles/audio/avdtp.c:avdtp_unregister_sep() SEP 0x5f8e53bf3540 unregistered: type:0 codec:255 seid_pool:0x5f8e53bdd408 seid:11
Aug 22 11:19:18.244982 n bluetoothd[2959]: profiles/audio/media.c:release_endpoint() sender=:1.86 path=/MediaEndpoint/A2DPSource/aptx_ll_duplex_1
Aug 22 11:19:18.244997 n bluetoothd[2959]: profiles/audio/media.c:media_endpoint_destroy() sender=:1.86 path=/MediaEndpoint/A2DPSource/aptx_ll_duplex_1
Aug 22 11:19:18.245004 n bluetoothd[2959]: profiles/audio/avdtp.c:avdtp_unregister_sep() SEP 0x5f8e53bf3d10 unregistered: type:0 codec:255 seid_pool:0x5f8e53bdd408 seid:12
Aug 22 11:19:18.245011 n bluetoothd[2959]: profiles/audio/media.c:release_endpoint() sender=:1.86 path=/MediaEndpoint/A2DPSource/aptx_ll_duplex_0
Aug 22 11:19:18.245026 n bluetoothd[2959]: profiles/audio/media.c:media_endpoint_destroy() sender=:1.86 path=/MediaEndpoint/A2DPSource/aptx_ll_duplex_0
Aug 22 11:19:18.245033 n bluetoothd[2959]: profiles/audio/avdtp.c:avdtp_unregister_sep() SEP 0x5f8e53bf4910 unregistered: type:0 codec:255 seid_pool:0x5f8e53bdd408 seid:13
Aug 22 11:19:18.245039 n bluetoothd[2959]: profiles/audio/media.c:release_endpoint() sender=:1.86 path=/MediaEndpoint/A2DPSource/faststream
Aug 22 11:19:18.245054 n bluetoothd[2959]: profiles/audio/media.c:media_endpoint_destroy() sender=:1.86 path=/MediaEndpoint/A2DPSource/faststream
Aug 22 11:19:18.245060 n bluetoothd[2959]: profiles/audio/avdtp.c:avdtp_unregister_sep() SEP 0x5f8e53bf2ec0 unregistered: type:0 codec:255 seid_pool:0x5f8e53bdd408 seid:14
Aug 22 11:19:18.245066 n bluetoothd[2959]: profiles/audio/media.c:release_endpoint() sender=:1.86 path=/MediaEndpoint/A2DPSource/faststream_duplex
Aug 22 11:19:18.245081 n bluetoothd[2959]: profiles/audio/media.c:media_endpoint_destroy() sender=:1.86 path=/MediaEndpoint/A2DPSource/faststream_duplex
Aug 22 11:19:18.245088 n bluetoothd[2959]: profiles/audio/avdtp.c:avdtp_unregister_sep() SEP 0x5f8e53bec690 unregistered: type:0 codec:255 seid_pool:0x5f8e53bdd408 seid:15
Aug 22 11:19:18.245094 n bluetoothd[2959]: profiles/audio/media.c:release_endpoint() sender=:1.86 path=/MediaEndpoint/A2DPSink/opus_05
Aug 22 11:19:18.245120 n bluetoothd[2959]: profiles/audio/media.c:media_endpoint_destroy() sender=:1.86 path=/MediaEndpoint/A2DPSink/opus_05
Aug 22 11:19:18.245131 n bluetoothd[2959]: profiles/audio/avdtp.c:avdtp_unregister_sep() SEP 0x5f8e53bfd470 unregistered: type:1 codec:255 seid_pool:0x5f8e53bdd408 seid:16
Aug 22 11:19:18.245141 n bluetoothd[2959]: profiles/audio/media.c:release_endpoint() sender=:1.86 path=/MediaEndpoint/A2DPSource/opus_05
Aug 22 11:19:18.245167 n bluetoothd[2959]: profiles/audio/media.c:media_endpoint_destroy() sender=:1.86 path=/MediaEndpoint/A2DPSource/opus_05
Aug 22 11:19:18.245174 n bluetoothd[2959]: profiles/audio/avdtp.c:avdtp_unregister_sep() SEP 0x5f8e53bfe0b0 unregistered: type:0 codec:255 seid_pool:0x5f8e53bdd408 seid:17
Aug 22 11:19:18.245181 n bluetoothd[2959]: src/adapter.c:adapter_service_remove() /org/bluez/hci0
Aug 22 11:19:18.245194 n bluetoothd[2959]: src/adapter.c:remove_uuid() sending remove uuid command for index 0
Aug 22 11:19:18.245208 n bluetoothd[2959]: src/sdpd-service.c:remove_record_from_server() Removing record with handle 0x10009
Aug 22 11:19:18.245221 n bluetoothd[2959]: profiles/audio/media.c:release_endpoint() sender=:1.86 path=/MediaEndpoint/A2DPSink/opus_05_duplex
Aug 22 11:19:18.245243 n bluetoothd[2959]: profiles/audio/media.c:media_endpoint_destroy() sender=:1.86 path=/MediaEndpoint/A2DPSink/opus_05_duplex
Aug 22 11:19:18.245253 n bluetoothd[2959]: profiles/audio/avdtp.c:avdtp_unregister_sep() SEP 0x5f8e53c015c0 unregistered: type:1 codec:255 seid_pool:0x5f8e53bdd408 seid:18
Aug 22 11:19:18.245259 n bluetoothd[2959]: src/adapter.c:adapter_service_remove() /org/bluez/hci0
Aug 22 11:19:18.245265 n bluetoothd[2959]: src/adapter.c:remove_uuid() sending remove uuid command for index 0
Aug 22 11:19:18.245270 n bluetoothd[2959]: src/sdpd-service.c:remove_record_from_server() Removing record with handle 0x10008
Aug 22 11:19:18.245278 n bluetoothd[2959]: profiles/audio/media.c:release_endpoint() sender=:1.86 path=/MediaEndpoint/A2DPSource/opus_05_duplex
Aug 22 11:19:18.245296 n bluetoothd[2959]: profiles/audio/media.c:media_endpoint_destroy() sender=:1.86 path=/MediaEndpoint/A2DPSource/opus_05_duplex
Aug 22 11:19:18.245301 n bluetoothd[2959]: profiles/audio/avdtp.c:avdtp_unregister_sep() SEP 0x5f8e53c021f0 unregistered: type:0 codec:255 seid_pool:0x5f8e53bdd408 seid:19
Aug 22 11:19:18.246935 n bluetoothd[2959]: plugins/neard.c:neard_exit() Cleanup neard plugin
Aug 22 11:19:18.247013 n bluetoothd[2959]: src/service.c:btd_service_unref() 0x5f8e53c006a0: ref=2
Aug 22 11:19:18.247020 n bluetoothd[2959]: src/service.c:btd_service_unref() 0x5f8e53c00550: ref=2
Aug 22 11:19:18.247027 n bluetoothd[2959]: plugins/hostname.c:hostname_remove()
Aug 22 11:19:18.247375 n bluetoothd[2959]: plugins/sixaxis.c:sixaxis_exit()
Aug 22 11:19:18.247466 n bluetoothd[2959]: src/profile.c:btd_profile_cleanup() Releasing "Hands-Free Voice gateway"
Aug 22 11:19:18.247483 n bluetoothd[2959]: src/service.c:btd_service_unref() 0x5f8e53c006a0: ref=1
Aug 22 11:19:18.247497 n bluetoothd[2959]: src/service.c:change_state() 0x5f8e53bf9290: device AA:BB:CC:00:00:01 profile Hands-Free Voice gateway state changed: disconnected -> unavailable (0)
Aug 22 11:19:18.247503 n bluetoothd[2959]: src/profile.c:ext_device_remove() Hands-Free Voice gateway
Aug 22 11:19:18.247508 n bluetoothd[2959]: src/service.c:btd_service_unref() 0x5f8e53bf9290: ref=0
Aug 22 11:19:18.247513 n bluetoothd[2959]: src/service.c:change_state() 0x5f8e53be7100: device AA:BB:CC:00:00:02 profile Hands-Free Voice gateway state changed: disconnected -> unavailable (0)
Aug 22 11:19:18.247518 n bluetoothd[2959]: src/profile.c:ext_device_remove() Hands-Free Voice gateway
Aug 22 11:19:18.247523 n bluetoothd[2959]: src/service.c:btd_service_unref() 0x5f8e53be7100: ref=0
Aug 22 11:19:18.247528 n bluetoothd[2959]: src/service.c:change_state() 0x5f8e53bdabf0: device AA:BB:CC:00:00:03 profile Hands-Free Voice gateway state changed: disconnected -> unavailable (0)
Aug 22 11:19:18.247533 n bluetoothd[2959]: src/profile.c:ext_device_remove() Hands-Free Voice gateway
Aug 22 11:19:18.247537 n bluetoothd[2959]: src/service.c:btd_service_unref() 0x5f8e53bdabf0: ref=0
Aug 22 11:19:18.247542 n bluetoothd[2959]: src/service.c:change_state() 0x5f8e53be7fc0: device AA:BB:CC:00:00:04 profile Hands-Free Voice gateway state changed: disconnected -> unavailable (0)
Aug 22 11:19:18.247547 n bluetoothd[2959]: src/profile.c:ext_device_remove() Hands-Free Voice gateway
Aug 22 11:19:18.247551 n bluetoothd[2959]: src/service.c:btd_service_unref() 0x5f8e53be7fc0: ref=0
Aug 22 11:19:18.247556 n bluetoothd[2959]: src/service.c:change_state() 0x5f8e53c006a0: device AA:BB:CC:00:00:05 profile Hands-Free Voice gateway state changed: connected -> disconnected (-103)
Aug 22 11:19:18.247562 n bluetoothd[2959]: src/service.c:change_state() 0x5f8e53c006a0: device AA:BB:CC:00:00:05 profile Hands-Free Voice gateway state changed: disconnected -> unavailable (0)
Aug 22 11:19:18.247566 n bluetoothd[2959]: src/profile.c:ext_device_remove() Hands-Free Voice gateway
Aug 22 11:19:18.247570 n bluetoothd[2959]: src/service.c:btd_service_unref() 0x5f8e53c006a0: ref=0
Aug 22 11:19:18.247576 n bluetoothd[2959]: src/profile.c:ext_adapter_remove() "Hands-Free Voice gateway" removed
Aug 22 11:19:18.247581 n bluetoothd[2959]: src/adapter.c:adapter_service_remove() /org/bluez/hci0
Aug 22 11:19:18.247587 n bluetoothd[2959]: src/adapter.c:remove_uuid() sending remove uuid command for index 0
Aug 22 11:19:18.247593 n bluetoothd[2959]: src/sdpd-service.c:remove_record_from_server() Removing record with handle 0x10006
Aug 22 11:19:18.247607 n bluetoothd[2959]: src/profile.c:remove_ext() Removed "Hands-Free Voice gateway"
Aug 22 11:19:18.247613 n bluetoothd[2959]: src/profile.c:btd_profile_cleanup() Releasing "Hands-Free unit"
Aug 22 11:19:18.247622 n bluetoothd[2959]: src/profile.c:ext_adapter_remove() "Hands-Free unit" removed
Aug 22 11:19:18.247629 n bluetoothd[2959]: src/adapter.c:adapter_service_remove() /org/bluez/hci0
Aug 22 11:19:18.247634 n bluetoothd[2959]: src/adapter.c:remove_uuid() sending remove uuid command for index 0
Aug 22 11:19:18.247638 n bluetoothd[2959]: src/sdpd-service.c:remove_record_from_server() Removing record with handle 0x10007
Aug 22 11:19:18.247647 n bluetoothd[2959]: src/profile.c:remove_ext() Removed "Hands-Free unit"
Aug 22 11:19:18.247655 n bluetoothd[2959]: src/profile.c:btd_profile_cleanup() Releasing "Message Notification"
Aug 22 11:19:18.247665 n bluetoothd[2959]: src/profile.c:ext_adapter_remove() "Message Notification" removed
Aug 22 11:19:18.247670 n bluetoothd[2959]: src/adapter.c:adapter_service_remove() /org/bluez/hci0
Aug 22 11:19:18.247674 n bluetoothd[2959]: src/adapter.c:remove_uuid() sending remove uuid command for index 0
Aug 22 11:19:18.247679 n bluetoothd[2959]: src/sdpd-service.c:remove_record_from_server() Removing record with handle 0x1000a
Aug 22 11:19:18.247693 n bluetoothd[2959]: src/profile.c:remove_ext() Removed "Message Notification"
Aug 22 11:19:18.247699 n bluetoothd[2959]: src/profile.c:btd_profile_cleanup() Releasing "Message Access"
Aug 22 11:19:18.247707 n bluetoothd[2959]: src/profile.c:ext_adapter_remove() "Message Access" removed
Aug 22 11:19:18.247712 n bluetoothd[2959]: src/adapter.c:adapter_service_remove() /org/bluez/hci0
Aug 22 11:19:18.247717 n bluetoothd[2959]: src/adapter.c:remove_uuid() sending remove uuid command for index 0
Aug 22 11:19:18.247721 n bluetoothd[2959]: src/sdpd-service.c:remove_record_from_server() Removing record with handle 0x1000b
Aug 22 11:19:18.247735 n bluetoothd[2959]: src/profile.c:remove_ext() Removed "Message Access"
Aug 22 11:19:18.247740 n bluetoothd[2959]: src/profile.c:btd_profile_cleanup() Releasing "Phone Book Access"
Aug 22 11:19:18.247747 n bluetoothd[2959]: src/profile.c:ext_adapter_remove() "Phone Book Access" removed
Aug 22 11:19:18.247751 n bluetoothd[2959]: src/adapter.c:adapter_service_remove() /org/bluez/hci0
Aug 22 11:19:18.247756 n bluetoothd[2959]: src/adapter.c:remove_uuid() sending remove uuid command for index 0
Aug 22 11:19:18.247760 n bluetoothd[2959]: src/sdpd-service.c:remove_record_from_server() Removing record with handle 0x1000c
Aug 22 11:19:18.247773 n bluetoothd[2959]: src/profile.c:remove_ext() Removed "Phone Book Access"
Aug 22 11:19:18.247780 n bluetoothd[2959]: src/profile.c:btd_profile_cleanup() Releasing "Synchronization"
Aug 22 11:19:18.247788 n bluetoothd[2959]: src/profile.c:ext_adapter_remove() "Synchronization" removed
Aug 22 11:19:18.247794 n bluetoothd[2959]: src/adapter.c:adapter_service_remove() /org/bluez/hci0
Aug 22 11:19:18.247799 n bluetoothd[2959]: src/adapter.c:remove_uuid() sending remove uuid command for index 0
Aug 22 11:19:18.247803 n bluetoothd[2959]: src/sdpd-service.c:remove_record_from_server() Removing record with handle 0x1000d
Aug 22 11:19:18.247812 n bluetoothd[2959]: src/profile.c:remove_ext() Removed "Synchronization"
Aug 22 11:19:18.247817 n bluetoothd[2959]: src/profile.c:btd_profile_cleanup() Releasing "File Transfer"
Aug 22 11:19:18.247826 n bluetoothd[2959]: src/profile.c:ext_adapter_remove() "File Transfer" removed
Aug 22 11:19:18.247831 n bluetoothd[2959]: src/adapter.c:adapter_service_remove() /org/bluez/hci0
Aug 22 11:19:18.247836 n bluetoothd[2959]: src/adapter.c:remove_uuid() sending remove uuid command for index 0
Aug 22 11:19:18.247840 n bluetoothd[2959]: src/sdpd-service.c:remove_record_from_server() Removing record with handle 0x1000e
Aug 22 11:19:18.247855 n bluetoothd[2959]: src/profile.c:remove_ext() Removed "File Transfer"
Aug 22 11:19:18.247860 n bluetoothd[2959]: src/profile.c:btd_profile_cleanup() Releasing "Object Push"
Aug 22 11:19:18.247869 n bluetoothd[2959]: src/profile.c:ext_adapter_remove() "Object Push" removed
Aug 22 11:19:18.247873 n bluetoothd[2959]: src/adapter.c:adapter_service_remove() /org/bluez/hci0
Aug 22 11:19:18.247879 n bluetoothd[2959]: src/adapter.c:remove_uuid() sending remove uuid command for index 0
Aug 22 11:19:18.247889 n bluetoothd[2959]: src/sdpd-service.c:remove_record_from_server() Removing record with handle 0x1000f
Aug 22 11:19:18.247906 n bluetoothd[2959]: src/profile.c:remove_ext() Removed "Object Push"
Aug 22 11:19:18.247911 n bluetoothd[2959]: src/profile.c:btd_profile_cleanup() Releasing ":1.218/org/bluez/obex/00005005_0000_1000_8000_0002ee000001/<UUID-01>"
Aug 22 11:19:18.247988 n bluetoothd[2959]: src/profile.c:ext_adapter_remove() ":1.218/org/bluez/obex/00005005_0000_1000_8000_0002ee000001/<UUID-01>" removed
Aug 22 11:19:18.247994 n bluetoothd[2959]: src/adapter.c:adapter_service_remove() /org/bluez/hci0
Aug 22 11:19:18.247999 n bluetoothd[2959]: src/adapter.c:remove_uuid() sending remove uuid command for index 0
Aug 22 11:19:18.248003 n bluetoothd[2959]: src/sdpd-service.c:remove_record_from_server() Removing record with handle 0x10010
Aug 22 11:19:18.248009 n bluetoothd[2959]: src/profile.c:remove_ext() Removed ":1.218/org/bluez/obex/00005005_0000_1000_8000_0002ee000001/<UUID-01>"
Aug 22 11:19:18.248029 n bluetoothd[2959]: src/adapter.c:adapter_remove() Removing adapter /org/bluez/hci0
Aug 22 11:19:18.248035 n bluetoothd[2959]: src/device.c:device_remove() Removing device /org/bluez/hci0/dev_AA:BB:CC:00:00:01
Aug 22 11:19:18.248040 n bluetoothd[2959]: src/service.c:change_state() 0x5f8e53bdd810: device AA:BB:CC:00:00:01 profile avrcp-controller state changed: disconnected -> unavailable (0)
Aug 22 11:19:18.248046 n bluetoothd[2959]: profiles/audio/control.c:path_unregister() Unregistered interface org.bluez.MediaControl1 on path /org/bluez/hci0/dev_AA:BB:CC:00:00:01
Aug 22 11:19:18.248051 n bluetoothd[2959]: src/service.c:btd_service_unref() 0x5f8e53bdd8d0: ref=1
Aug 22 11:19:18.248056 n bluetoothd[2959]: src/service.c:btd_service_unref() 0x5f8e53bdd810: ref=1
Aug 22 11:19:18.248061 n bluetoothd[2959]: src/service.c:btd_service_unref() 0x5f8e53bdd810: ref=0
Aug 22 11:19:18.248066 n bluetoothd[2959]: src/service.c:change_state() 0x5f8e53bdd8d0: device AA:BB:CC:00:00:01 profile audio-avrcp-target state changed: disconnected -> unavailable (0)
Aug 22 11:19:18.248071 n bluetoothd[2959]: src/service.c:btd_service_unref() 0x5f8e53bdd8d0: ref=0
Aug 22 11:19:18.248076 n bluetoothd[2959]: src/service.c:change_state() 0x5f8e53bdd910: device AA:BB:CC:00:00:01 profile a2dp-sink state changed: disconnected -> unavailable (0)
Aug 22 11:19:18.248081 n bluetoothd[2959]: profiles/audio/sink.c:sink_unregister() /org/bluez/hci0/dev_AA:BB:CC:00:00:01
Aug 22 11:19:18.248086 n bluetoothd[2959]: src/service.c:btd_service_unref() 0x5f8e53bdd910: ref=1
Aug 22 11:19:18.248090 n bluetoothd[2959]: src/service.c:btd_service_unref() 0x5f8e53bdd910: ref=0
Aug 22 11:19:18.248095 n bluetoothd[2959]: src/device.c:btd_device_unref() Freeing device /org/bluez/hci0/dev_AA:BB:CC:00:00:01
Aug 22 11:19:18.248102 n bluetoothd[2959]: src/device.c:device_free() 0x5f8e53be62b0
Aug 22 11:19:18.248120 n bluetoothd[2959]: src/device.c:device_remove() Removing device /org/bluez/hci0/dev_AA:BB:CC:00:00:02
Aug 22 11:19:18.248125 n bluetoothd[2959]: src/service.c:change_state() 0x5f8e53bdd9d0: device AA:BB:CC:00:00:02 profile avrcp-controller state changed: disconnected -> unavailable (0)
Aug 22 11:19:18.248130 n bluetoothd[2959]: profiles/audio/control.c:path_unregister() Unregistered interface org.bluez.MediaControl1 on path /org/bluez/hci0/dev_AA:BB:CC:00:00:02
Aug 22 11:19:18.248135 n bluetoothd[2959]: src/service.c:btd_service_unref() 0x5f8e53bdddb0: ref=1
Aug 22 11:19:18.248139 n bluetoothd[2959]: src/service.c:btd_service_unref() 0x5f8e53bdd9d0: ref=1
Aug 22 11:19:18.248144 n bluetoothd[2959]: src/service.c:btd_service_unref() 0x5f8e53bdd9d0: ref=0
Aug 22 11:19:18.248151 n bluetoothd[2959]: src/service.c:change_state() 0x5f8e53bdddb0: device AA:BB:CC:00:00:02 profile audio-avrcp-target state changed: disconnected -> unavailable (0)
Aug 22 11:19:18.248156 n bluetoothd[2959]: src/service.c:btd_service_unref() 0x5f8e53bdddb0: ref=0
Aug 22 11:19:18.248161 n bluetoothd[2959]: src/service.c:change_state() 0x5f8e53bdddf0: device AA:BB:CC:00:00:02 profile a2dp-source state changed: disconnected -> unavailable (0)
Aug 22 11:19:18.248166 n bluetoothd[2959]: profiles/audio/source.c:source_unregister() /org/bluez/hci0/dev_AA:BB:CC:00:00:02
Aug 22 11:19:18.248170 n bluetoothd[2959]: src/service.c:btd_service_unref() 0x5f8e53bdddf0: ref=1
Aug 22 11:19:18.248174 n bluetoothd[2959]: src/service.c:btd_service_unref() 0x5f8e53bdddf0: ref=0
Aug 22 11:19:18.248179 n bluetoothd[2959]: src/service.c:change_state() 0x5f8e53bddeb0: device AA:BB:CC:00:00:02 profile a2dp-sink state changed: disconnected -> unavailable (0)
Aug 22 11:19:18.248184 n bluetoothd[2959]: profiles/audio/sink.c:sink_unregister() /org/bluez/hci0/dev_AA:BB:CC:00:00:02
Aug 22 11:19:18.248188 n bluetoothd[2959]: src/service.c:btd_service_unref() 0x5f8e53bddeb0: ref=1
Aug 22 11:19:18.248193 n bluetoothd[2959]: src/service.c:btd_service_unref() 0x5f8e53bddeb0: ref=0
Aug 22 11:19:18.248197 n bluetoothd[2959]: src/device.c:btd_device_unref() Freeing device /org/bluez/hci0/dev_AA:BB:CC:00:00:02
Aug 22 11:19:18.248203 n bluetoothd[2959]: src/device.c:device_free() 0x5f8e53be76f0
Aug 22 11:19:18.248231 n bluetoothd[2959]: src/device.c:device_remove() Removing device /org/bluez/hci0/dev_AA:BB:CC:00:00:03
Aug 22 11:19:18.248241 n bluetoothd[2959]: src/service.c:change_state() 0x5f8e53bddf30: device AA:BB:CC:00:00:03 profile avrcp-controller state changed: disconnected -> unavailable (0)
Aug 22 11:19:18.248249 n bluetoothd[2959]: profiles/audio/control.c:path_unregister() Unregistered interface org.bluez.MediaControl1 on path /org/bluez/hci0/dev_AA:BB:CC:00:00:03
Aug 22 11:19:18.248257 n bluetoothd[2959]: src/service.c:btd_service_unref() 0x5f8e53bddff0: ref=1
Aug 22 11:19:18.248266 n bluetoothd[2959]: src/service.c:btd_service_unref() 0x5f8e53bddf30: ref=1
Aug 22 11:19:18.248274 n bluetoothd[2959]: src/service.c:btd_service_unref() 0x5f8e53bddf30: ref=0
Aug 22 11:19:18.248281 n bluetoothd[2959]: src/service.c:change_state() 0x5f8e53bddff0: device AA:BB:CC:00:00:03 profile audio-avrcp-target state changed: disconnected -> unavailable (0)
Aug 22 11:19:18.248286 n bluetoothd[2959]: src/service.c:btd_service_unref() 0x5f8e53bddff0: ref=0
Aug 22 11:19:18.248291 n bluetoothd[2959]: src/service.c:change_state() 0x5f8e53bde030: device AA:BB:CC:00:00:03 profile a2dp-sink state changed: disconnected -> unavailable (0)
Aug 22 11:19:18.248296 n bluetoothd[2959]: profiles/audio/sink.c:sink_unregister() /org/bluez/hci0/dev_AA:BB:CC:00:00:03
Aug 22 11:19:18.248301 n bluetoothd[2959]: src/service.c:btd_service_unref() 0x5f8e53bde030: ref=1
Aug 22 11:19:18.248306 n bluetoothd[2959]: src/service.c:btd_service_unref() 0x5f8e53bde030: ref=0
Aug 22 11:19:18.248312 n bluetoothd[2959]: src/device.c:btd_device_unref() Freeing device /org/bluez/hci0/dev_AA:BB:CC:00:00:03
Aug 22 11:19:18.248318 n bluetoothd[2959]: src/device.c:device_free() 0x5f8e53be8850
Aug 22 11:19:18.248335 n bluetoothd[2959]: src/device.c:device_remove() Removing device /org/bluez/hci0/dev_AA:BB:CC:00:00:04
Aug 22 11:19:18.248341 n bluetoothd[2959]: src/service.c:change_state() 0x5f8e53bde0f0: device AA:BB:CC:00:00:04 profile avrcp-controller state changed: disconnected -> unavailable (0)
Aug 22 11:19:18.248348 n bluetoothd[2959]: profiles/audio/control.c:path_unregister() Unregistered interface org.bluez.MediaControl1 on path /org/bluez/hci0/dev_AA:BB:CC:00:00:04
Aug 22 11:19:18.248355 n bluetoothd[2959]: src/service.c:btd_service_unref() 0x5f8e53bde1e0: ref=1
Aug 22 11:19:18.248362 n bluetoothd[2959]: src/service.c:btd_service_unref() 0x5f8e53bde0f0: ref=1
Aug 22 11:19:18.248370 n bluetoothd[2959]: src/service.c:btd_service_unref() 0x5f8e53bde0f0: ref=0
Aug 22 11:19:18.248377 n bluetoothd[2959]: src/service.c:change_state() 0x5f8e53bde1e0: device AA:BB:CC:00:00:04 profile audio-avrcp-target state changed: disconnected -> unavailable (0)
Aug 22 11:19:18.248386 n bluetoothd[2959]: src/service.c:btd_service_unref() 0x5f8e53bde1e0: ref=0
Aug 22 11:19:18.248394 n bluetoothd[2959]: src/service.c:change_state() 0x5f8e53bde220: device AA:BB:CC:00:00:04 profile a2dp-sink state changed: disconnected -> unavailable (0)
Aug 22 11:19:18.255663 n systemd[1]: bluetooth.service: Deactivated successfully.
Aug 22 11:19:18.248401 n bluetoothd[2959]: profiles/audio/sink.c:sink_unregister() /org/bluez/hci0/dev_AA:BB:CC:00:00:04
Aug 22 11:19:18.248407 n bluetoothd[2959]: src/service.c:btd_service_unref() 0x5f8e53bde220: ref=1
Aug 22 11:19:18.248411 n bluetoothd[2959]: src/service.c:btd_service_unref() 0x5f8e53bde220: ref=0
Aug 22 11:19:18.248415 n bluetoothd[2959]: src/device.c:btd_device_unref() Freeing device /org/bluez/hci0/dev_AA:BB:CC:00:00:04
Aug 22 11:19:18.248423 n bluetoothd[2959]: src/device.c:device_free() 0x5f8e53be9310
Aug 22 11:19:18.248442 n bluetoothd[2959]: src/device.c:device_remove() Removing device /org/bluez/hci0/dev_AA:BB:CC:00:00:05
Aug 22 11:19:18.248448 n bluetoothd[2959]: src/service.c:change_state() 0x5f8e53c00350: device AA:BB:CC:00:00:05 profile avrcp-controller state changed: disconnected -> unavailable (0)
Aug 22 11:19:18.248453 n bluetoothd[2959]: profiles/audio/control.c:path_unregister() Unregistered interface org.bluez.MediaControl1 on path /org/bluez/hci0/dev_AA:BB:CC:00:00:05
Aug 22 11:19:18.248458 n bluetoothd[2959]: src/service.c:btd_service_unref() 0x5f8e53bec5f0: ref=1
Aug 22 11:19:18.248462 n bluetoothd[2959]: src/service.c:btd_service_unref() 0x5f8e53c00350: ref=1
Aug 22 11:19:18.248469 n bluetoothd[2959]: src/service.c:btd_service_unref() 0x5f8e53c00350: ref=0
Aug 22 11:19:18.256176 n systemd[1]: Stopped bluetooth.service - Bluetooth service.
Aug 22 11:19:18.248484 n bluetoothd[2959]: src/service.c:change_state() 0x5f8e53c00550: device AA:BB:CC:00:00:05 profile a2dp-sink state changed: disconnected -> unavailable (0)
Aug 22 11:19:18.248489 n bluetoothd[2959]: profiles/audio/sink.c:sink_unregister() /org/bluez/hci0/dev_AA:BB:CC:00:00:05
Aug 22 11:19:18.248494 n bluetoothd[2959]: src/service.c:btd_service_unref() 0x5f8e53c00550: ref=1
Aug 22 11:19:18.248499 n bluetoothd[2959]: src/service.c:btd_service_unref() 0x5f8e53c00550: ref=0
Aug 22 11:19:18.248507 n bluetoothd[2959]: src/service.c:change_state() 0x5f8e53bec5f0: device AA:BB:CC:00:00:05 profile audio-avrcp-target state changed: disconnected -> unavailable (0)
Aug 22 11:19:18.248515 n bluetoothd[2959]: src/service.c:btd_service_unref() 0x5f8e53bec5f0: ref=0
Aug 22 11:19:18.248523 n bluetoothd[2959]: src/device.c:btd_device_unref() Freeing device /org/bluez/hci0/dev_AA:BB:CC:00:00:05
Aug 22 11:19:18.248539 n bluetoothd[2959]: src/device.c:device_free() 0x5f8e53bff9a0
Aug 22 11:19:18.248550 n bluetoothd[2959]: profiles/audio/a2dp.c:a2dp_source_server_remove() path /org/bluez/hci0
Aug 22 11:19:18.248560 n bluetoothd[2959]: profiles/audio/a2dp.c:a2dp_sink_server_remove() path /org/bluez/hci0
Aug 22 11:19:18.248567 n bluetoothd[2959]: profiles/audio/avrcp.c:avrcp_target_server_remove() path /org/bluez/hci0
Aug 22 11:19:18.248574 n bluetoothd[2959]: src/adapter.c:adapter_service_remove() /org/bluez/hci0
Aug 22 11:19:18.248582 n bluetoothd[2959]: src/adapter.c:remove_uuid() sending remove uuid command for index 0
Aug 22 11:19:18.248591 n bluetoothd[2959]: src/sdpd-service.c:remove_record_from_server() Removing record with handle 0x10005
Aug 22 11:19:18.248599 n bluetoothd[2959]: profiles/audio/avrcp.c:avrcp_controller_server_remove() path /org/bluez/hci0
Aug 22 11:19:18.248606 n bluetoothd[2959]: src/adapter.c:adapter_service_remove() /org/bluez/hci0
Aug 22 11:19:18.248613 n bluetoothd[2959]: src/adapter.c:remove_uuid() sending remove uuid command for index 0
Aug 22 11:19:18.248620 n bluetoothd[2959]: src/sdpd-service.c:remove_record_from_server() Removing record with handle 0x10004
Aug 22 11:19:18.248639 n bluetoothd[2959]: profiles/network/manager.c:nap_server_remove() path /org/bluez/hci0
Aug 22 11:19:18.248647 n bluetoothd[2959]: profiles/network/manager.c:gn_server_remove() path /org/bluez/hci0
Aug 22 11:19:18.248654 n bluetoothd[2959]: profiles/network/manager.c:panu_server_remove() path /org/bluez/hci0
Aug 22 11:19:18.248662 n bluetoothd[2959]: profiles/network/server.c:path_unregister() Unregistered interface org.bluez.NetworkServer1 on path /org/bluez/hci0
Aug 22 11:19:18.252638 n bluetoothd[2959]: src/adapter.c:adapter_service_remove() /org/bluez/hci0
Aug 22 11:19:18.252651 n bluetoothd[2959]: src/adapter.c:remove_uuid() sending remove uuid command for index 0
Aug 22 11:19:18.252659 n bluetoothd[2959]: src/sdpd-service.c:remove_record_from_server() Removing record with handle 0x10001
Aug 22 11:19:18.252669 n bluetoothd[2959]: src/adapter.c:adapter_service_remove() /org/bluez/hci0
Aug 22 11:19:18.252677 n bluetoothd[2959]: src/adapter.c:remove_uuid() sending remove uuid command for index 0
Aug 22 11:19:18.252688 n bluetoothd[2959]: src/sdpd-service.c:remove_record_from_server() Removing record with handle 0x10002
Aug 22 11:19:18.252697 n bluetoothd[2959]: src/adapter.c:adapter_service_remove() /org/bluez/hci0
Aug 22 11:19:18.252705 n bluetoothd[2959]: src/adapter.c:remove_uuid() sending remove uuid command for index 0
Aug 22 11:19:18.252712 n bluetoothd[2959]: src/sdpd-service.c:remove_record_from_server() Removing record with handle 0x10003
Aug 22 11:19:18.252751 n bluetoothd[2959]: Battery Provider Manager destroyed
Aug 22 11:19:18.252760 n bluetoothd[2959]: src/battery.c:manager_free()
Aug 22 11:19:18.252767 n bluetoothd[2959]: src/battery.c:btd_battery_unregister() path = /org/bluez/hci0/dev_AA:BB:CC:00:00:05
Aug 22 11:19:18.253409 n bluetoothd[2959]: src/adapter.c:btd_adapter_unref() Freeing adapter /org/bluez/hci0
Aug 22 11:19:18.253420 n bluetoothd[2959]: src/adapter.c:adapter_free() 0x5f8e53bd5200
Aug 22 11:19:18.253475 n bluetoothd[2959]: Stopping SDP server
Aug 22 11:19:18.253497 n bluetoothd[2959]: Exit
Aug 22 11:19:18.270779 n (uetoothd)[133630]: bluetooth.service: ConfigurationDirectory 'bluetooth' already exists but the mode is different. (File system: 755 ConfigurationDirectoryMode: 555)
Aug 22 11:19:18.270844 n systemd[1]: Starting bluetooth.service - Bluetooth service...
Aug 22 11:19:18.305091 n bluetoothd[133630]: Bluetooth daemon 5.72
Aug 22 11:19:18.305145 n bluetoothd[133630]: src/main.c:parse_config() parsing /etc/bluetooth/main.conf
Aug 22 11:19:18.306099 n systemd[1]: Started bluetooth.service - Bluetooth service.
Aug 22 11:19:18.306144 n bluetoothd[133630]: src/adapter.c:adapter_init() sending read version command
Aug 22 11:19:18.306175 n bluetoothd[133630]: Starting SDP server
Aug 22 11:19:18.306207 n bluetoothd[133630]: src/sdpd-service.c:register_device_id() Adding device id record for 0002:1d6b:0246:0548
Aug 22 11:19:18.306220 n bluetoothd[133630]: src/plugin.c:plugin_init() Loading builtin plugins
Aug 22 11:19:18.306229 n bluetoothd[133630]: src/plugin.c:add_plugin() Loading hostname plugin
Aug 22 11:19:18.306238 n bluetoothd[133630]: src/plugin.c:add_plugin() Loading wiimote plugin
Aug 22 11:19:18.306246 n bluetoothd[133630]: src/plugin.c:add_plugin() Loading autopair plugin
Aug 22 11:19:18.306252 n bluetoothd[133630]: src/plugin.c:add_plugin() Loading policy plugin
Aug 22 11:19:18.306257 n bluetoothd[133630]: src/plugin.c:add_plugin() Loading neard plugin
Aug 22 11:19:18.306263 n bluetoothd[133630]: src/plugin.c:add_plugin() Loading sap plugin
Aug 22 11:19:18.306270 n bluetoothd[133630]: src/plugin.c:add_plugin() Loading a2dp plugin
Aug 22 11:19:18.306278 n bluetoothd[133630]: src/plugin.c:add_plugin() Loading avrcp plugin
Aug 22 11:19:18.306286 n bluetoothd[133630]: src/plugin.c:add_plugin() Loading network plugin
Aug 22 11:19:18.306294 n bluetoothd[133630]: src/plugin.c:add_plugin() Loading input plugin
Aug 22 11:19:18.306301 n bluetoothd[133630]: src/plugin.c:add_plugin() Loading hog plugin
Aug 22 11:19:18.306307 n bluetoothd[133630]: src/plugin.c:add_plugin() Loading health plugin
Aug 22 11:19:18.306314 n bluetoothd[133630]: src/plugin.c:add_plugin() Loading gap plugin
Aug 22 11:19:18.306321 n bluetoothd[133630]: src/plugin.c:add_plugin() Loading scanparam plugin
Aug 22 11:19:18.306327 n bluetoothd[133630]: src/plugin.c:add_plugin() Loading deviceinfo plugin
Aug 22 11:19:18.306332 n bluetoothd[133630]: src/plugin.c:add_plugin() Loading midi plugin
Aug 22 11:19:18.306337 n bluetoothd[133630]: src/plugin.c:add_plugin() Loading battery plugin
Aug 22 11:19:18.306342 n bluetoothd[133630]: src/plugin.c:add_plugin() Loading bap plugin
Aug 22 11:19:18.306347 n bluetoothd[133630]: src/plugin.c:add_plugin() Loading bass plugin
Aug 22 11:19:18.306354 n bluetoothd[133630]: src/plugin.c:add_plugin() Loading mcp plugin
Aug 22 11:19:18.306361 n bluetoothd[133630]: src/plugin.c:add_plugin() Loading vcp plugin
Aug 22 11:19:18.306371 n bluetoothd[133630]: src/plugin.c:add_plugin() Loading micp plugin
Aug 22 11:19:18.306384 n bluetoothd[133630]: src/plugin.c:add_plugin() Loading csip plugin
Aug 22 11:19:18.306391 n bluetoothd[133630]: src/plugin.c:plugin_init() Loading plugins /usr/lib/x86_64-linux-gnu/bluetooth/plugins
Aug 22 11:19:18.306776 n bluetoothd[133630]: src/plugin.c:add_plugin() Loading sixaxis plugin
Aug 22 11:19:18.306799 n bluetoothd[133630]: src/profile.c:btd_profile_register() D-Bus experimental not enabled
Aug 22 11:19:18.306807 n bluetoothd[133630]: src/plugin.c:plugin_init() System does not support csip plugin
Aug 22 11:19:18.306814 n bluetoothd[133630]: profiles/audio/micp.c:micp_init() D-Bus experimental not enabled
Aug 22 11:19:18.306820 n bluetoothd[133630]: src/plugin.c:plugin_init() System does not support micp plugin
Aug 22 11:19:18.306827 n bluetoothd[133630]: src/profile.c:btd_profile_register() D-Bus experimental not enabled
Aug 22 11:19:18.306834 n bluetoothd[133630]: src/plugin.c:plugin_init() System does not support vcp plugin
Aug 22 11:19:18.306841 n bluetoothd[133630]: src/profile.c:btd_profile_register() D-Bus experimental not enabled
Aug 22 11:19:18.306847 n bluetoothd[133630]: src/plugin.c:plugin_init() System does not support mcp plugin
Aug 22 11:19:18.306853 n bluetoothd[133630]: src/profile.c:btd_profile_register() D-Bus experimental not enabled
Aug 22 11:19:18.306859 n bluetoothd[133630]: src/plugin.c:plugin_init() System does not support bass plugin
Aug 22 11:19:18.306865 n bluetoothd[133630]: src/profile.c:btd_profile_register() D-Bus experimental not enabled
Aug 22 11:19:18.306871 n bluetoothd[133630]: src/plugin.c:plugin_init() System does not support bap plugin
Aug 22 11:19:18.306879 n bluetoothd[133630]: profiles/health/hdp.c:hdp_manager_start() Starting Health manager
Aug 22 11:19:18.306893 n bluetoothd[133630]: profiles/input/suspend-none.c:suspend_init()
Aug 22 11:19:18.306928 n bluetoothd[133630]: profiles/network/manager.c:read_config() /etc/bluetooth/network.conf: Key file does not have key “DisableSecurity” in group “General”
Aug 22 11:19:18.306937 n bluetoothd[133630]: profiles/network/manager.c:read_config() Config options: Security=true
Aug 22 11:19:18.306962 n bluetoothd[133630]: plugins/neard.c:neard_init() Setup neard plugin
Aug 22 11:19:18.307282 n bluetoothd[133630]: plugins/hostname.c:read_dmi_fallback() chassis: laptop
Aug 22 11:19:18.307294 n bluetoothd[133630]: plugins/hostname.c:read_dmi_fallback() major: 0x01 minor: 0x03
Aug 22 11:19:18.307304 n bluetoothd[133630]: plugins/hostname.c:read_transient_hostname() read transient hostname: 'n'
Aug 22 11:19:18.307918 n bluetoothd[133630]: plugins/sixaxis.c:sixaxis_init()
Aug 22 11:19:18.308024 n bluetoothd[133630]: src/main.c:main() Entering main loop
Aug 22 11:19:18.308072 n bluetoothd[133630]: src/shared/mgmt.c:send_request() [0xffff] command 0x0001
Aug 22 11:19:18.308085 n bluetoothd[133630]: src/rfkill.c:rfkill_event() RFKILL event idx 0 type 2 op 0 soft 0 hard 0
Aug 22 11:19:18.308101 n bluetoothd[133630]: src/shared/mgmt.c:can_read_data() [0xffff] command 0x0001 complete: 0x00
Aug 22 11:19:18.308108 n bluetoothd[133630]: Bluetooth management interface 1.23 initialized
Aug 22 11:19:18.308115 n bluetoothd[133630]: src/adapter.c:read_version_complete() sending read supported commands command
Aug 22 11:19:18.308124 n bluetoothd[133630]: src/adapter.c:read_version_complete() sending read index list command
Aug 22 11:19:18.308134 n bluetoothd[133630]: src/rfkill.c:rfkill_event() RFKILL event idx 1 type 1 op 0 soft 0 hard 0
Aug 22 11:19:18.308153 n bluetoothd[133630]: src/shared/mgmt.c:send_request() [0xffff] command 0x0002
Aug 22 11:19:18.308166 n bluetoothd[133630]: src/shared/mgmt.c:can_read_data() [0xffff] command 0x0002 complete: 0x00
Aug 22 11:19:18.308172 n bluetoothd[133630]: src/adapter.c:read_commands_complete() Number of commands: 89
Aug 22 11:19:18.308179 n bluetoothd[133630]: src/adapter.c:read_commands_complete() Number of events: 44
Aug 22 11:19:18.308185 n bluetoothd[133630]: src/adapter.c:read_commands_complete() enabling kernel-side connection control
Aug 22 11:19:18.308192 n bluetoothd[133630]: src/adapter.c:read_commands_complete() kernel supports the set_blocked_keys op
Aug 22 11:19:18.308198 n bluetoothd[133630]: src/adapter.c:read_commands_complete() kernel supports controller cap command
Aug 22 11:19:18.308204 n bluetoothd[133630]: src/adapter.c:read_commands_complete() kernel supports exp features
Aug 22 11:19:18.308210 n bluetoothd[133630]: src/adapter.c:read_commands_complete() kernel supports set system confic
Aug 22 11:19:18.308217 n bluetoothd[133630]: src/adapter.c:read_commands_complete() kernel supports ext adv commands
Aug 22 11:19:18.308223 n bluetoothd[133630]: src/adapter.c:read_commands_complete() kernel supports suspend/resume events
Aug 22 11:19:18.308243 n bluetoothd[133630]: src/shared/mgmt.c:send_request() [0xffff] command 0x0003
Aug 22 11:19:18.308257 n bluetoothd[133630]: src/shared/mgmt.c:can_read_data() [0xffff] command 0x0003 complete: 0x00
Aug 22 11:19:18.308264 n bluetoothd[133630]: src/adapter.c:read_index_list_complete() Number of controllers: 1
Aug 22 11:19:18.308271 n bluetoothd[133630]: src/adapter.c:read_index_list_complete() Found index 0
Aug 22 11:19:18.308277 n bluetoothd[133630]: src/adapter.c:index_added() index 0
Aug 22 11:19:18.308284 n bluetoothd[133630]: src/adapter.c:reset_adv_monitors() sending remove Adv Monitor command with handle 0
Aug 22 11:19:18.308326 n bluetoothd[133630]: src/adapter.c:btd_adapter_new() System name: BlueZ 5.72
Aug 22 11:19:18.308334 n bluetoothd[133630]: src/adapter.c:btd_adapter_new() Major class: 0
Aug 22 11:19:18.308340 n bluetoothd[133630]: src/adapter.c:btd_adapter_new() Minor class: 0
Aug 22 11:19:18.308346 n bluetoothd[133630]: src/adapter.c:btd_adapter_new() Modalias: usb:v1D6Bp0246d0548
Aug 22 11:19:18.308353 n bluetoothd[133630]: src/adapter.c:btd_adapter_new() Discoverable timeout: 180 seconds
Aug 22 11:19:18.308361 n bluetoothd[133630]: src/adapter.c:btd_adapter_new() Pairable timeout: 0 seconds
Aug 22 11:19:18.308396 n bluetoothd[133630]: src/shared/mgmt.c:send_request() [0x0000] command 0x0053
Aug 22 11:19:18.308415 n bluetoothd[133630]: src/profile.c:unregister_profile() sender :1.86
Aug 22 11:19:18.308433 n bluetoothd[133630]: src/profile.c:register_profile() sender :1.218
Aug 22 11:19:18.308444 n bluetoothd[133630]: src/profile.c:create_ext() Created "Message Notification"
Aug 22 11:19:18.308542 n bluetoothd[133630]: src/profile.c:register_profile() sender :1.218
Aug 22 11:19:18.308552 n bluetoothd[133630]: src/profile.c:create_ext() Created "Message Access"
Aug 22 11:19:18.308565 n bluetoothd[133630]: src/profile.c:register_profile() sender :1.218
Aug 22 11:19:18.308575 n bluetoothd[133630]: src/profile.c:create_ext() Created "Phone Book Access"
Aug 22 11:19:18.308588 n bluetoothd[133630]: src/profile.c:register_profile() sender :1.218
Aug 22 11:19:18.308597 n bluetoothd[133630]: src/profile.c:create_ext() Created "Synchronization"
Aug 22 11:19:18.308609 n bluetoothd[133630]: src/profile.c:register_profile() sender :1.218
Aug 22 11:19:18.308618 n bluetoothd[133630]: src/profile.c:create_ext() Created "File Transfer"
Aug 22 11:19:18.308631 n bluetoothd[133630]: src/profile.c:register_profile() sender :1.218
Aug 22 11:19:18.308644 n bluetoothd[133630]: src/profile.c:create_ext() Created "Object Push"
Aug 22 11:19:18.308662 n bluetoothd[133630]: src/profile.c:register_profile() sender :1.218
Aug 22 11:19:18.308673 n bluetoothd[133630]: src/profile.c:create_ext() Created ":1.218/org/bluez/obex/00005005_0000_1000_8000_0002ee000001/<UUID-01>"
Aug 22 11:19:18.308764 n bluetoothd[133630]: src/shared/mgmt.c:can_read_data() [0x0000] command 0x0053 complete: 0x00
Aug 22 11:19:18.308773 n bluetoothd[133630]: src/adapter.c:reset_adv_monitors_complete() Removed all Adv Monitors
Aug 22 11:19:18.308799 n bluetoothd[133630]: src/shared/mgmt.c:send_request() [0x0000] command 0x0049
Aug 22 11:19:18.308815 n bluetoothd[133630]: src/shared/mgmt.c:can_read_data() [0x0000] command 0x0049 complete: 0x00
Aug 22 11:19:18.308822 n bluetoothd[133630]: src/adapter.c:read_exp_features_complete() index 0 status 0x00
Aug 22 11:19:18.308830 n bluetoothd[133630]: src/adapter.c:read_exp_features_complete() <UUID-02> flags 0 action 0
Aug 22 11:19:18.308840 n bluetoothd[133630]: src/adapter.c:read_exp_features_complete() <UUID-03> flags 0 action 0
Aug 22 11:19:18.308847 n bluetoothd[133630]: src/adapter.c:read_info() sending read info command for index 0
Aug 22 11:19:18.308871 n bluetoothd[133630]: src/shared/mgmt.c:send_request() [0x0000] command 0x0004
Aug 22 11:19:18.308884 n bluetoothd[133630]: src/shared/mgmt.c:can_read_data() [0x0000] command 0x0004 complete: 0x00
Aug 22 11:19:18.308894 n bluetoothd[133630]: src/adapter.c:read_info_complete() index 0 status 0x00
Aug 22 11:19:18.308901 n bluetoothd[133630]: src/adapter.c:clear_uuids() sending clear uuids command for index 0
Aug 22 11:19:18.308909 n bluetoothd[133630]: src/adapter.c:clear_devices() sending clear devices command for index 0
Aug 22 11:19:18.308917 n bluetoothd[133630]: src/adapter.c:set_privacy() sending set privacy command for index 0
Aug 22 11:19:18.308924 n bluetoothd[133630]: src/adapter.c:set_privacy() setting privacy mode 0x00 for index 0
Aug 22 11:19:18.308939 n bluetoothd[133630]: src/battery.c:manager_new()
Aug 22 11:19:18.308948 n bluetoothd[133630]: Battery Provider Manager created
Aug 22 11:19:18.309023 n bluetoothd[133630]: src/gatt-database.c:btd_gatt_database_new() GATT Manager registered for adapter: /org/bluez/hci0
Aug 22 11:19:18.309039 n bluetoothd[133630]: src/adapter.c:adapter_service_add() /org/bluez/hci0
Aug 22 11:19:18.309047 n bluetoothd[133630]: src/sdpd-service.c:add_record_to_server() Adding record with handle 0x10001
Aug 22 11:19:18.309059 n bluetoothd[133630]: src/sdpd-service.c:add_record_to_server() Record pattern UUID 00000007-0000-1000-8000-00805f9
Aug 22 11:19:18.309066 n bluetoothd[133630]: src/sdpd-service.c:add_record_to_server() Record pattern UUID 00000100-0000-1000-8000-00805f9
Aug 22 11:19:18.309072 n bluetoothd[133630]: src/sdpd-service.c:add_record_to_server() Record pattern UUID 00001002-0000-1000-8000-00805f9
Aug 22 11:19:18.309079 n bluetoothd[133630]: src/sdpd-service.c:add_record_to_server() Record pattern UUID 00001800-0000-1000-8000-00805f9
Aug 22 11:19:18.309086 n bluetoothd[133630]: src/adapter.c:adapter_service_insert() /org/bluez/hci0
Aug 22 11:19:18.309094 n bluetoothd[133630]: src/adapter.c:add_uuid() sending add uuid command for index 0
Aug 22 11:19:18.309110 n bluetoothd[133630]: src/adapter.c:adapter_service_add() /org/bluez/hci0
Aug 22 11:19:18.309120 n bluetoothd[133630]: src/sdpd-service.c:add_record_to_server() Adding record with handle 0x10002
Aug 22 11:19:18.309127 n bluetoothd[133630]: src/sdpd-service.c:add_record_to_server() Record pattern UUID 00000007-0000-1000-8000-00805f9
Aug 22 11:19:18.309134 n bluetoothd[133630]: src/sdpd-service.c:add_record_to_server() Record pattern UUID 00000100-0000-1000-8000-00805f9
Aug 22 11:19:18.309141 n bluetoothd[133630]: src/sdpd-service.c:add_record_to_server() Record pattern UUID 00001002-0000-1000-8000-00805f9
Aug 22 11:19:18.309151 n bluetoothd[133630]: src/sdpd-service.c:add_record_to_server() Record pattern UUID 00001801-0000-1000-8000-00805f9
Aug 22 11:19:18.309162 n bluetoothd[133630]: src/adapter.c:adapter_service_insert() /org/bluez/hci0
Aug 22 11:19:18.309169 n bluetoothd[133630]: src/adapter.c:add_uuid() sending add uuid command for index 0
Aug 22 11:19:18.309182 n bluetoothd[133630]: src/adapter.c:adapter_service_add() /org/bluez/hci0
Aug 22 11:19:18.309189 n bluetoothd[133630]: src/sdpd-service.c:add_record_to_server() Adding record with handle 0x10003
Aug 22 11:19:18.309196 n bluetoothd[133630]: src/sdpd-service.c:add_record_to_server() Record pattern UUID 00000007-0000-1000-8000-00805f9
Aug 22 11:19:18.309204 n bluetoothd[133630]: src/sdpd-service.c:add_record_to_server() Record pattern UUID 00000100-0000-1000-8000-00805f9
Aug 22 11:19:18.309211 n bluetoothd[133630]: src/sdpd-service.c:add_record_to_server() Record pattern UUID 00001002-0000-1000-8000-00805f9
Aug 22 11:19:18.309217 n bluetoothd[133630]: src/sdpd-service.c:add_record_to_server() Record pattern UUID 0000180a-0000-1000-8000-00805f9
Aug 22 11:19:18.309225 n bluetoothd[133630]: src/adapter.c:adapter_service_insert() /org/bluez/hci0
Aug 22 11:19:18.309232 n bluetoothd[133630]: src/adapter.c:add_uuid() sending add uuid command for index 0
Aug 22 11:19:18.309242 n bluetoothd[133630]: src/advertising.c:btd_adv_manager_new() LE Advertising Manager created for adapter: /org/bluez/hci0
Aug 22 11:19:18.309310 n bluetoothd[133630]: profiles/audio/a2dp.c:media_server_probe() path /org/bluez/hci0
Aug 22 11:19:18.309326 n bluetoothd[133630]: plugins/policy.c:policy_adapter_probe()
Aug 22 11:19:18.309337 n bluetoothd[133630]: plugins/hostname.c:hostname_probe()
Aug 22 11:19:18.309352 n bluetoothd[133630]: plugins/hostname.c:update_class() major: 0x01 minor: 0x03
Aug 22 11:19:18.309363 n bluetoothd[133630]: src/adapter.c:btd_adapter_set_class() class: major 1 minor 3
Aug 22 11:19:18.309373 n bluetoothd[133630]: src/adapter.c:set_dev_class() sending set device class command for index 0
Aug 22 11:19:18.309423 n bluetoothd[133630]: profiles/network/manager.c:panu_server_probe() path /org/bluez/hci0
Aug 22 11:19:18.309463 n bluetoothd[133630]: profiles/network/server.c:server_register() Registered interface org.bluez.NetworkServer1 on path /org/bluez/hci0
Aug 22 11:19:18.309482 n bluetoothd[133630]: profiles/network/manager.c:gn_server_probe() path /org/bluez/hci0
Aug 22 11:19:18.309492 n bluetoothd[133630]: profiles/network/manager.c:nap_server_probe() path /org/bluez/hci0
Aug 22 11:19:18.309502 n bluetoothd[133630]: profiles/audio/avrcp.c:avrcp_controller_server_probe() path /org/bluez/hci0
Aug 22 11:19:18.309570 n bluetoothd[133630]: src/adapter.c:adapter_service_add() /org/bluez/hci0
Aug 22 11:19:18.309582 n bluetoothd[133630]: src/sdpd-service.c:add_record_to_server() Adding record with handle 0x10004
Aug 22 11:19:18.309593 n bluetoothd[133630]: src/sdpd-service.c:add_record_to_server() Record pattern UUID 00000017-0000-1000-8000-00805f9
Aug 22 11:19:18.309604 n bluetoothd[133630]: src/sdpd-service.c:add_record_to_server() Record pattern UUID 00000100-0000-1000-8000-00805f9
Aug 22 11:19:18.309614 n bluetoothd[133630]: src/sdpd-service.c:add_record_to_server() Record pattern UUID 00001002-0000-1000-8000-00805f9
Aug 22 11:19:18.309624 n bluetoothd[133630]: src/sdpd-service.c:add_record_to_server() Record pattern UUID 0000110e-0000-1000-8000-00805f9
Aug 22 11:19:18.309639 n bluetoothd[133630]: src/sdpd-service.c:add_record_to_server() Record pattern UUID 0000110f-0000-1000-8000-00805f9
Aug 22 11:19:18.309649 n bluetoothd[133630]: src/adapter.c:adapter_service_insert() /org/bluez/hci0
Aug 22 11:19:18.309660 n bluetoothd[133630]: src/adapter.c:add_uuid() sending add uuid command for index 0
Aug 22 11:19:18.309671 n bluetoothd[133630]: profiles/audio/avrcp.c:avrcp_target_server_probe() path /org/bluez/hci0
Aug 22 11:19:18.309685 n bluetoothd[133630]: src/adapter.c:adapter_service_add() /org/bluez/hci0
Aug 22 11:19:18.309696 n bluetoothd[133630]: src/sdpd-service.c:add_record_to_server() Adding record with handle 0x10005
Aug 22 11:19:18.309706 n bluetoothd[133630]: src/sdpd-service.c:add_record_to_server() Record pattern UUID 00000017-0000-1000-8000-00805f9
Aug 22 11:19:18.309719 n bluetoothd[133630]: src/sdpd-service.c:add_record_to_server() Record pattern UUID 00000100-0000-1000-8000-00805f9
Aug 22 11:19:18.309728 n bluetoothd[133630]: src/sdpd-service.c:add_record_to_server() Record pattern UUID 00001002-0000-1000-8000-00805f9
Aug 22 11:19:18.309741 n bluetoothd[133630]: src/sdpd-service.c:add_record_to_server() Record pattern UUID 0000110c-0000-1000-8000-00805f9
Aug 22 11:19:18.309751 n bluetoothd[133630]: src/sdpd-service.c:add_record_to_server() Record pattern UUID 0000110e-0000-1000-8000-00805f9
Aug 22 11:19:18.309761 n bluetoothd[133630]: src/adapter.c:adapter_service_insert() /org/bluez/hci0
Aug 22 11:19:18.309770 n bluetoothd[133630]: src/adapter.c:add_uuid() sending add uuid command for index 0
Aug 22 11:19:18.309784 n bluetoothd[133630]: profiles/audio/a2dp.c:a2dp_sink_server_probe() path /org/bluez/hci0
Aug 22 11:19:18.309795 n bluetoothd[133630]: profiles/audio/a2dp.c:a2dp_source_server_probe() path /org/bluez/hci0
Aug 22 11:19:18.309805 n bluetoothd[133630]: profiles/sap/manager.c:sap_server_probe() path /org/bluez/hci0
Aug 22 11:19:18.309831 n bluetoothd[133630]: profiles/sap/server.c:sap_server_register() Sap driver initialization failed.
Aug 22 11:19:18.309843 n bluetoothd[133630]: sap-server: Operation not permitted (1)
Aug 22 11:19:18.309859 n bluetoothd[133630]: src/profile.c:ext_adapter_probe() "Message Notification" probed
Aug 22 11:19:18.309905 n bluetoothd[133630]: src/profile.c:ext_start_servers() Message Notification listening on PSM 4097
Aug 22 11:19:18.309937 n bluetoothd[133630]: src/profile.c:ext_start_servers() Message Notification listening on chan 17
Aug 22 11:19:18.309997 n bluetoothd[133630]: src/adapter.c:adapter_service_add() /org/bluez/hci0
Aug 22 11:19:18.310009 n bluetoothd[133630]: src/sdpd-service.c:add_record_to_server() Adding record with handle 0x10006
Aug 22 11:19:18.310023 n bluetoothd[133630]: src/sdpd-service.c:add_record_to_server() Record pattern UUID 00000003-0000-1000-8000-00805f9
Aug 22 11:19:18.310033 n bluetoothd[133630]: src/sdpd-service.c:add_record_to_server() Record pattern UUID 00000008-0000-1000-8000-00805f9
Aug 22 11:19:18.310043 n bluetoothd[133630]: src/sdpd-service.c:add_record_to_server() Record pattern UUID 00000100-0000-1000-8000-00805f9
Aug 22 11:19:18.310053 n bluetoothd[133630]: src/sdpd-service.c:add_record_to_server() Record pattern UUID 00001002-0000-1000-8000-00805f9
Aug 22 11:19:18.310063 n bluetoothd[133630]: src/sdpd-service.c:add_record_to_server() Record pattern UUID 00001133-0000-1000-8000-00805f9
Aug 22 11:19:18.310072 n bluetoothd[133630]: src/sdpd-service.c:add_record_to_server() Record pattern UUID 00001134-0000-1000-8000-00805f9
Aug 22 11:19:18.310083 n bluetoothd[133630]: src/adapter.c:adapter_service_insert() /org/bluez/hci0
Aug 22 11:19:18.310095 n bluetoothd[133630]: src/adapter.c:add_uuid() sending add uuid command for index 0
Aug 22 11:19:18.310107 n bluetoothd[133630]: src/profile.c:ext_adapter_probe() "Message Access" probed
Aug 22 11:19:18.310147 n bluetoothd[133630]: src/profile.c:ext_start_servers() Message Access listening on PSM 4099
Aug 22 11:19:18.310176 n bluetoothd[133630]: src/profile.c:ext_start_servers() Message Access listening on chan 16
Aug 22 11:19:18.310222 n bluetoothd[133630]: src/adapter.c:adapter_service_add() /org/bluez/hci0
Aug 22 11:19:18.310232 n bluetoothd[133630]: src/sdpd-service.c:add_record_to_server() Adding record with handle 0x10007
Aug 22 11:19:18.310242 n bluetoothd[133630]: src/sdpd-service.c:add_record_to_server() Record pattern UUID 00000003-0000-1000-8000-00805f9
Aug 22 11:19:18.310251 n bluetoothd[133630]: src/sdpd-service.c:add_record_to_server() Record pattern UUID 00000008-0000-1000-8000-00805f9
Aug 22 11:19:18.310263 n bluetoothd[133630]: src/sdpd-service.c:add_record_to_server() Record pattern UUID 00000100-0000-1000-8000-00805f9
Aug 22 11:19:18.310273 n bluetoothd[133630]: src/sdpd-service.c:add_record_to_server() Record pattern UUID 00001002-0000-1000-8000-00805f9
Aug 22 11:19:18.310281 n bluetoothd[133630]: src/sdpd-service.c:add_record_to_server() Record pattern UUID 00001132-0000-1000-8000-00805f9
Aug 22 11:19:18.310290 n bluetoothd[133630]: src/sdpd-service.c:add_record_to_server() Record pattern UUID 00001134-0000-1000-8000-00805f9
Aug 22 11:19:18.310303 n bluetoothd[133630]: src/adapter.c:adapter_service_insert() /org/bluez/hci0
Aug 22 11:19:18.310312 n bluetoothd[133630]: src/adapter.c:add_uuid() sending add uuid command for index 0
Aug 22 11:19:18.310320 n bluetoothd[133630]: src/profile.c:ext_adapter_probe() "Phone Book Access" probed
Aug 22 11:19:18.310356 n bluetoothd[133630]: src/profile.c:ext_start_servers() Phone Book Access listening on PSM 4101
Aug 22 11:19:18.310378 n bluetoothd[133630]: src/profile.c:ext_start_servers() Phone Book Access listening on chan 15
Aug 22 11:19:18.310418 n bluetoothd[133630]: src/adapter.c:adapter_service_add() /org/bluez/hci0
Aug 22 11:19:18.310426 n bluetoothd[133630]: src/sdpd-service.c:add_record_to_server() Adding record with handle 0x10008
Aug 22 11:19:18.310433 n bluetoothd[133630]: src/sdpd-service.c:add_record_to_server() Record pattern UUID 00000003-0000-1000-8000-00805f9
Aug 22 11:19:18.310441 n bluetoothd[133630]: src/sdpd-service.c:add_record_to_server() Record pattern UUID 00000008-0000-1000-8000-00805f9
Aug 22 11:19:18.310448 n bluetoothd[133630]: src/sdpd-service.c:add_record_to_server() Record pattern UUID 00000100-0000-1000-8000-00805f9
Aug 22 11:19:18.310455 n bluetoothd[133630]: src/sdpd-service.c:add_record_to_server() Record pattern UUID 00001002-0000-1000-8000-00805f9
Aug 22 11:19:18.310466 n bluetoothd[133630]: src/sdpd-service.c:add_record_to_server() Record pattern UUID 0000112f-0000-1000-8000-00805f9
Aug 22 11:19:18.310479 n bluetoothd[133630]: src/sdpd-service.c:add_record_to_server() Record pattern UUID 00001130-0000-1000-8000-00805f9
Aug 22 11:19:18.310487 n bluetoothd[133630]: src/adapter.c:adapter_service_insert() /org/bluez/hci0
Aug 22 11:19:18.310497 n bluetoothd[133630]: src/adapter.c:add_uuid() sending add uuid command for index 0
Aug 22 11:19:18.310505 n bluetoothd[133630]: src/profile.c:ext_adapter_probe() "Synchronization" probed
Aug 22 11:19:18.310528 n bluetoothd[133630]: src/profile.c:ext_start_servers() Synchronization listening on chan 14
Aug 22 11:19:18.310568 n bluetoothd[133630]: src/adapter.c:adapter_service_add() /org/bluez/hci0
Aug 22 11:19:18.310576 n bluetoothd[133630]: src/sdpd-service.c:add_record_to_server() Adding record with handle 0x10009
Aug 22 11:19:18.310585 n bluetoothd[133630]: src/sdpd-service.c:add_record_to_server() Record pattern UUID 00000003-0000-1000-8000-00805f9
Aug 22 11:19:18.310593 n bluetoothd[133630]: src/sdpd-service.c:add_record_to_server() Record pattern UUID 00000008-0000-1000-8000-00805f9
Aug 22 11:19:18.310602 n bluetoothd[133630]: src/sdpd-service.c:add_record_to_server() Record pattern UUID 00000100-0000-1000-8000-00805f9
Aug 22 11:19:18.310609 n bluetoothd[133630]: src/sdpd-service.c:add_record_to_server() Record pattern UUID 00001002-0000-1000-8000-00805f9
Aug 22 11:19:18.310616 n bluetoothd[133630]: src/sdpd-service.c:add_record_to_server() Record pattern UUID 00001104-0000-1000-8000-00805f9
Aug 22 11:19:18.310624 n bluetoothd[133630]: src/adapter.c:adapter_service_insert() /org/bluez/hci0
Aug 22 11:19:18.310633 n bluetoothd[133630]: src/adapter.c:add_uuid() sending add uuid command for index 0
Aug 22 11:19:18.310641 n bluetoothd[133630]: src/profile.c:ext_adapter_probe() "File Transfer" probed
Aug 22 11:19:18.310671 n bluetoothd[133630]: src/profile.c:ext_start_servers() File Transfer listening on PSM 4103
Aug 22 11:19:18.310700 n bluetoothd[133630]: src/profile.c:ext_start_servers() File Transfer listening on chan 10
Aug 22 11:19:18.310732 n bluetoothd[133630]: src/adapter.c:adapter_service_add() /org/bluez/hci0
Aug 22 11:19:18.310740 n bluetoothd[133630]: src/sdpd-service.c:add_record_to_server() Adding record with handle 0x1000a
Aug 22 11:19:18.310749 n bluetoothd[133630]: src/sdpd-service.c:add_record_to_server() Record pattern UUID 00000003-0000-1000-8000-00805f9
Aug 22 11:19:18.310757 n bluetoothd[133630]: src/sdpd-service.c:add_record_to_server() Record pattern UUID 00000008-0000-1000-8000-00805f9
Aug 22 11:19:18.310765 n bluetoothd[133630]: src/sdpd-service.c:add_record_to_server() Record pattern UUID 00000100-0000-1000-8000-00805f9
Aug 22 11:19:18.310773 n bluetoothd[133630]: src/sdpd-service.c:add_record_to_server() Record pattern UUID 00001002-0000-1000-8000-00805f9
Aug 22 11:19:18.310781 n bluetoothd[133630]: src/sdpd-service.c:add_record_to_server() Record pattern UUID 00001106-0000-1000-8000-00805f9
Aug 22 11:19:18.310790 n bluetoothd[133630]: src/adapter.c:adapter_service_insert() /org/bluez/hci0
Aug 22 11:19:18.310799 n bluetoothd[133630]: src/adapter.c:add_uuid() sending add uuid command for index 0
Aug 22 11:19:18.310807 n bluetoothd[133630]: src/profile.c:ext_adapter_probe() "Object Push" probed
Aug 22 11:19:18.310835 n bluetoothd[133630]: src/profile.c:ext_start_servers() Object Push listening on PSM 4105
Aug 22 11:19:18.310857 n bluetoothd[133630]: src/profile.c:ext_start_servers() Object Push listening on chan 9
Aug 22 11:19:18.310895 n bluetoothd[133630]: src/adapter.c:adapter_service_add() /org/bluez/hci0
Aug 22 11:19:18.310903 n bluetoothd[133630]: src/sdpd-service.c:add_record_to_server() Adding record with handle 0x1000b
Aug 22 11:19:18.310912 n bluetoothd[133630]: src/sdpd-service.c:add_record_to_server() Record pattern UUID 00000003-0000-1000-8000-00805f9
Aug 22 11:19:18.310921 n bluetoothd[133630]: src/sdpd-service.c:add_record_to_server() Record pattern UUID 00000008-0000-1000-8000-00805f9
Aug 22 11:19:18.310930 n bluetoothd[133630]: src/sdpd-service.c:add_record_to_server() Record pattern UUID 00000100-0000-1000-8000-00805f9
Aug 22 11:19:18.310939 n bluetoothd[133630]: src/sdpd-service.c:add_record_to_server() Record pattern UUID 00001002-0000-1000-8000-00805f9
Aug 22 11:19:18.310947 n bluetoothd[133630]: src/sdpd-service.c:add_record_to_server() Record pattern UUID 00001105-0000-1000-8000-00805f9
Aug 22 11:19:18.310956 n bluetoothd[133630]: src/adapter.c:adapter_service_insert() /org/bluez/hci0
Aug 22 11:19:18.310964 n bluetoothd[133630]: src/adapter.c:add_uuid() sending add uuid command for index 0
Aug 22 11:19:18.310973 n bluetoothd[133630]: src/profile.c:ext_adapter_probe() ":1.218/org/bluez/obex/00005005_0000_1000_8000_0002ee000001/<UUID-01>" probed
Aug 22 11:19:18.311003 n bluetoothd[133630]: src/adapter.c:adapter_service_add() /org/bluez/hci0
Aug 22 11:19:18.311012 n bluetoothd[133630]: src/sdpd-service.c:add_record_to_server() Adding record with handle 0x1000c
Aug 22 11:19:18.311020 n bluetoothd[133630]: src/sdpd-service.c:add_record_to_server() Record pattern UUID 00000003-0000-1000-8000-00805f9
Aug 22 11:19:18.311029 n bluetoothd[133630]: src/sdpd-service.c:add_record_to_server() Record pattern UUID 00000008-0000-1000-8000-00805f9
Aug 22 11:19:18.311037 n bluetoothd[133630]: src/sdpd-service.c:add_record_to_server() Record pattern UUID 00000100-0000-1000-8000-00805f9
Aug 22 11:19:18.311045 n bluetoothd[133630]: src/sdpd-service.c:add_record_to_server() Record pattern UUID 00001002-0000-1000-8000-00805f9
Aug 22 11:19:18.311054 n bluetoothd[133630]: src/sdpd-service.c:add_record_to_server() Record pattern UUID 00005005-0000-1000-8000-0002ee0
Aug 22 11:19:18.311064 n bluetoothd[133630]: src/adapter.c:adapter_service_insert() /org/bluez/hci0
Aug 22 11:19:18.311072 n bluetoothd[133630]: src/adapter.c:add_uuid() sending add uuid command for index 0
Aug 22 11:19:18.311082 n bluetoothd[133630]: src/adapter.c:btd_adapter_unblock_address() hci0 AA:BB:CC:00:00:06
Aug 22 11:19:18.311461 n bluetoothd[133630]: src/adapter.c:get_ltk_info() AA:BB:CC:00:00:05
Aug 22 11:19:18.311478 n bluetoothd[133630]: src/adapter.c:get_peripheral_ltk_info() AA:BB:CC:00:00:05
Aug 22 11:19:18.311487 n bluetoothd[133630]: src/device.c:device_create_from_storage() address AA:BB:CC:00:00:05
Aug 22 11:19:18.311495 n bluetoothd[133630]: src/device.c:device_new() address AA:BB:CC:00:00:05
Aug 22 11:19:18.311505 n bluetoothd[133630]: src/device.c:device_new() Creating device /org/bluez/hci0/dev_AA:BB:CC:00:00:05
Aug 22 11:19:18.311617 n bluetoothd[133630]: src/device.c:btd_device_set_temporary() temporary 0
Aug 22 11:19:18.311628 n bluetoothd[133630]: src/device.c:device_set_bonded() setting bonded for device to true
Aug 22 11:19:18.311669 n bluetoothd[133630]: src/adapter.c:get_ltk_info() AA:BB:CC:00:00:01
Aug 22 11:19:18.311678 n bluetoothd[133630]: src/adapter.c:get_peripheral_ltk_info() AA:BB:CC:00:00:01
Aug 22 11:19:18.311688 n bluetoothd[133630]: src/device.c:device_create_from_storage() address AA:BB:CC:00:00:01
Aug 22 11:19:18.311695 n bluetoothd[133630]: src/device.c:device_new() address AA:BB:CC:00:00:01
Aug 22 11:19:18.311704 n bluetoothd[133630]: src/device.c:device_new() Creating device /org/bluez/hci0/dev_AA:BB:CC:00:00:01
Aug 22 11:19:18.311763 n bluetoothd[133630]: src/device.c:btd_device_set_temporary() temporary 0
Aug 22 11:19:18.311774 n bluetoothd[133630]: src/device.c:device_set_bonded() setting bonded for device to true
Aug 22 11:19:18.311816 n bluetoothd[133630]: src/adapter.c:get_ltk_info() AA:BB:CC:00:00:02
Aug 22 11:19:18.311826 n bluetoothd[133630]: src/adapter.c:get_peripheral_ltk_info() AA:BB:CC:00:00:02
Aug 22 11:19:18.311836 n bluetoothd[133630]: src/device.c:device_create_from_storage() address AA:BB:CC:00:00:02
Aug 22 11:19:18.311844 n bluetoothd[133630]: src/device.c:device_new() address AA:BB:CC:00:00:02
Aug 22 11:19:18.311853 n bluetoothd[133630]: src/device.c:device_new() Creating device /org/bluez/hci0/dev_AA:BB:CC:00:00:02
Aug 22 11:19:18.311946 n bluetoothd[133630]: src/device.c:btd_device_set_temporary() temporary 0
Aug 22 11:19:18.311957 n bluetoothd[133630]: src/device.c:device_set_bonded() setting bonded for device to true
Aug 22 11:19:18.311991 n bluetoothd[133630]: src/adapter.c:get_ltk_info() AA:BB:CC:00:00:03
Aug 22 11:19:18.311999 n bluetoothd[133630]: src/adapter.c:get_peripheral_ltk_info() AA:BB:CC:00:00:03
Aug 22 11:19:18.312009 n bluetoothd[133630]: src/device.c:device_create_from_storage() address AA:BB:CC:00:00:03
Aug 22 11:19:18.312017 n bluetoothd[133630]: src/device.c:device_new() address AA:BB:CC:00:00:03
Aug 22 11:19:18.312026 n bluetoothd[133630]: src/device.c:device_new() Creating device /org/bluez/hci0/dev_AA:BB:CC:00:00:03
Aug 22 11:19:18.312084 n bluetoothd[133630]: src/device.c:btd_device_set_temporary() temporary 0
Aug 22 11:19:18.312095 n bluetoothd[133630]: src/device.c:device_set_bonded() setting bonded for device to true
Aug 22 11:19:18.312129 n bluetoothd[133630]: src/adapter.c:get_ltk_info() AA:BB:CC:00:00:04
Aug 22 11:19:18.312137 n bluetoothd[133630]: src/adapter.c:get_peripheral_ltk_info() AA:BB:CC:00:00:04
Aug 22 11:19:18.312147 n bluetoothd[133630]: src/device.c:device_create_from_storage() address AA:BB:CC:00:00:04
Aug 22 11:19:18.312155 n bluetoothd[133630]: src/device.c:device_new() address AA:BB:CC:00:00:04
Aug 22 11:19:18.312170 n bluetoothd[133630]: src/device.c:device_new() Creating device /org/bluez/hci0/dev_AA:BB:CC:00:00:04
Aug 22 11:19:18.312234 n bluetoothd[133630]: src/device.c:btd_device_set_temporary() temporary 0
Aug 22 11:19:18.312245 n bluetoothd[133630]: src/device.c:device_set_bonded() setting bonded for device to true
Aug 22 11:19:18.312260 n bluetoothd[133630]: src/adapter.c:load_link_keys() hci0 keys 5 debug_keys 0 retry false
Aug 22 11:19:18.312269 n bluetoothd[133630]: src/adapter.c:load_ltks() hci0 keys 0
Aug 22 11:19:18.312278 n bluetoothd[133630]: src/adapter.c:load_irks() hci0 irks 0
Aug 22 11:19:18.312286 n bluetoothd[133630]: src/adapter.c:load_conn_params() hci0 conn params 0
Aug 22 11:19:18.312396 n bluetoothd[133630]: profiles/audio/avrcp.c:avrcp_controller_probe() path /org/bluez/hci0/dev_AA:BB:CC:00:00:05
Aug 22 11:19:18.312408 n bluetoothd[133630]: profiles/audio/control.c:control_init() Registered interface org.bluez.MediaControl1 on path /org/bluez/hci0/dev_AA:BB:CC:00:00:05
Aug 22 11:19:18.312417 n bluetoothd[133630]: src/service.c:btd_service_ref() 0x5e5122428e80: ref=2
Aug 22 11:19:18.312426 n bluetoothd[133630]: src/service.c:change_state() 0x5e5122428e80: device AA:BB:CC:00:00:05 profile avrcp-controller state changed: unavailable -> disconnected (0)
Aug 22 11:19:18.312440 n bluetoothd[133630]: profiles/audio/avrcp.c:avrcp_target_probe() path /org/bluez/hci0/dev_AA:BB:CC:00:00:05
Aug 22 11:19:18.312448 n bluetoothd[133630]: src/service.c:btd_service_ref() 0x5e5122428f40: ref=2
Aug 22 11:19:18.312457 n bluetoothd[133630]: src/service.c:change_state() 0x5e5122428f40: device AA:BB:CC:00:00:05 profile audio-avrcp-target state changed: unavailable -> disconnected (0)
Aug 22 11:19:18.312487 n bluetoothd[133630]: profiles/audio/a2dp.c:a2dp_sink_probe() path /org/bluez/hci0/dev_AA:BB:CC:00:00:05
Aug 22 11:19:18.312495 n bluetoothd[133630]: profiles/audio/sink.c:sink_init() /org/bluez/hci0/dev_AA:BB:CC:00:00:05
Aug 22 11:19:18.312509 n bluetoothd[133630]: src/service.c:btd_service_ref() 0x5e5122428f80: ref=2
Aug 22 11:19:18.312518 n bluetoothd[133630]: src/service.c:change_state() 0x5e5122428f80: device AA:BB:CC:00:00:05 profile a2dp-sink state changed: unavailable -> disconnected (0)
Aug 22 11:19:18.312601 n bluetoothd[133630]: profiles/audio/avrcp.c:avrcp_controller_probe() path /org/bluez/hci0/dev_AA:BB:CC:00:00:01
Aug 22 11:19:18.312610 n bluetoothd[133630]: profiles/audio/control.c:control_init() Registered interface org.bluez.MediaControl1 on path /org/bluez/hci0/dev_AA:BB:CC:00:00:01
Aug 22 11:19:18.312615 n bluetoothd[133630]: src/service.c:btd_service_ref() 0x5e5122429040: ref=2
Aug 22 11:19:18.312622 n bluetoothd[133630]: src/service.c:change_state() 0x5e5122429040: device AA:BB:CC:00:00:01 profile avrcp-controller state changed: unavailable -> disconnected (0)
Aug 22 11:19:18.312632 n bluetoothd[133630]: profiles/audio/avrcp.c:avrcp_target_probe() path /org/bluez/hci0/dev_AA:BB:CC:00:00:01
Aug 22 11:19:18.312637 n bluetoothd[133630]: src/service.c:btd_service_ref() 0x5e5122429100: ref=2
Aug 22 11:19:18.312642 n bluetoothd[133630]: src/service.c:change_state() 0x5e5122429100: device AA:BB:CC:00:00:01 profile audio-avrcp-target state changed: unavailable -> disconnected (0)
Aug 22 11:19:18.312650 n bluetoothd[133630]: profiles/audio/a2dp.c:a2dp_sink_probe() path /org/bluez/hci0/dev_AA:BB:CC:00:00:01
Aug 22 11:19:18.312657 n bluetoothd[133630]: profiles/audio/sink.c:sink_init() /org/bluez/hci0/dev_AA:BB:CC:00:00:01
Aug 22 11:19:18.312663 n bluetoothd[133630]: src/service.c:btd_service_ref() 0x5e5122429140: ref=2
Aug 22 11:19:18.312668 n bluetoothd[133630]: src/service.c:change_state() 0x5e5122429140: device AA:BB:CC:00:00:01 profile a2dp-sink state changed: unavailable -> disconnected (0)
Aug 22 11:19:18.312766 n bluetoothd[133630]: profiles/audio/avrcp.c:avrcp_controller_probe() path /org/bluez/hci0/dev_AA:BB:CC:00:00:02
Aug 22 11:19:18.312776 n bluetoothd[133630]: profiles/audio/control.c:control_init() Registered interface org.bluez.MediaControl1 on path /org/bluez/hci0/dev_AA:BB:CC:00:00:02
Aug 22 11:19:18.312781 n bluetoothd[133630]: src/service.c:btd_service_ref() 0x5e5122429200: ref=2
Aug 22 11:19:18.312787 n bluetoothd[133630]: src/service.c:change_state() 0x5e5122429200: device AA:BB:CC:00:00:02 profile avrcp-controller state changed: unavailable -> disconnected (0)
Aug 22 11:19:18.312794 n bluetoothd[133630]: profiles/audio/avrcp.c:avrcp_target_probe() path /org/bluez/hci0/dev_AA:BB:CC:00:00:02
Aug 22 11:19:18.312799 n bluetoothd[133630]: src/service.c:btd_service_ref() 0x5e51224292c0: ref=2
Aug 22 11:19:18.312805 n bluetoothd[133630]: src/service.c:change_state() 0x5e51224292c0: device AA:BB:CC:00:00:02 profile audio-avrcp-target state changed: unavailable -> disconnected (0)
Aug 22 11:19:18.312813 n bluetoothd[133630]: profiles/audio/a2dp.c:a2dp_source_probe() path /org/bluez/hci0/dev_AA:BB:CC:00:00:02
Aug 22 11:19:18.312818 n bluetoothd[133630]: profiles/audio/source.c:source_init() /org/bluez/hci0/dev_AA:BB:CC:00:00:02
Aug 22 11:19:18.312823 n bluetoothd[133630]: src/service.c:btd_service_ref() 0x5e5122429300: ref=2
Aug 22 11:19:18.312829 n bluetoothd[133630]: src/service.c:change_state() 0x5e5122429300: device AA:BB:CC:00:00:02 profile a2dp-source state changed: unavailable -> disconnected (0)
Aug 22 11:19:18.312836 n bluetoothd[133630]: profiles/audio/a2dp.c:a2dp_sink_probe() path /org/bluez/hci0/dev_AA:BB:CC:00:00:02
Aug 22 11:19:18.312841 n bluetoothd[133630]: profiles/audio/sink.c:sink_init() /org/bluez/hci0/dev_AA:BB:CC:00:00:02
Aug 22 11:19:18.312846 n bluetoothd[133630]: src/service.c:btd_service_ref() 0x5e51224293c0: ref=2
Aug 22 11:19:18.312851 n bluetoothd[133630]: src/service.c:change_state() 0x5e51224293c0: device AA:BB:CC:00:00:02 profile a2dp-sink state changed: unavailable -> disconnected (0)
Aug 22 11:19:18.312937 n bluetoothd[133630]: profiles/audio/avrcp.c:avrcp_controller_probe() path /org/bluez/hci0/dev_AA:BB:CC:00:00:03
Aug 22 11:19:18.312944 n bluetoothd[133630]: profiles/audio/control.c:control_init() Registered interface org.bluez.MediaControl1 on path /org/bluez/hci0/dev_AA:BB:CC:00:00:03
Aug 22 11:19:18.312949 n bluetoothd[133630]: src/service.c:btd_service_ref() 0x5e5122429440: ref=2
Aug 22 11:19:18.312954 n bluetoothd[133630]: src/service.c:change_state() 0x5e5122429440: device AA:BB:CC:00:00:03 profile avrcp-controller state changed: unavailable -> disconnected (0)
Aug 22 11:19:18.312961 n bluetoothd[133630]: profiles/audio/avrcp.c:avrcp_target_probe() path /org/bluez/hci0/dev_AA:BB:CC:00:00:03
Aug 22 11:19:18.312965 n bluetoothd[133630]: src/service.c:btd_service_ref() 0x5e5122429530: ref=2
Aug 22 11:19:18.312971 n bluetoothd[133630]: src/service.c:change_state() 0x5e5122429530: device AA:BB:CC:00:00:03 profile audio-avrcp-target state changed: unavailable -> disconnected (0)
Aug 22 11:19:18.312979 n bluetoothd[133630]: profiles/audio/a2dp.c:a2dp_sink_probe() path /org/bluez/hci0/dev_AA:BB:CC:00:00:03
Aug 22 11:19:18.312985 n bluetoothd[133630]: profiles/audio/sink.c:sink_init() /org/bluez/hci0/dev_AA:BB:CC:00:00:03
Aug 22 11:19:18.312990 n bluetoothd[133630]: src/service.c:btd_service_ref() 0x5e5122429570: ref=2
Aug 22 11:19:18.312995 n bluetoothd[133630]: src/service.c:change_state() 0x5e5122429570: device AA:BB:CC:00:00:03 profile a2dp-sink state changed: unavailable -> disconnected (0)
Aug 22 11:19:18.313068 n bluetoothd[133630]: profiles/audio/avrcp.c:avrcp_controller_probe() path /org/bluez/hci0/dev_AA:BB:CC:00:00:04
Aug 22 11:19:18.313075 n bluetoothd[133630]: profiles/audio/control.c:control_init() Registered interface org.bluez.MediaControl1 on path /org/bluez/hci0/dev_AA:BB:CC:00:00:04
Aug 22 11:19:18.313080 n bluetoothd[133630]: src/service.c:btd_service_ref() 0x5e5122429630: ref=2
Aug 22 11:19:18.313087 n bluetoothd[133630]: src/service.c:change_state() 0x5e5122429630: device AA:BB:CC:00:00:04 profile avrcp-controller state changed: unavailable -> disconnected (0)
Aug 22 11:19:18.313094 n bluetoothd[133630]: profiles/audio/avrcp.c:avrcp_target_probe() path /org/bluez/hci0/dev_AA:BB:CC:00:00:04
Aug 22 11:19:18.313099 n bluetoothd[133630]: src/service.c:btd_service_ref() 0x5e51224297c0: ref=2
Aug 22 11:19:18.313104 n bluetoothd[133630]: src/service.c:change_state() 0x5e51224297c0: device AA:BB:CC:00:00:04 profile audio-avrcp-target state changed: unavailable -> disconnected (0)
Aug 22 11:19:18.313114 n bluetoothd[133630]: profiles/audio/a2dp.c:a2dp_sink_probe() path /org/bluez/hci0/dev_AA:BB:CC:00:00:04
Aug 22 11:19:18.313119 n bluetoothd[133630]: profiles/audio/sink.c:sink_init() /org/bluez/hci0/dev_AA:BB:CC:00:00:04
Aug 22 11:19:18.313124 n bluetoothd[133630]: src/service.c:btd_service_ref() 0x5e5122429820: ref=2
Aug 22 11:19:18.313129 n bluetoothd[133630]: src/service.c:change_state() 0x5e5122429820: device AA:BB:CC:00:00:04 profile a2dp-sink state changed: unavailable -> disconnected (0)
Aug 22 11:19:18.313234 n bluetoothd[133630]: src/adapter.c:load_connections() sending get connections command for index 0
Aug 22 11:19:18.313241 n bluetoothd[133630]: src/adapter.c:adapter_service_insert() /org/bluez/hci0
Aug 22 11:19:18.313247 n bluetoothd[133630]: src/adapter.c:add_uuid() sending add uuid command for index 0
Aug 22 11:19:18.313252 n bluetoothd[133630]: src/adapter.c:set_did() hci0 source 2 vendor 1d6b product 246 version 548
Aug 22 11:19:18.313257 n bluetoothd[133630]: src/adapter.c:adapter_register() Adapter /org/bluez/hci0 registered
Aug 22 11:19:18.313265 n bluetoothd[133630]: src/adapter.c:set_dev_class() sending set device class command for index 0
Aug 22 11:19:18.313273 n bluetoothd[133630]: src/adapter.c:set_name() sending set local name command for index 0
Aug 22 11:19:18.313279 n bluetoothd[133630]: src/adapter.c:adapter_set_power_state() on
Aug 22 11:19:18.313285 n bluetoothd[133630]: src/adapter.c:adapter_start() adapter /org/bluez/hci0 has been enabled
Aug 22 11:19:18.313289 n bluetoothd[133630]: src/adapter.c:trigger_passive_scanning()
Aug 22 11:19:18.313323 n bluetoothd[133630]: src/shared/mgmt.c:send_request() [0x0000] command 0x0011
Aug 22 11:19:18.313338 n bluetoothd[133630]: src/shared/mgmt.c:can_read_data() [0x0000] command 0x0011 complete: 0x00
Aug 22 11:19:18.313365 n bluetoothd[133630]: src/shared/mgmt.c:send_request() [0x0000] command 0x0034
Aug 22 11:19:18.313378 n bluetoothd[133630]: src/shared/mgmt.c:can_read_data() [0x0000] command 0x0034 complete: 0x00
Aug 22 11:19:18.313396 n bluetoothd[133630]: src/shared/mgmt.c:send_request() [0x0000] command 0x002f
Aug 22 11:19:18.313409 n bluetoothd[133630]: src/shared/mgmt.c:can_read_data() [0x0000] command 0x2f status: 0x0b
Aug 22 11:19:18.313414 n bluetoothd[133630]: Failed to set privacy: Rejected (0x0b)
Aug 22 11:19:18.313435 n bluetoothd[133630]: src/shared/mgmt.c:send_request() [0x0000] command 0x0010
Aug 22 11:19:18.313454 n bluetoothd[133630]: src/profile.c:unregister_profile() sender :1.86
Aug 22 11:19:18.326082 n bluetoothd[133630]: src/profile.c:register_profile() sender :1.86
Aug 22 11:19:18.326114 n bluetoothd[133630]: src/profile.c:create_ext() Created "Hands-Free Voice gateway"
Aug 22 11:19:18.326127 n bluetoothd[133630]: src/profile.c:ext_adapter_probe() "Hands-Free Voice gateway" probed
Aug 22 11:19:18.326171 n bluetoothd[133630]: src/profile.c:ext_start_servers() Hands-Free Voice gateway listening on chan 13
Aug 22 11:19:18.326228 n bluetoothd[133630]: src/adapter.c:adapter_service_add() /org/bluez/hci0
Aug 22 11:19:18.326244 n bluetoothd[133630]: src/sdpd-service.c:add_record_to_server() Adding record with handle 0x1000d
Aug 22 11:19:18.326265 n bluetoothd[133630]: src/sdpd-service.c:add_record_to_server() Record pattern UUID 00000003-0000-1000-8000-00805f9
Aug 22 11:19:18.326279 n bluetoothd[133630]: src/sdpd-service.c:add_record_to_server() Record pattern UUID 00000100-0000-1000-8000-00805f9
Aug 22 11:19:18.326292 n bluetoothd[133630]: src/sdpd-service.c:add_record_to_server() Record pattern UUID 00001002-0000-1000-8000-00805f9
Aug 22 11:19:18.326306 n bluetoothd[133630]: src/sdpd-service.c:add_record_to_server() Record pattern UUID 0000111e-0000-1000-8000-00805f9
Aug 22 11:19:18.326319 n bluetoothd[133630]: src/sdpd-service.c:add_record_to_server() Record pattern UUID 0000111f-0000-1000-8000-00805f9
Aug 22 11:19:18.326333 n bluetoothd[133630]: src/sdpd-service.c:add_record_to_server() Record pattern UUID 00001203-0000-1000-8000-00805f9
Aug 22 11:19:18.326347 n bluetoothd[133630]: src/adapter.c:adapter_service_insert() /org/bluez/hci0
Aug 22 11:19:18.326359 n bluetoothd[133630]: src/adapter.c:add_uuid() sending add uuid command for index 0
Aug 22 11:19:18.326384 n bluetoothd[133630]: src/profile.c:ext_device_probe() Hands-Free Voice gateway probed with UUID <UUID-04>
Aug 22 11:19:18.326396 n bluetoothd[133630]: src/service.c:change_state() 0x5e5122416630: device AA:BB:CC:00:00:05 profile Hands-Free Voice gateway state changed: unavailable -> disconnected (0)
Aug 22 11:19:18.326413 n bluetoothd[133630]: src/profile.c:ext_device_probe() Hands-Free Voice gateway probed with UUID <UUID-04>
Aug 22 11:19:18.326424 n bluetoothd[133630]: src/service.c:change_state() 0x5e5122434140: device AA:BB:CC:00:00:01 profile Hands-Free Voice gateway state changed: unavailable -> disconnected (0)
Aug 22 11:19:18.326439 n bluetoothd[133630]: src/profile.c:ext_device_probe() Hands-Free Voice gateway probed with UUID <UUID-04>
Aug 22 11:19:18.326450 n bluetoothd[133630]: src/service.c:change_state() 0x5e5122433c30: device AA:BB:CC:00:00:02 profile Hands-Free Voice gateway state changed: unavailable -> disconnected (0)
Aug 22 11:19:18.326464 n bluetoothd[133630]: src/profile.c:ext_device_probe() Hands-Free Voice gateway probed with UUID <UUID-04>
Aug 22 11:19:18.326481 n bluetoothd[133630]: src/service.c:change_state() 0x5e51224326a0: device AA:BB:CC:00:00:03 profile Hands-Free Voice gateway state changed: unavailable -> disconnected (0)
Aug 22 11:19:18.326499 n bluetoothd[133630]: src/profile.c:ext_device_probe() Hands-Free Voice gateway probed with UUID <UUID-04>
Aug 22 11:19:18.326512 n bluetoothd[133630]: src/service.c:change_state() 0x5e5122414eb0: device AA:BB:CC:00:00:04 profile Hands-Free Voice gateway state changed: unavailable -> disconnected (0)
Aug 22 11:19:18.326655 n bluetoothd[133630]: src/profile.c:register_profile() sender :1.86
Aug 22 11:19:18.326670 n bluetoothd[133630]: src/profile.c:create_ext() Created "Hands-Free unit"
Aug 22 11:19:18.326681 n bluetoothd[133630]: src/profile.c:ext_adapter_probe() "Hands-Free unit" probed
Aug 22 11:19:18.326716 n bluetoothd[133630]: src/profile.c:ext_start_servers() Hands-Free unit listening on chan 7
Aug 22 11:19:18.326751 n bluetoothd[133630]: src/adapter.c:adapter_service_add() /org/bluez/hci0
Aug 22 11:19:18.326762 n bluetoothd[133630]: src/sdpd-service.c:add_record_to_server() Adding record with handle 0x1000e
Aug 22 11:19:18.326773 n bluetoothd[133630]: src/sdpd-service.c:add_record_to_server() Record pattern UUID 00000003-0000-1000-8000-00805f9
Aug 22 11:19:18.326785 n bluetoothd[133630]: src/sdpd-service.c:add_record_to_server() Record pattern UUID 00000100-0000-1000-8000-00805f9
Aug 22 11:19:18.326794 n bluetoothd[133630]: src/sdpd-service.c:add_record_to_server() Record pattern UUID 00001002-0000-1000-8000-00805f9
Aug 22 11:19:18.326804 n bluetoothd[133630]: src/sdpd-service.c:add_record_to_server() Record pattern UUID 0000111e-0000-1000-8000-00805f9
Aug 22 11:19:18.326814 n bluetoothd[133630]: src/sdpd-service.c:add_record_to_server() Record pattern UUID 00001203-0000-1000-8000-00805f9
Aug 22 11:19:18.326824 n bluetoothd[133630]: src/adapter.c:adapter_service_insert() /org/bluez/hci0
Aug 22 11:19:18.326836 n bluetoothd[133630]: src/adapter.c:add_uuid() sending add uuid command for index 0
Aug 22 11:19:18.327158 n bluetoothd[133630]: profiles/audio/media.c:register_app() Registering application: :1.86:/MediaEndpoint
Aug 22 11:19:18.329122 n bluetoothd[133630]: profiles/audio/media.c:proxy_added_cb() Proxy added: /MediaEndpoint/A2DPSource/ldac, iface: org.bluez.MediaEndpoint1
Aug 22 11:19:18.329140 n bluetoothd[133630]: profiles/audio/avdtp.c:avdtp_register_sep() SEP 0x5e512242a4a0 registered: type:0 codec:255 seid_pool:0x5e5122420e48 seid:1
Aug 22 11:19:18.329156 n bluetoothd[133630]: src/adapter.c:adapter_service_add() /org/bluez/hci0
Aug 22 11:19:18.329170 n bluetoothd[133630]: src/sdpd-service.c:add_record_to_server() Adding record with handle 0x1000f
Aug 22 11:19:18.329183 n bluetoothd[133630]: src/sdpd-service.c:add_record_to_server() Record pattern UUID 00000019-0000-1000-8000-00805f9
Aug 22 11:19:18.329194 n bluetoothd[133630]: src/sdpd-service.c:add_record_to_server() Record pattern UUID 00000100-0000-1000-8000-00805f9
Aug 22 11:19:18.329206 n bluetoothd[133630]: src/sdpd-service.c:add_record_to_server() Record pattern UUID 00001002-0000-1000-8000-00805f9
Aug 22 11:19:18.329218 n bluetoothd[133630]: src/sdpd-service.c:add_record_to_server() Record pattern UUID 0000110a-0000-1000-8000-00805f9
Aug 22 11:19:18.329227 n bluetoothd[133630]: src/sdpd-service.c:add_record_to_server() Record pattern UUID 0000110d-0000-1000-8000-00805f9
Aug 22 11:19:18.329236 n bluetoothd[133630]: src/adapter.c:adapter_service_insert() /org/bluez/hci0
Aug 22 11:19:18.329249 n bluetoothd[133630]: src/adapter.c:add_uuid() sending add uuid command for index 0
Aug 22 11:19:18.329447 n bluetoothd[133630]: profiles/audio/media.c:proxy_added_cb() Proxy added: /MediaEndpoint/A2DPSink/aptx_hd, iface: org.bluez.MediaEndpoint1
Aug 22 11:19:18.329462 n bluetoothd[133630]: profiles/audio/avdtp.c:avdtp_register_sep() SEP 0x5e5122438110 registered: type:1 codec:255 seid_pool:0x5e5122420e48 seid:2
Aug 22 11:19:18.329487 n bluetoothd[133630]: src/adapter.c:adapter_service_add() /org/bluez/hci0
Aug 22 11:19:18.329498 n bluetoothd[133630]: src/sdpd-service.c:add_record_to_server() Adding record with handle 0x10010
Aug 22 11:19:18.329507 n bluetoothd[133630]: src/sdpd-service.c:add_record_to_server() Record pattern UUID 00000019-0000-1000-8000-00805f9
Aug 22 11:19:18.329513 n bluetoothd[133630]: src/sdpd-service.c:add_record_to_server() Record pattern UUID 00000100-0000-1000-8000-00805f9
Aug 22 11:19:18.329519 n bluetoothd[133630]: src/sdpd-service.c:add_record_to_server() Record pattern UUID 00001002-0000-1000-8000-00805f9
Aug 22 11:19:18.329525 n bluetoothd[133630]: src/sdpd-service.c:add_record_to_server() Record pattern UUID 0000110b-0000-1000-8000-00805f9
Aug 22 11:19:18.329531 n bluetoothd[133630]: src/sdpd-service.c:add_record_to_server() Record pattern UUID 0000110d-0000-1000-8000-00805f9
Aug 22 11:19:18.329537 n bluetoothd[133630]: src/adapter.c:adapter_service_insert() /org/bluez/hci0
Aug 22 11:19:18.329547 n bluetoothd[133630]: src/adapter.c:add_uuid() sending add uuid command for index 0
Aug 22 11:19:18.329667 n bluetoothd[133630]: profiles/audio/media.c:proxy_added_cb() Proxy added: /MediaEndpoint/A2DPSource/aptx_hd, iface: org.bluez.MediaEndpoint1
Aug 22 11:19:18.329682 n bluetoothd[133630]: profiles/audio/avdtp.c:avdtp_register_sep() SEP 0x5e512243a620 registered: type:0 codec:255 seid_pool:0x5e5122420e48 seid:3
Aug 22 11:19:18.329816 n bluetoothd[133630]: profiles/audio/media.c:proxy_added_cb() Proxy added: /MediaEndpoint/A2DPSink/aptx, iface: org.bluez.MediaEndpoint1
Aug 22 11:19:18.329831 n bluetoothd[133630]: profiles/audio/avdtp.c:avdtp_register_sep() SEP 0x5e512243b040 registered: type:1 codec:255 seid_pool:0x5e5122420e48 seid:4
Aug 22 11:19:18.329944 n bluetoothd[133630]: profiles/audio/media.c:proxy_added_cb() Proxy added: /MediaEndpoint/A2DPSource/aptx, iface: org.bluez.MediaEndpoint1
Aug 22 11:19:18.329956 n bluetoothd[133630]: profiles/audio/avdtp.c:avdtp_register_sep() SEP 0x5e512243bc00 registered: type:0 codec:255 seid_pool:0x5e5122420e48 seid:5
Aug 22 11:19:18.330067 n bluetoothd[133630]: profiles/audio/media.c:proxy_added_cb() Proxy added: /MediaEndpoint/A2DPSink/sbc, iface: org.bluez.MediaEndpoint1
Aug 22 11:19:18.330078 n bluetoothd[133630]: profiles/audio/avdtp.c:avdtp_register_sep() SEP 0x5e512243c670 registered: type:1 codec:0 seid_pool:0x5e5122420e48 seid:6
Aug 22 11:19:18.330231 n bluetoothd[133630]: profiles/audio/media.c:proxy_added_cb() Proxy added: /MediaEndpoint/A2DPSource/sbc, iface: org.bluez.MediaEndpoint1
Aug 22 11:19:18.330250 n bluetoothd[133630]: profiles/audio/avdtp.c:avdtp_register_sep() SEP 0x5e512243d230 registered: type:0 codec:0 seid_pool:0x5e5122420e48 seid:7
Aug 22 11:19:18.330377 n bluetoothd[133630]: profiles/audio/media.c:proxy_added_cb() Proxy added: /MediaEndpoint/A2DPSink/sbc_xq, iface: org.bluez.MediaEndpoint1
Aug 22 11:19:18.330392 n bluetoothd[133630]: profiles/audio/avdtp.c:avdtp_register_sep() SEP 0x5e512243dca0 registered: type:1 codec:0 seid_pool:0x5e5122420e48 seid:8
Aug 22 11:19:18.330526 n bluetoothd[133630]: profiles/audio/media.c:proxy_added_cb() Proxy added: /MediaEndpoint/A2DPSource/sbc_xq, iface: org.bluez.MediaEndpoint1
Aug 22 11:19:18.330542 n bluetoothd[133630]: profiles/audio/avdtp.c:avdtp_register_sep() SEP 0x5e512243e8d0 registered: type:0 codec:0 seid_pool:0x5e5122420e48 seid:9
Aug 22 11:19:18.330690 n bluetoothd[133630]: profiles/audio/media.c:proxy_added_cb() Proxy added: /MediaEndpoint/A2DPSource/aptx_ll_1, iface: org.bluez.MediaEndpoint1
Aug 22 11:19:18.330707 n bluetoothd[133630]: profiles/audio/avdtp.c:avdtp_register_sep() SEP 0x5e512243f500 registered: type:0 codec:255 seid_pool:0x5e5122420e48 seid:10
Aug 22 11:19:18.330862 n bluetoothd[133630]: profiles/audio/media.c:proxy_added_cb() Proxy added: /MediaEndpoint/A2DPSource/aptx_ll_0, iface: org.bluez.MediaEndpoint1
Aug 22 11:19:18.330884 n bluetoothd[133630]: profiles/audio/avdtp.c:avdtp_register_sep() SEP 0x5e5122440130 registered: type:0 codec:255 seid_pool:0x5e5122420e48 seid:11
Aug 22 11:19:18.331008 n bluetoothd[133630]: profiles/audio/media.c:proxy_added_cb() Proxy added: /MediaEndpoint/A2DPSource/aptx_ll_duplex_1, iface: org.bluez.MediaEndpoint1
Aug 22 11:19:18.331022 n bluetoothd[133630]: profiles/audio/avdtp.c:avdtp_register_sep() SEP 0x5e5122440cd0 registered: type:0 codec:255 seid_pool:0x5e5122420e48 seid:12
Aug 22 11:19:18.331160 n bluetoothd[133630]: profiles/audio/media.c:proxy_added_cb() Proxy added: /MediaEndpoint/A2DPSource/aptx_ll_duplex_0, iface: org.bluez.MediaEndpoint1
Aug 22 11:19:18.331175 n bluetoothd[133630]: profiles/audio/avdtp.c:avdtp_register_sep() SEP 0x5e5122441870 registered: type:0 codec:255 seid_pool:0x5e5122420e48 seid:13
Aug 22 11:19:18.331314 n bluetoothd[133630]: profiles/audio/media.c:proxy_added_cb() Proxy added: /MediaEndpoint/A2DPSource/faststream, iface: org.bluez.MediaEndpoint1
Aug 22 11:19:18.331328 n bluetoothd[133630]: profiles/audio/avdtp.c:avdtp_register_sep() SEP 0x5e51224424e0 registered: type:0 codec:255 seid_pool:0x5e5122420e48 seid:14
Aug 22 11:19:18.331452 n bluetoothd[133630]: profiles/audio/media.c:proxy_added_cb() Proxy added: /MediaEndpoint/A2DPSource/faststream_duplex, iface: org.bluez.MediaEndpoint1
Aug 22 11:19:18.331482 n bluetoothd[133630]: profiles/audio/avdtp.c:avdtp_register_sep() SEP 0x5e5122443100 registered: type:0 codec:255 seid_pool:0x5e5122420e48 seid:15
Aug 22 11:19:18.331647 n bluetoothd[133630]: profiles/audio/media.c:proxy_added_cb() Proxy added: /MediaEndpoint/A2DPSink/opus_05, iface: org.bluez.MediaEndpoint1
Aug 22 11:19:18.331658 n bluetoothd[133630]: profiles/audio/avdtp.c:avdtp_register_sep() SEP 0x5e5122443c30 registered: type:1 codec:255 seid_pool:0x5e5122420e48 seid:16
Aug 22 11:19:18.331762 n bluetoothd[133630]: profiles/audio/media.c:proxy_added_cb() Proxy added: /MediaEndpoint/A2DPSource/opus_05, iface: org.bluez.MediaEndpoint1
Aug 22 11:19:18.331771 n bluetoothd[133630]: profiles/audio/avdtp.c:avdtp_register_sep() SEP 0x5e5122444870 registered: type:0 codec:255 seid_pool:0x5e5122420e48 seid:17
Aug 22 11:19:18.331864 n bluetoothd[133630]: profiles/audio/media.c:proxy_added_cb() Proxy added: /MediaEndpoint/A2DPSink/opus_05_duplex, iface: org.bluez.MediaEndpoint1
Aug 22 11:19:18.331874 n bluetoothd[133630]: profiles/audio/avdtp.c:avdtp_register_sep() SEP 0x5e5122445360 registered: type:1 codec:255 seid_pool:0x5e5122420e48 seid:18
Aug 22 11:19:18.331969 n bluetoothd[133630]: profiles/audio/media.c:proxy_added_cb() Proxy added: /MediaEndpoint/A2DPSource/opus_05_duplex, iface: org.bluez.MediaEndpoint1
Aug 22 11:19:18.331978 n bluetoothd[133630]: profiles/audio/avdtp.c:avdtp_register_sep() SEP 0x5e5122445f90 registered: type:0 codec:255 seid_pool:0x5e5122420e48 seid:19
Aug 22 11:19:18.331996 n bluetoothd[133630]: profiles/audio/media.c:client_ready_cb() Media application registered: :1.86:/MediaEndpoint
Aug 22 11:19:18.385860 n bluetoothd[133630]: plugins/hostname.c:property_changed() static hostname: 'n'
Aug 22 11:19:18.385878 n bluetoothd[133630]: plugins/hostname.c:property_changed() pretty hostname: ''
Aug 22 11:19:18.385890 n bluetoothd[133630]: plugins/hostname.c:update_name() name: n
Aug 22 11:19:18.385904 n bluetoothd[133630]: src/adapter.c:adapter_set_name() name: n
Aug 22 11:19:18.385913 n bluetoothd[133630]: src/adapter.c:adapter_set_name() alias: n
Aug 22 11:19:18.385923 n bluetoothd[133630]: src/adapter.c:set_name() sending set local name command for index 0
Aug 22 11:19:18.385938 n bluetoothd[133630]: plugins/hostname.c:property_changed() chassis: 'laptop'
Aug 22 11:19:18.385945 n bluetoothd[133630]: plugins/hostname.c:update_class() major: 0x01 minor: 0x03
Aug 22 11:19:20.359634 n bluetoothd[133630]: src/shared/mgmt.c:can_read_data() [0x0000] command 0x0010 complete: 0x05
Aug 22 11:19:20.359648 n bluetoothd[133630]: Failed to add UUID: Authentication Failed (0x05)
Aug 22 11:19:20.359688 n bluetoothd[133630]: src/shared/mgmt.c:send_request() [0x0000] command 0x0010
Aug 22 11:19:26.503630 n bluetoothd[133630]: src/shared/mgmt.c:can_read_data() [0x0000] command 0x0010 complete: 0x05
Aug 22 11:19:26.503657 n bluetoothd[133630]: Failed to add UUID: Authentication Failed (0x05)
Aug 22 11:19:26.503705 n bluetoothd[133630]: src/shared/mgmt.c:send_request() [0x0000] command 0x0010
Aug 22 11:19:28.550673 n bluetoothd[133630]: src/shared/mgmt.c:can_read_data() [0x0000] command 0x0010 complete: 0x05
Aug 22 11:19:28.550697 n bluetoothd[133630]: Failed to add UUID: Authentication Failed (0x05)
Aug 22 11:19:28.550766 n bluetoothd[133630]: src/shared/mgmt.c:send_request() [0x0000] command 0x003d
Aug 22 11:19:28.550803 n bluetoothd[133630]: src/shared/mgmt.c:can_read_data() [0x0000] command 0x003d complete: 0x00
Aug 22 11:19:28.550867 n bluetoothd[133630]: src/shared/mgmt.c:send_request() [0x0000] command 0x000e
Aug 22 11:19:30.598604 n bluetoothd[133630]: src/shared/mgmt.c:can_read_data() [0x0000] command 0x000e complete: 0x05
Aug 22 11:19:30.598620 n bluetoothd[133630]: Failed to set device class: Authentication Failed (0x05)
Aug 22 11:19:30.598665 n bluetoothd[133630]: src/shared/mgmt.c:send_request() [0x0000] command 0x0010
Aug 22 11:19:32.646658 n bluetoothd[133630]: src/shared/mgmt.c:can_read_data() [0x0000] command 0x0010 complete: 0x05
Aug 22 11:19:32.646698 n bluetoothd[133630]: Failed to add UUID: Authentication Failed (0x05)
Aug 22 11:19:32.646759 n bluetoothd[133630]: src/shared/mgmt.c:send_request() [0x0000] command 0x0010
Aug 22 11:19:34.694584 n bluetoothd[133630]: src/shared/mgmt.c:can_read_data() [0x0000] command 0x0010 complete: 0x05
Aug 22 11:19:34.694597 n bluetoothd[133630]: Failed to add UUID: Authentication Failed (0x05)
Aug 22 11:19:34.694639 n bluetoothd[133630]: src/shared/mgmt.c:send_request() [0x0000] command 0x0010
Aug 22 11:19:36.742631 n bluetoothd[133630]: src/shared/mgmt.c:can_read_data() [0x0000] command 0x0010 complete: 0x05
Aug 22 11:19:36.742650 n bluetoothd[133630]: Failed to add UUID: Authentication Failed (0x05)
Aug 22 11:19:36.742719 n bluetoothd[133630]: src/shared/mgmt.c:send_request() [0x0000] command 0x0010
Aug 22 11:19:36.746706 n bluetoothd[133630]: src/shared/mgmt.c:can_read_data() [0x0000] event 0x0007
Aug 22 11:19:36.746728 n bluetoothd[133630]: src/adapter.c:dev_class_changed_callback() Class: 0x000000
Aug 22 11:19:36.746770 n bluetoothd[133630]: src/shared/mgmt.c:can_read_data() [0x0000] event 0x0006
Aug 22 11:19:36.746783 n bluetoothd[133630]: src/adapter.c:new_settings_callback() Settings: 0x00000ac0
Aug 22 11:19:36.746801 n bluetoothd[133630]: src/adapter.c:settings_changed() Changed settings: 0x00000001
Aug 22 11:19:36.746812 n bluetoothd[133630]: src/adapter.c:settings_changed() Pending settings: 0x00000000
Aug 22 11:19:36.746827 n bluetoothd[133630]: src/adapter.c:cancel_passive_scanning()
Aug 22 11:19:36.746844 n bluetoothd[133630]: src/adapter.c:adapter_stop() adapter /org/bluez/hci0 has been disabled
Aug 22 11:19:36.772782 n bluetoothd[133630]: src/shared/mgmt.c:can_read_data() [0x0000] command 0x0010 complete: 0x00
Aug 22 11:19:36.772829 n bluetoothd[133630]: src/shared/mgmt.c:send_request() [0x0000] command 0x0010
Aug 22 11:19:36.772848 n bluetoothd[133630]: src/shared/mgmt.c:can_read_data() [0x0000] command 0x0010 complete: 0x00
Aug 22 11:19:36.772872 n bluetoothd[133630]: src/shared/mgmt.c:send_request() [0x0000] command 0x0010
Aug 22 11:19:36.772942 n bluetoothd[133630]: src/shared/mgmt.c:can_read_data() [0x0000] command 0x0010 complete: 0x00
Aug 22 11:19:36.772972 n bluetoothd[133630]: src/shared/mgmt.c:send_request() [0x0000] command 0x0010
Aug 22 11:19:36.773019 n bluetoothd[133630]: src/shared/mgmt.c:can_read_data() [0x0000] command 0x0010 complete: 0x00
Aug 22 11:19:36.773046 n bluetoothd[133630]: src/shared/mgmt.c:send_request() [0x0000] command 0x0010
Aug 22 11:19:36.773088 n bluetoothd[133630]: src/shared/mgmt.c:can_read_data() [0x0000] command 0x0010 complete: 0x00
Aug 22 11:19:36.773114 n bluetoothd[133630]: src/shared/mgmt.c:send_request() [0x0000] command 0x0010
Aug 22 11:19:36.773129 n bluetoothd[133630]: src/shared/mgmt.c:can_read_data() [0x0000] command 0x0010 complete: 0x00
Aug 22 11:19:36.773153 n bluetoothd[133630]: src/shared/mgmt.c:send_request() [0x0000] command 0x0027
Aug 22 11:19:36.773168 n bluetoothd[133630]: src/shared/mgmt.c:can_read_data() [0x0000] command 0x0027 complete: 0x00
Aug 22 11:19:36.773192 n bluetoothd[133630]: src/shared/mgmt.c:send_request() [0x0000] command 0x004c
Aug 22 11:19:36.773207 n bluetoothd[133630]: src/shared/mgmt.c:can_read_data() [0x0000] command 0x4c status: 0x0d
Aug 22 11:19:36.773237 n bluetoothd[133630]: src/shared/mgmt.c:send_request() [0x0000] command 0x0033
Aug 22 11:19:36.773253 n bluetoothd[133630]: src/shared/mgmt.c:can_read_data() [0x0000] event 0x002a
Aug 22 11:19:36.773271 n bluetoothd[133630]: src/shared/mgmt.c:can_read_data() [0x0000] command 0x0033 complete: 0x00
Aug 22 11:19:36.773281 n bluetoothd[133630]: src/adapter.c:add_accept_list_complete() AA:BB:CC:00:00:05 added to kernel accept list
Aug 22 11:19:36.773315 n bluetoothd[133630]: src/shared/mgmt.c:send_request() [0x0000] command 0x0033
Aug 22 11:19:36.773344 n bluetoothd[133630]: src/shared/mgmt.c:can_read_data() [0x0000] event 0x002a
Aug 22 11:19:36.773366 n bluetoothd[133630]: src/shared/mgmt.c:can_read_data() [0x0000] command 0x0033 complete: 0x00
Aug 22 11:19:36.773373 n bluetoothd[133630]: src/adapter.c:add_accept_list_complete() AA:BB:CC:00:00:01 added to kernel accept list
Aug 22 11:19:36.773409 n bluetoothd[133630]: src/shared/mgmt.c:send_request() [0x0000] command 0x0033
Aug 22 11:19:36.773434 n bluetoothd[133630]: src/shared/mgmt.c:can_read_data() [0x0000] event 0x002a
Aug 22 11:19:36.773455 n bluetoothd[133630]: src/shared/mgmt.c:can_read_data() [0x0000] command 0x0033 complete: 0x00
Aug 22 11:19:36.773464 n bluetoothd[133630]: src/adapter.c:add_accept_list_complete() AA:BB:CC:00:00:02 added to kernel accept list
Aug 22 11:19:36.773508 n bluetoothd[133630]: src/shared/mgmt.c:send_request() [0x0000] command 0x0033
Aug 22 11:19:36.773528 n bluetoothd[133630]: src/shared/mgmt.c:can_read_data() [0x0000] event 0x002a
Aug 22 11:19:36.773543 n bluetoothd[133630]: src/shared/mgmt.c:can_read_data() [0x0000] command 0x0033 complete: 0x00
Aug 22 11:19:36.773551 n bluetoothd[133630]: src/adapter.c:add_accept_list_complete() AA:BB:CC:00:00:03 added to kernel accept list
Aug 22 11:19:36.773576 n bluetoothd[133630]: src/shared/mgmt.c:send_request() [0x0000] command 0x0033
Aug 22 11:19:36.773590 n bluetoothd[133630]: src/shared/mgmt.c:can_read_data() [0x0000] event 0x002a
Aug 22 11:19:36.773605 n bluetoothd[133630]: src/shared/mgmt.c:can_read_data() [0x0000] command 0x0033 complete: 0x00
Aug 22 11:19:36.773611 n bluetoothd[133630]: src/adapter.c:add_accept_list_complete() AA:BB:CC:00:00:04 added to kernel accept list
Aug 22 11:19:36.773649 n bluetoothd[133630]: src/shared/mgmt.c:send_request() [0x0000] command 0x0012
Aug 22 11:19:36.773663 n bluetoothd[133630]: src/shared/mgmt.c:can_read_data() [0x0000] command 0x0012 complete: 0x00
Aug 22 11:19:36.773669 n bluetoothd[133630]: src/adapter.c:load_link_keys_complete() link keys loaded for hci0
Aug 22 11:19:36.773692 n bluetoothd[133630]: src/shared/mgmt.c:send_request() [0x0000] command 0x0013
Aug 22 11:19:36.773706 n bluetoothd[133630]: src/shared/mgmt.c:can_read_data() [0x0000] command 0x0013 complete: 0x00
Aug 22 11:19:36.773713 n bluetoothd[133630]: src/adapter.c:load_ltks_complete() LTKs loaded for hci0
Aug 22 11:19:36.773734 n bluetoothd[133630]: src/shared/mgmt.c:send_request() [0x0000] command 0x0030
Aug 22 11:19:36.773750 n bluetoothd[133630]: src/shared/mgmt.c:can_read_data() [0x0000] command 0x0030 complete: 0x00
Aug 22 11:19:36.773757 n bluetoothd[133630]: src/adapter.c:load_irks_complete() IRKs loaded for hci0
Aug 22 11:19:36.773774 n bluetoothd[133630]: src/shared/mgmt.c:send_request() [0x0000] command 0x0035
Aug 22 11:19:36.773786 n bluetoothd[133630]: src/shared/mgmt.c:can_read_data() [0x0000] command 0x0035 complete: 0x00
Aug 22 11:19:36.773791 n bluetoothd[133630]: src/adapter.c:load_conn_params_complete() Connection Parameters loaded for hci0
Aug 22 11:19:36.773810 n bluetoothd[133630]: src/shared/mgmt.c:send_request() [0x0000] command 0x0015
Aug 22 11:19:36.773822 n bluetoothd[133630]: src/shared/mgmt.c:can_read_data() [0x0000] command 0x15 status: 0x0f
Aug 22 11:19:36.773827 n bluetoothd[133630]: Failed to get connections: Not Powered (0x0f)
Aug 22 11:19:36.773847 n bluetoothd[133630]: src/shared/mgmt.c:send_request() [0x0000] command 0x0010
Aug 22 11:19:36.773890 n bluetoothd[133630]: src/shared/mgmt.c:can_read_data() [0x0000] command 0x0010 complete: 0x00
Aug 22 11:19:36.773910 n bluetoothd[133630]: src/shared/mgmt.c:send_request() [0x0000] command 0x0028
Aug 22 11:19:36.773922 n bluetoothd[133630]: src/shared/mgmt.c:can_read_data() [0x0000] command 0x0028 complete: 0x00
Aug 22 11:19:36.773939 n bluetoothd[133630]: src/shared/mgmt.c:send_request() [0x0000] command 0x000e
Aug 22 11:19:36.773951 n bluetoothd[133630]: src/shared/mgmt.c:can_read_data() [0x0000] command 0x000e complete: 0x00
Aug 22 11:19:36.773970 n bluetoothd[133630]: src/shared/mgmt.c:send_request() [0x0000] command 0x000f
Aug 22 11:19:36.773981 n bluetoothd[133630]: src/shared/mgmt.c:can_read_data() [0x0000] command 0x000f complete: 0x00
Aug 22 11:19:36.773987 n bluetoothd[133630]: src/adapter.c:local_name_changed_callback() Name: BlueZ 5.72
Aug 22 11:19:36.773992 n bluetoothd[133630]: src/adapter.c:local_name_changed_callback() Short name:
Aug 22 11:19:36.773998 n bluetoothd[133630]: src/adapter.c:local_name_changed_callback() Current alias: BlueZ 5.72
Aug 22 11:19:36.774019 n bluetoothd[133630]: src/shared/mgmt.c:send_request() [0x0000] command 0x0046
Aug 22 11:19:36.774031 n bluetoothd[133630]: src/shared/mgmt.c:can_read_data() [0x0000] command 0x0046 complete: 0x00
Aug 22 11:19:36.774037 n bluetoothd[133630]: src/adapter.c:set_blocked_keys_complete() Successfully set blocked keys for index 0
Aug 22 11:19:36.774055 n bluetoothd[133630]: src/shared/mgmt.c:send_request() [0x0000] command 0x0010
Aug 22 11:19:36.774102 n bluetoothd[133630]: src/shared/mgmt.c:can_read_data() [0x0000] command 0x0010 complete: 0x00
Aug 22 11:19:36.774138 n bluetoothd[133630]: src/shared/mgmt.c:send_request() [0x0000] command 0x0010
Aug 22 11:19:36.774155 n bluetoothd[133630]: src/shared/mgmt.c:can_read_data() [0x0000] command 0x0010 complete: 0x00
Aug 22 11:19:36.774175 n bluetoothd[133630]: src/shared/mgmt.c:send_request() [0x0000] command 0x0010
Aug 22 11:19:36.774213 n bluetoothd[133630]: src/shared/mgmt.c:can_read_data() [0x0000] command 0x0010 complete: 0x00
Aug 22 11:19:36.774234 n bluetoothd[133630]: src/shared/mgmt.c:send_request() [0x0000] command 0x0010
Aug 22 11:19:36.774286 n bluetoothd[133630]: src/shared/mgmt.c:can_read_data() [0x0000] command 0x0010 complete: 0x00
Aug 22 11:19:36.774309 n bluetoothd[133630]: src/shared/mgmt.c:send_request() [0x0000] command 0x000f
Aug 22 11:19:36.774321 n bluetoothd[133630]: src/shared/mgmt.c:can_read_data() [0x0000] command 0x000f complete: 0x00
Aug 22 11:19:36.774326 n bluetoothd[133630]: src/adapter.c:local_name_changed_callback() Name: n
Aug 22 11:19:36.774331 n bluetoothd[133630]: src/adapter.c:local_name_changed_callback() Short name:
Aug 22 11:19:36.774337 n bluetoothd[133630]: src/adapter.c:local_name_changed_callback() Current alias: n
Aug 22 11:20:37.541589 n bluetoothd[133630]: src/shared/mgmt.c:can_read_data() [0x0000] event 0x0005
Aug 22 11:20:37.541610 n bluetoothd[133630]: src/adapter.c:index_removed() index 0
Aug 22 11:20:37.541620 n bluetoothd[133630]: src/adapter.c:adapter_unregister() Unregister path: /org/bluez/hci0
Aug 22 11:20:37.541628 n bluetoothd[133630]: src/adapter.c:adapter_remove() Removing adapter /org/bluez/hci0
Aug 22 11:20:37.541638 n bluetoothd[133630]: src/device.c:device_remove() Removing device /org/bluez/hci0/dev_AA:BB:CC:00:00:05
Aug 22 11:20:37.541649 n bluetoothd[133630]: src/service.c:change_state() 0x5e5122428e80: device AA:BB:CC:00:00:05 profile avrcp-controller state changed: disconnected -> unavailable (0)
Aug 22 11:20:37.541668 n bluetoothd[133630]: profiles/audio/control.c:path_unregister() Unregistered interface org.bluez.MediaControl1 on path /org/bluez/hci0/dev_AA:BB:CC:00:00:05
Aug 22 11:20:37.541676 n bluetoothd[133630]: src/service.c:btd_service_unref() 0x5e5122428f40: ref=1
Aug 22 11:20:37.541683 n bluetoothd[133630]: src/service.c:btd_service_unref() 0x5e5122428e80: ref=1
Aug 22 11:20:37.541697 n bluetoothd[133630]: src/service.c:btd_service_unref() 0x5e5122428e80: ref=0
Aug 22 11:20:37.541705 n bluetoothd[133630]: src/service.c:change_state() 0x5e5122428f40: device AA:BB:CC:00:00:05 profile audio-avrcp-target state changed: disconnected -> unavailable (0)
Aug 22 11:20:37.541713 n bluetoothd[133630]: src/service.c:btd_service_unref() 0x5e5122428f40: ref=0
Aug 22 11:20:37.541722 n bluetoothd[133630]: src/service.c:change_state() 0x5e5122428f80: device AA:BB:CC:00:00:05 profile a2dp-sink state changed: disconnected -> unavailable (0)
Aug 22 11:20:37.541730 n bluetoothd[133630]: profiles/audio/sink.c:sink_unregister() /org/bluez/hci0/dev_AA:BB:CC:00:00:05
Aug 22 11:20:37.541738 n bluetoothd[133630]: src/service.c:btd_service_unref() 0x5e5122428f80: ref=1
Aug 22 11:20:37.541744 n bluetoothd[133630]: src/service.c:btd_service_unref() 0x5e5122428f80: ref=0
Aug 22 11:20:37.541752 n bluetoothd[133630]: src/service.c:change_state() 0x5e5122416630: device AA:BB:CC:00:00:05 profile Hands-Free Voice gateway state changed: disconnected -> unavailable (0)
Aug 22 11:20:37.541760 n bluetoothd[133630]: src/profile.c:ext_device_remove() Hands-Free Voice gateway
Aug 22 11:20:37.541767 n bluetoothd[133630]: src/service.c:btd_service_unref() 0x5e5122416630: ref=0
Aug 22 11:20:37.541775 n bluetoothd[133630]: src/device.c:btd_device_unref() Freeing device /org/bluez/hci0/dev_AA:BB:CC:00:00:05
Aug 22 11:20:37.541785 n bluetoothd[133630]: src/device.c:device_free() 0x5e51224319c0
Aug 22 11:20:37.541827 n bluetoothd[133630]: src/device.c:device_remove() Removing device /org/bluez/hci0/dev_AA:BB:CC:00:00:01
Aug 22 11:20:37.541835 n bluetoothd[133630]: src/service.c:change_state() 0x5e5122429040: device AA:BB:CC:00:00:01 profile avrcp-controller state changed: disconnected -> unavailable (0)
Aug 22 11:20:37.541843 n bluetoothd[133630]: profiles/audio/control.c:path_unregister() Unregistered interface org.bluez.MediaControl1 on path /org/bluez/hci0/dev_AA:BB:CC:00:00:01
Aug 22 11:20:37.541851 n bluetoothd[133630]: src/service.c:btd_service_unref() 0x5e5122429100: ref=1
Aug 22 11:20:37.541857 n bluetoothd[133630]: src/service.c:btd_service_unref() 0x5e5122429040: ref=1
Aug 22 11:20:37.541864 n bluetoothd[133630]: src/service.c:btd_service_unref() 0x5e5122429040: ref=0
Aug 22 11:20:37.541871 n bluetoothd[133630]: src/service.c:change_state() 0x5e5122429100: device AA:BB:CC:00:00:01 profile audio-avrcp-target state changed: disconnected -> unavailable (0)
Aug 22 11:20:37.541880 n bluetoothd[133630]: src/service.c:btd_service_unref() 0x5e5122429100: ref=0
Aug 22 11:20:37.541888 n bluetoothd[133630]: src/service.c:change_state() 0x5e5122429140: device AA:BB:CC:00:00:01 profile a2dp-sink state changed: disconnected -> unavailable (0)
Aug 22 11:20:37.541898 n bluetoothd[133630]: profiles/audio/sink.c:sink_unregister() /org/bluez/hci0/dev_AA:BB:CC:00:00:01
Aug 22 11:20:37.541908 n bluetoothd[133630]: src/service.c:btd_service_unref() 0x5e5122429140: ref=1
Aug 22 11:20:37.541917 n bluetoothd[133630]: src/service.c:btd_service_unref() 0x5e5122429140: ref=0
Aug 22 11:20:37.541926 n bluetoothd[133630]: src/service.c:change_state() 0x5e5122434140: device AA:BB:CC:00:00:01 profile Hands-Free Voice gateway state changed: disconnected -> unavailable (0)
Aug 22 11:20:37.541936 n bluetoothd[133630]: src/profile.c:ext_device_remove() Hands-Free Voice gateway
Aug 22 11:20:37.541945 n bluetoothd[133630]: src/service.c:btd_service_unref() 0x5e5122434140: ref=0
Aug 22 11:20:37.541953 n bluetoothd[133630]: src/device.c:btd_device_unref() Freeing device /org/bluez/hci0/dev_AA:BB:CC:00:00:01
Aug 22 11:20:37.541964 n bluetoothd[133630]: src/device.c:device_free() 0x5e5122433330
Aug 22 11:20:37.541995 n bluetoothd[133630]: src/device.c:device_remove() Removing device /org/bluez/hci0/dev_AA:BB:CC:00:00:02
Aug 22 11:20:37.542007 n bluetoothd[133630]: src/service.c:change_state() 0x5e5122429200: device AA:BB:CC:00:00:02 profile avrcp-controller state changed: disconnected -> unavailable (0)
Aug 22 11:20:37.542018 n bluetoothd[133630]: profiles/audio/control.c:path_unregister() Unregistered interface org.bluez.MediaControl1 on path /org/bluez/hci0/dev_AA:BB:CC:00:00:02
Aug 22 11:20:37.542028 n bluetoothd[133630]: src/service.c:btd_service_unref() 0x5e51224292c0: ref=1
Aug 22 11:20:37.542038 n bluetoothd[133630]: src/service.c:btd_service_unref() 0x5e5122429200: ref=1
Aug 22 11:20:37.542046 n bluetoothd[133630]: src/service.c:btd_service_unref() 0x5e5122429200: ref=0
Aug 22 11:20:37.542055 n bluetoothd[133630]: src/service.c:change_state() 0x5e51224292c0: device AA:BB:CC:00:00:02 profile audio-avrcp-target state changed: disconnected -> unavailable (0)
Aug 22 11:20:37.542062 n bluetoothd[133630]: src/service.c:btd_service_unref() 0x5e51224292c0: ref=0
Aug 22 11:20:37.542069 n bluetoothd[133630]: src/service.c:change_state() 0x5e5122429300: device AA:BB:CC:00:00:02 profile a2dp-source state changed: disconnected -> unavailable (0)
Aug 22 11:20:37.542076 n bluetoothd[133630]: profiles/audio/source.c:source_unregister() /org/bluez/hci0/dev_AA:BB:CC:00:00:02
Aug 22 11:20:37.542082 n bluetoothd[133630]: src/service.c:btd_service_unref() 0x5e5122429300: ref=1
Aug 22 11:20:37.542087 n bluetoothd[133630]: src/service.c:btd_service_unref() 0x5e5122429300: ref=0
Aug 22 11:20:37.542093 n bluetoothd[133630]: src/service.c:change_state() 0x5e51224293c0: device AA:BB:CC:00:00:02 profile a2dp-sink state changed: disconnected -> unavailable (0)
Aug 22 11:20:37.542100 n bluetoothd[133630]: profiles/audio/sink.c:sink_unregister() /org/bluez/hci0/dev_AA:BB:CC:00:00:02
Aug 22 11:20:37.542106 n bluetoothd[133630]: src/service.c:btd_service_unref() 0x5e51224293c0: ref=1
Aug 22 11:20:37.542111 n bluetoothd[133630]: src/service.c:btd_service_unref() 0x5e51224293c0: ref=0
Aug 22 11:20:37.542117 n bluetoothd[133630]: src/service.c:change_state() 0x5e5122433c30: device AA:BB:CC:00:00:02 profile Hands-Free Voice gateway state changed: disconnected -> unavailable (0)
Aug 22 11:20:37.542126 n bluetoothd[133630]: src/profile.c:ext_device_remove() Hands-Free Voice gateway
Aug 22 11:20:37.542134 n bluetoothd[133630]: src/service.c:btd_service_unref() 0x5e5122433c30: ref=0
Aug 22 11:20:37.542143 n bluetoothd[133630]: src/device.c:btd_device_unref() Freeing device /org/bluez/hci0/dev_AA:BB:CC:00:00:02
Aug 22 11:20:37.542152 n bluetoothd[133630]: src/device.c:device_free() 0x5e51224344e0
Aug 22 11:20:37.542177 n bluetoothd[133630]: src/device.c:device_remove() Removing device /org/bluez/hci0/dev_AA:BB:CC:00:00:03
Aug 22 11:20:37.542188 n bluetoothd[133630]: src/service.c:change_state() 0x5e5122429440: device AA:BB:CC:00:00:03 profile avrcp-controller state changed: disconnected -> unavailable (0)
Aug 22 11:20:37.542198 n bluetoothd[133630]: profiles/audio/control.c:path_unregister() Unregistered interface org.bluez.MediaControl1 on path /org/bluez/hci0/dev_AA:BB:CC:00:00:03
Aug 22 11:20:37.542204 n bluetoothd[133630]: src/service.c:btd_service_unref() 0x5e5122429530: ref=1
Aug 22 11:20:37.542210 n bluetoothd[133630]: src/service.c:btd_service_unref() 0x5e5122429440: ref=1
Aug 22 11:20:37.542217 n bluetoothd[133630]: src/service.c:btd_service_unref() 0x5e5122429440: ref=0
Aug 22 11:20:37.542224 n bluetoothd[133630]: src/service.c:change_state() 0x5e5122429530: device AA:BB:CC:00:00:03 profile audio-avrcp-target state changed: disconnected -> unavailable (0)
Aug 22 11:20:37.542230 n bluetoothd[133630]: src/service.c:btd_service_unref() 0x5e5122429530: ref=0
Aug 22 11:20:37.542237 n bluetoothd[133630]: src/service.c:change_state() 0x5e5122429570: device AA:BB:CC:00:00:03 profile a2dp-sink state changed: disconnected -> unavailable (0)
Aug 22 11:20:37.542244 n bluetoothd[133630]: profiles/audio/sink.c:sink_unregister() /org/bluez/hci0/dev_AA:BB:CC:00:00:03
Aug 22 11:20:37.542250 n bluetoothd[133630]: src/service.c:btd_service_unref() 0x5e5122429570: ref=1
Aug 22 11:20:37.542255 n bluetoothd[133630]: src/service.c:btd_service_unref() 0x5e5122429570: ref=0
Aug 22 11:20:37.542262 n bluetoothd[133630]: src/service.c:change_state() 0x5e51224326a0: device AA:BB:CC:00:00:03 profile Hands-Free Voice gateway state changed: disconnected -> unavailable (0)
Aug 22 11:20:37.542268 n bluetoothd[133630]: src/profile.c:ext_device_remove() Hands-Free Voice gateway
Aug 22 11:20:37.542274 n bluetoothd[133630]: src/service.c:btd_service_unref() 0x5e51224326a0: ref=0
Aug 22 11:20:37.542280 n bluetoothd[133630]: src/device.c:btd_device_unref() Freeing device /org/bluez/hci0/dev_AA:BB:CC:00:00:03
Aug 22 11:20:37.542287 n bluetoothd[133630]: src/device.c:device_free() 0x5e5122435490
Aug 22 11:20:37.542309 n bluetoothd[133630]: src/device.c:device_remove() Removing device /org/bluez/hci0/dev_AA:BB:CC:00:00:04
Aug 22 11:20:37.542315 n bluetoothd[133630]: src/service.c:change_state() 0x5e5122429630: device AA:BB:CC:00:00:04 profile avrcp-controller state changed: disconnected -> unavailable (0)
Aug 22 11:20:37.542321 n bluetoothd[133630]: profiles/audio/control.c:path_unregister() Unregistered interface org.bluez.MediaControl1 on path /org/bluez/hci0/dev_AA:BB:CC:00:00:04
Aug 22 11:20:37.542327 n bluetoothd[133630]: src/service.c:btd_service_unref() 0x5e51224297c0: ref=1
Aug 22 11:20:37.542333 n bluetoothd[133630]: src/service.c:btd_service_unref() 0x5e5122429630: ref=1
Aug 22 11:20:37.542341 n bluetoothd[133630]: src/service.c:btd_service_unref() 0x5e5122429630: ref=0
Aug 22 11:20:37.542354 n bluetoothd[133630]: src/service.c:change_state() 0x5e51224297c0: device AA:BB:CC:00:00:04 profile audio-avrcp-target state changed: disconnected -> unavailable (0)
Aug 22 11:20:37.542362 n bluetoothd[133630]: src/service.c:btd_service_unref() 0x5e51224297c0: ref=0
Aug 22 11:20:37.542369 n bluetoothd[133630]: src/service.c:change_state() 0x5e5122429820: device AA:BB:CC:00:00:04 profile a2dp-sink state changed: disconnected -> unavailable (0)
Aug 22 11:20:37.542381 n bluetoothd[133630]: profiles/audio/sink.c:sink_unregister() /org/bluez/hci0/dev_AA:BB:CC:00:00:04
Aug 22 11:20:37.542389 n bluetoothd[133630]: src/service.c:btd_service_unref() 0x5e5122429820: ref=1
Aug 22 11:20:37.542396 n bluetoothd[133630]: src/service.c:btd_service_unref() 0x5e5122429820: ref=0
Aug 22 11:20:37.542403 n bluetoothd[133630]: src/service.c:change_state() 0x5e5122414eb0: device AA:BB:CC:00:00:04 profile Hands-Free Voice gateway state changed: disconnected -> unavailable (0)
Aug 22 11:20:37.542411 n bluetoothd[133630]: src/profile.c:ext_device_remove() Hands-Free Voice gateway
Aug 22 11:20:37.542417 n bluetoothd[133630]: src/service.c:btd_service_unref() 0x5e5122414eb0: ref=0
Aug 22 11:20:37.542424 n bluetoothd[133630]: src/device.c:btd_device_unref() Freeing device /org/bluez/hci0/dev_AA:BB:CC:00:00:04
Aug 22 11:20:37.542439 n bluetoothd[133630]: src/device.c:device_free() 0x5e5122435ef0
Aug 22 11:20:37.542466 n bluetoothd[133630]: plugins/hostname.c:hostname_remove()
Aug 22 11:20:37.542482 n bluetoothd[133630]: profiles/audio/a2dp.c:media_server_remove() path /org/bluez/hci0
Aug 22 11:20:37.542496 n bluetoothd[133630]: profiles/audio/media.c:release_endpoint() sender=:1.86 path=/MediaEndpoint/A2DPSource/ldac
Aug 22 11:20:37.542519 n bluetoothd[133630]: profiles/audio/media.c:media_endpoint_destroy() sender=:1.86 path=/MediaEndpoint/A2DPSource/ldac
Aug 22 11:20:37.542533 n bluetoothd[133630]: profiles/audio/avdtp.c:avdtp_unregister_sep() SEP 0x5e512242a4a0 unregistered: type:0 codec:255 seid_pool:0x5e5122420e48 seid:1
Aug 22 11:20:37.542540 n bluetoothd[133630]: profiles/audio/media.c:release_endpoint() sender=:1.86 path=/MediaEndpoint/A2DPSink/aptx_hd
Aug 22 11:20:37.542566 n bluetoothd[133630]: profiles/audio/media.c:media_endpoint_destroy() sender=:1.86 path=/MediaEndpoint/A2DPSink/aptx_hd
Aug 22 11:20:37.542574 n bluetoothd[133630]: profiles/audio/avdtp.c:avdtp_unregister_sep() SEP 0x5e5122438110 unregistered: type:1 codec:255 seid_pool:0x5e5122420e48 seid:2
Aug 22 11:20:37.542580 n bluetoothd[133630]: profiles/audio/media.c:release_endpoint() sender=:1.86 path=/MediaEndpoint/A2DPSource/aptx_hd
Aug 22 11:20:37.542598 n bluetoothd[133630]: profiles/audio/media.c:media_endpoint_destroy() sender=:1.86 path=/MediaEndpoint/A2DPSource/aptx_hd
Aug 22 11:20:37.542604 n bluetoothd[133630]: profiles/audio/avdtp.c:avdtp_unregister_sep() SEP 0x5e512243a620 unregistered: type:0 codec:255 seid_pool:0x5e5122420e48 seid:3
Aug 22 11:20:37.542609 n bluetoothd[133630]: profiles/audio/media.c:release_endpoint() sender=:1.86 path=/MediaEndpoint/A2DPSink/aptx
Aug 22 11:20:37.542622 n bluetoothd[133630]: profiles/audio/media.c:media_endpoint_destroy() sender=:1.86 path=/MediaEndpoint/A2DPSink/aptx
Aug 22 11:20:37.542627 n bluetoothd[133630]: profiles/audio/avdtp.c:avdtp_unregister_sep() SEP 0x5e512243b040 unregistered: type:1 codec:255 seid_pool:0x5e5122420e48 seid:4
Aug 22 11:20:37.542633 n bluetoothd[133630]: profiles/audio/media.c:release_endpoint() sender=:1.86 path=/MediaEndpoint/A2DPSource/aptx
Aug 22 11:20:37.542649 n bluetoothd[133630]: profiles/audio/media.c:media_endpoint_destroy() sender=:1.86 path=/MediaEndpoint/A2DPSource/aptx
Aug 22 11:20:37.542657 n bluetoothd[133630]: profiles/audio/avdtp.c:avdtp_unregister_sep() SEP 0x5e512243bc00 unregistered: type:0 codec:255 seid_pool:0x5e5122420e48 seid:5
Aug 22 11:20:37.542667 n bluetoothd[133630]: profiles/audio/media.c:release_endpoint() sender=:1.86 path=/MediaEndpoint/A2DPSink/sbc
Aug 22 11:20:37.542687 n bluetoothd[133630]: profiles/audio/media.c:media_endpoint_destroy() sender=:1.86 path=/MediaEndpoint/A2DPSink/sbc
Aug 22 11:20:37.542694 n bluetoothd[133630]: profiles/audio/avdtp.c:avdtp_unregister_sep() SEP 0x5e512243c670 unregistered: type:1 codec:0 seid_pool:0x5e5122420e48 seid:6
Aug 22 11:20:37.542702 n bluetoothd[133630]: profiles/audio/media.c:release_endpoint() sender=:1.86 path=/MediaEndpoint/A2DPSource/sbc
Aug 22 11:20:37.542722 n bluetoothd[133630]: profiles/audio/media.c:media_endpoint_destroy() sender=:1.86 path=/MediaEndpoint/A2DPSource/sbc
Aug 22 11:20:37.542729 n bluetoothd[133630]: profiles/audio/avdtp.c:avdtp_unregister_sep() SEP 0x5e512243d230 unregistered: type:0 codec:0 seid_pool:0x5e5122420e48 seid:7
Aug 22 11:20:37.542736 n bluetoothd[133630]: profiles/audio/media.c:release_endpoint() sender=:1.86 path=/MediaEndpoint/A2DPSink/sbc_xq
Aug 22 11:20:37.542754 n bluetoothd[133630]: profiles/audio/media.c:media_endpoint_destroy() sender=:1.86 path=/MediaEndpoint/A2DPSink/sbc_xq
Aug 22 11:20:37.542767 n bluetoothd[133630]: profiles/audio/avdtp.c:avdtp_unregister_sep() SEP 0x5e512243dca0 unregistered: type:1 codec:0 seid_pool:0x5e5122420e48 seid:8
Aug 22 11:20:37.542776 n bluetoothd[133630]: profiles/audio/media.c:release_endpoint() sender=:1.86 path=/MediaEndpoint/A2DPSource/sbc_xq
Aug 22 11:20:37.542798 n bluetoothd[133630]: profiles/audio/media.c:media_endpoint_destroy() sender=:1.86 path=/MediaEndpoint/A2DPSource/sbc_xq
Aug 22 11:20:37.542806 n bluetoothd[133630]: profiles/audio/avdtp.c:avdtp_unregister_sep() SEP 0x5e512243e8d0 unregistered: type:0 codec:0 seid_pool:0x5e5122420e48 seid:9
Aug 22 11:20:37.542817 n bluetoothd[133630]: profiles/audio/media.c:release_endpoint() sender=:1.86 path=/MediaEndpoint/A2DPSource/aptx_ll_1
Aug 22 11:20:37.542837 n bluetoothd[133630]: profiles/audio/media.c:media_endpoint_destroy() sender=:1.86 path=/MediaEndpoint/A2DPSource/aptx_ll_1
Aug 22 11:20:37.542846 n bluetoothd[133630]: profiles/audio/avdtp.c:avdtp_unregister_sep() SEP 0x5e512243f500 unregistered: type:0 codec:255 seid_pool:0x5e5122420e48 seid:10
Aug 22 11:20:37.542859 n bluetoothd[133630]: profiles/audio/media.c:release_endpoint() sender=:1.86 path=/MediaEndpoint/A2DPSource/aptx_ll_0
Aug 22 11:20:37.542880 n bluetoothd[133630]: profiles/audio/media.c:media_endpoint_destroy() sender=:1.86 path=/MediaEndpoint/A2DPSource/aptx_ll_0
Aug 22 11:20:37.542888 n bluetoothd[133630]: profiles/audio/avdtp.c:avdtp_unregister_sep() SEP 0x5e5122440130 unregistered: type:0 codec:255 seid_pool:0x5e5122420e48 seid:11
Aug 22 11:20:37.542896 n bluetoothd[133630]: profiles/audio/media.c:release_endpoint() sender=:1.86 path=/MediaEndpoint/A2DPSource/aptx_ll_duplex_1
Aug 22 11:20:37.542920 n bluetoothd[133630]: profiles/audio/media.c:media_endpoint_destroy() sender=:1.86 path=/MediaEndpoint/A2DPSource/aptx_ll_duplex_1
Aug 22 11:20:37.542927 n bluetoothd[133630]: profiles/audio/avdtp.c:avdtp_unregister_sep() SEP 0x5e5122440cd0 unregistered: type:0 codec:255 seid_pool:0x5e5122420e48 seid:12
Aug 22 11:20:37.542932 n bluetoothd[133630]: profiles/audio/media.c:release_endpoint() sender=:1.86 path=/MediaEndpoint/A2DPSource/aptx_ll_duplex_0
Aug 22 11:20:37.542951 n bluetoothd[133630]: profiles/audio/media.c:media_endpoint_destroy() sender=:1.86 path=/MediaEndpoint/A2DPSource/aptx_ll_duplex_0
Aug 22 11:20:37.542959 n bluetoothd[133630]: profiles/audio/avdtp.c:avdtp_unregister_sep() SEP 0x5e5122441870 unregistered: type:0 codec:255 seid_pool:0x5e5122420e48 seid:13
Aug 22 11:20:37.542965 n bluetoothd[133630]: profiles/audio/media.c:release_endpoint() sender=:1.86 path=/MediaEndpoint/A2DPSource/faststream
Aug 22 11:20:37.542983 n bluetoothd[133630]: profiles/audio/media.c:media_endpoint_destroy() sender=:1.86 path=/MediaEndpoint/A2DPSource/faststream
Aug 22 11:20:37.542990 n bluetoothd[133630]: profiles/audio/avdtp.c:avdtp_unregister_sep() SEP 0x5e51224424e0 unregistered: type:0 codec:255 seid_pool:0x5e5122420e48 seid:14
Aug 22 11:20:37.542997 n bluetoothd[133630]: profiles/audio/media.c:release_endpoint() sender=:1.86 path=/MediaEndpoint/A2DPSource/faststream_duplex
Aug 22 11:20:37.543026 n bluetoothd[133630]: profiles/audio/media.c:media_endpoint_destroy() sender=:1.86 path=/MediaEndpoint/A2DPSource/faststream_duplex
Aug 22 11:20:37.543045 n bluetoothd[133630]: profiles/audio/avdtp.c:avdtp_unregister_sep() SEP 0x5e5122443100 unregistered: type:0 codec:255 seid_pool:0x5e5122420e48 seid:15
Aug 22 11:20:37.543057 n bluetoothd[133630]: profiles/audio/media.c:release_endpoint() sender=:1.86 path=/MediaEndpoint/A2DPSink/opus_05
Aug 22 11:20:37.543077 n bluetoothd[133630]: profiles/audio/media.c:media_endpoint_destroy() sender=:1.86 path=/MediaEndpoint/A2DPSink/opus_05
Aug 22 11:20:37.543085 n bluetoothd[133630]: profiles/audio/avdtp.c:avdtp_unregister_sep() SEP 0x5e5122443c30 unregistered: type:1 codec:255 seid_pool:0x5e5122420e48 seid:16
Aug 22 11:20:37.543090 n bluetoothd[133630]: profiles/audio/media.c:release_endpoint() sender=:1.86 path=/MediaEndpoint/A2DPSource/opus_05
Aug 22 11:20:37.543110 n bluetoothd[133630]: profiles/audio/media.c:media_endpoint_destroy() sender=:1.86 path=/MediaEndpoint/A2DPSource/opus_05
Aug 22 11:20:37.543116 n bluetoothd[133630]: profiles/audio/avdtp.c:avdtp_unregister_sep() SEP 0x5e5122444870 unregistered: type:0 codec:255 seid_pool:0x5e5122420e48 seid:17
Aug 22 11:20:37.543121 n bluetoothd[133630]: src/adapter.c:adapter_service_remove() /org/bluez/hci0
Aug 22 11:20:37.543134 n bluetoothd[133630]: src/adapter.c:remove_uuid() sending remove uuid command for index 0
Aug 22 11:20:37.543146 n bluetoothd[133630]: src/sdpd-service.c:remove_record_from_server() Removing record with handle 0x10010
Aug 22 11:20:37.543160 n bluetoothd[133630]: profiles/audio/media.c:release_endpoint() sender=:1.86 path=/MediaEndpoint/A2DPSink/opus_05_duplex
Aug 22 11:20:37.543178 n bluetoothd[133630]: profiles/audio/media.c:media_endpoint_destroy() sender=:1.86 path=/MediaEndpoint/A2DPSink/opus_05_duplex
Aug 22 11:20:37.543183 n bluetoothd[133630]: profiles/audio/avdtp.c:avdtp_unregister_sep() SEP 0x5e5122445360 unregistered: type:1 codec:255 seid_pool:0x5e5122420e48 seid:18
Aug 22 11:20:37.543189 n bluetoothd[133630]: src/adapter.c:adapter_service_remove() /org/bluez/hci0
Aug 22 11:20:37.543198 n bluetoothd[133630]: src/adapter.c:remove_uuid() sending remove uuid command for index 0
Aug 22 11:20:37.543207 n bluetoothd[133630]: src/sdpd-service.c:remove_record_from_server() Removing record with handle 0x1000f
Aug 22 11:20:37.543216 n bluetoothd[133630]: profiles/audio/media.c:release_endpoint() sender=:1.86 path=/MediaEndpoint/A2DPSource/opus_05_duplex
Aug 22 11:20:37.543236 n bluetoothd[133630]: profiles/audio/media.c:media_endpoint_destroy() sender=:1.86 path=/MediaEndpoint/A2DPSource/opus_05_duplex
Aug 22 11:20:37.543243 n bluetoothd[133630]: profiles/audio/avdtp.c:avdtp_unregister_sep() SEP 0x5e5122445f90 unregistered: type:0 codec:255 seid_pool:0x5e5122420e48 seid:19
Aug 22 11:20:37.545744 n bluetoothd[133630]: src/profile.c:ext_adapter_remove() "Hands-Free unit" removed
Aug 22 11:20:37.545761 n bluetoothd[133630]: src/adapter.c:adapter_service_remove() /org/bluez/hci0
Aug 22 11:20:37.545775 n bluetoothd[133630]: src/adapter.c:remove_uuid() sending remove uuid command for index 0
Aug 22 11:20:37.545784 n bluetoothd[133630]: src/sdpd-service.c:remove_record_from_server() Removing record with handle 0x1000e
Aug 22 11:20:37.545812 n bluetoothd[133630]: src/profile.c:ext_adapter_remove() "Hands-Free Voice gateway" removed
Aug 22 11:20:37.545820 n bluetoothd[133630]: src/adapter.c:adapter_service_remove() /org/bluez/hci0
Aug 22 11:20:37.545829 n bluetoothd[133630]: src/adapter.c:remove_uuid() sending remove uuid command for index 0
Aug 22 11:20:37.545838 n bluetoothd[133630]: src/sdpd-service.c:remove_record_from_server() Removing record with handle 0x1000d
Aug 22 11:20:37.545859 n bluetoothd[133630]: src/profile.c:ext_adapter_remove() ":1.218/org/bluez/obex/00005005_0000_1000_8000_0002ee000001/<UUID-01>" removed
Aug 22 11:20:37.545870 n bluetoothd[133630]: src/adapter.c:adapter_service_remove() /org/bluez/hci0
Aug 22 11:20:37.545882 n bluetoothd[133630]: src/adapter.c:remove_uuid() sending remove uuid command for index 0
Aug 22 11:20:37.545892 n bluetoothd[133630]: src/sdpd-service.c:remove_record_from_server() Removing record with handle 0x1000c
Aug 22 11:20:37.545906 n bluetoothd[133630]: src/profile.c:ext_adapter_remove() "Object Push" removed
Aug 22 11:20:37.545915 n bluetoothd[133630]: src/adapter.c:adapter_service_remove() /org/bluez/hci0
Aug 22 11:20:37.545924 n bluetoothd[133630]: src/adapter.c:remove_uuid() sending remove uuid command for index 0
Aug 22 11:20:37.545934 n bluetoothd[133630]: src/sdpd-service.c:remove_record_from_server() Removing record with handle 0x1000b
Aug 22 11:20:37.545968 n bluetoothd[133630]: src/profile.c:ext_adapter_remove() "File Transfer" removed
Aug 22 11:20:37.545977 n bluetoothd[133630]: src/adapter.c:adapter_service_remove() /org/bluez/hci0
Aug 22 11:20:37.545989 n bluetoothd[133630]: src/adapter.c:remove_uuid() sending remove uuid command for index 0
Aug 22 11:20:37.545999 n bluetoothd[133630]: src/sdpd-service.c:remove_record_from_server() Removing record with handle 0x1000a
Aug 22 11:20:37.546029 n bluetoothd[133630]: src/profile.c:ext_adapter_remove() "Synchronization" removed
Aug 22 11:20:37.546038 n bluetoothd[133630]: src/adapter.c:adapter_service_remove() /org/bluez/hci0
Aug 22 11:20:37.546048 n bluetoothd[133630]: src/adapter.c:remove_uuid() sending remove uuid command for index 0
Aug 22 11:20:37.546058 n bluetoothd[133630]: src/sdpd-service.c:remove_record_from_server() Removing record with handle 0x10009
Aug 22 11:20:37.546077 n bluetoothd[133630]: src/profile.c:ext_adapter_remove() "Phone Book Access" removed
Aug 22 11:20:37.546087 n bluetoothd[133630]: src/adapter.c:adapter_service_remove() /org/bluez/hci0
Aug 22 11:20:37.546098 n bluetoothd[133630]: src/adapter.c:remove_uuid() sending remove uuid command for index 0
Aug 22 11:20:37.546106 n bluetoothd[133630]: src/sdpd-service.c:remove_record_from_server() Removing record with handle 0x10008
Aug 22 11:20:37.546131 n bluetoothd[133630]: src/profile.c:ext_adapter_remove() "Message Access" removed
Aug 22 11:20:37.546141 n bluetoothd[133630]: src/adapter.c:adapter_service_remove() /org/bluez/hci0
Aug 22 11:20:37.546150 n bluetoothd[133630]: src/adapter.c:remove_uuid() sending remove uuid command for index 0
Aug 22 11:20:37.546160 n bluetoothd[133630]: src/sdpd-service.c:remove_record_from_server() Removing record with handle 0x10007
Aug 22 11:20:37.546185 n bluetoothd[133630]: src/profile.c:ext_adapter_remove() "Message Notification" removed
Aug 22 11:20:37.546195 n bluetoothd[133630]: src/adapter.c:adapter_service_remove() /org/bluez/hci0
Aug 22 11:20:37.546203 n bluetoothd[133630]: src/adapter.c:remove_uuid() sending remove uuid command for index 0
Aug 22 11:20:37.546217 n bluetoothd[133630]: src/sdpd-service.c:remove_record_from_server() Removing record with handle 0x10006
Aug 22 11:20:37.546241 n bluetoothd[133630]: profiles/audio/a2dp.c:a2dp_source_server_remove() path /org/bluez/hci0
Aug 22 11:20:37.546251 n bluetoothd[133630]: profiles/audio/a2dp.c:a2dp_sink_server_remove() path /org/bluez/hci0
Aug 22 11:20:37.546260 n bluetoothd[133630]: profiles/audio/avrcp.c:avrcp_target_server_remove() path /org/bluez/hci0
Aug 22 11:20:37.546269 n bluetoothd[133630]: src/adapter.c:adapter_service_remove() /org/bluez/hci0
Aug 22 11:20:37.546276 n bluetoothd[133630]: src/adapter.c:remove_uuid() sending remove uuid command for index 0
Aug 22 11:20:37.546283 n bluetoothd[133630]: src/sdpd-service.c:remove_record_from_server() Removing record with handle 0x10005
Aug 22 11:20:37.546293 n bluetoothd[133630]: profiles/audio/avrcp.c:avrcp_controller_server_remove() path /org/bluez/hci0
Aug 22 11:20:37.546301 n bluetoothd[133630]: src/adapter.c:adapter_service_remove() /org/bluez/hci0
Aug 22 11:20:37.546310 n bluetoothd[133630]: src/adapter.c:remove_uuid() sending remove uuid command for index 0
Aug 22 11:20:37.546318 n bluetoothd[133630]: src/sdpd-service.c:remove_record_from_server() Removing record with handle 0x10004
Aug 22 11:20:37.546341 n bluetoothd[133630]: profiles/network/manager.c:nap_server_remove() path /org/bluez/hci0
Aug 22 11:20:37.546349 n bluetoothd[133630]: profiles/network/manager.c:gn_server_remove() path /org/bluez/hci0
Aug 22 11:20:37.546357 n bluetoothd[133630]: profiles/network/manager.c:panu_server_remove() path /org/bluez/hci0
Aug 22 11:20:37.546366 n bluetoothd[133630]: profiles/network/server.c:path_unregister() Unregistered interface org.bluez.NetworkServer1 on path /org/bluez/hci0
Aug 22 11:20:37.546417 n bluetoothd[133630]: src/adapter.c:adapter_service_remove() /org/bluez/hci0
Aug 22 11:20:37.546425 n bluetoothd[133630]: src/adapter.c:remove_uuid() sending remove uuid command for index 0
Aug 22 11:20:37.546435 n bluetoothd[133630]: src/sdpd-service.c:remove_record_from_server() Removing record with handle 0x10001
Aug 22 11:20:37.546446 n bluetoothd[133630]: src/adapter.c:adapter_service_remove() /org/bluez/hci0
Aug 22 11:20:37.546454 n bluetoothd[133630]: src/adapter.c:remove_uuid() sending remove uuid command for index 0
Aug 22 11:20:37.546462 n bluetoothd[133630]: src/sdpd-service.c:remove_record_from_server() Removing record with handle 0x10002
Aug 22 11:20:37.546478 n bluetoothd[133630]: src/adapter.c:adapter_service_remove() /org/bluez/hci0
Aug 22 11:20:37.546486 n bluetoothd[133630]: src/adapter.c:remove_uuid() sending remove uuid command for index 0
Aug 22 11:20:37.546494 n bluetoothd[133630]: src/sdpd-service.c:remove_record_from_server() Removing record with handle 0x10003
Aug 22 11:20:37.546534 n bluetoothd[133630]: Battery Provider Manager destroyed
Aug 22 11:20:37.546541 n bluetoothd[133630]: src/battery.c:manager_free()
Aug 22 11:20:37.546548 n bluetoothd[133630]: src/adapter.c:btd_adapter_unref() Freeing adapter /org/bluez/hci0
Aug 22 11:20:37.546556 n bluetoothd[133630]: src/adapter.c:adapter_free() 0x5e5122418e20
Aug 22 11:20:37.546672 n bluetoothd[133630]: src/rfkill.c:rfkill_event() RFKILL event idx 0 type 2 op 1 soft 0 hard 0
Aug 22 11:20:45.711945 n bluetoothd[133630]: src/rfkill.c:rfkill_event() RFKILL event idx 2 type 2 op 0 soft 0 hard 0
