Aug 16 21:41:48.612164 n kernel: hci0
Aug 16 21:41:48.612197 n kernel: hci0
Aug 16 21:41:48.612235 n kernel: hci0
Aug 16 21:41:48.614042 n kernel: hci0: dst AA:BB:CC:00:00:01
Aug 16 21:41:48.614077 n kernel: hci0: dst AA:BB:CC:00:00:01 handle 0x0f00
Aug 16 21:41:48.614130 n kernel: hci0 evt 1
Aug 16 21:41:48.614167 n kernel: hci0 opcode 0x0409 plen 7
Aug 16 21:41:48.614192 n kernel: hci0: skb len 10
Aug 16 21:41:48.614221 n kernel: hci0 cmd_cnt 1 cmd queued 1
Aug 16 21:41:48.614261 n kernel: hci0: skb 000000008a85d941
Aug 16 21:41:48.884879 n kernel: hci0: hcon 000000004ec8cc08 handle 0x0001
Aug 16 21:41:48.884951 n kernel: hci0 opcode 0x041b plen 2
Aug 16 21:41:48.884981 n kernel: hci0: skb len 5
Aug 16 21:41:48.885006 n kernel: hci0: 
Aug 16 21:41:48.885027 n kernel: hci0: entry 0000000074e495c8
Aug 16 21:41:48.885046 n kernel: hci0 cmd_cnt 1 cmd queued 1
Aug 16 21:41:48.885075 n kernel: hci0: skb 00000000281cd391
Aug 16 21:41:48.904861 n kernel: hci0 opcode 0x041c plen 3
Aug 16 21:41:48.904904 n kernel: hci0: skb len 6
Aug 16 21:41:48.904926 n kernel: hci0 cmd_cnt 1 cmd queued 1
Aug 16 21:41:48.904944 n kernel: hci0: skb 000000001caba986
Aug 16 21:41:48.919036 n kernel: hci0 opcode 0x0419 plen 10
Aug 16 21:41:48.919064 n kernel: hci0: skb len 13
Aug 16 21:41:48.919089 n kernel: hci0 hcon 000000004ec8cc08
Aug 16 21:41:48.919114 n kernel: hci0 cmd_cnt 1 cmd queued 1
Aug 16 21:41:48.919130 n kernel: hci0: skb 000000008cd92587
Aug 16 21:41:48.925886 n kernel: hci0 opcode 0x040b plen 22
Aug 16 21:41:48.925974 n kernel: hci0: skb len 25
Aug 16 21:41:48.926000 n kernel: hci0 cmd_cnt 1 cmd queued 1
Aug 16 21:41:48.926017 n kernel: hci0: skb 000000005fccb8e5
Aug 16 21:41:49.015051 n kernel: hci0 opcode 0x1408 plen 2
Aug 16 21:41:49.015106 n kernel: hci0: skb len 5
Aug 16 21:41:49.015132 n kernel: hci0 cmd_cnt 1 cmd queued 1
Aug 16 21:41:49.015156 n kernel: hci0: skb 000000000f01f661
Aug 16 21:41:49.385920 n kernel: hci0 cmd_cnt 1 cmd queued 1
Aug 16 21:41:49.385944 n kernel: hci0: skb 00000000e3ebf429
Aug 16 21:41:49.738950 n kernel: hci0: dst AA:BB:CC:00:00:01
Aug 16 21:41:49.738962 n kernel: hci0: dst AA:BB:CC:00:00:01 handle 0x0f00
Aug 16 21:41:49.738973 n kernel: hci0: parent 000000004ec8cc08 hcon 0000000057e0f0f8
Aug 16 21:41:49.739002 n kernel: hci0: hcon 0000000057e0f0f8
Aug 16 21:41:49.739021 n kernel: hci0 opcode 0x0428 plen 17
Aug 16 21:41:49.739028 n kernel: hci0: skb len 20
Aug 16 21:41:49.739042 n kernel: hci0 cmd_cnt 1 cmd queued 1
Aug 16 21:41:49.739051 n kernel: hci0: skb 00000000f2f21920
Aug 16 21:41:49.863873 n kernel: hci0: hcon 0000000057e0f0f8 handle 0x0003
Aug 16 21:41:49.863924 n kernel: hci0 evt 5
Aug 16 21:41:49.866861 n kernel: hci0
Aug 16 21:41:49.866907 n kernel: hci0
Aug 16 21:42:42.858918 n kernel: Bluetooth: hci0: link tx timeout
Aug 16 21:42:42.858949 n kernel: Bluetooth: hci0: killing stalled connection AA:BB:CC:00:00:01
Aug 16 21:42:42.858982 n kernel: hci0 opcode 0x041f plen 2
Aug 16 21:42:42.858991 n kernel: hci0: skb len 5
Aug 16 21:42:42.859001 n kernel: hci0: handle 0x01 reason 0x13
Aug 16 21:42:42.859015 n kernel: hci0: 
Aug 16 21:42:42.859029 n kernel: hci0: entry 000000001b495948
Aug 16 21:42:42.859038 n kernel: hci0 cmd_cnt 1 cmd queued 1
Aug 16 21:42:42.859053 n kernel: hci0: Opcode 0x0406
Aug 16 21:42:42.859062 n kernel: hci0: opcode 0x0406 plen 3
Aug 16 21:42:42.859071 n kernel: hci0: skb 00000000c2745b3e
Aug 16 21:42:42.859081 n kernel: hci0: skb len 6
Aug 16 21:42:42.859137 n kernel: hci0: length 1
Aug 16 21:42:42.859146 n kernel: hci0 cmd_cnt 0 cmd queued 1
Aug 16 21:42:42.859899 n kernel: Bluetooth: hci0: link tx timeout
Aug 16 21:42:42.859909 n kernel: Bluetooth: hci0: killing stalled connection AA:BB:CC:00:00:01
Aug 16 21:42:42.859928 n kernel: hci0 opcode 0x041f plen 2
Aug 16 21:42:42.859938 n kernel: hci0: skb len 5
Aug 16 21:42:42.859957 n kernel: hci0 cmd_cnt 0 cmd queued 2
Aug 16 21:42:42.867886 n kernel: Bluetooth: hci0: link tx timeout
Aug 16 21:42:42.867895 n kernel: Bluetooth: hci0: killing stalled connection AA:BB:CC:00:00:01
Aug 16 21:42:42.867915 n kernel: hci0 opcode 0x041f plen 2
Aug 16 21:42:42.867926 n kernel: hci0: skb len 5
Aug 16 21:42:42.867937 n kernel: hci0 cmd_cnt 0 cmd queued 3
Aug 16 21:42:42.879940 n kernel: Bluetooth: hci0: link tx timeout
Aug 16 21:42:42.879954 n kernel: Bluetooth: hci0: killing stalled connection AA:BB:CC:00:00:01
Aug 16 21:42:42.879981 n kernel: hci0 opcode 0x041f plen 2
Aug 16 21:42:42.879994 n kernel: hci0: skb len 5
Aug 16 21:42:42.880007 n kernel: hci0 cmd_cnt 0 cmd queued 4
Aug 16 21:42:42.882901 n kernel: Bluetooth: hci0: link tx timeout
Aug 16 21:42:42.882915 n kernel: Bluetooth: hci0: killing stalled connection AA:BB:CC:00:00:01
Aug 16 21:42:42.882941 n kernel: hci0 opcode 0x041f plen 2
Aug 16 21:42:42.882953 n kernel: hci0: skb len 5
Aug 16 21:42:42.882966 n kernel: hci0 cmd_cnt 0 cmd queued 5
Aug 16 21:42:42.889902 n kernel: Bluetooth: hci0: link tx timeout
Aug 16 21:42:42.889912 n kernel: Bluetooth: hci0: killing stalled connection AA:BB:CC:00:00:01
Aug 16 21:42:42.889930 n kernel: hci0 opcode 0x041f plen 2
Aug 16 21:42:42.889938 n kernel: hci0: skb len 5
Aug 16 21:42:42.889946 n kernel: hci0 cmd_cnt 0 cmd queued 6
Aug 16 21:42:42.900947 n kernel: Bluetooth: hci0: link tx timeout
Aug 16 21:42:42.900960 n kernel: Bluetooth: hci0: killing stalled connection AA:BB:CC:00:00:01
Aug 16 21:42:42.900985 n kernel: hci0 opcode 0x041f plen 2
Aug 16 21:42:42.900998 n kernel: hci0: skb len 5
Aug 16 21:42:42.901011 n kernel: hci0 cmd_cnt 0 cmd queued 7
Aug 16 21:42:42.904932 n kernel: Bluetooth: hci0: link tx timeout
Aug 16 21:42:42.904950 n kernel: Bluetooth: hci0: killing stalled connection AA:BB:CC:00:00:01
Aug 16 21:42:42.904976 n kernel: hci0 opcode 0x041f plen 2
Aug 16 21:42:42.904988 n kernel: hci0: skb len 5
Aug 16 21:42:42.905001 n kernel: hci0 cmd_cnt 0 cmd queued 8
Aug 16 21:42:42.912916 n kernel: Bluetooth: hci0: link tx timeout
Aug 16 21:42:42.912933 n kernel: Bluetooth: hci0: killing stalled connection AA:BB:CC:00:00:01
Aug 16 21:42:42.912964 n kernel: hci0 opcode 0x041f plen 2
Aug 16 21:42:42.912980 n kernel: hci0: skb len 5
Aug 16 21:42:42.912996 n kernel: hci0 cmd_cnt 0 cmd queued 9
Aug 16 21:42:42.922912 n kernel: Bluetooth: hci0: link tx timeout
Aug 16 21:42:42.922921 n kernel: Bluetooth: hci0: killing stalled connection AA:BB:CC:00:00:01
Aug 16 21:42:42.922939 n kernel: hci0 opcode 0x041f plen 2
Aug 16 21:42:42.922947 n kernel: hci0: skb len 5
Aug 16 21:42:42.922970 n kernel: hci0 cmd_cnt 0 cmd queued 10
Aug 16 21:42:42.927939 n kernel: Bluetooth: hci0: link tx timeout
Aug 16 21:42:42.927956 n kernel: Bluetooth: hci0: killing stalled connection AA:BB:CC:00:00:01
Aug 16 21:42:42.927988 n kernel: hci0 opcode 0x041f plen 2
Aug 16 21:42:42.928004 n kernel: hci0: skb len 5
Aug 16 21:42:42.928019 n kernel: hci0 cmd_cnt 0 cmd queued 11
Aug 16 21:42:42.934915 n kernel: Bluetooth: hci0: link tx timeout
Aug 16 21:42:42.934924 n kernel: Bluetooth: hci0: killing stalled connection AA:BB:CC:00:00:01
Aug 16 21:42:42.934956 n kernel: hci0 opcode 0x041f plen 2
Aug 16 21:42:42.934965 n kernel: hci0: skb len 5
Aug 16 21:42:42.934974 n kernel: hci0 cmd_cnt 0 cmd queued 12
Aug 16 21:42:42.943953 n kernel: Bluetooth: hci0: link tx timeout
Aug 16 21:42:42.943970 n kernel: Bluetooth: hci0: killing stalled connection AA:BB:CC:00:00:01
Aug 16 21:42:42.944003 n kernel: hci0 opcode 0x041f plen 2
Aug 16 21:42:42.944020 n kernel: hci0: skb len 5
Aug 16 21:42:42.944036 n kernel: hci0 cmd_cnt 0 cmd queued 13
Aug 16 21:42:42.949894 n kernel: Bluetooth: hci0: link tx timeout
Aug 16 21:42:42.949902 n kernel: Bluetooth: hci0: killing stalled connection AA:BB:CC:00:00:01
Aug 16 21:42:42.949919 n kernel: hci0 opcode 0x041f plen 2
Aug 16 21:42:42.949926 n kernel: hci0: skb len 5
Aug 16 21:42:42.949933 n kernel: hci0 cmd_cnt 0 cmd queued 14
Aug 16 21:42:42.965033 n kernel: Bluetooth: hci0: link tx timeout
Aug 16 21:42:42.965049 n kernel: Bluetooth: hci0: killing stalled connection AA:BB:CC:00:00:01
Aug 16 21:42:42.965085 n kernel: hci0 opcode 0x041f plen 2
Aug 16 21:42:42.965103 n kernel: hci0: skb len 5
Aug 16 21:42:42.965118 n kernel: Bluetooth: hci0: link tx timeout
Aug 16 21:42:42.965133 n kernel: Bluetooth: hci0: killing stalled connection AA:BB:CC:00:00:01
Aug 16 21:42:42.965162 n kernel: hci0 opcode 0x041f plen 2
Aug 16 21:42:42.965171 n kernel: hci0: skb len 5
Aug 16 21:42:42.965177 n kernel: hci0 cmd_cnt 0 cmd queued 16
Aug 16 21:42:42.972898 n kernel: Bluetooth: hci0: link tx timeout
Aug 16 21:42:42.972908 n kernel: Bluetooth: hci0: killing stalled connection AA:BB:CC:00:00:01
Aug 16 21:42:42.972923 n kernel: hci0 opcode 0x041f plen 2
Aug 16 21:42:42.972930 n kernel: hci0: skb len 5
Aug 16 21:42:42.972937 n kernel: hci0 cmd_cnt 0 cmd queued 17
Aug 16 21:42:42.986923 n kernel: Bluetooth: hci0: link tx timeout
Aug 16 21:42:42.986936 n kernel: Bluetooth: hci0: killing stalled connection AA:BB:CC:00:00:01
Aug 16 21:42:42.986969 n kernel: hci0 opcode 0x041f plen 2
Aug 16 21:42:42.986984 n kernel: hci0: skb len 5
Aug 16 21:42:42.986996 n kernel: hci0 cmd_cnt 0 cmd queued 18
Aug 16 21:42:42.987874 n kernel: Bluetooth: hci0: link tx timeout
Aug 16 21:42:42.987881 n kernel: Bluetooth: hci0: killing stalled connection AA:BB:CC:00:00:01
Aug 16 21:42:42.987896 n kernel: hci0 opcode 0x041f plen 2
Aug 16 21:42:42.987905 n kernel: hci0: skb len 5
Aug 16 21:42:42.987912 n kernel: hci0 cmd_cnt 0 cmd queued 19
Aug 16 21:42:42.994944 n kernel: Bluetooth: hci0: link tx timeout
Aug 16 21:42:42.994959 n kernel: Bluetooth: hci0: killing stalled connection AA:BB:CC:00:00:01
Aug 16 21:42:42.994991 n kernel: hci0 opcode 0x041f plen 2
Aug 16 21:42:42.995004 n kernel: hci0: skb len 5
Aug 16 21:42:42.995016 n kernel: hci0 cmd_cnt 0 cmd queued 20
Aug 16 21:42:43.007900 n kernel: Bluetooth: hci0: link tx timeout
Aug 16 21:42:43.007914 n kernel: Bluetooth: hci0: killing stalled connection AA:BB:CC:00:00:01
Aug 16 21:42:43.007947 n kernel: hci0 opcode 0x041f plen 2
Aug 16 21:42:43.007957 n kernel: hci0: skb len 5
Aug 16 21:42:43.007967 n kernel: hci0 cmd_cnt 0 cmd queued 21
Aug 16 21:42:43.009938 n kernel: Bluetooth: hci0: link tx timeout
Aug 16 21:42:43.009957 n kernel: Bluetooth: hci0: killing stalled connection AA:BB:CC:00:00:01
Aug 16 21:42:43.009990 n kernel: hci0 opcode 0x041f plen 2
Aug 16 21:42:43.010006 n kernel: hci0: skb len 5
Aug 16 21:42:43.010022 n kernel: hci0 cmd_cnt 0 cmd queued 22
Aug 16 21:42:43.017883 n kernel: Bluetooth: hci0: link tx timeout
Aug 16 21:42:43.017893 n kernel: Bluetooth: hci0: killing stalled connection AA:BB:CC:00:00:01
Aug 16 21:42:43.017911 n kernel: hci0 opcode 0x041f plen 2
Aug 16 21:42:43.017940 n kernel: hci0: skb len 5
Aug 16 21:42:43.017949 n kernel: hci0 cmd_cnt 0 cmd queued 23
Aug 16 21:42:43.028965 n kernel: Bluetooth: hci0: link tx timeout
Aug 16 21:42:43.028981 n kernel: Bluetooth: hci0: killing stalled connection AA:BB:CC:00:00:01
Aug 16 21:42:43.029055 n kernel: hci0 opcode 0x041f plen 2
Aug 16 21:42:43.029071 n kernel: hci0: skb len 5
Aug 16 21:42:43.029086 n kernel: hci0 cmd_cnt 0 cmd queued 24
Aug 16 21:42:43.032939 n kernel: Bluetooth: hci0: link tx timeout
Aug 16 21:42:43.032959 n kernel: Bluetooth: hci0: killing stalled connection AA:BB:CC:00:00:01
Aug 16 21:42:43.032993 n kernel: hci0 opcode 0x041f plen 2
Aug 16 21:42:43.033010 n kernel: hci0: skb len 5
Aug 16 21:42:43.033027 n kernel: hci0 cmd_cnt 0 cmd queued 25
Aug 16 21:42:43.039921 n kernel: Bluetooth: hci0: link tx timeout
Aug 16 21:42:43.039934 n kernel: Bluetooth: hci0: killing stalled connection AA:BB:CC:00:00:01
Aug 16 21:42:43.039955 n kernel: hci0 opcode 0x041f plen 2
Aug 16 21:42:43.039964 n kernel: hci0: skb len 5
Aug 16 21:42:43.039978 n kernel: hci0 cmd_cnt 0 cmd queued 26
Aug 16 21:42:43.050888 n kernel: Bluetooth: hci0: link tx timeout
Aug 16 21:42:43.050898 n kernel: Bluetooth: hci0: killing stalled connection AA:BB:CC:00:00:01
Aug 16 21:42:43.050917 n kernel: hci0 opcode 0x041f plen 2
Aug 16 21:42:43.050926 n kernel: hci0: skb len 5
Aug 16 21:42:43.050935 n kernel: hci0 cmd_cnt 0 cmd queued 27
Aug 16 21:42:43.054883 n kernel: Bluetooth: hci0: link tx timeout
Aug 16 21:42:43.054891 n kernel: Bluetooth: hci0: killing stalled connection AA:BB:CC:00:00:01
Aug 16 21:42:43.054905 n kernel: hci0 opcode 0x041f plen 2
Aug 16 21:42:43.054912 n kernel: hci0: skb len 5
Aug 16 21:42:43.054919 n kernel: hci0 cmd_cnt 0 cmd queued 28
Aug 16 21:42:43.062896 n kernel: Bluetooth: hci0: link tx timeout
Aug 16 21:42:43.062912 n kernel: Bluetooth: hci0: killing stalled connection AA:BB:CC:00:00:01
Aug 16 21:42:43.062945 n kernel: hci0 opcode 0x041f plen 2
Aug 16 21:42:43.062961 n kernel: hci0: skb len 5
Aug 16 21:42:43.062977 n kernel: hci0 cmd_cnt 0 cmd queued 29
Aug 16 21:42:43.071913 n kernel: Bluetooth: hci0: link tx timeout
Aug 16 21:42:43.071923 n kernel: Bluetooth: hci0: killing stalled connection AA:BB:CC:00:00:01
Aug 16 21:42:43.071941 n kernel: hci0 opcode 0x041f plen 2
Aug 16 21:42:43.071950 n kernel: hci0: skb len 5
Aug 16 21:42:43.071959 n kernel: hci0 cmd_cnt 0 cmd queued 30
Aug 16 21:42:43.077907 n kernel: Bluetooth: hci0: link tx timeout
Aug 16 21:42:43.077923 n kernel: Bluetooth: hci0: killing stalled connection AA:BB:CC:00:00:01
Aug 16 21:42:43.077956 n kernel: hci0 opcode 0x041f plen 2
Aug 16 21:42:43.077972 n kernel: hci0: skb len 5
Aug 16 21:42:43.077988 n kernel: hci0 cmd_cnt 0 cmd queued 31
Aug 16 21:42:43.084944 n kernel: Bluetooth: hci0: link tx timeout
Aug 16 21:42:43.084961 n kernel: Bluetooth: hci0: killing stalled connection AA:BB:CC:00:00:01
Aug 16 21:42:43.084993 n kernel: hci0 opcode 0x041f plen 2
Aug 16 21:42:43.085010 n kernel: hci0: skb len 5
Aug 16 21:42:43.085030 n kernel: hci0 cmd_cnt 0 cmd queued 32
Aug 16 21:42:43.092925 n kernel: Bluetooth: hci0: link tx timeout
Aug 16 21:42:43.092939 n kernel: Bluetooth: hci0: killing stalled connection AA:BB:CC:00:00:01
Aug 16 21:42:43.092966 n kernel: hci0 opcode 0x041f plen 2
Aug 16 21:42:43.092980 n kernel: hci0: skb len 5
Aug 16 21:42:43.092992 n kernel: hci0 cmd_cnt 0 cmd queued 33
Aug 16 21:42:43.099912 n kernel: Bluetooth: hci0: link tx timeout
Aug 16 21:42:43.099925 n kernel: Bluetooth: hci0: killing stalled connection AA:BB:CC:00:00:01
Aug 16 21:42:43.099979 n kernel: hci0 opcode 0x041f plen 2
Aug 16 21:42:43.100001 n kernel: hci0: skb len 5
Aug 16 21:42:43.100020 n kernel: hci0 cmd_cnt 0 cmd queued 34
Aug 16 21:42:43.114883 n kernel: Bluetooth: hci0: link tx timeout
Aug 16 21:42:43.114892 n kernel: Bluetooth: hci0: killing stalled connection AA:BB:CC:00:00:01
Aug 16 21:42:43.114918 n kernel: hci0 opcode 0x041f plen 2
Aug 16 21:42:43.114927 n kernel: hci0: skb len 5
Aug 16 21:42:43.114935 n kernel: hci0 cmd_cnt 0 cmd queued 35
Aug 16 21:42:43.114969 n kernel: Bluetooth: hci0: link tx timeout
Aug 16 21:42:43.114978 n kernel: Bluetooth: hci0: killing stalled connection AA:BB:CC:00:00:01
Aug 16 21:42:43.114995 n kernel: hci0 opcode 0x041f plen 2
Aug 16 21:42:43.115003 n kernel: hci0: skb len 5
Aug 16 21:42:43.115011 n kernel: hci0 cmd_cnt 0 cmd queued 36
Aug 16 21:42:43.122884 n kernel: Bluetooth: hci0: link tx timeout
Aug 16 21:42:43.122894 n kernel: Bluetooth: hci0: killing stalled connection AA:BB:CC:00:00:01
Aug 16 21:42:43.122912 n kernel: hci0 opcode 0x041f plen 2
Aug 16 21:42:43.122920 n kernel: hci0: skb len 5
Aug 16 21:42:43.122929 n kernel: hci0 cmd_cnt 0 cmd queued 37
Aug 16 21:42:43.135989 n kernel: Bluetooth: hci0: link tx timeout
Aug 16 21:42:43.136007 n kernel: Bluetooth: hci0: killing stalled connection AA:BB:CC:00:00:01
Aug 16 21:42:43.136039 n kernel: hci0 opcode 0x041f plen 2
Aug 16 21:42:43.136055 n kernel: hci0: skb len 5
Aug 16 21:42:43.136071 n kernel: hci0 cmd_cnt 0 cmd queued 38
Aug 16 21:42:43.137956 n kernel: Bluetooth: hci0: link tx timeout
Aug 16 21:42:43.137985 n kernel: Bluetooth: hci0: killing stalled connection AA:BB:CC:00:00:01
Aug 16 21:42:43.138019 n kernel: hci0 opcode 0x041f plen 2
Aug 16 21:42:43.138035 n kernel: hci0: skb len 5
Aug 16 21:42:43.138051 n kernel: hci0 cmd_cnt 0 cmd queued 39
Aug 16 21:42:43.144937 n kernel: Bluetooth: hci0: link tx timeout
Aug 16 21:42:43.144951 n kernel: Bluetooth: hci0: killing stalled connection AA:BB:CC:00:00:01
Aug 16 21:42:43.144978 n kernel: hci0 opcode 0x041f plen 2
Aug 16 21:42:43.144991 n kernel: hci0: skb len 5
Aug 16 21:42:43.145004 n kernel: hci0 cmd_cnt 0 cmd queued 40
Aug 16 21:42:43.156926 n kernel: Bluetooth: hci0: link tx timeout
Aug 16 21:42:43.156940 n kernel: Bluetooth: hci0: killing stalled connection AA:BB:CC:00:00:01
Aug 16 21:42:43.156959 n kernel: hci0 opcode 0x041f plen 2
Aug 16 21:42:43.156968 n kernel: hci0: skb len 5
Aug 16 21:42:43.156976 n kernel: hci0 cmd_cnt 0 cmd queued 41
Aug 16 21:42:43.160008 n kernel: Bluetooth: hci0: link tx timeout
Aug 16 21:42:43.160034 n kernel: Bluetooth: hci0: killing stalled connection AA:BB:CC:00:00:01
Aug 16 21:42:43.160066 n kernel: hci0 opcode 0x041f plen 2
Aug 16 21:42:43.160082 n kernel: hci0: skb len 5
Aug 16 21:42:43.160097 n kernel: hci0 cmd_cnt 0 cmd queued 42
Aug 16 21:42:43.167914 n kernel: Bluetooth: hci0: link tx timeout
Aug 16 21:42:43.167935 n kernel: Bluetooth: hci0: killing stalled connection AA:BB:CC:00:00:01
Aug 16 21:42:43.167957 n kernel: hci0 opcode 0x041f plen 2
Aug 16 21:42:43.167968 n kernel: hci0: skb len 5
Aug 16 21:42:43.167979 n kernel: hci0 cmd_cnt 0 cmd queued 43
Aug 16 21:42:43.178981 n kernel: Bluetooth: hci0: link tx timeout
Aug 16 21:42:43.178998 n kernel: Bluetooth: hci0: killing stalled connection AA:BB:CC:00:00:01
Aug 16 21:42:43.179031 n kernel: hci0 opcode 0x041f plen 2
Aug 16 21:42:43.179046 n kernel: hci0: skb len 5
Aug 16 21:42:43.179062 n kernel: hci0 cmd_cnt 0 cmd queued 44
Aug 16 21:42:43.182956 n kernel: Bluetooth: hci0: link tx timeout
Aug 16 21:42:43.182977 n kernel: Bluetooth: hci0: killing stalled connection AA:BB:CC:00:00:01
Aug 16 21:42:43.183010 n kernel: hci0 opcode 0x041f plen 2
Aug 16 21:42:43.183026 n kernel: hci0: skb len 5
Aug 16 21:42:43.183042 n kernel: hci0 cmd_cnt 0 cmd queued 45
Aug 16 21:42:43.189917 n kernel: Bluetooth: hci0: link tx timeout
Aug 16 21:42:43.189926 n kernel: Bluetooth: hci0: killing stalled connection AA:BB:CC:00:00:01
Aug 16 21:42:43.189946 n kernel: hci0 opcode 0x041f plen 2
Aug 16 21:42:43.189969 n kernel: hci0: skb len 5
Aug 16 21:42:43.189978 n kernel: hci0 cmd_cnt 0 cmd queued 46
Aug 16 21:42:43.199940 n kernel: Bluetooth: hci0: link tx timeout
Aug 16 21:42:43.199955 n kernel: Bluetooth: hci0: killing stalled connection AA:BB:CC:00:00:01
Aug 16 21:42:43.199983 n kernel: hci0 opcode 0x041f plen 2
Aug 16 21:42:43.199996 n kernel: hci0: skb len 5
Aug 16 21:42:43.200009 n kernel: hci0 cmd_cnt 0 cmd queued 47
Aug 16 21:42:43.204893 n kernel: Bluetooth: hci0: link tx timeout
Aug 16 21:42:43.204902 n kernel: Bluetooth: hci0: killing stalled connection AA:BB:CC:00:00:01
Aug 16 21:42:43.204919 n kernel: hci0 opcode 0x041f plen 2
Aug 16 21:42:43.204928 n kernel: hci0: skb len 5
Aug 16 21:42:43.204936 n kernel: hci0 cmd_cnt 0 cmd queued 48
Aug 16 21:42:43.212944 n kernel: Bluetooth: hci0: link tx timeout
Aug 16 21:42:43.212959 n kernel: Bluetooth: hci0: killing stalled connection AA:BB:CC:00:00:01
Aug 16 21:42:43.212986 n kernel: hci0 opcode 0x041f plen 2
Aug 16 21:42:43.213000 n kernel: hci0: skb len 5
Aug 16 21:42:43.213013 n kernel: hci0 cmd_cnt 0 cmd queued 49
Aug 16 21:42:43.221012 n kernel: Bluetooth: hci0: link tx timeout
Aug 16 21:42:43.221029 n kernel: Bluetooth: hci0: killing stalled connection AA:BB:CC:00:00:01
Aug 16 21:42:43.221061 n kernel: hci0 opcode 0x041f plen 2
Aug 16 21:42:43.221077 n kernel: hci0: skb len 5
Aug 16 21:42:43.221093 n kernel: hci0 cmd_cnt 0 cmd queued 50
Aug 16 21:42:43.227949 n kernel: Bluetooth: hci0: link tx timeout
Aug 16 21:42:43.227967 n kernel: Bluetooth: hci0: killing stalled connection AA:BB:CC:00:00:01
Aug 16 21:42:43.228000 n kernel: hci0 opcode 0x041f plen 2
Aug 16 21:42:43.228016 n kernel: hci0: skb len 5
Aug 16 21:42:43.228032 n kernel: hci0 cmd_cnt 0 cmd queued 51
Aug 16 21:42:43.242922 n kernel: Bluetooth: hci0: link tx timeout
Aug 16 21:42:43.242932 n kernel: Bluetooth: hci0: killing stalled connection AA:BB:CC:00:00:01
Aug 16 21:42:43.242950 n kernel: hci0 opcode 0x041f plen 2
Aug 16 21:42:43.242958 n kernel: hci0: skb len 5
Aug 16 21:42:43.242967 n kernel: hci0 cmd_cnt 0 cmd queued 52
Aug 16 21:42:43.242994 n kernel: Bluetooth: hci0: link tx timeout
Aug 16 21:42:43.243002 n kernel: Bluetooth: hci0: killing stalled connection AA:BB:CC:00:00:01
Aug 16 21:42:43.243035 n kernel: hci0 opcode 0x041f plen 2
Aug 16 21:42:43.243043 n kernel: hci0: skb len 5
Aug 16 21:42:43.243051 n kernel: hci0 cmd_cnt 0 cmd queued 53
Aug 16 21:42:43.249974 n kernel: Bluetooth: hci0: link tx timeout
Aug 16 21:42:43.249996 n kernel: Bluetooth: hci0: killing stalled connection AA:BB:CC:00:00:01
Aug 16 21:42:43.250039 n kernel: hci0 opcode 0x041f plen 2
Aug 16 21:42:43.250058 n kernel: hci0: skb len 5
Aug 16 21:42:43.250079 n kernel: hci0 cmd_cnt 0 cmd queued 54
Aug 16 21:42:43.263936 n kernel: Bluetooth: hci0: link tx timeout
Aug 16 21:42:43.263955 n kernel: Bluetooth: hci0: killing stalled connection AA:BB:CC:00:00:01
Aug 16 21:42:43.263989 n kernel: hci0 opcode 0x041f plen 2
Aug 16 21:42:43.264005 n kernel: hci0: skb len 5
Aug 16 21:42:43.264022 n kernel: hci0 cmd_cnt 0 cmd queued 55
Aug 16 21:42:43.264868 n kernel: Bluetooth: hci0: link tx timeout
Aug 16 21:42:43.264875 n kernel: Bluetooth: hci0: killing stalled connection AA:BB:CC:00:00:01
Aug 16 21:42:43.264902 n kernel: hci0 opcode 0x041f plen 2
Aug 16 21:42:43.264909 n kernel: hci0: skb len 5
Aug 16 21:42:43.264916 n kernel: hci0 cmd_cnt 0 cmd queued 56
Aug 16 21:42:43.272899 n kernel: Bluetooth: hci0: link tx timeout
Aug 16 21:42:43.272908 n kernel: Bluetooth: hci0: killing stalled connection AA:BB:CC:00:00:01
Aug 16 21:42:43.272926 n kernel: hci0 opcode 0x041f plen 2
Aug 16 21:42:43.272935 n kernel: hci0: skb len 5
Aug 16 21:42:43.272943 n kernel: hci0 cmd_cnt 0 cmd queued 57
Aug 16 21:42:43.284947 n kernel: Bluetooth: hci0: link tx timeout
Aug 16 21:42:43.284960 n kernel: Bluetooth: hci0: killing stalled connection AA:BB:CC:00:00:01
Aug 16 21:42:43.284986 n kernel: hci0 opcode 0x041f plen 2
Aug 16 21:42:43.285042 n kernel: hci0: skb len 5
Aug 16 21:42:43.285055 n kernel: hci0 cmd_cnt 0 cmd queued 58
Aug 16 21:42:43.287895 n kernel: Bluetooth: hci0: link tx timeout
Aug 16 21:42:43.287918 n kernel: Bluetooth: hci0: killing stalled connection AA:BB:CC:00:00:01
Aug 16 21:42:43.287939 n kernel: hci0 opcode 0x041f plen 2
Aug 16 21:42:43.287948 n kernel: hci0: skb len 5
Aug 16 21:42:43.287958 n kernel: hci0 cmd_cnt 0 cmd queued 59
Aug 16 21:42:43.294913 n kernel: Bluetooth: hci0: link tx timeout
Aug 16 21:42:43.294926 n kernel: Bluetooth: hci0: killing stalled connection AA:BB:CC:00:00:01
Aug 16 21:42:43.294960 n kernel: hci0 opcode 0x041f plen 2
Aug 16 21:42:43.294973 n kernel: hci0: skb len 5
Aug 16 21:42:43.294986 n kernel: hci0 cmd_cnt 0 cmd queued 60
Aug 16 21:42:43.306897 n kernel: Bluetooth: hci0: link tx timeout
Aug 16 21:42:43.306907 n kernel: Bluetooth: hci0: killing stalled connection AA:BB:CC:00:00:01
Aug 16 21:42:43.306926 n kernel: hci0 opcode 0x041f plen 2
Aug 16 21:42:43.306935 n kernel: hci0: skb len 5
Aug 16 21:42:43.306943 n kernel: hci0 cmd_cnt 0 cmd queued 61
Aug 16 21:42:43.309938 n kernel: Bluetooth: hci0: link tx timeout
Aug 16 21:42:43.309955 n kernel: Bluetooth: hci0: killing stalled connection AA:BB:CC:00:00:01
Aug 16 21:42:43.309987 n kernel: hci0 opcode 0x041f plen 2
Aug 16 21:42:43.310006 n kernel: hci0: skb len 5
Aug 16 21:42:43.310043 n kernel: hci0 cmd_cnt 0 cmd queued 62
Aug 16 21:42:43.317916 n kernel: Bluetooth: hci0: link tx timeout
Aug 16 21:42:43.317926 n kernel: Bluetooth: hci0: killing stalled connection AA:BB:CC:00:00:01
Aug 16 21:42:43.317944 n kernel: hci0 opcode 0x041f plen 2
Aug 16 21:42:43.317952 n kernel: hci0: skb len 5
Aug 16 21:42:43.317962 n kernel: hci0 cmd_cnt 0 cmd queued 63
Aug 16 21:42:43.327967 n kernel: Bluetooth: hci0: link tx timeout
Aug 16 21:42:43.327987 n kernel: Bluetooth: hci0: killing stalled connection AA:BB:CC:00:00:01
Aug 16 21:42:43.328043 n kernel: hci0 opcode 0x041f plen 2
Aug 16 21:42:43.328058 n kernel: hci0: skb len 5
Aug 16 21:42:43.328074 n kernel: hci0 cmd_cnt 0 cmd queued 64
Aug 16 21:42:43.332989 n kernel: Bluetooth: hci0: link tx timeout
Aug 16 21:42:43.333008 n kernel: Bluetooth: hci0: killing stalled connection AA:BB:CC:00:00:01
Aug 16 21:42:43.333045 n kernel: hci0 opcode 0x041f plen 2
Aug 16 21:42:43.333061 n kernel: hci0: skb len 5
Aug 16 21:42:43.333076 n kernel: hci0 cmd_cnt 0 cmd queued 65
Aug 16 21:42:43.339923 n kernel: Bluetooth: hci0: link tx timeout
Aug 16 21:42:43.339931 n kernel: Bluetooth: hci0: killing stalled connection AA:BB:CC:00:00:01
Aug 16 21:42:43.339953 n kernel: hci0 opcode 0x041f plen 2
Aug 16 21:42:43.339960 n kernel: hci0: skb len 5
Aug 16 21:42:43.339968 n kernel: Bluetooth: hci0: link tx timeout
Aug 16 21:42:43.339975 n kernel: Bluetooth: hci0: killing stalled connection AA:BB:CC:00:00:01
Aug 16 21:42:43.339989 n kernel: hci0 opcode 0x041f plen 2
Aug 16 21:42:43.339996 n kernel: hci0: skb len 5
Aug 16 21:42:43.340003 n kernel: hci0 cmd_cnt 0 cmd queued 67
Aug 16 21:42:43.348947 n kernel: Bluetooth: hci0: link tx timeout
Aug 16 21:42:43.348974 n kernel: Bluetooth: hci0: killing stalled connection AA:BB:CC:00:00:01
Aug 16 21:42:43.349027 n kernel: hci0 opcode 0x041f plen 2
Aug 16 21:42:43.349051 n kernel: hci0: skb len 5
Aug 16 21:42:43.349074 n kernel: hci0 cmd_cnt 0 cmd queued 68
Aug 16 21:42:43.354926 n kernel: Bluetooth: hci0: link tx timeout
Aug 16 21:42:43.354942 n kernel: Bluetooth: hci0: killing stalled connection AA:BB:CC:00:00:01
Aug 16 21:42:43.354974 n kernel: hci0 opcode 0x041f plen 2
Aug 16 21:42:43.354986 n kernel: hci0: skb len 5
Aug 16 21:42:43.354995 n kernel: hci0 cmd_cnt 0 cmd queued 69
Aug 16 21:42:43.362939 n kernel: Bluetooth: hci0: link tx timeout
Aug 16 21:42:43.362953 n kernel: Bluetooth: hci0: killing stalled connection AA:BB:CC:00:00:01
Aug 16 21:42:43.362971 n kernel: hci0 opcode 0x041f plen 2
Aug 16 21:42:43.362979 n kernel: hci0: skb len 5
Aug 16 21:42:43.362988 n kernel: hci0 cmd_cnt 0 cmd queued 70
Aug 16 21:42:43.371009 n kernel: Bluetooth: hci0: link tx timeout
Aug 16 21:42:43.371047 n kernel: Bluetooth: hci0: killing stalled connection AA:BB:CC:00:00:01
Aug 16 21:42:43.371061 n kernel: hci0 opcode 0x041f plen 2
Aug 16 21:42:43.371068 n kernel: hci0: skb len 5
Aug 16 21:42:43.371081 n kernel: hci0 cmd_cnt 0 cmd queued 71
Aug 16 21:42:43.377944 n kernel: Bluetooth: hci0: link tx timeout
Aug 16 21:42:43.377961 n kernel: Bluetooth: hci0: killing stalled connection AA:BB:CC:00:00:01
Aug 16 21:42:43.377997 n kernel: hci0 opcode 0x041f plen 2
Aug 16 21:42:43.378014 n kernel: hci0: skb len 5
Aug 16 21:42:43.378030 n kernel: hci0 cmd_cnt 0 cmd queued 72
Aug 16 21:42:43.391963 n kernel: Bluetooth: hci0: link tx timeout
Aug 16 21:42:43.391984 n kernel: Bluetooth: hci0: killing stalled connection AA:BB:CC:00:00:01
Aug 16 21:42:43.392024 n kernel: hci0 opcode 0x041f plen 2
Aug 16 21:42:43.392038 n kernel: hci0: skb len 5
Aug 16 21:42:43.392047 n kernel: hci0 cmd_cnt 0 cmd queued 73
Aug 16 21:42:43.392891 n kernel: Bluetooth: hci0: link tx timeout
Aug 16 21:42:43.392900 n kernel: Bluetooth: hci0: killing stalled connection AA:BB:CC:00:00:01
Aug 16 21:42:43.392920 n kernel: hci0 opcode 0x041f plen 2
Aug 16 21:42:43.392928 n kernel: hci0: skb len 5
Aug 16 21:42:43.392937 n kernel: hci0 cmd_cnt 0 cmd queued 74
Aug 16 21:42:43.399949 n kernel: Bluetooth: hci0: link tx timeout
Aug 16 21:42:43.399962 n kernel: Bluetooth: hci0: killing stalled connection AA:BB:CC:00:00:01
Aug 16 21:42:43.400021 n kernel: hci0 opcode 0x041f plen 2
Aug 16 21:42:43.400052 n kernel: hci0: skb len 5
Aug 16 21:42:43.400069 n kernel: hci0 cmd_cnt 0 cmd queued 75
Aug 16 21:42:43.412993 n kernel: Bluetooth: hci0: link tx timeout
Aug 16 21:42:43.413008 n kernel: Bluetooth: hci0: killing stalled connection AA:BB:CC:00:00:01
Aug 16 21:42:43.413035 n kernel: hci0 opcode 0x041f plen 2
Aug 16 21:42:43.413050 n kernel: hci0: skb len 5
Aug 16 21:42:43.413067 n kernel: hci0 cmd_cnt 0 cmd queued 76
Aug 16 21:42:43.414908 n kernel: Bluetooth: hci0: link tx timeout
Aug 16 21:42:43.414918 n kernel: Bluetooth: hci0: killing stalled connection AA:BB:CC:00:00:01
Aug 16 21:42:43.414934 n kernel: hci0 opcode 0x041f plen 2
Aug 16 21:42:43.414943 n kernel: hci0: skb len 5
Aug 16 21:42:43.414956 n kernel: hci0 cmd_cnt 0 cmd queued 77
Aug 16 21:42:43.422879 n kernel: Bluetooth: hci0: link tx timeout
Aug 16 21:42:43.422889 n kernel: Bluetooth: hci0: killing stalled connection AA:BB:CC:00:00:01
Aug 16 21:42:43.422907 n kernel: hci0 opcode 0x041f plen 2
Aug 16 21:42:43.422916 n kernel: hci0: skb len 5
Aug 16 21:42:43.422924 n kernel: hci0 cmd_cnt 0 cmd queued 78
Aug 16 21:42:43.434952 n kernel: Bluetooth: hci0: link tx timeout
Aug 16 21:42:43.434959 n kernel: Bluetooth: hci0: killing stalled connection AA:BB:CC:00:00:01
Aug 16 21:42:43.434974 n kernel: hci0 opcode 0x041f plen 2
Aug 16 21:42:43.434980 n kernel: hci0: skb len 5
Aug 16 21:42:43.434988 n kernel: hci0 cmd_cnt 0 cmd queued 79
Aug 16 21:42:43.437930 n kernel: Bluetooth: hci0: link tx timeout
Aug 16 21:42:43.437943 n kernel: Bluetooth: hci0: killing stalled connection AA:BB:CC:00:00:01
Aug 16 21:42:43.437969 n kernel: hci0 opcode 0x041f plen 2
Aug 16 21:42:43.437985 n kernel: hci0: skb len 5
Aug 16 21:42:43.438000 n kernel: hci0 cmd_cnt 0 cmd queued 80
Aug 16 21:42:43.444916 n kernel: Bluetooth: hci0: link tx timeout
Aug 16 21:42:43.444940 n kernel: Bluetooth: hci0: killing stalled connection AA:BB:CC:00:00:01
Aug 16 21:42:43.444979 n kernel: hci0 opcode 0x041f plen 2
Aug 16 21:42:43.444991 n kernel: hci0: skb len 5
Aug 16 21:42:43.445009 n kernel: hci0 cmd_cnt 0 cmd queued 81
Aug 16 21:42:43.455885 n kernel: Bluetooth: hci0: link tx timeout
Aug 16 21:42:43.455894 n kernel: Bluetooth: hci0: killing stalled connection AA:BB:CC:00:00:01
Aug 16 21:42:43.455921 n kernel: hci0 opcode 0x041f plen 2
Aug 16 21:42:43.455931 n kernel: hci0: skb len 5
Aug 16 21:42:43.455942 n kernel: hci0 cmd_cnt 0 cmd queued 82
Aug 16 21:42:43.459935 n kernel: Bluetooth: hci0: link tx timeout
Aug 16 21:42:43.459949 n kernel: Bluetooth: hci0: killing stalled connection AA:BB:CC:00:00:01
Aug 16 21:42:43.459982 n kernel: hci0 opcode 0x041f plen 2
Aug 16 21:42:43.459997 n kernel: hci0: skb len 5
Aug 16 21:42:43.460009 n kernel: hci0 cmd_cnt 0 cmd queued 83
Aug 16 21:42:43.467909 n kernel: Bluetooth: hci0: link tx timeout
Aug 16 21:42:43.467917 n kernel: Bluetooth: hci0: killing stalled connection AA:BB:CC:00:00:01
Aug 16 21:42:43.467932 n kernel: hci0 opcode 0x041f plen 2
Aug 16 21:42:43.467939 n kernel: hci0: skb len 5
Aug 16 21:42:43.467947 n kernel: hci0 cmd_cnt 0 cmd queued 84
Aug 16 21:42:43.476911 n kernel: Bluetooth: hci0: link tx timeout
Aug 16 21:42:43.476921 n kernel: Bluetooth: hci0: killing stalled connection AA:BB:CC:00:00:01
Aug 16 21:42:43.476939 n kernel: hci0 opcode 0x041f plen 2
Aug 16 21:42:43.476948 n kernel: hci0: skb len 5
Aug 16 21:42:43.476972 n kernel: hci0 cmd_cnt 0 cmd queued 85
Aug 16 21:42:43.482885 n kernel: Bluetooth: hci0: link tx timeout
Aug 16 21:42:43.482896 n kernel: Bluetooth: hci0: killing stalled connection AA:BB:CC:00:00:01
Aug 16 21:42:43.482916 n kernel: hci0 opcode 0x041f plen 2
Aug 16 21:42:43.482941 n kernel: hci0: skb len 5
Aug 16 21:42:43.482954 n kernel: hci0 cmd_cnt 0 cmd queued 86
Aug 16 21:42:43.489912 n kernel: Bluetooth: hci0: link tx timeout
Aug 16 21:42:43.489921 n kernel: Bluetooth: hci0: killing stalled connection AA:BB:CC:00:00:01
Aug 16 21:42:43.489940 n kernel: hci0 opcode 0x041f plen 2
Aug 16 21:42:43.489951 n kernel: hci0: skb len 5
Aug 16 21:42:43.489962 n kernel: hci0 cmd_cnt 0 cmd queued 87
Aug 16 21:42:43.498918 n kernel: Bluetooth: hci0: link tx timeout
Aug 16 21:42:43.498935 n kernel: Bluetooth: hci0: killing stalled connection AA:BB:CC:00:00:01
Aug 16 21:42:43.498968 n kernel: hci0 opcode 0x041f plen 2
Aug 16 21:42:43.498987 n kernel: hci0: skb len 5
Aug 16 21:42:43.499005 n kernel: hci0 cmd_cnt 0 cmd queued 88
Aug 16 21:42:43.504878 n kernel: Bluetooth: hci0: link tx timeout
Aug 16 21:42:43.504886 n kernel: Bluetooth: hci0: killing stalled connection AA:BB:CC:00:00:01
Aug 16 21:42:43.504903 n kernel: hci0 opcode 0x041f plen 2
Aug 16 21:42:43.504911 n kernel: hci0: skb len 5
Aug 16 21:42:43.504920 n kernel: hci0 cmd_cnt 0 cmd queued 89
Aug 16 21:42:43.519931 n kernel: Bluetooth: hci0: link tx timeout
Aug 16 21:42:43.519949 n kernel: Bluetooth: hci0: killing stalled connection AA:BB:CC:00:00:01
Aug 16 21:42:43.519984 n kernel: hci0 opcode 0x041f plen 2
Aug 16 21:42:43.519999 n kernel: hci0: skb len 5
Aug 16 21:42:43.520037 n kernel: hci0 cmd_cnt 0 cmd queued 90
Aug 16 21:42:43.520102 n kernel: Bluetooth: hci0: link tx timeout
Aug 16 21:42:43.520117 n kernel: Bluetooth: hci0: killing stalled connection AA:BB:CC:00:00:01
Aug 16 21:42:43.520148 n kernel: hci0 opcode 0x041f plen 2
Aug 16 21:42:43.520164 n kernel: hci0: skb len 5
Aug 16 21:42:43.520179 n kernel: hci0 cmd_cnt 0 cmd queued 91
Aug 16 21:42:43.527946 n kernel: Bluetooth: hci0: link tx timeout
Aug 16 21:42:43.527963 n kernel: Bluetooth: hci0: killing stalled connection AA:BB:CC:00:00:01
Aug 16 21:42:43.527996 n kernel: hci0 opcode 0x041f plen 2
Aug 16 21:42:43.528012 n kernel: hci0: skb len 5
Aug 16 21:42:43.528028 n kernel: hci0 cmd_cnt 0 cmd queued 92
Aug 16 21:42:43.540943 n kernel: Bluetooth: hci0: link tx timeout
Aug 16 21:42:43.540977 n kernel: Bluetooth: hci0: killing stalled connection AA:BB:CC:00:00:01
Aug 16 21:42:43.541015 n kernel: hci0 opcode 0x041f plen 2
Aug 16 21:42:43.541031 n kernel: hci0: skb len 5
Aug 16 21:42:43.541047 n kernel: hci0 cmd_cnt 0 cmd queued 93
Aug 16 21:42:43.542886 n kernel: Bluetooth: hci0: link tx timeout
Aug 16 21:42:43.542893 n kernel: Bluetooth: hci0: killing stalled connection AA:BB:CC:00:00:01
Aug 16 21:42:43.542907 n kernel: hci0 opcode 0x041f plen 2
Aug 16 21:42:43.542914 n kernel: hci0: skb len 5
Aug 16 21:42:43.542921 n kernel: hci0 cmd_cnt 0 cmd queued 94
Aug 16 21:42:43.549994 n kernel: Bluetooth: hci0: link tx timeout
Aug 16 21:42:43.550029 n kernel: Bluetooth: hci0: killing stalled connection AA:BB:CC:00:00:01
Aug 16 21:42:43.550062 n kernel: hci0 opcode 0x041f plen 2
Aug 16 21:42:43.550086 n kernel: hci0: skb len 5
Aug 16 21:42:43.550102 n kernel: hci0 cmd_cnt 0 cmd queued 95
Aug 16 21:42:43.562976 n kernel: Bluetooth: hci0: link tx timeout
Aug 16 21:42:43.562994 n kernel: Bluetooth: hci0: killing stalled connection AA:BB:CC:00:00:01
Aug 16 21:42:43.563027 n kernel: hci0 opcode 0x041f plen 2
Aug 16 21:42:43.563044 n kernel: hci0: skb len 5
Aug 16 21:42:43.563060 n kernel: hci0 cmd_cnt 0 cmd queued 96
Aug 16 21:42:43.564908 n kernel: Bluetooth: hci0: link tx timeout
Aug 16 21:42:43.564915 n kernel: Bluetooth: hci0: killing stalled connection AA:BB:CC:00:00:01
Aug 16 21:42:43.564929 n kernel: hci0 opcode 0x041f plen 2
Aug 16 21:42:43.564936 n kernel: hci0: skb len 5
Aug 16 21:42:43.564950 n kernel: hci0 cmd_cnt 0 cmd queued 97
Aug 16 21:42:43.572945 n kernel: Bluetooth: hci0: link tx timeout
Aug 16 21:42:43.572955 n kernel: Bluetooth: hci0: killing stalled connection AA:BB:CC:00:00:01
Aug 16 21:42:43.572972 n kernel: hci0 opcode 0x041f plen 2
Aug 16 21:42:43.572981 n kernel: hci0: skb len 5
Aug 16 21:42:43.572990 n kernel: hci0 cmd_cnt 0 cmd queued 98
Aug 16 21:42:43.583960 n kernel: Bluetooth: hci0: link tx timeout
Aug 16 21:42:43.583976 n kernel: Bluetooth: hci0: killing stalled connection AA:BB:CC:00:00:01
Aug 16 21:42:43.584012 n kernel: hci0 opcode 0x041f plen 2
Aug 16 21:42:43.584028 n kernel: hci0: skb len 5
Aug 16 21:42:43.584044 n kernel: hci0 cmd_cnt 0 cmd queued 99
Aug 16 21:42:43.587939 n kernel: Bluetooth: hci0: link tx timeout
Aug 16 21:42:43.587956 n kernel: Bluetooth: hci0: killing stalled connection AA:BB:CC:00:00:01
Aug 16 21:42:43.587987 n kernel: hci0 opcode 0x041f plen 2
Aug 16 21:42:43.588003 n kernel: hci0: skb len 5
Aug 16 21:42:43.588020 n kernel: hci0 cmd_cnt 0 cmd queued 100
Aug 16 21:42:43.594921 n kernel: Bluetooth: hci0: link tx timeout
Aug 16 21:42:43.594934 n kernel: Bluetooth: hci0: killing stalled connection AA:BB:CC:00:00:01
Aug 16 21:42:43.594961 n kernel: hci0 opcode 0x041f plen 2
Aug 16 21:42:43.594973 n kernel: hci0: skb len 5
Aug 16 21:42:43.594986 n kernel: hci0 cmd_cnt 0 cmd queued 101
Aug 16 21:42:43.604922 n kernel: Bluetooth: hci0: link tx timeout
Aug 16 21:42:43.604932 n kernel: Bluetooth: hci0: killing stalled connection AA:BB:CC:00:00:01
Aug 16 21:42:43.604949 n kernel: hci0 opcode 0x041f plen 2
Aug 16 21:42:43.604959 n kernel: hci0: skb len 5
Aug 16 21:42:43.604968 n kernel: hci0 cmd_cnt 0 cmd queued 102
Aug 16 21:42:43.609939 n kernel: Bluetooth: hci0: link tx timeout
Aug 16 21:42:43.609948 n kernel: Bluetooth: hci0: killing stalled connection AA:BB:CC:00:00:01
Aug 16 21:42:43.609965 n kernel: hci0 opcode 0x041f plen 2
Aug 16 21:42:43.609974 n kernel: hci0: skb len 5
Aug 16 21:42:43.609982 n kernel: hci0 cmd_cnt 0 cmd queued 103
Aug 16 21:42:43.617911 n kernel: Bluetooth: hci0: link tx timeout
Aug 16 21:42:43.617919 n kernel: Bluetooth: hci0: killing stalled connection AA:BB:CC:00:00:01
Aug 16 21:42:43.617933 n kernel: hci0 opcode 0x041f plen 2
Aug 16 21:42:43.617940 n kernel: hci0: skb len 5
Aug 16 21:42:43.617947 n kernel: hci0 cmd_cnt 0 cmd queued 104
Aug 16 21:42:43.626967 n kernel: Bluetooth: hci0: link tx timeout
Aug 16 21:42:43.626987 n kernel: Bluetooth: hci0: killing stalled connection AA:BB:CC:00:00:01
Aug 16 21:42:43.627021 n kernel: hci0 opcode 0x041f plen 2
Aug 16 21:42:43.627037 n kernel: hci0: skb len 5
Aug 16 21:42:43.627053 n kernel: hci0 cmd_cnt 0 cmd queued 105
Aug 16 21:42:43.633045 n kernel: Bluetooth: hci0: link tx timeout
Aug 16 21:42:43.633063 n kernel: Bluetooth: hci0: killing stalled connection AA:BB:CC:00:00:01
Aug 16 21:42:43.633096 n kernel: hci0 opcode 0x041f plen 2
Aug 16 21:42:43.633112 n kernel: hci0: skb len 5
Aug 16 21:42:43.633128 n kernel: hci0 cmd_cnt 0 cmd queued 106
Aug 16 21:42:43.640980 n kernel: Bluetooth: hci0: link tx timeout
Aug 16 21:42:43.640997 n kernel: Bluetooth: hci0: killing stalled connection AA:BB:CC:00:00:01
Aug 16 21:42:43.641029 n kernel: hci0 opcode 0x041f plen 2
Aug 16 21:42:43.641045 n kernel: hci0: skb len 5
Aug 16 21:42:43.641060 n kernel: hci0 cmd_cnt 0 cmd queued 107
Aug 16 21:42:43.647919 n kernel: Bluetooth: hci0: link tx timeout
Aug 16 21:42:43.647930 n kernel: Bluetooth: hci0: killing stalled connection AA:BB:CC:00:00:01
Aug 16 21:42:43.647949 n kernel: hci0 opcode 0x041f plen 2
Aug 16 21:42:43.647958 n kernel: hci0: skb len 5
Aug 16 21:42:43.647967 n kernel: hci0 cmd_cnt 0 cmd queued 108
Aug 16 21:42:43.654973 n kernel: Bluetooth: hci0: link tx timeout
Aug 16 21:42:43.654994 n kernel: Bluetooth: hci0: killing stalled connection AA:BB:CC:00:00:01
Aug 16 21:42:43.655029 n kernel: hci0 opcode 0x041f plen 2
Aug 16 21:42:43.655045 n kernel: hci0: skb len 5
Aug 16 21:42:43.655060 n kernel: hci0 cmd_cnt 0 cmd queued 109
Aug 16 21:42:43.668919 n kernel: Bluetooth: hci0: link tx timeout
Aug 16 21:42:43.668950 n kernel: Bluetooth: hci0: killing stalled connection AA:BB:CC:00:00:01
Aug 16 21:42:43.668974 n kernel: hci0 opcode 0x041f plen 2
Aug 16 21:42:43.668982 n kernel: hci0: skb len 5
Aug 16 21:42:43.668991 n kernel: hci0 cmd_cnt 0 cmd queued 110
Aug 16 21:42:43.669910 n kernel: Bluetooth: hci0: link tx timeout
Aug 16 21:42:43.669917 n kernel: Bluetooth: hci0: killing stalled connection AA:BB:CC:00:00:01
Aug 16 21:42:43.669931 n kernel: hci0 opcode 0x041f plen 2
Aug 16 21:42:43.669937 n kernel: hci0: skb len 5
Aug 16 21:42:43.669945 n kernel: hci0 cmd_cnt 0 cmd queued 111
Aug 16 21:42:43.677963 n kernel: Bluetooth: hci0: link tx timeout
Aug 16 21:42:43.677980 n kernel: Bluetooth: hci0: killing stalled connection AA:BB:CC:00:00:01
Aug 16 21:42:43.678014 n kernel: hci0 opcode 0x041f plen 2
Aug 16 21:42:43.678032 n kernel: hci0: skb len 5
Aug 16 21:42:43.678066 n kernel: hci0 cmd_cnt 0 cmd queued 112
Aug 16 21:42:43.690953 n kernel: Bluetooth: hci0: link tx timeout
Aug 16 21:42:43.690975 n kernel: Bluetooth: hci0: killing stalled connection AA:BB:CC:00:00:01
Aug 16 21:42:43.691009 n kernel: hci0 opcode 0x041f plen 2
Aug 16 21:42:43.691025 n kernel: hci0: skb len 5
Aug 16 21:42:43.691040 n kernel: hci0 cmd_cnt 0 cmd queued 113
Aug 16 21:42:43.692944 n kernel: Bluetooth: hci0: link tx timeout
Aug 16 21:42:43.692961 n kernel: Bluetooth: hci0: killing stalled connection AA:BB:CC:00:00:01
Aug 16 21:42:43.692996 n kernel: hci0 opcode 0x041f plen 2
Aug 16 21:42:43.693015 n kernel: hci0: skb len 5
Aug 16 21:42:43.693030 n kernel: hci0 cmd_cnt 0 cmd queued 114
Aug 16 21:42:43.699959 n kernel: Bluetooth: hci0: link tx timeout
Aug 16 21:42:43.699980 n kernel: Bluetooth: hci0: killing stalled connection AA:BB:CC:00:00:01
Aug 16 21:42:43.700013 n kernel: hci0 opcode 0x041f plen 2
Aug 16 21:42:43.700031 n kernel: hci0: skb len 5
Aug 16 21:42:43.700047 n kernel: hci0 cmd_cnt 0 cmd queued 115
Aug 16 21:42:43.711999 n kernel: Bluetooth: hci0: link tx timeout
Aug 16 21:42:43.712024 n kernel: Bluetooth: hci0: killing stalled connection AA:BB:CC:00:00:01
Aug 16 21:42:43.712057 n kernel: hci0 opcode 0x041f plen 2
Aug 16 21:42:43.712073 n kernel: hci0: skb len 5
Aug 16 21:42:43.712089 n kernel: hci0 cmd_cnt 0 cmd queued 116
Aug 16 21:42:43.714983 n kernel: Bluetooth: hci0: link tx timeout
Aug 16 21:42:43.715003 n kernel: Bluetooth: hci0: killing stalled connection AA:BB:CC:00:00:01
Aug 16 21:42:43.715034 n kernel: hci0 opcode 0x041f plen 2
Aug 16 21:42:43.715051 n kernel: hci0: skb len 5
Aug 16 21:42:43.715067 n kernel: hci0 cmd_cnt 0 cmd queued 117
Aug 16 21:42:43.722987 n kernel: Bluetooth: hci0: link tx timeout
Aug 16 21:42:43.723004 n kernel: Bluetooth: hci0: killing stalled connection AA:BB:CC:00:00:01
Aug 16 21:42:43.723037 n kernel: hci0 opcode 0x041f plen 2
Aug 16 21:42:43.723055 n kernel: hci0: skb len 5
Aug 16 21:42:43.723073 n kernel: hci0 cmd_cnt 0 cmd queued 118
Aug 16 21:42:43.732948 n kernel: Bluetooth: hci0: link tx timeout
Aug 16 21:42:43.732959 n kernel: Bluetooth: hci0: killing stalled connection AA:BB:CC:00:00:01
Aug 16 21:42:43.732982 n kernel: hci0 opcode 0x041f plen 2
Aug 16 21:42:43.732993 n kernel: hci0: skb len 5
Aug 16 21:42:43.733004 n kernel: hci0 cmd_cnt 0 cmd queued 119
Aug 16 21:42:43.737995 n kernel: Bluetooth: hci0: link tx timeout
Aug 16 21:42:43.738010 n kernel: Bluetooth: hci0: killing stalled connection AA:BB:CC:00:00:01
Aug 16 21:42:43.738036 n kernel: hci0 opcode 0x041f plen 2
Aug 16 21:42:43.738050 n kernel: hci0: skb len 5
Aug 16 21:42:43.738062 n kernel: hci0 cmd_cnt 0 cmd queued 120
Aug 16 21:42:43.744963 n kernel: Bluetooth: hci0: link tx timeout
Aug 16 21:42:43.744973 n kernel: Bluetooth: hci0: killing stalled connection AA:BB:CC:00:00:01
Aug 16 21:42:43.744991 n kernel: hci0 opcode 0x041f plen 2
Aug 16 21:42:43.745002 n kernel: hci0: skb len 5
Aug 16 21:42:43.745017 n kernel: hci0 cmd_cnt 0 cmd queued 121
Aug 16 21:42:43.754874 n kernel: Bluetooth: hci0: link tx timeout
Aug 16 21:42:43.754881 n kernel: Bluetooth: hci0: killing stalled connection AA:BB:CC:00:00:01
Aug 16 21:42:43.754895 n kernel: hci0 opcode 0x041f plen 2
Aug 16 21:42:43.754902 n kernel: hci0: skb len 5
Aug 16 21:42:43.754908 n kernel: hci0 cmd_cnt 0 cmd queued 122
Aug 16 21:42:43.759920 n kernel: Bluetooth: hci0: link tx timeout
Aug 16 21:42:43.759934 n kernel: Bluetooth: hci0: killing stalled connection AA:BB:CC:00:00:01
Aug 16 21:42:43.759959 n kernel: hci0 opcode 0x041f plen 2
Aug 16 21:42:43.759972 n kernel: hci0: skb len 5
Aug 16 21:42:43.760004 n kernel: hci0 cmd_cnt 0 cmd queued 123
Aug 16 21:42:43.767891 n kernel: Bluetooth: hci0: link tx timeout
Aug 16 21:42:43.767901 n kernel: Bluetooth: hci0: killing stalled connection AA:BB:CC:00:00:01
Aug 16 21:42:43.767931 n kernel: hci0 opcode 0x041f plen 2
Aug 16 21:42:43.767941 n kernel: hci0: skb len 5
Aug 16 21:42:43.767951 n kernel: hci0 cmd_cnt 0 cmd queued 124
Aug 16 21:42:43.775955 n kernel: Bluetooth: hci0: link tx timeout
Aug 16 21:42:43.775971 n kernel: Bluetooth: hci0: killing stalled connection AA:BB:CC:00:00:01
Aug 16 21:42:43.776002 n kernel: hci0 opcode 0x041f plen 2
Aug 16 21:42:43.776018 n kernel: hci0: skb len 5
Aug 16 21:42:43.776034 n kernel: hci0 cmd_cnt 0 cmd queued 125
Aug 16 21:42:43.782908 n kernel: Bluetooth: hci0: link tx timeout
Aug 16 21:42:43.782946 n kernel: Bluetooth: hci0: killing stalled connection AA:BB:CC:00:00:01
Aug 16 21:42:43.782979 n kernel: hci0 opcode 0x041f plen 2
Aug 16 21:42:43.782994 n kernel: hci0: skb len 5
Aug 16 21:42:43.783013 n kernel: hci0 cmd_cnt 0 cmd queued 126
Aug 16 21:42:43.796949 n kernel: Bluetooth: hci0: link tx timeout
Aug 16 21:42:43.796962 n kernel: Bluetooth: hci0: killing stalled connection AA:BB:CC:00:00:01
Aug 16 21:42:43.796987 n kernel: hci0 opcode 0x041f plen 2
Aug 16 21:42:43.796999 n kernel: hci0: skb len 5
Aug 16 21:42:43.797011 n kernel: hci0 cmd_cnt 0 cmd queued 127
Aug 16 21:42:43.797918 n kernel: Bluetooth: hci0: link tx timeout
Aug 16 21:42:43.797932 n kernel: Bluetooth: hci0: killing stalled connection AA:BB:CC:00:00:01
Aug 16 21:42:43.797957 n kernel: hci0 opcode 0x041f plen 2
Aug 16 21:42:43.797969 n kernel: hci0: skb len 5
Aug 16 21:42:43.797981 n kernel: hci0 cmd_cnt 0 cmd queued 128
Aug 16 21:42:43.804919 n kernel: Bluetooth: hci0: link tx timeout
Aug 16 21:42:43.804929 n kernel: Bluetooth: hci0: killing stalled connection AA:BB:CC:00:00:01
Aug 16 21:42:43.804947 n kernel: hci0 opcode 0x041f plen 2
Aug 16 21:42:43.804957 n kernel: hci0: skb len 5
Aug 16 21:42:43.804966 n kernel: hci0 cmd_cnt 0 cmd queued 129
Aug 16 21:42:43.818906 n kernel: Bluetooth: hci0: link tx timeout
Aug 16 21:42:43.818915 n kernel: Bluetooth: hci0: killing stalled connection AA:BB:CC:00:00:01
Aug 16 21:42:43.818935 n kernel: hci0 opcode 0x041f plen 2
Aug 16 21:42:43.818944 n kernel: hci0: skb len 5
Aug 16 21:42:43.818953 n kernel: hci0 cmd_cnt 0 cmd queued 130
Aug 16 21:42:43.819972 n kernel: Bluetooth: hci0: link tx timeout
Aug 16 21:42:43.819993 n kernel: Bluetooth: hci0: killing stalled connection AA:BB:CC:00:00:01
Aug 16 21:42:43.820031 n kernel: hci0 opcode 0x041f plen 2
Aug 16 21:42:43.820047 n kernel: hci0: skb len 5
Aug 16 21:42:43.820079 n kernel: Bluetooth: hci0: link tx timeout
Aug 16 21:42:43.820096 n kernel: Bluetooth: hci0: killing stalled connection AA:BB:CC:00:00:01
Aug 16 21:42:43.820127 n kernel: hci0 opcode 0x041f plen 2
Aug 16 21:42:43.820142 n kernel: hci0: skb len 5
Aug 16 21:42:43.820158 n kernel: hci0 cmd_cnt 0 cmd queued 132
Aug 16 21:42:43.828017 n kernel: Bluetooth: hci0: link tx timeout
Aug 16 21:42:43.828036 n kernel: Bluetooth: hci0: killing stalled connection AA:BB:CC:00:00:01
Aug 16 21:42:43.828095 n kernel: hci0 opcode 0x041f plen 2
Aug 16 21:42:43.828114 n kernel: hci0: skb len 5
Aug 16 21:42:43.828139 n kernel: hci0 cmd_cnt 0 cmd queued 133
Aug 16 21:42:43.839951 n kernel: Bluetooth: hci0: link tx timeout
Aug 16 21:42:43.839961 n kernel: Bluetooth: hci0: killing stalled connection AA:BB:CC:00:00:01
Aug 16 21:42:43.839981 n kernel: hci0 opcode 0x041f plen 2
Aug 16 21:42:43.839990 n kernel: hci0: skb len 5
Aug 16 21:42:43.839998 n kernel: hci0 cmd_cnt 0 cmd queued 134
Aug 16 21:42:43.842909 n kernel: Bluetooth: hci0: link tx timeout
Aug 16 21:42:43.842941 n kernel: Bluetooth: hci0: killing stalled connection AA:BB:CC:00:00:01
Aug 16 21:42:43.842969 n kernel: hci0 opcode 0x041f plen 2
Aug 16 21:42:43.842982 n kernel: hci0: skb len 5
Aug 16 21:42:43.842994 n kernel: hci0 cmd_cnt 0 cmd queued 135
Aug 16 21:42:43.849929 n kernel: Bluetooth: hci0: link tx timeout
Aug 16 21:42:43.849943 n kernel: Bluetooth: hci0: killing stalled connection AA:BB:CC:00:00:01
Aug 16 21:42:43.849970 n kernel: hci0 opcode 0x041f plen 2
Aug 16 21:42:43.849996 n kernel: hci0: skb len 5
Aug 16 21:42:43.850020 n kernel: hci0 cmd_cnt 0 cmd queued 136
Aug 16 21:42:43.860916 n kernel: Bluetooth: hci0: link tx timeout
Aug 16 21:42:43.860931 n kernel: Bluetooth: hci0: killing stalled connection AA:BB:CC:00:00:01
Aug 16 21:42:43.860957 n kernel: hci0 opcode 0x041f plen 2
Aug 16 21:42:43.860971 n kernel: hci0: skb len 5
Aug 16 21:42:43.860984 n kernel: hci0 cmd_cnt 0 cmd queued 137
Aug 16 21:42:43.864963 n kernel: Bluetooth: hci0: link tx timeout
Aug 16 21:42:43.864977 n kernel: Bluetooth: hci0: killing stalled connection AA:BB:CC:00:00:01
Aug 16 21:42:43.865003 n kernel: hci0 opcode 0x041f plen 2
Aug 16 21:42:43.865015 n kernel: hci0: skb len 5
Aug 16 21:42:43.865028 n kernel: hci0 cmd_cnt 0 cmd queued 138
Aug 16 21:42:43.872939 n kernel: Bluetooth: hci0: link tx timeout
Aug 16 21:42:43.872952 n kernel: Bluetooth: hci0: killing stalled connection AA:BB:CC:00:00:01
Aug 16 21:42:43.872978 n kernel: hci0 opcode 0x041f plen 2
Aug 16 21:42:43.872991 n kernel: hci0: skb len 5
Aug 16 21:42:43.873003 n kernel: hci0 cmd_cnt 0 cmd queued 139
Aug 16 21:42:43.882979 n kernel: Bluetooth: hci0: link tx timeout
Aug 16 21:42:43.882988 n kernel: Bluetooth: hci0: killing stalled connection AA:BB:CC:00:00:01
Aug 16 21:42:43.883006 n kernel: hci0 opcode 0x041f plen 2
Aug 16 21:42:43.883014 n kernel: hci0: skb len 5
Aug 16 21:42:43.883023 n kernel: hci0 cmd_cnt 0 cmd queued 140
Aug 16 21:42:43.887968 n kernel: Bluetooth: hci0: link tx timeout
Aug 16 21:42:43.887977 n kernel: Bluetooth: hci0: killing stalled connection AA:BB:CC:00:00:01
Aug 16 21:42:43.887994 n kernel: hci0 opcode 0x041f plen 2
Aug 16 21:42:43.888003 n kernel: hci0: skb len 5
Aug 16 21:42:43.888011 n kernel: hci0 cmd_cnt 0 cmd queued 141
Aug 16 21:42:43.894912 n kernel: Bluetooth: hci0: link tx timeout
Aug 16 21:42:43.894923 n kernel: Bluetooth: hci0: killing stalled connection AA:BB:CC:00:00:01
Aug 16 21:42:43.894959 n kernel: hci0 opcode 0x041f plen 2
Aug 16 21:42:43.894967 n kernel: hci0: skb len 5
Aug 16 21:42:43.894976 n kernel: hci0 cmd_cnt 0 cmd queued 142
Aug 16 21:42:43.903941 n kernel: Bluetooth: hci0: link tx timeout
Aug 16 21:42:43.903959 n kernel: Bluetooth: hci0: killing stalled connection AA:BB:CC:00:00:01
Aug 16 21:42:43.903996 n kernel: hci0 opcode 0x041f plen 2
Aug 16 21:42:43.904011 n kernel: hci0: skb len 5
Aug 16 21:42:43.904020 n kernel: hci0 cmd_cnt 0 cmd queued 143
Aug 16 21:42:43.909981 n kernel: Bluetooth: hci0: link tx timeout
Aug 16 21:42:43.910089 n kernel: Bluetooth: hci0: killing stalled connection AA:BB:CC:00:00:01
Aug 16 21:42:43.910124 n kernel: hci0 opcode 0x041f plen 2
Aug 16 21:42:43.910139 n kernel: hci0: skb len 5
Aug 16 21:42:43.910156 n kernel: hci0 cmd_cnt 0 cmd queued 144
Aug 16 21:42:43.924966 n kernel: Bluetooth: hci0: link tx timeout
Aug 16 21:42:43.924988 n kernel: Bluetooth: hci0: killing stalled connection AA:BB:CC:00:00:01
Aug 16 21:42:43.925041 n kernel: hci0 opcode 0x041f plen 2
Aug 16 21:42:43.925058 n kernel: hci0: skb len 5
Aug 16 21:42:43.925073 n kernel: hci0 cmd_cnt 0 cmd queued 145
Aug 16 21:42:43.925138 n kernel: Bluetooth: hci0: link tx timeout
Aug 16 21:42:43.925153 n kernel: Bluetooth: hci0: killing stalled connection AA:BB:CC:00:00:01
Aug 16 21:42:43.925185 n kernel: hci0 opcode 0x041f plen 2
Aug 16 21:42:43.925201 n kernel: hci0: skb len 5
Aug 16 21:42:43.925224 n kernel: Bluetooth: hci0: link tx timeout
Aug 16 21:42:43.925239 n kernel: Bluetooth: hci0: killing stalled connection AA:BB:CC:00:00:01
Aug 16 21:42:43.925271 n kernel: hci0 opcode 0x041f plen 2
Aug 16 21:42:43.925286 n kernel: hci0: skb len 5
Aug 16 21:42:43.925301 n kernel: hci0 cmd_cnt 0 cmd queued 147
Aug 16 21:42:43.932928 n kernel: Bluetooth: hci0: link tx timeout
Aug 16 21:42:43.932946 n kernel: Bluetooth: hci0: killing stalled connection AA:BB:CC:00:00:01
Aug 16 21:42:43.932984 n kernel: hci0 opcode 0x041f plen 2
Aug 16 21:42:43.933000 n kernel: hci0: skb len 5
Aug 16 21:42:43.933016 n kernel: hci0 cmd_cnt 0 cmd queued 148
Aug 16 21:42:43.946932 n kernel: Bluetooth: hci0: link tx timeout
Aug 16 21:42:43.946942 n kernel: Bluetooth: hci0: killing stalled connection AA:BB:CC:00:00:01
Aug 16 21:42:43.946963 n kernel: hci0 opcode 0x041f plen 2
Aug 16 21:42:43.946971 n kernel: hci0: skb len 5
Aug 16 21:42:43.946979 n kernel: hci0 cmd_cnt 0 cmd queued 149
Aug 16 21:42:43.947876 n kernel: Bluetooth: hci0: link tx timeout
Aug 16 21:42:43.947883 n kernel: Bluetooth: hci0: killing stalled connection AA:BB:CC:00:00:01
Aug 16 21:42:43.947898 n kernel: hci0 opcode 0x041f plen 2
Aug 16 21:42:43.947906 n kernel: hci0: skb len 5
Aug 16 21:42:43.947912 n kernel: hci0 cmd_cnt 0 cmd queued 150
Aug 16 21:42:43.954937 n kernel: Bluetooth: hci0: link tx timeout
Aug 16 21:42:43.954955 n kernel: Bluetooth: hci0: killing stalled connection AA:BB:CC:00:00:01
Aug 16 21:42:43.954989 n kernel: hci0 opcode 0x041f plen 2
Aug 16 21:42:43.955005 n kernel: hci0: skb len 5
Aug 16 21:42:43.955020 n kernel: hci0 cmd_cnt 0 cmd queued 151
Aug 16 21:42:43.967993 n kernel: Bluetooth: hci0: link tx timeout
Aug 16 21:42:43.968010 n kernel: Bluetooth: hci0: killing stalled connection AA:BB:CC:00:00:01
Aug 16 21:42:43.968045 n kernel: hci0 opcode 0x041f plen 2
Aug 16 21:42:43.968060 n kernel: hci0: skb len 5
Aug 16 21:42:43.968075 n kernel: hci0 cmd_cnt 0 cmd queued 152
Aug 16 21:42:43.969891 n kernel: Bluetooth: hci0: link tx timeout
Aug 16 21:42:43.969898 n kernel: Bluetooth: hci0: killing stalled connection AA:BB:CC:00:00:01
Aug 16 21:42:43.969913 n kernel: hci0 opcode 0x041f plen 2
Aug 16 21:42:43.969921 n kernel: hci0: skb len 5
Aug 16 21:42:43.969927 n kernel: hci0 cmd_cnt 0 cmd queued 153
Aug 16 21:42:43.977941 n kernel: Bluetooth: hci0: link tx timeout
Aug 16 21:42:43.977958 n kernel: Bluetooth: hci0: killing stalled connection AA:BB:CC:00:00:01
Aug 16 21:42:43.977994 n kernel: hci0 opcode 0x041f plen 2
Aug 16 21:42:43.978009 n kernel: hci0: skb len 5
Aug 16 21:42:43.978025 n kernel: hci0 cmd_cnt 0 cmd queued 154
Aug 16 21:42:43.989017 n kernel: Bluetooth: hci0: link tx timeout
Aug 16 21:42:43.989037 n kernel: Bluetooth: hci0: killing stalled connection AA:BB:CC:00:00:01
Aug 16 21:42:43.989071 n kernel: hci0 opcode 0x041f plen 2
Aug 16 21:42:43.989086 n kernel: hci0: skb len 5
Aug 16 21:42:43.989103 n kernel: hci0 cmd_cnt 0 cmd queued 155
Aug 16 21:42:43.992987 n kernel: Bluetooth: hci0: link tx timeout
Aug 16 21:42:43.993009 n kernel: Bluetooth: hci0: killing stalled connection AA:BB:CC:00:00:01
Aug 16 21:42:43.993042 n kernel: hci0 opcode 0x041f plen 2
Aug 16 21:42:43.993086 n kernel: hci0: skb len 5
Aug 16 21:42:43.993102 n kernel: hci0 cmd_cnt 0 cmd queued 156
Aug 16 21:42:44.000978 n kernel: Bluetooth: hci0: link tx timeout
Aug 16 21:42:44.000996 n kernel: Bluetooth: hci0: killing stalled connection AA:BB:CC:00:00:01
Aug 16 21:42:44.001028 n kernel: hci0 opcode 0x041f plen 2
Aug 16 21:42:44.001043 n kernel: hci0: skb len 5
Aug 16 21:42:44.001058 n kernel: hci0 cmd_cnt 0 cmd queued 157
Aug 16 21:42:44.010970 n kernel: Bluetooth: hci0: link tx timeout
Aug 16 21:42:44.010991 n kernel: Bluetooth: hci0: killing stalled connection AA:BB:CC:00:00:01
Aug 16 21:42:44.011024 n kernel: hci0 opcode 0x041f plen 2
Aug 16 21:42:44.011042 n kernel: hci0: skb len 5
Aug 16 21:42:44.011058 n kernel: hci0 cmd_cnt 0 cmd queued 158
Aug 16 21:42:44.015986 n kernel: Bluetooth: hci0: link tx timeout
Aug 16 21:42:44.016004 n kernel: Bluetooth: hci0: killing stalled connection AA:BB:CC:00:00:01
Aug 16 21:42:44.016064 n kernel: hci0 opcode 0x041f plen 2
Aug 16 21:42:44.016080 n kernel: hci0: skb len 5
Aug 16 21:42:44.016095 n kernel: hci0 cmd_cnt 0 cmd queued 159
Aug 16 21:42:44.022970 n kernel: Bluetooth: hci0: link tx timeout
Aug 16 21:42:44.022990 n kernel: Bluetooth: hci0: killing stalled connection AA:BB:CC:00:00:01
Aug 16 21:42:44.023024 n kernel: hci0 opcode 0x041f plen 2
Aug 16 21:42:44.023042 n kernel: hci0: skb len 5
Aug 16 21:42:44.023058 n kernel: hci0 cmd_cnt 0 cmd queued 160
Aug 16 21:42:44.032002 n kernel: Bluetooth: hci0: link tx timeout
Aug 16 21:42:44.032018 n kernel: Bluetooth: hci0: killing stalled connection AA:BB:CC:00:00:01
Aug 16 21:42:44.032061 n kernel: hci0 opcode 0x041f plen 2
Aug 16 21:42:44.032077 n kernel: hci0: skb len 5
Aug 16 21:42:44.032093 n kernel: hci0 cmd_cnt 0 cmd queued 161
Aug 16 21:42:44.037958 n kernel: Bluetooth: hci0: link tx timeout
Aug 16 21:42:44.037979 n kernel: Bluetooth: hci0: killing stalled connection AA:BB:CC:00:00:01
Aug 16 21:42:44.038014 n kernel: hci0 opcode 0x041f plen 2
Aug 16 21:42:44.038033 n kernel: hci0: skb len 5
Aug 16 21:42:44.038049 n kernel: hci0 cmd_cnt 0 cmd queued 162
Aug 16 21:42:44.044907 n kernel: Bluetooth: hci0: link tx timeout
Aug 16 21:42:44.044916 n kernel: Bluetooth: hci0: killing stalled connection AA:BB:CC:00:00:01
Aug 16 21:42:44.044934 n kernel: hci0 opcode 0x041f plen 2
Aug 16 21:42:44.044942 n kernel: hci0: skb len 5
Aug 16 21:42:44.044950 n kernel: hci0 cmd_cnt 0 cmd queued 163
Aug 16 21:42:44.054036 n kernel: Bluetooth: hci0: link tx timeout
Aug 16 21:42:44.054054 n kernel: Bluetooth: hci0: killing stalled connection AA:BB:CC:00:00:01
Aug 16 21:42:44.054088 n kernel: hci0 opcode 0x041f plen 2
Aug 16 21:42:44.054106 n kernel: hci0: skb len 5
Aug 16 21:42:44.054121 n kernel: hci0 cmd_cnt 0 cmd queued 164
Aug 16 21:42:44.060993 n kernel: Bluetooth: hci0: link tx timeout
Aug 16 21:42:44.061010 n kernel: Bluetooth: hci0: killing stalled connection AA:BB:CC:00:00:01
Aug 16 21:42:44.061048 n kernel: hci0 opcode 0x041f plen 2
Aug 16 21:42:44.061063 n kernel: hci0: skb len 5
Aug 16 21:42:44.061094 n kernel: hci0 cmd_cnt 0 cmd queued 165
Aug 16 21:42:44.074963 n kernel: Bluetooth: hci0: link tx timeout
Aug 16 21:42:44.074979 n kernel: Bluetooth: hci0: killing stalled connection AA:BB:CC:00:00:01
Aug 16 21:42:44.075014 n kernel: hci0 opcode 0x041f plen 2
Aug 16 21:42:44.075032 n kernel: hci0: skb len 5
Aug 16 21:42:44.075047 n kernel: hci0 cmd_cnt 0 cmd queued 166
Aug 16 21:42:44.075110 n kernel: Bluetooth: hci0: link tx timeout
Aug 16 21:42:44.075125 n kernel: Bluetooth: hci0: killing stalled connection AA:BB:CC:00:00:01
Aug 16 21:42:44.075157 n kernel: hci0 opcode 0x041f plen 2
Aug 16 21:42:44.075171 n kernel: hci0: skb len 5
Aug 16 21:42:44.075186 n kernel: hci0 cmd_cnt 0 cmd queued 167
Aug 16 21:42:44.082904 n kernel: Bluetooth: hci0: link tx timeout
Aug 16 21:42:44.082914 n kernel: Bluetooth: hci0: killing stalled connection AA:BB:CC:00:00:01
Aug 16 21:42:44.082930 n kernel: hci0 opcode 0x041f plen 2
Aug 16 21:42:44.082936 n kernel: hci0: skb len 5
Aug 16 21:42:44.082943 n kernel: hci0 cmd_cnt 0 cmd queued 168
Aug 16 21:42:44.095948 n kernel: Bluetooth: hci0: link tx timeout
Aug 16 21:42:44.095959 n kernel: Bluetooth: hci0: killing stalled connection AA:BB:CC:00:00:01
Aug 16 21:42:44.095982 n kernel: hci0 opcode 0x041f plen 2
Aug 16 21:42:44.095994 n kernel: hci0: skb len 5
Aug 16 21:42:44.096004 n kernel: hci0 cmd_cnt 0 cmd queued 169
Aug 16 21:42:44.097896 n kernel: Bluetooth: hci0: link tx timeout
Aug 16 21:42:44.097912 n kernel: Bluetooth: hci0: killing stalled connection AA:BB:CC:00:00:01
Aug 16 21:42:44.097941 n kernel: hci0 opcode 0x041f plen 2
Aug 16 21:42:44.097955 n kernel: hci0: skb len 5
Aug 16 21:42:44.097969 n kernel: hci0 cmd_cnt 0 cmd queued 170
Aug 16 21:42:44.104905 n kernel: Bluetooth: hci0: link tx timeout
Aug 16 21:42:44.104913 n kernel: Bluetooth: hci0: killing stalled connection AA:BB:CC:00:00:01
Aug 16 21:42:44.104930 n kernel: hci0 opcode 0x041f plen 2
Aug 16 21:42:44.104937 n kernel: hci0: skb len 5
Aug 16 21:42:44.104945 n kernel: hci0 cmd_cnt 0 cmd queued 171
Aug 16 21:42:44.116978 n kernel: Bluetooth: hci0: link tx timeout
Aug 16 21:42:44.116990 n kernel: Bluetooth: hci0: killing stalled connection AA:BB:CC:00:00:01
Aug 16 21:42:44.117029 n kernel: hci0 opcode 0x041f plen 2
Aug 16 21:42:44.117039 n kernel: hci0: skb len 5
Aug 16 21:42:44.117048 n kernel: hci0 cmd_cnt 0 cmd queued 172
Aug 16 21:42:44.119932 n kernel: Bluetooth: hci0: link tx timeout
Aug 16 21:42:44.119946 n kernel: Bluetooth: hci0: killing stalled connection AA:BB:CC:00:00:01
Aug 16 21:42:44.119973 n kernel: hci0 opcode 0x041f plen 2
Aug 16 21:42:44.119986 n kernel: hci0: skb len 5
Aug 16 21:42:44.119999 n kernel: hci0 cmd_cnt 0 cmd queued 173
Aug 16 21:42:44.127890 n kernel: Bluetooth: hci0: link tx timeout
Aug 16 21:42:44.127900 n kernel: Bluetooth: hci0: killing stalled connection AA:BB:CC:00:00:01
Aug 16 21:42:44.127918 n kernel: hci0 opcode 0x041f plen 2
Aug 16 21:42:44.127927 n kernel: hci0: skb len 5
Aug 16 21:42:44.127935 n kernel: hci0 cmd_cnt 0 cmd queued 174
Aug 16 21:42:44.138963 n kernel: Bluetooth: hci0: link tx timeout
Aug 16 21:42:44.138980 n kernel: Bluetooth: hci0: killing stalled connection AA:BB:CC:00:00:01
Aug 16 21:42:44.139031 n kernel: hci0 opcode 0x041f plen 2
Aug 16 21:42:44.139046 n kernel: hci0: skb len 5
Aug 16 21:42:44.139062 n kernel: hci0 cmd_cnt 0 cmd queued 175
Aug 16 21:42:44.142964 n kernel: Bluetooth: hci0: link tx timeout
Aug 16 21:42:44.142982 n kernel: Bluetooth: hci0: killing stalled connection AA:BB:CC:00:00:01
Aug 16 21:42:44.143029 n kernel: hci0 opcode 0x041f plen 2
Aug 16 21:42:44.143053 n kernel: hci0: skb len 5
Aug 16 21:42:44.143068 n kernel: hci0 cmd_cnt 0 cmd queued 176
Aug 16 21:42:44.150935 n kernel: Bluetooth: hci0: link tx timeout
Aug 16 21:42:44.150945 n kernel: Bluetooth: hci0: killing stalled connection AA:BB:CC:00:00:01
Aug 16 21:42:44.150963 n kernel: hci0 opcode 0x041f plen 2
Aug 16 21:42:44.150978 n kernel: hci0: skb len 5
Aug 16 21:42:44.150987 n kernel: hci0 cmd_cnt 0 cmd queued 177
Aug 16 21:42:44.159945 n kernel: Bluetooth: hci0: link tx timeout
Aug 16 21:42:44.159963 n kernel: Bluetooth: hci0: killing stalled connection AA:BB:CC:00:00:01
Aug 16 21:42:44.159995 n kernel: hci0 opcode 0x041f plen 2
Aug 16 21:42:44.160026 n kernel: hci0: skb len 5
Aug 16 21:42:44.160042 n kernel: hci0 cmd_cnt 0 cmd queued 178
Aug 16 21:42:44.164929 n kernel: Bluetooth: hci0: link tx timeout
Aug 16 21:42:44.164938 n kernel: Bluetooth: hci0: killing stalled connection AA:BB:CC:00:00:01
Aug 16 21:42:44.164957 n kernel: hci0 opcode 0x041f plen 2
Aug 16 21:42:44.164965 n kernel: hci0: skb len 5
Aug 16 21:42:44.164974 n kernel: hci0 cmd_cnt 0 cmd queued 179
Aug 16 21:42:44.172928 n kernel: Bluetooth: hci0: link tx timeout
Aug 16 21:42:44.172937 n kernel: Bluetooth: hci0: killing stalled connection AA:BB:CC:00:00:01
Aug 16 21:42:44.172954 n kernel: hci0 opcode 0x041f plen 2
Aug 16 21:42:44.172974 n kernel: hci0: skb len 5
Aug 16 21:42:44.172982 n kernel: hci0 cmd_cnt 0 cmd queued 180
Aug 16 21:42:44.180953 n kernel: Bluetooth: hci0: link tx timeout
Aug 16 21:42:44.180963 n kernel: Bluetooth: hci0: killing stalled connection AA:BB:CC:00:00:01
Aug 16 21:42:44.180979 n kernel: hci0 opcode 0x041f plen 2
Aug 16 21:42:44.180987 n kernel: hci0: skb len 5
Aug 16 21:42:44.180994 n kernel: hci0 cmd_cnt 0 cmd queued 181
Aug 16 21:42:44.187937 n kernel: Bluetooth: hci0: link tx timeout
Aug 16 21:42:44.187957 n kernel: Bluetooth: hci0: killing stalled connection AA:BB:CC:00:00:01
Aug 16 21:42:44.187974 n kernel: hci0 opcode 0x041f plen 2
Aug 16 21:42:44.187982 n kernel: hci0: skb len 5
Aug 16 21:42:44.187992 n kernel: hci0 cmd_cnt 0 cmd queued 182
Aug 16 21:42:44.202946 n kernel: Bluetooth: hci0: link tx timeout
Aug 16 21:42:44.202960 n kernel: Bluetooth: hci0: killing stalled connection AA:BB:CC:00:00:01
Aug 16 21:42:44.203002 n kernel: hci0 opcode 0x041f plen 2
Aug 16 21:42:44.203016 n kernel: hci0: skb len 5
Aug 16 21:42:44.203029 n kernel: hci0 cmd_cnt 0 cmd queued 183
Aug 16 21:42:44.203069 n kernel: Bluetooth: hci0: link tx timeout
Aug 16 21:42:44.203083 n kernel: Bluetooth: hci0: killing stalled connection AA:BB:CC:00:00:01
Aug 16 21:42:44.203108 n kernel: hci0 opcode 0x041f plen 2
Aug 16 21:42:44.203121 n kernel: hci0: skb len 5
Aug 16 21:42:44.203143 n kernel: hci0 cmd_cnt 0 cmd queued 184
Aug 16 21:42:44.209957 n kernel: Bluetooth: hci0: link tx timeout
Aug 16 21:42:44.209972 n kernel: Bluetooth: hci0: killing stalled connection AA:BB:CC:00:00:01
Aug 16 21:42:44.210000 n kernel: hci0 opcode 0x041f plen 2
Aug 16 21:42:44.210013 n kernel: hci0: skb len 5
Aug 16 21:42:44.210026 n kernel: hci0 cmd_cnt 0 cmd queued 185
Aug 16 21:42:44.223942 n kernel: Bluetooth: hci0: link tx timeout
Aug 16 21:42:44.223964 n kernel: Bluetooth: hci0: killing stalled connection AA:BB:CC:00:00:01
Aug 16 21:42:44.223999 n kernel: hci0 opcode 0x041f plen 2
Aug 16 21:42:44.224014 n kernel: hci0: skb len 5
Aug 16 21:42:44.224027 n kernel: hci0 cmd_cnt 0 cmd queued 186
Aug 16 21:42:44.224936 n kernel: Bluetooth: hci0: link tx timeout
Aug 16 21:42:44.224943 n kernel: Bluetooth: hci0: killing stalled connection AA:BB:CC:00:00:01
Aug 16 21:42:44.224957 n kernel: hci0 opcode 0x041f plen 2
Aug 16 21:42:44.224964 n kernel: hci0: skb len 5
Aug 16 21:42:44.224971 n kernel: hci0 cmd_cnt 0 cmd queued 187
Aug 16 21:42:44.232897 n kernel: Bluetooth: hci0: link tx timeout
Aug 16 21:42:44.232906 n kernel: Bluetooth: hci0: killing stalled connection AA:BB:CC:00:00:01
Aug 16 21:42:44.232923 n kernel: hci0 opcode 0x041f plen 2
Aug 16 21:42:44.232932 n kernel: hci0: skb len 5
Aug 16 21:42:44.232940 n kernel: hci0 cmd_cnt 0 cmd queued 188
Aug 16 21:42:44.244961 n kernel: Bluetooth: hci0: link tx timeout
Aug 16 21:42:44.244971 n kernel: Bluetooth: hci0: killing stalled connection AA:BB:CC:00:00:01
Aug 16 21:42:44.244990 n kernel: hci0 opcode 0x041f plen 2
Aug 16 21:42:44.244999 n kernel: hci0: skb len 5
Aug 16 21:42:44.245007 n kernel: Bluetooth: hci0: link tx timeout
Aug 16 21:42:44.245016 n kernel: Bluetooth: hci0: killing stalled connection AA:BB:CC:00:00:01
Aug 16 21:42:44.245033 n kernel: hci0 opcode 0x041f plen 2
Aug 16 21:42:44.245041 n kernel: hci0: skb len 5
Aug 16 21:42:44.245049 n kernel: hci0 cmd_cnt 0 cmd queued 190
Aug 16 21:42:44.247908 n kernel: Bluetooth: hci0: link tx timeout
Aug 16 21:42:44.247918 n kernel: Bluetooth: hci0: killing stalled connection AA:BB:CC:00:00:01
Aug 16 21:42:44.247937 n kernel: hci0 opcode 0x041f plen 2
Aug 16 21:42:44.247946 n kernel: hci0: skb len 5
Aug 16 21:42:44.247955 n kernel: hci0 cmd_cnt 0 cmd queued 191
Aug 16 21:42:44.254963 n kernel: Bluetooth: hci0: link tx timeout
Aug 16 21:42:44.254986 n kernel: Bluetooth: hci0: killing stalled connection AA:BB:CC:00:00:01
Aug 16 21:42:44.255033 n kernel: hci0 opcode 0x041f plen 2
Aug 16 21:42:44.255046 n kernel: hci0: skb len 5
Aug 16 21:42:44.255059 n kernel: hci0 cmd_cnt 0 cmd queued 192
Aug 16 21:42:44.267033 n kernel: Bluetooth: hci0: link tx timeout
Aug 16 21:42:44.267047 n kernel: Bluetooth: hci0: killing stalled connection AA:BB:CC:00:00:01
Aug 16 21:42:44.267072 n kernel: hci0 opcode 0x041f plen 2
Aug 16 21:42:44.267084 n kernel: hci0: skb len 5
Aug 16 21:42:44.267095 n kernel: hci0 cmd_cnt 0 cmd queued 193
Aug 16 21:42:44.269944 n kernel: Bluetooth: hci0: link tx timeout
Aug 16 21:42:44.269958 n kernel: Bluetooth: hci0: killing stalled connection AA:BB:CC:00:00:01
Aug 16 21:42:44.269984 n kernel: hci0 opcode 0x041f plen 2
Aug 16 21:42:44.269997 n kernel: hci0: skb len 5
Aug 16 21:42:44.270010 n kernel: hci0 cmd_cnt 0 cmd queued 194
Aug 16 21:42:44.277898 n kernel: Bluetooth: hci0: link tx timeout
Aug 16 21:42:44.277911 n kernel: Bluetooth: hci0: killing stalled connection AA:BB:CC:00:00:01
Aug 16 21:42:44.277937 n kernel: hci0 opcode 0x041f plen 2
Aug 16 21:42:44.277950 n kernel: hci0: skb len 5
Aug 16 21:42:44.277963 n kernel: hci0 cmd_cnt 0 cmd queued 195
Aug 16 21:42:44.287944 n kernel: Bluetooth: hci0: link tx timeout
Aug 16 21:42:44.287958 n kernel: Bluetooth: hci0: killing stalled connection AA:BB:CC:00:00:01
Aug 16 21:42:44.287986 n kernel: hci0 opcode 0x041f plen 2
Aug 16 21:42:44.288017 n kernel: hci0: skb len 5
Aug 16 21:42:44.288030 n kernel: hci0 cmd_cnt 0 cmd queued 196
Aug 16 21:42:44.292874 n kernel: Bluetooth: hci0: link tx timeout
Aug 16 21:42:44.292882 n kernel: Bluetooth: hci0: killing stalled connection AA:BB:CC:00:00:01
Aug 16 21:42:44.292895 n kernel: hci0 opcode 0x041f plen 2
Aug 16 21:42:44.292902 n kernel: hci0: skb len 5
Aug 16 21:42:44.292909 n kernel: hci0 cmd_cnt 0 cmd queued 197
Aug 16 21:42:44.299941 n kernel: Bluetooth: hci0: link tx timeout
Aug 16 21:42:44.299951 n kernel: Bluetooth: hci0: killing stalled connection AA:BB:CC:00:00:01
Aug 16 21:42:44.299969 n kernel: hci0 opcode 0x041f plen 2
Aug 16 21:42:44.299978 n kernel: hci0: skb len 5
Aug 16 21:42:44.299987 n kernel: hci0 cmd_cnt 0 cmd queued 198
Aug 16 21:42:44.308897 n kernel: Bluetooth: hci0: link tx timeout
Aug 16 21:42:44.308906 n kernel: Bluetooth: hci0: killing stalled connection AA:BB:CC:00:00:01
Aug 16 21:42:44.308924 n kernel: hci0 opcode 0x041f plen 2
Aug 16 21:42:44.308933 n kernel: hci0: skb len 5
Aug 16 21:42:44.308941 n kernel: hci0 cmd_cnt 0 cmd queued 199
Aug 16 21:42:44.314953 n kernel: Bluetooth: hci0: link tx timeout
Aug 16 21:42:44.314969 n kernel: Bluetooth: hci0: killing stalled connection AA:BB:CC:00:00:01
Aug 16 21:42:44.315002 n kernel: hci0 opcode 0x041f plen 2
Aug 16 21:42:44.315018 n kernel: hci0: skb len 5
Aug 16 21:42:44.315034 n kernel: hci0 cmd_cnt 0 cmd queued 200
Aug 16 21:42:44.322917 n kernel: Bluetooth: hci0: link tx timeout
Aug 16 21:42:44.322936 n kernel: Bluetooth: hci0: killing stalled connection AA:BB:CC:00:00:01
Aug 16 21:42:44.322959 n kernel: hci0 opcode 0x041f plen 2
Aug 16 21:42:44.322968 n kernel: hci0: skb len 5
Aug 16 21:42:44.322976 n kernel: hci0 cmd_cnt 0 cmd queued 201
Aug 16 21:42:44.330926 n kernel: Bluetooth: hci0: link tx timeout
Aug 16 21:42:44.330936 n kernel: Bluetooth: hci0: killing stalled connection AA:BB:CC:00:00:01
Aug 16 21:42:44.330954 n kernel: hci0 opcode 0x041f plen 2
Aug 16 21:42:44.330963 n kernel: hci0: skb len 5
Aug 16 21:42:44.330971 n kernel: hci0 cmd_cnt 0 cmd queued 202
Aug 16 21:42:44.337918 n kernel: Bluetooth: hci0: link tx timeout
Aug 16 21:42:44.337927 n kernel: Bluetooth: hci0: killing stalled connection AA:BB:CC:00:00:01
Aug 16 21:42:44.337945 n kernel: hci0 opcode 0x041f plen 2
Aug 16 21:42:44.337954 n kernel: hci0: skb len 5
Aug 16 21:42:44.337962 n kernel: hci0 cmd_cnt 0 cmd queued 203
Aug 16 21:42:44.351936 n kernel: Bluetooth: hci0: link tx timeout
Aug 16 21:42:44.351949 n kernel: Bluetooth: hci0: killing stalled connection AA:BB:CC:00:00:01
Aug 16 21:42:44.351970 n kernel: hci0 opcode 0x041f plen 2
Aug 16 21:42:44.351981 n kernel: hci0: skb len 5
Aug 16 21:42:44.351991 n kernel: hci0 cmd_cnt 0 cmd queued 204
Aug 16 21:42:44.352863 n kernel: Bluetooth: hci0: link tx timeout
Aug 16 21:42:44.352884 n kernel: Bluetooth: hci0: killing stalled connection AA:BB:CC:00:00:01
Aug 16 21:42:44.352900 n kernel: hci0 opcode 0x041f plen 2
Aug 16 21:42:44.352907 n kernel: hci0: skb len 5
Aug 16 21:42:44.352915 n kernel: hci0 cmd_cnt 0 cmd queued 205
Aug 16 21:42:44.359923 n kernel: Bluetooth: hci0: link tx timeout
Aug 16 21:42:44.359932 n kernel: Bluetooth: hci0: killing stalled connection AA:BB:CC:00:00:01
Aug 16 21:42:44.359951 n kernel: hci0 opcode 0x041f plen 2
Aug 16 21:42:44.359959 n kernel: hci0: skb len 5
Aug 16 21:42:44.359968 n kernel: hci0 cmd_cnt 0 cmd queued 206
Aug 16 21:42:44.372904 n kernel: Bluetooth: hci0: link tx timeout
Aug 16 21:42:44.372912 n kernel: Bluetooth: hci0: killing stalled connection AA:BB:CC:00:00:01
Aug 16 21:42:44.372931 n kernel: hci0 opcode 0x041f plen 2
Aug 16 21:42:44.372939 n kernel: hci0: skb len 5
Aug 16 21:42:44.372956 n kernel: hci0 cmd_cnt 0 cmd queued 207
Aug 16 21:42:44.374904 n kernel: Bluetooth: hci0: link tx timeout
Aug 16 21:42:44.374919 n kernel: Bluetooth: hci0: killing stalled connection AA:BB:CC:00:00:01
Aug 16 21:42:44.374959 n kernel: hci0 opcode 0x041f plen 2
Aug 16 21:42:44.374973 n kernel: hci0: skb len 5
Aug 16 21:42:44.374987 n kernel: hci0 cmd_cnt 0 cmd queued 208
Aug 16 21:42:44.382880 n kernel: Bluetooth: hci0: link tx timeout
Aug 16 21:42:44.382889 n kernel: Bluetooth: hci0: killing stalled connection AA:BB:CC:00:00:01
Aug 16 21:42:44.382908 n kernel: hci0 opcode 0x041f plen 2
Aug 16 21:42:44.382917 n kernel: hci0: skb len 5
Aug 16 21:42:44.382925 n kernel: hci0 cmd_cnt 0 cmd queued 209
Aug 16 21:42:44.394948 n kernel: Bluetooth: hci0: link tx timeout
Aug 16 21:42:44.394965 n kernel: Bluetooth: hci0: killing stalled connection AA:BB:CC:00:00:01
Aug 16 21:42:44.394983 n kernel: hci0 opcode 0x041f plen 2
Aug 16 21:42:44.394993 n kernel: hci0: skb len 5
Aug 16 21:42:44.395002 n kernel: hci0 cmd_cnt 0 cmd queued 210
Aug 16 21:42:44.398014 n kernel: Bluetooth: hci0: link tx timeout
Aug 16 21:42:44.398027 n kernel: Bluetooth: hci0: killing stalled connection AA:BB:CC:00:00:01
Aug 16 21:42:44.398060 n kernel: hci0 opcode 0x041f plen 2
Aug 16 21:42:44.398073 n kernel: hci0: skb len 5
Aug 16 21:42:44.398085 n kernel: hci0 cmd_cnt 0 cmd queued 211
Aug 16 21:42:44.404944 n kernel: Bluetooth: hci0: link tx timeout
Aug 16 21:42:44.404961 n kernel: Bluetooth: hci0: killing stalled connection AA:BB:CC:00:00:01
Aug 16 21:42:44.404992 n kernel: hci0 opcode 0x041f plen 2
Aug 16 21:42:44.405008 n kernel: hci0: skb len 5
Aug 16 21:42:44.405024 n kernel: hci0 cmd_cnt 0 cmd queued 212
Aug 16 21:42:44.415944 n kernel: Bluetooth: hci0: link tx timeout
Aug 16 21:42:44.415961 n kernel: Bluetooth: hci0: killing stalled connection AA:BB:CC:00:00:01
Aug 16 21:42:44.415979 n kernel: hci0 opcode 0x041f plen 2
Aug 16 21:42:44.415988 n kernel: hci0: skb len 5
Aug 16 21:42:44.416009 n kernel: hci0 cmd_cnt 0 cmd queued 213
Aug 16 21:42:44.419952 n kernel: Bluetooth: hci0: link tx timeout
Aug 16 21:42:44.419969 n kernel: Bluetooth: hci0: killing stalled connection AA:BB:CC:00:00:01
Aug 16 21:42:44.420008 n kernel: hci0 opcode 0x041f plen 2
Aug 16 21:42:44.420023 n kernel: hci0: skb len 5
Aug 16 21:42:44.420039 n kernel: hci0 cmd_cnt 0 cmd queued 214
Aug 16 21:42:44.427952 n kernel: Bluetooth: hci0: link tx timeout
Aug 16 21:42:44.427969 n kernel: Bluetooth: hci0: killing stalled connection AA:BB:CC:00:00:01
Aug 16 21:42:44.428001 n kernel: hci0 opcode 0x041f plen 2
Aug 16 21:42:44.428017 n kernel: hci0: skb len 5
Aug 16 21:42:44.428033 n kernel: hci0 cmd_cnt 0 cmd queued 215
Aug 16 21:42:44.436979 n kernel: Bluetooth: hci0: link tx timeout
Aug 16 21:42:44.436998 n kernel: Bluetooth: hci0: killing stalled connection AA:BB:CC:00:00:01
Aug 16 21:42:44.437034 n kernel: hci0 opcode 0x041f plen 2
Aug 16 21:42:44.437050 n kernel: hci0: skb len 5
Aug 16 21:42:44.437065 n kernel: hci0 cmd_cnt 0 cmd queued 216
Aug 16 21:42:44.442925 n kernel: Bluetooth: hci0: link tx timeout
Aug 16 21:42:44.442939 n kernel: Bluetooth: hci0: killing stalled connection AA:BB:CC:00:00:01
Aug 16 21:42:44.442964 n kernel: hci0 opcode 0x041f plen 2
Aug 16 21:42:44.442977 n kernel: hci0: skb len 5
Aug 16 21:42:44.442989 n kernel: hci0 cmd_cnt 0 cmd queued 217
Aug 16 21:42:44.449975 n kernel: Bluetooth: hci0: link tx timeout
Aug 16 21:42:44.449999 n kernel: Bluetooth: hci0: killing stalled connection AA:BB:CC:00:00:01
Aug 16 21:42:44.450035 n kernel: hci0 opcode 0x041f plen 2
Aug 16 21:42:44.450050 n kernel: hci0: skb len 5
Aug 16 21:42:44.450066 n kernel: hci0 cmd_cnt 0 cmd queued 218
Aug 16 21:42:44.458924 n kernel: Bluetooth: hci0: link tx timeout
Aug 16 21:42:44.458938 n kernel: Bluetooth: hci0: killing stalled connection AA:BB:CC:00:00:01
Aug 16 21:42:44.458957 n kernel: hci0 opcode 0x041f plen 2
Aug 16 21:42:44.458966 n kernel: hci0: skb len 5
Aug 16 21:42:44.458985 n kernel: hci0 cmd_cnt 0 cmd queued 219
Aug 16 21:42:44.464962 n kernel: Bluetooth: hci0: link tx timeout
Aug 16 21:42:44.464979 n kernel: Bluetooth: hci0: killing stalled connection AA:BB:CC:00:00:01
Aug 16 21:42:44.465028 n kernel: hci0 opcode 0x041f plen 2
Aug 16 21:42:44.465045 n kernel: hci0: skb len 5
Aug 16 21:42:44.465060 n kernel: hci0 cmd_cnt 0 cmd queued 220
Aug 16 21:42:44.479971 n kernel: Bluetooth: hci0: link tx timeout
Aug 16 21:42:44.479988 n kernel: Bluetooth: hci0: killing stalled connection AA:BB:CC:00:00:01
Aug 16 21:42:44.480021 n kernel: hci0 opcode 0x041f plen 2
Aug 16 21:42:44.480037 n kernel: hci0: skb len 5
Aug 16 21:42:44.480053 n kernel: hci0 cmd_cnt 0 cmd queued 221
Aug 16 21:42:44.480101 n kernel: Bluetooth: hci0: link tx timeout
Aug 16 21:42:44.480109 n kernel: Bluetooth: hci0: killing stalled connection AA:BB:CC:00:00:01
Aug 16 21:42:44.480127 n kernel: hci0 opcode 0x041f plen 2
Aug 16 21:42:44.480135 n kernel: hci0: skb len 5
Aug 16 21:42:44.480143 n kernel: hci0 cmd_cnt 0 cmd queued 222
Aug 16 21:42:44.487939 n kernel: Bluetooth: hci0: link tx timeout
Aug 16 21:42:44.487956 n kernel: Bluetooth: hci0: killing stalled connection AA:BB:CC:00:00:01
Aug 16 21:42:44.487989 n kernel: hci0 opcode 0x041f plen 2
Aug 16 21:42:44.488004 n kernel: hci0: skb len 5
Aug 16 21:42:44.488020 n kernel: hci0 cmd_cnt 0 cmd queued 223
Aug 16 21:42:44.500914 n kernel: Bluetooth: hci0: link tx timeout
Aug 16 21:42:44.500923 n kernel: Bluetooth: hci0: killing stalled connection AA:BB:CC:00:00:01
Aug 16 21:42:44.500941 n kernel: hci0 opcode 0x041f plen 2
Aug 16 21:42:44.500950 n kernel: hci0: skb len 5
Aug 16 21:42:44.500958 n kernel: hci0 cmd_cnt 0 cmd queued 224
Aug 16 21:42:44.502894 n kernel: Bluetooth: hci0: link tx timeout
Aug 16 21:42:44.502903 n kernel: Bluetooth: hci0: killing stalled connection AA:BB:CC:00:00:01
Aug 16 21:42:44.502934 n kernel: hci0 opcode 0x041f plen 2
Aug 16 21:42:44.502943 n kernel: hci0: skb len 5
Aug 16 21:42:44.502952 n kernel: hci0 cmd_cnt 0 cmd queued 225
Aug 16 21:42:44.509971 n kernel: Bluetooth: hci0: link tx timeout
Aug 16 21:42:44.509988 n kernel: Bluetooth: hci0: killing stalled connection AA:BB:CC:00:00:01
Aug 16 21:42:44.510022 n kernel: hci0 opcode 0x041f plen 2
Aug 16 21:42:44.510038 n kernel: hci0: skb len 5
Aug 16 21:42:44.510053 n kernel: hci0 cmd_cnt 0 cmd queued 226
Aug 16 21:42:44.522913 n kernel: Bluetooth: hci0: link tx timeout
Aug 16 21:42:44.522921 n kernel: Bluetooth: hci0: killing stalled connection AA:BB:CC:00:00:01
Aug 16 21:42:44.522936 n kernel: hci0 opcode 0x041f plen 2
Aug 16 21:42:44.522943 n kernel: hci0: skb len 5
Aug 16 21:42:44.522951 n kernel: hci0 cmd_cnt 0 cmd queued 227
Aug 16 21:42:44.524882 n kernel: Bluetooth: hci0: link tx timeout
Aug 16 21:42:44.524892 n kernel: Bluetooth: hci0: killing stalled connection AA:BB:CC:00:00:01
Aug 16 21:42:44.524910 n kernel: hci0 opcode 0x041f plen 2
Aug 16 21:42:44.524919 n kernel: hci0: skb len 5
Aug 16 21:42:44.524928 n kernel: hci0 cmd_cnt 0 cmd queued 228
Aug 16 21:42:44.532882 n kernel: Bluetooth: hci0: link tx timeout
Aug 16 21:42:44.532891 n kernel: Bluetooth: hci0: killing stalled connection AA:BB:CC:00:00:01
Aug 16 21:42:44.532909 n kernel: hci0 opcode 0x041f plen 2
Aug 16 21:42:44.532917 n kernel: hci0: skb len 5
Aug 16 21:42:44.532925 n kernel: hci0 cmd_cnt 0 cmd queued 229
Aug 16 21:42:44.543943 n kernel: Bluetooth: hci0: link tx timeout
Aug 16 21:42:44.543959 n kernel: Bluetooth: hci0: killing stalled connection AA:BB:CC:00:00:01
Aug 16 21:42:44.543991 n kernel: hci0 opcode 0x041f plen 2
Aug 16 21:42:44.544008 n kernel: hci0: skb len 5
Aug 16 21:42:44.544023 n kernel: hci0 cmd_cnt 0 cmd queued 230
Aug 16 21:42:44.547879 n kernel: Bluetooth: hci0: link tx timeout
Aug 16 21:42:44.547888 n kernel: Bluetooth: hci0: killing stalled connection AA:BB:CC:00:00:01
Aug 16 21:42:44.547908 n kernel: hci0 opcode 0x041f plen 2
Aug 16 21:42:44.547917 n kernel: hci0: skb len 5
Aug 16 21:42:44.547925 n kernel: hci0 cmd_cnt 0 cmd queued 231
Aug 16 21:42:44.554934 n kernel: Bluetooth: hci0: link tx timeout
Aug 16 21:42:44.554950 n kernel: Bluetooth: hci0: killing stalled connection AA:BB:CC:00:00:01
Aug 16 21:42:44.554982 n kernel: hci0 opcode 0x041f plen 2
Aug 16 21:42:44.554997 n kernel: hci0: skb len 5
Aug 16 21:42:44.555013 n kernel: hci0 cmd_cnt 0 cmd queued 232
Aug 16 21:42:44.564881 n kernel: Bluetooth: hci0: link tx timeout
Aug 16 21:42:44.564891 n kernel: Bluetooth: hci0: killing stalled connection AA:BB:CC:00:00:01
Aug 16 21:42:44.564908 n kernel: hci0 opcode 0x041f plen 2
Aug 16 21:42:44.564916 n kernel: hci0: skb len 5
Aug 16 21:42:44.564924 n kernel: hci0 cmd_cnt 0 cmd queued 233
Aug 16 21:42:44.569919 n kernel: Bluetooth: hci0: link tx timeout
Aug 16 21:42:44.569932 n kernel: Bluetooth: hci0: killing stalled connection AA:BB:CC:00:00:01
Aug 16 21:42:44.569958 n kernel: hci0 opcode 0x041f plen 2
Aug 16 21:42:44.569971 n kernel: hci0: skb len 5
Aug 16 21:42:44.569987 n kernel: hci0 cmd_cnt 0 cmd queued 234
Aug 16 21:42:44.577913 n kernel: Bluetooth: hci0: link tx timeout
Aug 16 21:42:44.577930 n kernel: Bluetooth: hci0: killing stalled connection AA:BB:CC:00:00:01
Aug 16 21:42:44.577971 n kernel: hci0 opcode 0x041f plen 2
Aug 16 21:42:44.577986 n kernel: hci0: skb len 5
Aug 16 21:42:44.578002 n kernel: hci0 cmd_cnt 0 cmd queued 235
Aug 16 21:42:44.586988 n kernel: Bluetooth: hci0: link tx timeout
Aug 16 21:42:44.587005 n kernel: Bluetooth: hci0: killing stalled connection AA:BB:CC:00:00:01
Aug 16 21:42:44.587037 n kernel: hci0 opcode 0x041f plen 2
Aug 16 21:42:44.587052 n kernel: hci0: skb len 5
Aug 16 21:42:44.587068 n kernel: Bluetooth: hci0: link tx timeout
Aug 16 21:42:44.587084 n kernel: Bluetooth: hci0: killing stalled connection AA:BB:CC:00:00:01
Aug 16 21:42:44.587119 n kernel: hci0 opcode 0x041f plen 2
Aug 16 21:42:44.587153 n kernel: hci0: skb len 5
Aug 16 21:42:44.587186 n kernel: hci0 cmd_cnt 0 cmd queued 237
Aug 16 21:42:44.592901 n kernel: Bluetooth: hci0: link tx timeout
Aug 16 21:42:44.592914 n kernel: Bluetooth: hci0: killing stalled connection AA:BB:CC:00:00:01
Aug 16 21:42:44.592940 n kernel: hci0 opcode 0x041f plen 2
Aug 16 21:42:44.592966 n kernel: hci0: skb len 5
Aug 16 21:42:44.592978 n kernel: hci0 cmd_cnt 0 cmd queued 238
Aug 16 21:42:44.599948 n kernel: Bluetooth: hci0: link tx timeout
Aug 16 21:42:44.599964 n kernel: Bluetooth: hci0: killing stalled connection AA:BB:CC:00:00:01
Aug 16 21:42:44.599997 n kernel: hci0 opcode 0x041f plen 2
Aug 16 21:42:44.600013 n kernel: hci0: skb len 5
Aug 16 21:42:44.600028 n kernel: hci0 cmd_cnt 0 cmd queued 239
Aug 16 21:42:44.607963 n kernel: Bluetooth: hci0: link tx timeout
Aug 16 21:42:44.607981 n kernel: Bluetooth: hci0: killing stalled connection AA:BB:CC:00:00:01
Aug 16 21:42:44.608014 n kernel: hci0 opcode 0x041f plen 2
Aug 16 21:42:44.608030 n kernel: hci0: skb len 5
Aug 16 21:42:44.608045 n kernel: hci0 cmd_cnt 0 cmd queued 240
Aug 16 21:42:44.614951 n kernel: Bluetooth: hci0: link tx timeout
Aug 16 21:42:44.614968 n kernel: Bluetooth: hci0: killing stalled connection AA:BB:CC:00:00:01
Aug 16 21:42:44.615001 n kernel: hci0 opcode 0x041f plen 2
Aug 16 21:42:44.615016 n kernel: hci0: skb len 5
Aug 16 21:42:44.615032 n kernel: hci0 cmd_cnt 0 cmd queued 241
Aug 16 21:42:44.628908 n kernel: Bluetooth: hci0: link tx timeout
Aug 16 21:42:44.628918 n kernel: Bluetooth: hci0: killing stalled connection AA:BB:CC:00:00:01
Aug 16 21:42:44.628935 n kernel: hci0 opcode 0x041f plen 2
Aug 16 21:42:44.628944 n kernel: hci0: skb len 5
Aug 16 21:42:44.628953 n kernel: hci0 cmd_cnt 0 cmd queued 242
Aug 16 21:42:44.629902 n kernel: Bluetooth: hci0: link tx timeout
Aug 16 21:42:44.629911 n kernel: Bluetooth: hci0: killing stalled connection AA:BB:CC:00:00:01
Aug 16 21:42:44.629928 n kernel: hci0 opcode 0x041f plen 2
Aug 16 21:42:44.629936 n kernel: hci0: skb len 5
Aug 16 21:42:44.629945 n kernel: hci0 cmd_cnt 0 cmd queued 243
Aug 16 21:42:44.637934 n kernel: Bluetooth: hci0: link tx timeout
Aug 16 21:42:44.637951 n kernel: Bluetooth: hci0: killing stalled connection AA:BB:CC:00:00:01
Aug 16 21:42:44.637983 n kernel: hci0 opcode 0x041f plen 2
Aug 16 21:42:44.637999 n kernel: hci0: skb len 5
Aug 16 21:42:44.638015 n kernel: hci0 cmd_cnt 0 cmd queued 244
Aug 16 21:42:44.651024 n kernel: Bluetooth: hci0: link tx timeout
Aug 16 21:42:44.651041 n kernel: Bluetooth: hci0: killing stalled connection AA:BB:CC:00:00:01
Aug 16 21:42:44.651074 n kernel: hci0 opcode 0x041f plen 2
Aug 16 21:42:44.651090 n kernel: hci0: skb len 5
Aug 16 21:42:44.651106 n kernel: hci0 cmd_cnt 0 cmd queued 245
Aug 16 21:42:44.652892 n kernel: Bluetooth: hci0: link tx timeout
Aug 16 21:42:44.652901 n kernel: Bluetooth: hci0: killing stalled connection AA:BB:CC:00:00:01
Aug 16 21:42:44.652920 n kernel: hci0 opcode 0x041f plen 2
Aug 16 21:42:44.652929 n kernel: hci0: skb len 5
Aug 16 21:42:44.652937 n kernel: hci0 cmd_cnt 0 cmd queued 246
Aug 16 21:42:44.659955 n kernel: Bluetooth: hci0: link tx timeout
Aug 16 21:42:44.659974 n kernel: Bluetooth: hci0: killing stalled connection AA:BB:CC:00:00:01
Aug 16 21:42:44.660008 n kernel: hci0 opcode 0x041f plen 2
Aug 16 21:42:44.660023 n kernel: hci0: skb len 5
Aug 16 21:42:44.660039 n kernel: hci0 cmd_cnt 0 cmd queued 247
Aug 16 21:42:44.671896 n kernel: Bluetooth: hci0: link tx timeout
Aug 16 21:42:44.671921 n kernel: Bluetooth: hci0: killing stalled connection AA:BB:CC:00:00:01
Aug 16 21:42:44.671948 n kernel: hci0 opcode 0x041f plen 2
Aug 16 21:42:44.671956 n kernel: hci0: skb len 5
Aug 16 21:42:44.671965 n kernel: hci0 cmd_cnt 0 cmd queued 248
Aug 16 21:42:44.674938 n kernel: Bluetooth: hci0: link tx timeout
Aug 16 21:42:44.674956 n kernel: Bluetooth: hci0: killing stalled connection AA:BB:CC:00:00:01
Aug 16 21:42:44.674980 n kernel: hci0 opcode 0x041f plen 2
Aug 16 21:42:44.674990 n kernel: hci0: skb len 5
Aug 16 21:42:44.674998 n kernel: Bluetooth: hci0: link tx timeout
Aug 16 21:42:44.675007 n kernel: Bluetooth: hci0: killing stalled connection AA:BB:CC:00:00:01
Aug 16 21:42:44.675025 n kernel: hci0 opcode 0x041f plen 2
Aug 16 21:42:44.675034 n kernel: hci0: skb len 5
Aug 16 21:42:44.675043 n kernel: hci0 cmd_cnt 0 cmd queued 250
Aug 16 21:42:44.682943 n kernel: Bluetooth: hci0: link tx timeout
Aug 16 21:42:44.682965 n kernel: Bluetooth: hci0: killing stalled connection AA:BB:CC:00:00:01
Aug 16 21:42:44.683026 n kernel: hci0 opcode 0x041f plen 2
Aug 16 21:42:44.683047 n kernel: hci0: skb len 5
Aug 16 21:42:44.683060 n kernel: hci0 cmd_cnt 0 cmd queued 251
Aug 16 21:42:44.692981 n kernel: Bluetooth: hci0: link tx timeout
Aug 16 21:42:44.693024 n kernel: Bluetooth: hci0: killing stalled connection AA:BB:CC:00:00:01
Aug 16 21:42:44.693057 n kernel: hci0 opcode 0x041f plen 2
Aug 16 21:42:44.693070 n kernel: hci0: skb len 5
Aug 16 21:42:44.693082 n kernel: hci0 cmd_cnt 0 cmd queued 252
Aug 16 21:42:44.697973 n kernel: Bluetooth: hci0: link tx timeout
Aug 16 21:42:44.697993 n kernel: Bluetooth: hci0: killing stalled connection AA:BB:CC:00:00:01
Aug 16 21:42:44.698020 n kernel: hci0 opcode 0x041f plen 2
Aug 16 21:42:44.698032 n kernel: hci0: skb len 5
Aug 16 21:42:44.698045 n kernel: hci0 cmd_cnt 0 cmd queued 253
Aug 16 21:42:44.704914 n kernel: Bluetooth: hci0: link tx timeout
Aug 16 21:42:44.704983 n kernel: Bluetooth: hci0: killing stalled connection AA:BB:CC:00:00:01
Aug 16 21:42:44.705021 n kernel: hci0 opcode 0x041f plen 2
Aug 16 21:42:44.705036 n kernel: hci0: skb len 5
Aug 16 21:42:44.705050 n kernel: hci0 cmd_cnt 0 cmd queued 254
Aug 16 21:42:44.714916 n kernel: Bluetooth: hci0: link tx timeout
Aug 16 21:42:44.714931 n kernel: Bluetooth: hci0: killing stalled connection AA:BB:CC:00:00:01
Aug 16 21:42:44.714968 n kernel: hci0 opcode 0x041f plen 2
Aug 16 21:42:44.714984 n kernel: hci0: skb len 5
Aug 16 21:42:44.714998 n kernel: hci0 cmd_cnt 0 cmd queued 255
Aug 16 21:42:44.720935 n kernel: Bluetooth: hci0: link tx timeout
Aug 16 21:42:44.720952 n kernel: Bluetooth: hci0: killing stalled connection AA:BB:CC:00:00:01
Aug 16 21:42:44.720991 n kernel: hci0 opcode 0x041f plen 2
Aug 16 21:42:44.721008 n kernel: hci0: skb len 5
Aug 16 21:42:44.721025 n kernel: hci0 cmd_cnt 0 cmd queued 256
Aug 16 21:42:44.727906 n kernel: Bluetooth: hci0: link tx timeout
Aug 16 21:42:44.727922 n kernel: Bluetooth: hci0: killing stalled connection AA:BB:CC:00:00:01
Aug 16 21:42:44.727954 n kernel: hci0 opcode 0x041f plen 2
Aug 16 21:42:44.727968 n kernel: hci0: skb len 5
Aug 16 21:42:44.727982 n kernel: hci0 cmd_cnt 0 cmd queued 257
Aug 16 21:42:44.735967 n kernel: Bluetooth: hci0: link tx timeout
Aug 16 21:42:44.735987 n kernel: Bluetooth: hci0: killing stalled connection AA:BB:CC:00:00:01
Aug 16 21:42:44.736021 n kernel: hci0 opcode 0x041f plen 2
Aug 16 21:42:44.736036 n kernel: hci0: skb len 5
Aug 16 21:42:44.736048 n kernel: hci0 cmd_cnt 0 cmd queued 258
Aug 16 21:42:44.742918 n kernel: Bluetooth: hci0: link tx timeout
Aug 16 21:42:44.742932 n kernel: Bluetooth: hci0: killing stalled connection AA:BB:CC:00:00:01
Aug 16 21:42:44.742966 n kernel: hci0 opcode 0x041f plen 2
Aug 16 21:42:44.742979 n kernel: hci0: skb len 5
Aug 16 21:42:44.742992 n kernel: hci0 cmd_cnt 0 cmd queued 259
Aug 16 21:42:44.756939 n kernel: Bluetooth: hci0: link tx timeout
Aug 16 21:42:44.756947 n kernel: Bluetooth: hci0: killing stalled connection AA:BB:CC:00:00:01
Aug 16 21:42:44.756966 n kernel: hci0 opcode 0x041f plen 2
Aug 16 21:42:44.756973 n kernel: hci0: skb len 5
Aug 16 21:42:44.756980 n kernel: hci0 cmd_cnt 0 cmd queued 260
Aug 16 21:42:44.757886 n kernel: Bluetooth: hci0: link tx timeout
Aug 16 21:42:44.757899 n kernel: Bluetooth: hci0: killing stalled connection AA:BB:CC:00:00:01
Aug 16 21:42:44.757923 n kernel: hci0 opcode 0x041f plen 2
Aug 16 21:42:44.757936 n kernel: hci0: skb len 5
Aug 16 21:42:44.757949 n kernel: hci0 cmd_cnt 0 cmd queued 261
Aug 16 21:42:44.764914 n kernel: Bluetooth: hci0: link tx timeout
Aug 16 21:42:44.764929 n kernel: Bluetooth: hci0: killing stalled connection AA:BB:CC:00:00:01
Aug 16 21:42:44.764961 n kernel: hci0 opcode 0x041f plen 2
Aug 16 21:42:44.764980 n kernel: hci0: skb len 5
Aug 16 21:42:44.765035 n kernel: hci0 cmd_cnt 0 cmd queued 262
Aug 16 21:42:44.778938 n kernel: Bluetooth: hci0: link tx timeout
Aug 16 21:42:44.778959 n kernel: Bluetooth: hci0: killing stalled connection AA:BB:CC:00:00:01
Aug 16 21:42:44.778991 n kernel: hci0 opcode 0x041f plen 2
Aug 16 21:42:44.779006 n kernel: hci0: skb len 5
Aug 16 21:42:44.779021 n kernel: hci0 cmd_cnt 0 cmd queued 263
Aug 16 21:42:44.779881 n kernel: Bluetooth: hci0: link tx timeout
Aug 16 21:42:44.779889 n kernel: Bluetooth: hci0: killing stalled connection AA:BB:CC:00:00:01
Aug 16 21:42:44.779904 n kernel: hci0 opcode 0x041f plen 2
Aug 16 21:42:44.779911 n kernel: hci0: skb len 5
Aug 16 21:42:44.779918 n kernel: hci0 cmd_cnt 0 cmd queued 264
Aug 16 21:42:44.787915 n kernel: Bluetooth: hci0: link tx timeout
Aug 16 21:42:44.787931 n kernel: Bluetooth: hci0: killing stalled connection AA:BB:CC:00:00:01
Aug 16 21:42:44.787967 n kernel: hci0 opcode 0x041f plen 2
Aug 16 21:42:44.787982 n kernel: hci0: skb len 5
Aug 16 21:42:44.787996 n kernel: hci0 cmd_cnt 0 cmd queued 265
Aug 16 21:42:44.799921 n kernel: Bluetooth: hci0: link tx timeout
Aug 16 21:42:44.799930 n kernel: Bluetooth: hci0: killing stalled connection AA:BB:CC:00:00:01
Aug 16 21:42:44.799947 n kernel: hci0 opcode 0x041f plen 2
Aug 16 21:42:44.799956 n kernel: hci0: skb len 5
Aug 16 21:42:44.799965 n kernel: hci0 cmd_cnt 0 cmd queued 266
Aug 16 21:42:44.802874 n kernel: Bluetooth: hci0: link tx timeout
Aug 16 21:42:44.802883 n kernel: Bluetooth: hci0: killing stalled connection AA:BB:CC:00:00:01
Aug 16 21:42:44.802902 n kernel: hci0 opcode 0x041f plen 2
Aug 16 21:42:44.802912 n kernel: hci0: skb len 5
Aug 16 21:42:44.802920 n kernel: hci0 cmd_cnt 0 cmd queued 267
Aug 16 21:42:44.810935 n kernel: Bluetooth: hci0: link tx timeout
Aug 16 21:42:44.810948 n kernel: Bluetooth: hci0: killing stalled connection AA:BB:CC:00:00:01
Aug 16 21:42:44.810981 n kernel: hci0 opcode 0x041f plen 2
Aug 16 21:42:44.810995 n kernel: hci0: skb len 5
Aug 16 21:42:44.811009 n kernel: hci0 cmd_cnt 0 cmd queued 268
Aug 16 21:42:44.821915 n kernel: Bluetooth: hci0: link tx timeout
Aug 16 21:42:44.821928 n kernel: Bluetooth: hci0: killing stalled connection AA:BB:CC:00:00:01
Aug 16 21:42:44.821952 n kernel: hci0 opcode 0x041f plen 2
Aug 16 21:42:44.821960 n kernel: hci0: skb len 5
Aug 16 21:42:44.821988 n kernel: hci0 cmd_cnt 0 cmd queued 269
Aug 16 21:42:44.824908 n kernel: Bluetooth: hci0: link tx timeout
Aug 16 21:42:44.824927 n kernel: Bluetooth: hci0: killing stalled connection AA:BB:CC:00:00:01
Aug 16 21:42:44.824956 n kernel: hci0 opcode 0x041f plen 2
Aug 16 21:42:44.824970 n kernel: hci0: skb len 5
Aug 16 21:42:44.824984 n kernel: Bluetooth: hci0: link tx timeout
Aug 16 21:42:44.824998 n kernel: Bluetooth: hci0: killing stalled connection AA:BB:CC:00:00:01
Aug 16 21:42:44.825026 n kernel: hci0 opcode 0x041f plen 2
Aug 16 21:42:44.825052 n kernel: hci0: skb len 5
Aug 16 21:42:44.825073 n kernel: hci0 cmd_cnt 0 cmd queued 271
Aug 16 21:42:44.832942 n kernel: Bluetooth: hci0: link tx timeout
Aug 16 21:42:44.832958 n kernel: Bluetooth: hci0: killing stalled connection AA:BB:CC:00:00:01
Aug 16 21:42:44.832991 n kernel: hci0 opcode 0x041f plen 2
Aug 16 21:42:44.833006 n kernel: hci0: skb len 5
Aug 16 21:42:44.833022 n kernel: hci0 cmd_cnt 0 cmd queued 272
Aug 16 21:42:44.842911 n kernel: Bluetooth: hci0: link tx timeout
Aug 16 21:42:44.842920 n kernel: Bluetooth: hci0: killing stalled connection AA:BB:CC:00:00:01
Aug 16 21:42:44.842938 n kernel: hci0 opcode 0x041f plen 2
Aug 16 21:42:44.842947 n kernel: hci0: skb len 5
Aug 16 21:42:44.842955 n kernel: hci0 cmd_cnt 0 cmd queued 273
Aug 16 21:42:44.847895 n kernel: Bluetooth: hci0: link tx timeout
Aug 16 21:42:44.847908 n kernel: Bluetooth: hci0: killing stalled connection AA:BB:CC:00:00:01
Aug 16 21:42:44.847934 n kernel: hci0 opcode 0x041f plen 2
Aug 16 21:42:44.847946 n kernel: hci0: skb len 5
Aug 16 21:42:44.847958 n kernel: hci0 cmd_cnt 0 cmd queued 274
Aug 16 21:42:44.855964 n kernel: Bluetooth: hci0: link tx timeout
Aug 16 21:42:44.855975 n kernel: Bluetooth: hci0: killing stalled connection AA:BB:CC:00:00:01
Aug 16 21:42:44.855996 n kernel: hci0 opcode 0x041f plen 2
Aug 16 21:42:44.856006 n kernel: hci0: skb len 5
Aug 16 21:42:44.856016 n kernel: hci0 cmd_cnt 0 cmd queued 275
Aug 16 21:42:44.864080 n kernel: Bluetooth: hci0: link tx timeout
Aug 16 21:42:44.864096 n kernel: Bluetooth: hci0: killing stalled connection AA:BB:CC:00:00:01
Aug 16 21:42:44.864123 n kernel: hci0 opcode 0x041f plen 2
Aug 16 21:42:44.864136 n kernel: hci0: skb len 5
Aug 16 21:42:44.864165 n kernel: hci0 cmd_cnt 0 cmd queued 276
Aug 16 21:42:44.869999 n kernel: Bluetooth: hci0: link tx timeout
Aug 16 21:42:44.870010 n kernel: Bluetooth: hci0: killing stalled connection AA:BB:CC:00:00:01
Aug 16 21:42:44.870029 n kernel: hci0 opcode 0x041f plen 2
Aug 16 21:42:44.870037 n kernel: hci0: skb len 5
Aug 16 21:42:44.870047 n kernel: hci0 cmd_cnt 0 cmd queued 277
Aug 16 21:42:44.886021 n kernel: Bluetooth: hci0: link tx timeout
Aug 16 21:42:44.886033 n kernel: Bluetooth: hci0: killing stalled connection AA:BB:CC:00:00:01
Aug 16 21:42:44.886052 n kernel: hci0 opcode 0x041f plen 2
Aug 16 21:42:44.886061 n kernel: hci0: skb len 5
Aug 16 21:42:44.886070 n kernel: Bluetooth: hci0: link tx timeout
Aug 16 21:42:44.886078 n kernel: Bluetooth: hci0: killing stalled connection AA:BB:CC:00:00:01
Aug 16 21:42:44.886096 n kernel: hci0 opcode 0x041f plen 2
Aug 16 21:42:44.886104 n kernel: hci0: skb len 5
Aug 16 21:42:44.886195 n kernel: hci0 cmd_cnt 0 cmd queued 279
Aug 16 21:42:44.892984 n kernel: Bluetooth: hci0: link tx timeout
Aug 16 21:42:44.893001 n kernel: Bluetooth: hci0: killing stalled connection AA:BB:CC:00:00:01
Aug 16 21:42:44.893032 n kernel: hci0 opcode 0x041f plen 2
Aug 16 21:42:44.893047 n kernel: hci0: skb len 5
Aug 16 21:42:44.893061 n kernel: hci0 cmd_cnt 0 cmd queued 280
Aug 16 21:42:44.906976 n kernel: Bluetooth: hci0: link tx timeout
Aug 16 21:42:44.906991 n kernel: Bluetooth: hci0: killing stalled connection AA:BB:CC:00:00:01
Aug 16 21:42:44.907018 n kernel: hci0 opcode 0x041f plen 2
Aug 16 21:42:44.907031 n kernel: hci0: skb len 5
Aug 16 21:42:44.907042 n kernel: hci0 cmd_cnt 0 cmd queued 281
Aug 16 21:42:44.907889 n kernel: Bluetooth: hci0: link tx timeout
Aug 16 21:42:44.907900 n kernel: Bluetooth: hci0: killing stalled connection AA:BB:CC:00:00:01
Aug 16 21:42:44.907923 n kernel: hci0 opcode 0x041f plen 2
Aug 16 21:42:44.907935 n kernel: hci0: skb len 5
Aug 16 21:42:44.907945 n kernel: hci0 cmd_cnt 0 cmd queued 282
Aug 16 21:42:44.914993 n kernel: Bluetooth: hci0: link tx timeout
Aug 16 21:42:44.915005 n kernel: Bluetooth: hci0: killing stalled connection AA:BB:CC:00:00:01
Aug 16 21:42:44.915026 n kernel: hci0 opcode 0x041f plen 2
Aug 16 21:42:44.915036 n kernel: hci0: skb len 5
Aug 16 21:42:44.915045 n kernel: hci0 cmd_cnt 0 cmd queued 283
Aug 16 21:42:44.918857 n kernel: hci0: end: err -110
Aug 16 21:42:44.918882 n kernel: hci0: status 0x13
Aug 16 21:42:44.918895 n kernel: hci0 hcon 000000004ec8cc08 chan 0000000035ab1064
Aug 16 21:42:44.918912 n kernel: hci0: handle 0x03 reason 0x13
Aug 16 21:42:44.918919 n kernel: Bluetooth: hci0: command 0x041f tx timeout
Aug 16 21:42:44.918927 n kernel: hci0: err 0x6e
Aug 16 21:42:44.918935 n kernel: hci0 cmd_cnt 1 cmd queued 283
Aug 16 21:42:44.918943 n kernel: hci0: skb 00000000793b5376
Aug 16 21:42:44.923855 n kernel: hci0 hcon 000000004ec8cc08 handle 1
Aug 16 21:42:44.923886 n kernel: hci0: hcon 000000004ec8cc08
Aug 16 21:42:44.923897 n kernel: hci0: hcon 0000000057e0f0f8
Aug 16 21:42:44.952923 n kernel: hci0 evt 2
Aug 16 21:42:44.952953 n kernel: hci0: entry 00000000eae92ffe
Aug 16 21:42:44.952968 n kernel: hci0: Opcode 0x0406
Aug 16 21:42:44.952982 n kernel: hci0: opcode 0x0406 plen 3
Aug 16 21:42:44.952995 n kernel: hci0: skb len 6
Aug 16 21:42:44.953008 n kernel: hci0: length 1
Aug 16 21:42:44.953041 n kernel: hci0 cmd_cnt 0 cmd queued 283
Aug 16 21:42:46.966698 n kernel: hci0: end: err -110
Aug 16 21:42:46.966793 n kernel: hci0: status 0x13
Aug 16 21:42:46.966813 n kernel: hci0 hcon 0000000057e0f0f8 handle 3
Aug 16 21:42:46.966831 n kernel: Bluetooth: hci0: command 0x041f tx timeout
Aug 16 21:42:46.966860 n kernel: hci0: err 0x6e
Aug 16 21:42:46.966876 n kernel: hci0: hcon 0000000057e0f0f8
Aug 16 21:42:46.966901 n kernel: hci0 cmd_cnt 1 cmd queued 283
Aug 16 21:42:46.966911 n kernel: hci0: skb 000000001a257724
Aug 16 21:42:46.970864 n kernel: hci0 evt 6
Aug 16 21:42:46.970874 n kernel: hci0: 
Aug 16 21:42:49.014914 n kernel: Bluetooth: hci0: command 0x041f tx timeout
Aug 16 21:42:49.015016 n kernel: hci0: err 0x6e
Aug 16 21:42:49.015038 n kernel: hci0 cmd_cnt 1 cmd queued 282
Aug 16 21:42:49.015055 n kernel: hci0: skb 00000000687407d3
Aug 16 21:42:51.062881 n kernel: Bluetooth: hci0: command 0x041f tx timeout
Aug 16 21:42:51.063119 n kernel: hci0: err 0x6e
Aug 16 21:42:51.063159 n kernel: hci0 cmd_cnt 1 cmd queued 281
Aug 16 21:42:51.063199 n kernel: hci0: skb 00000000e7fa924a
Aug 16 21:42:52.024885 n kernel: Bluetooth: hci0: setting interface failed (110)
Aug 16 21:42:53.110861 n kernel: Bluetooth: hci0: command 0x041f tx timeout
Aug 16 21:42:53.110932 n kernel: hci0: err 0x6e
Aug 16 21:42:53.110952 n kernel: hci0 cmd_cnt 1 cmd queued 280
Aug 16 21:42:53.110982 n kernel: hci0: skb 0000000056f1e959
Aug 16 21:42:55.158863 n kernel: Bluetooth: hci0: command 0x041f tx timeout
Aug 16 21:42:55.158939 n kernel: hci0: err 0x6e
Aug 16 21:42:55.158957 n kernel: hci0 cmd_cnt 1 cmd queued 279
Aug 16 21:42:55.158974 n kernel: hci0: skb 00000000b0f19aa1
Aug 16 21:42:57.206859 n kernel: Bluetooth: hci0: command 0x041f tx timeout
Aug 16 21:42:57.206944 n kernel: hci0: err 0x6e
Aug 16 21:42:57.206962 n kernel: hci0 cmd_cnt 1 cmd queued 278
Aug 16 21:42:57.206987 n kernel: hci0: skb 00000000fc77dada
Aug 16 21:42:59.254902 n kernel: Bluetooth: hci0: command 0x041f tx timeout
Aug 16 21:42:59.255050 n kernel: hci0: err 0x6e
Aug 16 21:42:59.255083 n kernel: hci0 cmd_cnt 1 cmd queued 277
Aug 16 21:42:59.255114 n kernel: hci0: skb 000000009c53a052
Aug 16 21:43:01.302876 n kernel: Bluetooth: hci0: command 0x041f tx timeout
Aug 16 21:43:01.302975 n kernel: hci0: err 0x6e
Aug 16 21:43:01.303002 n kernel: hci0 cmd_cnt 1 cmd queued 276
Aug 16 21:43:01.303024 n kernel: hci0: skb 0000000049cb5171
Aug 16 21:43:03.350866 n kernel: Bluetooth: hci0: command 0x041f tx timeout
Aug 16 21:43:03.350942 n kernel: hci0: err 0x6e
Aug 16 21:43:03.350963 n kernel: hci0 cmd_cnt 1 cmd queued 275
Aug 16 21:43:03.350983 n kernel: hci0: skb 00000000fc9b1547
Aug 16 21:43:05.398881 n kernel: Bluetooth: hci0: command 0x041f tx timeout
Aug 16 21:43:05.399018 n kernel: hci0: err 0x6e
Aug 16 21:43:05.399057 n kernel: hci0 cmd_cnt 1 cmd queued 274
Aug 16 21:43:05.399086 n kernel: hci0: skb 00000000e73c5801
Aug 16 21:43:07.446866 n kernel: Bluetooth: hci0: command 0x041f tx timeout
Aug 16 21:43:07.446953 n kernel: hci0: err 0x6e
Aug 16 21:43:07.446975 n kernel: hci0 cmd_cnt 1 cmd queued 273
Aug 16 21:43:07.447002 n kernel: hci0: skb 000000004bce9ba0
Aug 16 21:43:09.495893 n kernel: Bluetooth: hci0: command 0x041f tx timeout
Aug 16 21:43:09.495977 n kernel: hci0: err 0x6e
Aug 16 21:43:09.495990 n kernel: hci0 cmd_cnt 1 cmd queued 272
Aug 16 21:43:09.496023 n kernel: hci0: skb 00000000393c0f5c
Aug 16 21:43:11.542862 n kernel: Bluetooth: hci0: command 0x041f tx timeout
Aug 16 21:43:11.542950 n kernel: hci0: err 0x6e
Aug 16 21:43:11.542967 n kernel: hci0 cmd_cnt 1 cmd queued 271
Aug 16 21:43:11.543000 n kernel: hci0: skb 0000000071782cc2
Aug 16 21:43:13.590860 n kernel: Bluetooth: hci0: command 0x041f tx timeout
Aug 16 21:43:13.590954 n kernel: hci0: err 0x6e
Aug 16 21:43:13.590980 n kernel: hci0 cmd_cnt 1 cmd queued 270
Aug 16 21:43:13.591010 n kernel: hci0: skb 00000000864ccfd2
Aug 16 21:43:15.638875 n kernel: Bluetooth: hci0: command 0x041f tx timeout
Aug 16 21:43:15.638959 n kernel: hci0: err 0x6e
Aug 16 21:43:15.638978 n kernel: hci0 cmd_cnt 1 cmd queued 269
Aug 16 21:43:15.638997 n kernel: hci0: skb 00000000c45319d4
Aug 16 21:43:17.686862 n kernel: Bluetooth: hci0: command 0x041f tx timeout
Aug 16 21:43:17.686961 n kernel: hci0: err 0x6e
Aug 16 21:43:17.687007 n kernel: hci0 cmd_cnt 1 cmd queued 268
Aug 16 21:43:17.687044 n kernel: hci0: skb 00000000ed74ad43
Aug 16 21:43:19.734918 n kernel: Bluetooth: hci0: command 0x041f tx timeout
Aug 16 21:43:19.734999 n kernel: hci0: err 0x6e
Aug 16 21:43:19.735027 n kernel: hci0 cmd_cnt 1 cmd queued 267
Aug 16 21:43:19.735058 n kernel: hci0: skb 00000000b3d9544c
Aug 16 21:43:21.782879 n kernel: Bluetooth: hci0: command 0x041f tx timeout
Aug 16 21:43:21.782999 n kernel: hci0: err 0x6e
Aug 16 21:43:21.783038 n kernel: hci0 cmd_cnt 1 cmd queued 266
Aug 16 21:43:21.783074 n kernel: hci0: skb 0000000051274153
Aug 16 21:43:23.830894 n kernel: Bluetooth: hci0: command 0x041f tx timeout
Aug 16 21:43:23.831046 n kernel: hci0: err 0x6e
Aug 16 21:43:23.831076 n kernel: hci0 cmd_cnt 1 cmd queued 265
Aug 16 21:43:23.831138 n kernel: hci0: skb 0000000040c84e03
Aug 16 21:43:25.878891 n kernel: Bluetooth: hci0: command 0x041f tx timeout
Aug 16 21:43:25.879165 n kernel: hci0: err 0x6e
Aug 16 21:43:25.879208 n kernel: hci0 cmd_cnt 1 cmd queued 264
Aug 16 21:43:25.879249 n kernel: hci0: skb 000000005821e645
Aug 16 21:43:27.926872 n kernel: Bluetooth: hci0: command 0x041f tx timeout
Aug 16 21:43:27.926956 n kernel: hci0: err 0x6e
Aug 16 21:43:27.926979 n kernel: hci0 cmd_cnt 1 cmd queued 263
Aug 16 21:43:27.927006 n kernel: hci0: skb 000000003c03f5d1
Aug 16 21:43:29.974886 n kernel: Bluetooth: hci0: command 0x041f tx timeout
Aug 16 21:43:29.975030 n kernel: hci0: err 0x6e
Aug 16 21:43:29.975060 n kernel: hci0 cmd_cnt 1 cmd queued 262
Aug 16 21:43:29.975103 n kernel: hci0: skb 00000000f99a8fdb
Aug 16 21:43:32.022893 n kernel: Bluetooth: hci0: command 0x041f tx timeout
Aug 16 21:43:32.023009 n kernel: hci0: err 0x6e
Aug 16 21:43:32.023034 n kernel: hci0 cmd_cnt 1 cmd queued 261
Aug 16 21:43:32.023055 n kernel: hci0: skb 00000000c409f60f
Aug 16 21:43:34.070868 n kernel: Bluetooth: hci0: command 0x041f tx timeout
Aug 16 21:43:34.070989 n kernel: hci0: err 0x6e
Aug 16 21:43:34.071015 n kernel: hci0 cmd_cnt 1 cmd queued 260
Aug 16 21:43:34.071045 n kernel: hci0: skb 000000007c90cddc
Aug 16 21:43:36.118884 n kernel: Bluetooth: hci0: command 0x041f tx timeout
Aug 16 21:43:36.118974 n kernel: hci0: err 0x6e
Aug 16 21:43:36.118994 n kernel: hci0 cmd_cnt 1 cmd queued 259
Aug 16 21:43:36.119026 n kernel: hci0: skb 00000000e0278261
Aug 16 21:43:38.167876 n kernel: Bluetooth: hci0: command 0x041f tx timeout
Aug 16 21:43:38.167939 n kernel: hci0: err 0x6e
Aug 16 21:43:38.167970 n kernel: hci0 cmd_cnt 1 cmd queued 258
Aug 16 21:43:38.167991 n kernel: hci0: skb 000000001de7f2bd
Aug 16 21:43:40.214874 n kernel: Bluetooth: hci0: command 0x041f tx timeout
Aug 16 21:43:40.214958 n kernel: hci0: err 0x6e
Aug 16 21:43:40.214976 n kernel: hci0 cmd_cnt 1 cmd queued 257
Aug 16 21:43:40.215009 n kernel: hci0: skb 000000008c365e88
Aug 16 21:43:42.262862 n kernel: Bluetooth: hci0: command 0x041f tx timeout
Aug 16 21:43:42.262937 n kernel: hci0: err 0x6e
Aug 16 21:43:42.262962 n kernel: hci0 cmd_cnt 1 cmd queued 256
Aug 16 21:43:42.262986 n kernel: hci0: skb 00000000f6c4a15e
Aug 16 21:43:44.310895 n kernel: Bluetooth: hci0: command 0x041f tx timeout
Aug 16 21:43:44.311020 n kernel: hci0: err 0x6e
Aug 16 21:43:44.311051 n kernel: hci0 cmd_cnt 1 cmd queued 255
Aug 16 21:43:44.311114 n kernel: hci0: skb 000000006b261126
Aug 16 21:43:46.358889 n kernel: Bluetooth: hci0: command 0x041f tx timeout
Aug 16 21:43:46.359011 n kernel: hci0: err 0x6e
Aug 16 21:43:46.359029 n kernel: hci0 cmd_cnt 1 cmd queued 254
Aug 16 21:43:46.359071 n kernel: hci0: skb 000000004481240f
Aug 16 21:43:48.406858 n kernel: Bluetooth: hci0: command 0x041f tx timeout
Aug 16 21:43:48.406951 n kernel: hci0: err 0x6e
Aug 16 21:43:48.406975 n kernel: hci0 cmd_cnt 1 cmd queued 253
Aug 16 21:43:48.406994 n kernel: hci0: skb 00000000a16c5887
Aug 16 21:43:50.454896 n kernel: Bluetooth: hci0: command 0x041f tx timeout
Aug 16 21:43:50.455020 n kernel: hci0: err 0x6e
Aug 16 21:43:50.455059 n kernel: hci0 cmd_cnt 1 cmd queued 252
Aug 16 21:43:50.455128 n kernel: hci0: skb 0000000050413462
Aug 16 21:43:52.502898 n kernel: Bluetooth: hci0: command 0x041f tx timeout
Aug 16 21:43:52.503041 n kernel: hci0: err 0x6e
Aug 16 21:43:52.503072 n kernel: hci0 cmd_cnt 1 cmd queued 251
Aug 16 21:43:52.503102 n kernel: hci0: skb 000000008069764a
Aug 16 21:43:54.550898 n kernel: Bluetooth: hci0: command 0x041f tx timeout
Aug 16 21:43:54.551063 n kernel: hci0: err 0x6e
Aug 16 21:43:54.551095 n kernel: hci0 cmd_cnt 1 cmd queued 250
Aug 16 21:43:54.551135 n kernel: hci0: skb 000000006c0e2e07
Aug 16 21:43:56.598895 n kernel: Bluetooth: hci0: command 0x041f tx timeout
Aug 16 21:43:56.599074 n kernel: hci0: err 0x6e
Aug 16 21:43:56.599106 n kernel: hci0 cmd_cnt 1 cmd queued 249
Aug 16 21:43:56.599139 n kernel: hci0: skb 00000000db3268d7
Aug 16 21:43:58.646880 n kernel: Bluetooth: hci0: command 0x041f tx timeout
Aug 16 21:43:58.646979 n kernel: hci0: err 0x6e
Aug 16 21:43:58.646997 n kernel: hci0 cmd_cnt 1 cmd queued 248
Aug 16 21:43:58.647017 n kernel: hci0: skb 0000000072a8a74f
Aug 16 21:44:00.694867 n kernel: Bluetooth: hci0: command 0x041f tx timeout
Aug 16 21:44:00.694944 n kernel: hci0: err 0x6e
Aug 16 21:44:00.694969 n kernel: hci0 cmd_cnt 1 cmd queued 247
Aug 16 21:44:00.694990 n kernel: hci0: skb 000000005c383a2c
Aug 16 21:44:02.742889 n kernel: Bluetooth: hci0: command 0x041f tx timeout
Aug 16 21:44:02.742974 n kernel: hci0: err 0x6e
Aug 16 21:44:02.743002 n kernel: hci0 cmd_cnt 1 cmd queued 246
Aug 16 21:44:02.743026 n kernel: hci0: skb 00000000d50052cf
Aug 16 21:44:04.790885 n kernel: Bluetooth: hci0: command 0x041f tx timeout
Aug 16 21:44:04.790975 n kernel: hci0: err 0x6e
Aug 16 21:44:04.790998 n kernel: hci0 cmd_cnt 1 cmd queued 245
Aug 16 21:44:04.791032 n kernel: hci0: skb 00000000fe1721ae
Aug 16 21:44:06.838918 n kernel: Bluetooth: hci0: command 0x041f tx timeout
Aug 16 21:44:06.839060 n kernel: hci0: err 0x6e
Aug 16 21:44:06.839086 n kernel: hci0 cmd_cnt 1 cmd queued 244
Aug 16 21:44:06.839118 n kernel: hci0: skb 00000000fe51e636
Aug 16 21:44:08.886893 n kernel: Bluetooth: hci0: command 0x041f tx timeout
Aug 16 21:44:08.887017 n kernel: hci0: err 0x6e
Aug 16 21:44:08.887049 n kernel: hci0 cmd_cnt 1 cmd queued 243
Aug 16 21:44:08.887085 n kernel: hci0: skb 0000000010ac7ba6
Aug 16 21:44:10.934924 n kernel: Bluetooth: hci0: command 0x041f tx timeout
Aug 16 21:44:10.935070 n kernel: hci0: err 0x6e
Aug 16 21:44:10.935126 n kernel: hci0 cmd_cnt 1 cmd queued 242
Aug 16 21:44:10.935164 n kernel: hci0: skb 00000000e73e2fee
Aug 16 21:44:12.982922 n kernel: Bluetooth: hci0: command 0x041f tx timeout
Aug 16 21:44:12.983060 n kernel: hci0: err 0x6e
Aug 16 21:44:12.983091 n kernel: hci0 cmd_cnt 1 cmd queued 241
Aug 16 21:44:12.983134 n kernel: hci0: skb 00000000b2d31e7f
Aug 16 21:44:15.030882 n kernel: Bluetooth: hci0: command 0x041f tx timeout
Aug 16 21:44:15.031000 n kernel: hci0: err 0x6e
Aug 16 21:44:15.031050 n kernel: hci0 cmd_cnt 1 cmd queued 240
Aug 16 21:44:15.031079 n kernel: hci0: skb 00000000e8db41d5
Aug 16 21:44:17.078924 n kernel: Bluetooth: hci0: command 0x041f tx timeout
Aug 16 21:44:17.079059 n kernel: hci0: err 0x6e
Aug 16 21:44:17.079090 n kernel: hci0 cmd_cnt 1 cmd queued 239
Aug 16 21:44:17.079120 n kernel: hci0: skb 00000000501bf26a
Aug 16 21:44:19.126920 n kernel: Bluetooth: hci0: command 0x041f tx timeout
Aug 16 21:44:19.127046 n kernel: hci0: err 0x6e
Aug 16 21:44:19.127076 n kernel: hci0 cmd_cnt 1 cmd queued 238
Aug 16 21:44:19.127112 n kernel: hci0: skb 000000007224d2d3
Aug 16 21:44:21.174889 n kernel: Bluetooth: hci0: command 0x041f tx timeout
Aug 16 21:44:21.174993 n kernel: hci0: err 0x6e
Aug 16 21:44:21.175012 n kernel: hci0 cmd_cnt 1 cmd queued 237
Aug 16 21:44:21.175032 n kernel: hci0: skb 00000000e7f920a8
Aug 16 21:44:23.222879 n kernel: Bluetooth: hci0: command 0x041f tx timeout
Aug 16 21:44:23.222983 n kernel: hci0: err 0x6e
Aug 16 21:44:23.223007 n kernel: hci0 cmd_cnt 1 cmd queued 236
Aug 16 21:44:23.223024 n kernel: hci0: skb 00000000301b53d0
Aug 16 21:44:25.270861 n kernel: Bluetooth: hci0: command 0x041f tx timeout
Aug 16 21:44:25.270914 n kernel: hci0: err 0x6e
Aug 16 21:44:25.270930 n kernel: hci0 cmd_cnt 1 cmd queued 235
Aug 16 21:44:25.270949 n kernel: hci0: skb 00000000bf8c0d6d
Aug 16 21:44:27.318888 n kernel: Bluetooth: hci0: command 0x041f tx timeout
Aug 16 21:44:27.319052 n kernel: hci0: err 0x6e
Aug 16 21:44:27.319077 n kernel: hci0 cmd_cnt 1 cmd queued 234
Aug 16 21:44:27.319101 n kernel: hci0: skb 00000000e2181903
Aug 16 21:44:29.366881 n kernel: Bluetooth: hci0: command 0x041f tx timeout
Aug 16 21:44:29.366995 n kernel: hci0: err 0x6e
Aug 16 21:44:29.367016 n kernel: hci0 cmd_cnt 1 cmd queued 233
Aug 16 21:44:29.367056 n kernel: hci0: skb 000000002f05eb06
Aug 16 21:44:31.414883 n kernel: Bluetooth: hci0: command 0x041f tx timeout
Aug 16 21:44:31.414978 n kernel: hci0: err 0x6e
Aug 16 21:44:31.414997 n kernel: hci0 cmd_cnt 1 cmd queued 232
Aug 16 21:44:31.415016 n kernel: hci0: skb 000000001d9985c3
Aug 16 21:44:33.462883 n kernel: Bluetooth: hci0: command 0x041f tx timeout
Aug 16 21:44:33.462983 n kernel: hci0: err 0x6e
Aug 16 21:44:33.463003 n kernel: hci0 cmd_cnt 1 cmd queued 231
Aug 16 21:44:33.463040 n kernel: hci0: skb 000000008125fdb2
Aug 16 21:44:35.510887 n kernel: Bluetooth: hci0: command 0x041f tx timeout
Aug 16 21:44:35.510991 n kernel: hci0: err 0x6e
Aug 16 21:44:35.511021 n kernel: hci0 cmd_cnt 1 cmd queued 230
Aug 16 21:44:35.511082 n kernel: hci0: skb 000000002c387bc1
Aug 16 21:44:37.558913 n kernel: Bluetooth: hci0: command 0x041f tx timeout
Aug 16 21:44:37.559052 n kernel: hci0: err 0x6e
Aug 16 21:44:37.559081 n kernel: hci0 cmd_cnt 1 cmd queued 229
Aug 16 21:44:37.559127 n kernel: hci0: skb 00000000dffd322d
Aug 16 21:44:39.606883 n kernel: Bluetooth: hci0: command 0x041f tx timeout
Aug 16 21:44:39.606976 n kernel: hci0: err 0x6e
Aug 16 21:44:39.607005 n kernel: hci0 cmd_cnt 1 cmd queued 228
Aug 16 21:44:39.607025 n kernel: hci0: skb 000000004c5889e3
Aug 16 21:44:41.654911 n kernel: Bluetooth: hci0: command 0x041f tx timeout
Aug 16 21:44:41.655056 n kernel: hci0: err 0x6e
Aug 16 21:44:41.655086 n kernel: hci0 cmd_cnt 1 cmd queued 227
Aug 16 21:44:41.655158 n kernel: hci0: skb 00000000a3a594a1
Aug 16 21:44:43.702906 n kernel: Bluetooth: hci0: command 0x041f tx timeout
Aug 16 21:44:43.703036 n kernel: hci0: err 0x6e
Aug 16 21:44:43.703051 n kernel: hci0 cmd_cnt 1 cmd queued 226
Aug 16 21:44:43.703069 n kernel: hci0: skb 000000001e884fd0
Aug 16 21:44:45.750909 n kernel: Bluetooth: hci0: command 0x041f tx timeout
Aug 16 21:44:45.751014 n kernel: hci0: err 0x6e
Aug 16 21:44:45.751039 n kernel: hci0 cmd_cnt 1 cmd queued 225
Aug 16 21:44:45.751058 n kernel: hci0: skb 0000000052b583e2
Aug 16 21:44:47.798912 n kernel: Bluetooth: hci0: command 0x041f tx timeout
Aug 16 21:44:47.798997 n kernel: hci0: err 0x6e
Aug 16 21:44:47.799025 n kernel: hci0 cmd_cnt 1 cmd queued 224
Aug 16 21:44:47.799046 n kernel: hci0: skb 0000000087be918d
Aug 16 21:44:49.846882 n kernel: Bluetooth: hci0: command 0x041f tx timeout
Aug 16 21:44:49.846952 n kernel: hci0: err 0x6e
Aug 16 21:44:49.846992 n kernel: hci0 cmd_cnt 1 cmd queued 223
Aug 16 21:44:49.847025 n kernel: hci0: skb 00000000e14ff4fe
Aug 16 21:44:51.894883 n kernel: Bluetooth: hci0: command 0x041f tx timeout
Aug 16 21:44:51.894979 n kernel: hci0: err 0x6e
Aug 16 21:44:51.895012 n kernel: hci0 cmd_cnt 1 cmd queued 222
Aug 16 21:44:51.895041 n kernel: hci0: skb 00000000452869a5
Aug 16 21:44:53.942873 n kernel: Bluetooth: hci0: command 0x041f tx timeout
Aug 16 21:44:53.942951 n kernel: hci0: err 0x6e
Aug 16 21:44:53.942979 n kernel: hci0 cmd_cnt 1 cmd queued 221
Aug 16 21:44:53.943015 n kernel: hci0: skb 0000000097ed15fa
Aug 16 21:44:55.990869 n kernel: Bluetooth: hci0: command 0x041f tx timeout
Aug 16 21:44:55.990957 n kernel: hci0: err 0x6e
Aug 16 21:44:55.990976 n kernel: hci0 cmd_cnt 1 cmd queued 220
Aug 16 21:44:55.990992 n kernel: hci0: skb 000000001c0affe9
Aug 16 21:44:58.038919 n kernel: Bluetooth: hci0: command 0x041f tx timeout
Aug 16 21:44:58.039159 n kernel: hci0: err 0x6e
Aug 16 21:44:58.039210 n kernel: hci0 cmd_cnt 1 cmd queued 219
Aug 16 21:44:58.039245 n kernel: hci0: skb 00000000a994d7cc
Aug 16 21:45:00.086998 n kernel: Bluetooth: hci0: command 0x041f tx timeout
Aug 16 21:45:00.087039 n kernel: hci0: err 0x6e
Aug 16 21:45:00.087054 n kernel: hci0 cmd_cnt 1 cmd queued 218
Aug 16 21:45:00.087081 n kernel: hci0: skb 0000000095373f10
Aug 16 21:45:02.134875 n kernel: Bluetooth: hci0: command 0x041f tx timeout
Aug 16 21:45:02.134968 n kernel: hci0: err 0x6e
Aug 16 21:45:02.134986 n kernel: hci0 cmd_cnt 1 cmd queued 217
Aug 16 21:45:02.135013 n kernel: hci0: skb 000000006a654427
Aug 16 21:45:04.182901 n kernel: Bluetooth: hci0: command 0x041f tx timeout
Aug 16 21:45:04.183034 n kernel: hci0: err 0x6e
Aug 16 21:45:04.183062 n kernel: hci0 cmd_cnt 1 cmd queued 216
Aug 16 21:45:04.183121 n kernel: hci0: skb 00000000039d6849
Aug 16 21:45:06.230890 n kernel: Bluetooth: hci0: command 0x041f tx timeout
Aug 16 21:45:06.231000 n kernel: hci0: err 0x6e
Aug 16 21:45:06.231048 n kernel: hci0 cmd_cnt 1 cmd queued 215
Aug 16 21:45:06.231095 n kernel: hci0: skb 000000007132b97a
Aug 16 21:45:08.278910 n kernel: Bluetooth: hci0: command 0x041f tx timeout
Aug 16 21:45:08.279140 n kernel: hci0: err 0x6e
Aug 16 21:45:08.279210 n kernel: hci0 cmd_cnt 1 cmd queued 214
Aug 16 21:45:08.279242 n kernel: hci0: skb 000000000ae785e2
Aug 16 21:45:10.326863 n kernel: Bluetooth: hci0: command 0x041f tx timeout
Aug 16 21:45:10.326949 n kernel: hci0: err 0x6e
Aug 16 21:45:10.326984 n kernel: hci0 cmd_cnt 1 cmd queued 213
Aug 16 21:45:10.327022 n kernel: hci0: skb 000000003a62d061
Aug 16 21:45:12.374871 n kernel: Bluetooth: hci0: command 0x041f tx timeout
Aug 16 21:45:12.374954 n kernel: hci0: err 0x6e
Aug 16 21:45:12.374973 n kernel: hci0 cmd_cnt 1 cmd queued 212
Aug 16 21:45:12.374995 n kernel: hci0: skb 000000008643c9a1
Aug 16 21:45:14.422877 n kernel: Bluetooth: hci0: command 0x041f tx timeout
Aug 16 21:45:14.422978 n kernel: hci0: err 0x6e
Aug 16 21:45:14.422998 n kernel: hci0 cmd_cnt 1 cmd queued 211
Aug 16 21:45:14.423022 n kernel: hci0: skb 00000000c6c91271
Aug 16 21:45:16.471865 n kernel: Bluetooth: hci0: command 0x041f tx timeout
Aug 16 21:45:16.473331 n kernel: hci0: err 0x6e
Aug 16 21:45:16.473358 n kernel: hci0 cmd_cnt 1 cmd queued 210
Aug 16 21:45:16.473381 n kernel: hci0: skb 0000000053c79b52
Aug 16 21:45:18.518888 n kernel: Bluetooth: hci0: command 0x041f tx timeout
Aug 16 21:45:18.518973 n kernel: hci0: err 0x6e
Aug 16 21:45:18.518992 n kernel: hci0 cmd_cnt 1 cmd queued 209
Aug 16 21:45:18.519023 n kernel: hci0: skb 000000008634f77d
Aug 16 21:45:20.566871 n kernel: Bluetooth: hci0: command 0x041f tx timeout
Aug 16 21:45:20.566969 n kernel: hci0: err 0x6e
Aug 16 21:45:20.567004 n kernel: hci0 cmd_cnt 1 cmd queued 208
Aug 16 21:45:20.567034 n kernel: hci0: skb 000000000602541f
Aug 16 21:45:22.614863 n kernel: Bluetooth: hci0: command 0x041f tx timeout
Aug 16 21:45:22.614978 n kernel: hci0: err 0x6e
Aug 16 21:45:22.615009 n kernel: hci0 cmd_cnt 1 cmd queued 207
Aug 16 21:45:22.615062 n kernel: hci0: skb 0000000001a7350e
Aug 16 21:45:24.662864 n kernel: Bluetooth: hci0: command 0x041f tx timeout
Aug 16 21:45:24.662947 n kernel: hci0: err 0x6e
Aug 16 21:45:24.662989 n kernel: hci0 cmd_cnt 1 cmd queued 206
Aug 16 21:45:24.663012 n kernel: hci0: skb 000000005c44e2e8
Aug 16 21:45:26.710869 n kernel: Bluetooth: hci0: command 0x041f tx timeout
Aug 16 21:45:26.710978 n kernel: hci0: err 0x6e
Aug 16 21:45:26.710999 n kernel: hci0 cmd_cnt 1 cmd queued 205
Aug 16 21:45:26.711025 n kernel: hci0: skb 0000000009ba1ab3
Aug 16 21:45:28.758868 n kernel: Bluetooth: hci0: command 0x041f tx timeout
Aug 16 21:45:28.759015 n kernel: hci0: err 0x6e
Aug 16 21:45:28.759038 n kernel: hci0 cmd_cnt 1 cmd queued 204
Aug 16 21:45:28.759057 n kernel: hci0: skb 00000000caa114dd
Aug 16 21:45:30.807860 n kernel: Bluetooth: hci0: command 0x041f tx timeout
Aug 16 21:45:30.807947 n kernel: hci0: err 0x6e
Aug 16 21:45:30.807975 n kernel: hci0 cmd_cnt 1 cmd queued 203
Aug 16 21:45:30.808002 n kernel: hci0: skb 00000000fd59dc45
Aug 16 21:45:32.854887 n kernel: Bluetooth: hci0: command 0x041f tx timeout
Aug 16 21:45:32.854985 n kernel: hci0: err 0x6e
Aug 16 21:45:32.855042 n kernel: hci0 cmd_cnt 1 cmd queued 202
Aug 16 21:45:32.855078 n kernel: hci0: skb 0000000051684cda
Aug 16 21:45:34.903893 n kernel: Bluetooth: hci0: command 0x041f tx timeout
Aug 16 21:45:34.903949 n kernel: hci0: err 0x6e
Aug 16 21:45:34.903984 n kernel: hci0 cmd_cnt 1 cmd queued 201
Aug 16 21:45:34.904027 n kernel: hci0: skb 00000000e68cf8ad
Aug 16 21:45:36.950872 n kernel: Bluetooth: hci0: command 0x041f tx timeout
Aug 16 21:45:36.950945 n kernel: hci0: err 0x6e
Aug 16 21:45:36.950962 n kernel: hci0 cmd_cnt 1 cmd queued 200
Aug 16 21:45:36.950989 n kernel: hci0: skb 00000000a48e64e2
Aug 16 21:45:38.998888 n kernel: Bluetooth: hci0: command 0x041f tx timeout
Aug 16 21:45:38.998991 n kernel: hci0: err 0x6e
Aug 16 21:45:38.999023 n kernel: hci0 cmd_cnt 1 cmd queued 199
Aug 16 21:45:38.999060 n kernel: hci0: skb 000000005d1157a9
Aug 16 21:45:41.046902 n kernel: Bluetooth: hci0: command 0x041f tx timeout
Aug 16 21:45:41.046985 n kernel: hci0: err 0x6e
Aug 16 21:45:41.047027 n kernel: hci0 cmd_cnt 1 cmd queued 198
Aug 16 21:45:41.047074 n kernel: hci0: skb 000000001f9d7693
Aug 16 21:45:43.094879 n kernel: Bluetooth: hci0: command 0x041f tx timeout
Aug 16 21:45:43.094963 n kernel: hci0: err 0x6e
Aug 16 21:45:43.094991 n kernel: hci0 cmd_cnt 1 cmd queued 197
Aug 16 21:45:43.095008 n kernel: hci0: skb 00000000cbe872bf
Aug 16 21:45:45.142872 n kernel: Bluetooth: hci0: command 0x041f tx timeout
Aug 16 21:45:45.142953 n kernel: hci0: err 0x6e
Aug 16 21:45:45.142979 n kernel: hci0 cmd_cnt 1 cmd queued 196
Aug 16 21:45:45.143011 n kernel: hci0: skb 0000000044ae2e85
Aug 16 21:45:47.190863 n kernel: Bluetooth: hci0: command 0x041f tx timeout
Aug 16 21:45:47.190959 n kernel: hci0: err 0x6e
Aug 16 21:45:47.190978 n kernel: hci0 cmd_cnt 1 cmd queued 195
Aug 16 21:45:47.190993 n kernel: hci0: skb 00000000bff0ccea
Aug 16 21:45:49.238869 n kernel: Bluetooth: hci0: command 0x041f tx timeout
Aug 16 21:45:49.239007 n kernel: hci0: err 0x6e
Aug 16 21:45:49.239034 n kernel: hci0 cmd_cnt 1 cmd queued 194
Aug 16 21:45:49.239060 n kernel: hci0: skb 0000000016356b0e
Aug 16 21:45:51.286869 n kernel: Bluetooth: hci0: command 0x041f tx timeout
Aug 16 21:45:51.286942 n kernel: hci0: err 0x6e
Aug 16 21:45:51.286957 n kernel: hci0 cmd_cnt 1 cmd queued 193
Aug 16 21:45:51.286972 n kernel: hci0: skb 000000000cf49e46
Aug 16 21:45:53.334888 n kernel: Bluetooth: hci0: command 0x041f tx timeout
Aug 16 21:45:53.334971 n kernel: hci0: err 0x6e
Aug 16 21:45:53.335023 n kernel: hci0 cmd_cnt 1 cmd queued 192
Aug 16 21:45:53.335057 n kernel: hci0: skb 00000000aa698f99
Aug 16 21:45:55.382858 n kernel: Bluetooth: hci0: command 0x041f tx timeout
Aug 16 21:45:55.382940 n kernel: hci0: err 0x6e
Aug 16 21:45:55.382968 n kernel: hci0 cmd_cnt 1 cmd queued 191
Aug 16 21:45:55.383002 n kernel: hci0: skb 00000000852ac7b4
Aug 16 21:45:57.430866 n kernel: Bluetooth: hci0: command 0x041f tx timeout
Aug 16 21:45:57.430954 n kernel: hci0: err 0x6e
Aug 16 21:45:57.430973 n kernel: hci0 cmd_cnt 1 cmd queued 190
Aug 16 21:45:57.430994 n kernel: hci0: skb 00000000110be40c
Aug 16 21:45:59.478869 n kernel: Bluetooth: hci0: command 0x041f tx timeout
Aug 16 21:45:59.479033 n kernel: hci0: err 0x6e
Aug 16 21:45:59.479068 n kernel: hci0 cmd_cnt 1 cmd queued 189
Aug 16 21:45:59.479104 n kernel: hci0: skb 0000000055ebb3b5
Aug 16 21:46:01.526878 n kernel: Bluetooth: hci0: command 0x041f tx timeout
Aug 16 21:46:01.526969 n kernel: hci0: err 0x6e
Aug 16 21:46:01.527080 n kernel: hci0 cmd_cnt 1 cmd queued 188
Aug 16 21:46:01.527117 n kernel: hci0: skb 000000001d4dcc9e
Aug 16 21:46:03.574870 n kernel: Bluetooth: hci0: command 0x041f tx timeout
Aug 16 21:46:03.577929 n kernel: hci0: err 0x6e
Aug 16 21:46:03.577958 n kernel: hci0 cmd_cnt 1 cmd queued 187
Aug 16 21:46:03.577978 n kernel: hci0: skb 000000009437479f
Aug 16 21:46:05.622891 n kernel: Bluetooth: hci0: command 0x041f tx timeout
Aug 16 21:46:05.623040 n kernel: hci0: err 0x6e
Aug 16 21:46:05.623096 n kernel: hci0 cmd_cnt 1 cmd queued 186
Aug 16 21:46:05.623140 n kernel: hci0: skb 000000002e5e9af3
Aug 16 21:46:07.670864 n kernel: Bluetooth: hci0: command 0x041f tx timeout
Aug 16 21:46:07.670970 n kernel: hci0: err 0x6e
Aug 16 21:46:07.671004 n kernel: hci0 cmd_cnt 1 cmd queued 185
Aug 16 21:46:07.671038 n kernel: hci0: skb 0000000057dc478d
Aug 16 21:46:09.718888 n kernel: Bluetooth: hci0: command 0x041f tx timeout
Aug 16 21:46:09.719011 n kernel: hci0: err 0x6e
Aug 16 21:46:09.719046 n kernel: hci0 cmd_cnt 1 cmd queued 184
Aug 16 21:46:09.719076 n kernel: hci0: skb 00000000d6e3327e
Aug 16 21:46:11.766886 n kernel: Bluetooth: hci0: command 0x041f tx timeout
Aug 16 21:46:11.767020 n kernel: hci0: err 0x6e
Aug 16 21:46:11.767055 n kernel: hci0 cmd_cnt 1 cmd queued 183
Aug 16 21:46:11.767094 n kernel: hci0: skb 000000009305eddb
Aug 16 21:46:13.814936 n kernel: Bluetooth: hci0: command 0x041f tx timeout
Aug 16 21:46:13.815057 n kernel: hci0: err 0x6e
Aug 16 21:46:13.815079 n kernel: hci0 cmd_cnt 1 cmd queued 182
Aug 16 21:46:13.815122 n kernel: hci0: skb 000000007926e29b
Aug 16 21:46:15.862872 n kernel: Bluetooth: hci0: command 0x041f tx timeout
Aug 16 21:46:15.862971 n kernel: hci0: err 0x6e
Aug 16 21:46:15.862996 n kernel: hci0 cmd_cnt 1 cmd queued 181
Aug 16 21:46:15.863023 n kernel: hci0: skb 00000000a1f1527f
Aug 16 21:46:17.910913 n kernel: Bluetooth: hci0: command 0x041f tx timeout
Aug 16 21:46:17.911062 n kernel: hci0: err 0x6e
Aug 16 21:46:17.911092 n kernel: hci0 cmd_cnt 1 cmd queued 180
Aug 16 21:46:17.911128 n kernel: hci0: skb 000000008c2e5211
Aug 16 21:46:19.959866 n kernel: Bluetooth: hci0: command 0x041f tx timeout
Aug 16 21:46:19.959950 n kernel: hci0: err 0x6e
Aug 16 21:46:19.959971 n kernel: hci0 cmd_cnt 1 cmd queued 179
Aug 16 21:46:19.959993 n kernel: hci0: skb 0000000056a57292
Aug 16 21:46:22.006874 n kernel: Bluetooth: hci0: command 0x041f tx timeout
Aug 16 21:46:22.006970 n kernel: hci0: err 0x6e
Aug 16 21:46:22.006990 n kernel: hci0 cmd_cnt 1 cmd queued 178
Aug 16 21:46:22.007015 n kernel: hci0: skb 0000000003c4f6d5
Aug 16 21:46:24.054858 n kernel: Bluetooth: hci0: command 0x041f tx timeout
Aug 16 21:46:24.054914 n kernel: hci0: err 0x6e
Aug 16 21:46:24.054945 n kernel: hci0 cmd_cnt 1 cmd queued 177
Aug 16 21:46:24.054970 n kernel: hci0: skb 00000000605da3bd
Aug 16 21:46:26.102859 n kernel: Bluetooth: hci0: command 0x041f tx timeout
Aug 16 21:46:26.102941 n kernel: hci0: err 0x6e
Aug 16 21:46:26.102961 n kernel: hci0 cmd_cnt 1 cmd queued 176
Aug 16 21:46:26.102975 n kernel: hci0: skb 00000000d3f0812a
Aug 16 21:46:28.150859 n kernel: Bluetooth: hci0: command 0x041f tx timeout
Aug 16 21:46:28.150935 n kernel: hci0: err 0x6e
Aug 16 21:46:28.150954 n kernel: hci0 cmd_cnt 1 cmd queued 175
Aug 16 21:46:28.150973 n kernel: hci0: skb 0000000033bdf846
Aug 16 21:46:30.198865 n kernel: Bluetooth: hci0: command 0x041f tx timeout
Aug 16 21:46:30.199096 n kernel: hci0: err 0x6e
Aug 16 21:46:30.199140 n kernel: hci0 cmd_cnt 1 cmd queued 174
Aug 16 21:46:30.199176 n kernel: hci0: skb 000000004b3c0478
Aug 16 21:46:32.246889 n kernel: Bluetooth: hci0: command 0x041f tx timeout
Aug 16 21:46:32.246986 n kernel: hci0: err 0x6e
Aug 16 21:46:32.247007 n kernel: hci0 cmd_cnt 1 cmd queued 173
Aug 16 21:46:32.247036 n kernel: hci0: skb 000000007dd953ef
Aug 16 21:46:34.294882 n kernel: Bluetooth: hci0: command 0x041f tx timeout
Aug 16 21:46:34.294968 n kernel: hci0: err 0x6e
Aug 16 21:46:34.294986 n kernel: hci0 cmd_cnt 1 cmd queued 172
Aug 16 21:46:34.295011 n kernel: hci0: skb 000000002506291a
Aug 16 21:46:36.342888 n kernel: Bluetooth: hci0: command 0x041f tx timeout
Aug 16 21:46:36.342991 n kernel: hci0: err 0x6e
Aug 16 21:46:36.343023 n kernel: hci0 cmd_cnt 1 cmd queued 171
Aug 16 21:46:36.343044 n kernel: hci0: skb 0000000064c98494
Aug 16 21:46:38.390914 n kernel: Bluetooth: hci0: command 0x041f tx timeout
Aug 16 21:46:38.391038 n kernel: hci0: err 0x6e
Aug 16 21:46:38.391074 n kernel: hci0 cmd_cnt 1 cmd queued 170
Aug 16 21:46:38.391144 n kernel: hci0: skb 00000000fcdf6a2e
Aug 16 21:46:40.438907 n kernel: Bluetooth: hci0: command 0x041f tx timeout
Aug 16 21:46:40.439034 n kernel: hci0: err 0x6e
Aug 16 21:46:40.439094 n kernel: hci0 cmd_cnt 1 cmd queued 169
Aug 16 21:46:40.439141 n kernel: hci0: skb 00000000b0d45ce3
Aug 16 21:46:42.486866 n kernel: Bluetooth: hci0: command 0x041f tx timeout
Aug 16 21:46:42.486958 n kernel: hci0: err 0x6e
Aug 16 21:46:42.486980 n kernel: hci0 cmd_cnt 1 cmd queued 168
Aug 16 21:46:42.487006 n kernel: hci0: skb 000000008380727d
Aug 16 21:46:44.534886 n kernel: Bluetooth: hci0: command 0x041f tx timeout
Aug 16 21:46:44.534999 n kernel: hci0: err 0x6e
Aug 16 21:46:44.535026 n kernel: hci0 cmd_cnt 1 cmd queued 167
Aug 16 21:46:44.535053 n kernel: hci0: skb 0000000071b46c51
Aug 16 21:46:46.582914 n kernel: Bluetooth: hci0: command 0x041f tx timeout
Aug 16 21:46:46.583055 n kernel: hci0: err 0x6e
Aug 16 21:46:46.583106 n kernel: hci0 cmd_cnt 1 cmd queued 166
Aug 16 21:46:46.583136 n kernel: hci0: skb 000000007288604d
Aug 16 21:46:48.630864 n kernel: Bluetooth: hci0: command 0x041f tx timeout
Aug 16 21:46:48.630953 n kernel: hci0: err 0x6e
Aug 16 21:46:48.630973 n kernel: hci0 cmd_cnt 1 cmd queued 165
Aug 16 21:46:48.630995 n kernel: hci0: skb 00000000d1da76be
Aug 16 21:46:50.678861 n kernel: Bluetooth: hci0: command 0x041f tx timeout
Aug 16 21:46:50.678953 n kernel: hci0: err 0x6e
Aug 16 21:46:50.678977 n kernel: hci0 cmd_cnt 1 cmd queued 164
Aug 16 21:46:50.678998 n kernel: hci0: skb 0000000025e7a054
Aug 16 21:46:52.726886 n kernel: Bluetooth: hci0: command 0x041f tx timeout
Aug 16 21:46:52.726974 n kernel: hci0: err 0x6e
Aug 16 21:46:52.726994 n kernel: hci0 cmd_cnt 1 cmd queued 163
Aug 16 21:46:52.727019 n kernel: hci0: skb 000000002e68258b
Aug 16 21:46:54.774889 n kernel: Bluetooth: hci0: command 0x041f tx timeout
Aug 16 21:46:54.774967 n kernel: hci0: err 0x6e
Aug 16 21:46:54.775006 n kernel: hci0 cmd_cnt 1 cmd queued 162
Aug 16 21:46:54.775039 n kernel: hci0: skb 000000002a3ebb8c
Aug 16 21:46:56.822902 n kernel: Bluetooth: hci0: command 0x041f tx timeout
Aug 16 21:46:56.823010 n kernel: hci0: err 0x6e
Aug 16 21:46:56.823045 n kernel: hci0 cmd_cnt 1 cmd queued 161
Aug 16 21:46:56.823080 n kernel: hci0: skb 000000004b3329bb
Aug 16 21:46:58.870856 n kernel: Bluetooth: hci0: command 0x041f tx timeout
Aug 16 21:46:58.870928 n kernel: hci0: err 0x6e
Aug 16 21:46:58.870939 n kernel: hci0 cmd_cnt 1 cmd queued 160
Aug 16 21:46:58.870964 n kernel: hci0: skb 00000000a46b2f0e
Aug 16 21:47:00.918918 n kernel: Bluetooth: hci0: command 0x041f tx timeout
Aug 16 21:47:00.919173 n kernel: hci0: err 0x6e
Aug 16 21:47:00.919218 n kernel: hci0 cmd_cnt 1 cmd queued 159
Aug 16 21:47:00.919248 n kernel: hci0: skb 0000000029aed4a7
Aug 16 21:47:02.966894 n kernel: Bluetooth: hci0: command 0x041f tx timeout
Aug 16 21:47:02.967036 n kernel: hci0: err 0x6e
Aug 16 21:47:02.967067 n kernel: hci0 cmd_cnt 1 cmd queued 158
Aug 16 21:47:02.967122 n kernel: hci0: skb 0000000082f3bae0
Aug 16 21:47:05.014888 n kernel: Bluetooth: hci0: command 0x041f tx timeout
Aug 16 21:47:05.015013 n kernel: hci0: err 0x6e
Aug 16 21:47:05.015035 n kernel: hci0 cmd_cnt 1 cmd queued 157
Aug 16 21:47:05.015087 n kernel: hci0: skb 0000000045c964e1
Aug 16 21:47:07.062868 n kernel: Bluetooth: hci0: command 0x041f tx timeout
Aug 16 21:47:07.062942 n kernel: hci0: err 0x6e
Aug 16 21:47:07.062962 n kernel: hci0 cmd_cnt 1 cmd queued 156
Aug 16 21:47:07.062984 n kernel: hci0: skb 00000000f490af01
Aug 16 21:47:09.110923 n kernel: Bluetooth: hci0: command 0x041f tx timeout
Aug 16 21:47:09.111022 n kernel: hci0: err 0x6e
Aug 16 21:47:09.111042 n kernel: hci0 cmd_cnt 1 cmd queued 155
Aug 16 21:47:09.111073 n kernel: hci0: skb 000000006af0a8fc
Aug 16 21:47:11.159871 n kernel: Bluetooth: hci0: command 0x041f tx timeout
Aug 16 21:47:11.159981 n kernel: hci0: err 0x6e
Aug 16 21:47:11.160006 n kernel: hci0 cmd_cnt 1 cmd queued 154
Aug 16 21:47:11.160034 n kernel: hci0: skb 00000000f307ab98
Aug 16 21:47:13.206888 n kernel: Bluetooth: hci0: command 0x041f tx timeout
Aug 16 21:47:13.206991 n kernel: hci0: err 0x6e
Aug 16 21:47:13.207011 n kernel: hci0 cmd_cnt 1 cmd queued 153
Aug 16 21:47:13.207042 n kernel: hci0: skb 000000003cbeb260
Aug 16 21:47:15.254892 n kernel: Bluetooth: hci0: command 0x041f tx timeout
Aug 16 21:47:15.254982 n kernel: hci0: err 0x6e
Aug 16 21:47:15.255000 n kernel: hci0 cmd_cnt 1 cmd queued 152
Aug 16 21:47:15.255019 n kernel: hci0: skb 0000000062e6a3a2
Aug 16 21:47:17.302872 n kernel: Bluetooth: hci0: command 0x041f tx timeout
Aug 16 21:47:17.302975 n kernel: hci0: err 0x6e
Aug 16 21:47:17.302993 n kernel: hci0 cmd_cnt 1 cmd queued 151
Aug 16 21:47:17.303008 n kernel: hci0: skb 0000000077cb3999
Aug 16 21:47:19.350885 n kernel: Bluetooth: hci0: command 0x041f tx timeout
Aug 16 21:47:19.351111 n kernel: hci0: err 0x6e
Aug 16 21:47:19.351164 n kernel: hci0 cmd_cnt 1 cmd queued 150
Aug 16 21:47:19.351214 n kernel: hci0: skb 000000006eb1bd2b
Aug 16 21:47:21.398879 n kernel: Bluetooth: hci0: command 0x041f tx timeout
Aug 16 21:47:21.398983 n kernel: hci0: err 0x6e
Aug 16 21:47:21.399002 n kernel: hci0 cmd_cnt 1 cmd queued 149
Aug 16 21:47:21.399024 n kernel: hci0: skb 00000000412b91ec
Aug 16 21:47:23.446858 n kernel: Bluetooth: hci0: command 0x041f tx timeout
Aug 16 21:47:23.446934 n kernel: hci0: err 0x6e
Aug 16 21:47:23.446951 n kernel: hci0 cmd_cnt 1 cmd queued 148
Aug 16 21:47:23.446968 n kernel: hci0: skb 0000000090e217b3
Aug 16 21:47:25.494888 n kernel: Bluetooth: hci0: command 0x041f tx timeout
Aug 16 21:47:25.495002 n kernel: hci0: err 0x6e
Aug 16 21:47:25.495038 n kernel: hci0 cmd_cnt 1 cmd queued 147
Aug 16 21:47:25.495075 n kernel: hci0: skb 0000000061a44fdb
Aug 16 21:47:27.542872 n kernel: Bluetooth: hci0: command 0x041f tx timeout
Aug 16 21:47:27.542973 n kernel: hci0: err 0x6e
Aug 16 21:47:27.543002 n kernel: hci0 cmd_cnt 1 cmd queued 146
Aug 16 21:47:27.543021 n kernel: hci0: skb 00000000eefd8ff4
Aug 16 21:47:29.590865 n kernel: Bluetooth: hci0: command 0x041f tx timeout
Aug 16 21:47:29.590980 n kernel: hci0: err 0x6e
Aug 16 21:47:29.591011 n kernel: hci0 cmd_cnt 1 cmd queued 145
Aug 16 21:47:29.591042 n kernel: hci0: skb 000000008f0209ec
Aug 16 21:47:31.638891 n kernel: Bluetooth: hci0: command 0x041f tx timeout
Aug 16 21:47:31.639069 n kernel: hci0: err 0x6e
Aug 16 21:47:31.639095 n kernel: hci0 cmd_cnt 1 cmd queued 144
Aug 16 21:47:31.639121 n kernel: hci0: skb 00000000704bc20f
Aug 16 21:47:33.686906 n kernel: Bluetooth: hci0: command 0x041f tx timeout
Aug 16 21:47:33.686982 n kernel: hci0: err 0x6e
Aug 16 21:47:33.687008 n kernel: hci0 cmd_cnt 1 cmd queued 143
Aug 16 21:47:33.687029 n kernel: hci0: skb 000000005390a9d1
Aug 16 21:47:35.734909 n kernel: Bluetooth: hci0: command 0x041f tx timeout
Aug 16 21:47:35.735028 n kernel: hci0: err 0x6e
Aug 16 21:47:35.735046 n kernel: hci0 cmd_cnt 1 cmd queued 142
Aug 16 21:47:35.735068 n kernel: hci0: skb 00000000970c4265
Aug 16 21:47:37.783862 n kernel: Bluetooth: hci0: command 0x041f tx timeout
Aug 16 21:47:37.783952 n kernel: hci0: err 0x6e
Aug 16 21:47:37.783971 n kernel: hci0 cmd_cnt 1 cmd queued 141
Aug 16 21:47:37.783992 n kernel: hci0: skb 00000000d731e4b6
Aug 16 21:47:39.830882 n kernel: Bluetooth: hci0: command 0x041f tx timeout
Aug 16 21:47:39.831027 n kernel: hci0: err 0x6e
Aug 16 21:47:39.831062 n kernel: hci0 cmd_cnt 1 cmd queued 140
Aug 16 21:47:39.831097 n kernel: hci0: skb 00000000cb732578
Aug 16 21:47:41.878875 n kernel: Bluetooth: hci0: command 0x041f tx timeout
Aug 16 21:47:41.879039 n kernel: hci0: err 0x6e
Aug 16 21:47:41.879084 n kernel: hci0 cmd_cnt 1 cmd queued 139
Aug 16 21:47:41.879138 n kernel: hci0: skb 00000000341ab259
Aug 16 21:47:43.926891 n kernel: Bluetooth: hci0: command 0x041f tx timeout
Aug 16 21:47:43.927009 n kernel: hci0: err 0x6e
Aug 16 21:47:43.927033 n kernel: hci0 cmd_cnt 1 cmd queued 138
Aug 16 21:47:43.927063 n kernel: hci0: skb 000000006c6f935d
Aug 16 21:47:45.974875 n kernel: Bluetooth: hci0: command 0x041f tx timeout
Aug 16 21:47:45.975040 n kernel: hci0: err 0x6e
Aug 16 21:47:45.975075 n kernel: hci0 cmd_cnt 1 cmd queued 137
Aug 16 21:47:45.975112 n kernel: hci0: skb 000000009d2df9fb
Aug 16 21:47:48.022876 n kernel: Bluetooth: hci0: command 0x041f tx timeout
Aug 16 21:47:48.022961 n kernel: hci0: err 0x6e
Aug 16 21:47:48.023009 n kernel: hci0 cmd_cnt 1 cmd queued 136
Aug 16 21:47:48.023041 n kernel: hci0: skb 00000000999e073a
Aug 16 21:47:50.070892 n kernel: Bluetooth: hci0: command 0x041f tx timeout
Aug 16 21:47:50.071047 n kernel: hci0: err 0x6e
Aug 16 21:47:50.071080 n kernel: hci0 cmd_cnt 1 cmd queued 135
Aug 16 21:47:50.071138 n kernel: hci0: skb 00000000ce509c41
Aug 16 21:47:52.118919 n kernel: Bluetooth: hci0: command 0x041f tx timeout
Aug 16 21:47:52.119070 n kernel: hci0: err 0x6e
Aug 16 21:47:52.119097 n kernel: hci0 cmd_cnt 1 cmd queued 134
Aug 16 21:47:52.119139 n kernel: hci0: skb 0000000085fa49d3
Aug 16 21:47:54.167883 n kernel: Bluetooth: hci0: command 0x041f tx timeout
Aug 16 21:47:54.168008 n kernel: hci0: err 0x6e
Aug 16 21:47:54.168024 n kernel: hci0 cmd_cnt 1 cmd queued 133
Aug 16 21:47:54.168049 n kernel: hci0: skb 000000007c34ff17
Aug 16 21:47:56.214895 n kernel: Bluetooth: hci0: command 0x041f tx timeout
Aug 16 21:47:56.215024 n kernel: hci0: err 0x6e
Aug 16 21:47:56.215052 n kernel: hci0 cmd_cnt 1 cmd queued 132
Aug 16 21:47:56.215071 n kernel: hci0: skb 0000000060fe30a3
Aug 16 21:47:58.262873 n kernel: Bluetooth: hci0: command 0x041f tx timeout
Aug 16 21:47:58.262966 n kernel: hci0: err 0x6e
Aug 16 21:47:58.262993 n kernel: hci0 cmd_cnt 1 cmd queued 131
Aug 16 21:47:58.263004 n kernel: hci0: skb 00000000d70bf4cf
Aug 16 21:48:00.310883 n kernel: Bluetooth: hci0: command 0x041f tx timeout
Aug 16 21:48:00.310950 n kernel: hci0: err 0x6e
Aug 16 21:48:00.310990 n kernel: hci0 cmd_cnt 1 cmd queued 130
Aug 16 21:48:00.311019 n kernel: hci0: skb 00000000fd51630c
Aug 16 21:48:02.358879 n kernel: Bluetooth: hci0: command 0x041f tx timeout
Aug 16 21:48:02.359031 n kernel: hci0: err 0x6e
Aug 16 21:48:02.359066 n kernel: hci0 cmd_cnt 1 cmd queued 129
Aug 16 21:48:02.359086 n kernel: hci0: skb 000000004ace5b10
Aug 16 21:48:04.406881 n kernel: Bluetooth: hci0: command 0x041f tx timeout
Aug 16 21:48:04.406981 n kernel: hci0: err 0x6e
Aug 16 21:48:04.407007 n kernel: hci0 cmd_cnt 1 cmd queued 128
Aug 16 21:48:04.407036 n kernel: hci0: skb 0000000016d6b72c
Aug 16 21:48:06.454907 n kernel: Bluetooth: hci0: command 0x041f tx timeout
Aug 16 21:48:06.455034 n kernel: hci0: err 0x6e
Aug 16 21:48:06.455080 n kernel: hci0 cmd_cnt 1 cmd queued 127
Aug 16 21:48:06.455116 n kernel: hci0: skb 0000000076caf4be
Aug 16 21:48:08.502891 n kernel: Bluetooth: hci0: command 0x041f tx timeout
Aug 16 21:48:08.503035 n kernel: hci0: err 0x6e
Aug 16 21:48:08.503095 n kernel: hci0 cmd_cnt 1 cmd queued 126
Aug 16 21:48:08.503133 n kernel: hci0: skb 000000006fa5f0d7
Aug 16 21:48:10.550865 n kernel: Bluetooth: hci0: command 0x041f tx timeout
Aug 16 21:48:10.550954 n kernel: hci0: err 0x6e
Aug 16 21:48:10.550988 n kernel: hci0 cmd_cnt 1 cmd queued 125
Aug 16 21:48:10.551018 n kernel: hci0: skb 00000000623fd273
Aug 16 21:48:12.598875 n kernel: Bluetooth: hci0: command 0x041f tx timeout
Aug 16 21:48:12.598970 n kernel: hci0: err 0x6e
Aug 16 21:48:12.598988 n kernel: hci0 cmd_cnt 1 cmd queued 124
Aug 16 21:48:12.599014 n kernel: hci0: skb 0000000093182648
Aug 16 21:48:14.646870 n kernel: Bluetooth: hci0: command 0x041f tx timeout
Aug 16 21:48:14.646993 n kernel: hci0: err 0x6e
Aug 16 21:48:14.647024 n kernel: hci0 cmd_cnt 1 cmd queued 123
Aug 16 21:48:14.647054 n kernel: hci0: skb 000000005e3827fb
Aug 16 21:48:16.694868 n kernel: Bluetooth: hci0: command 0x041f tx timeout
Aug 16 21:48:16.694950 n kernel: hci0: err 0x6e
Aug 16 21:48:16.694964 n kernel: hci0 cmd_cnt 1 cmd queued 122
Aug 16 21:48:16.694983 n kernel: hci0: skb 000000002528d579
Aug 16 21:48:18.742878 n kernel: Bluetooth: hci0: command 0x041f tx timeout
Aug 16 21:48:18.742972 n kernel: hci0: err 0x6e
Aug 16 21:48:18.742987 n kernel: hci0 cmd_cnt 1 cmd queued 121
Aug 16 21:48:18.743004 n kernel: hci0: skb 000000008de65606
Aug 16 21:48:20.790895 n kernel: Bluetooth: hci0: command 0x041f tx timeout
Aug 16 21:48:20.791003 n kernel: hci0: err 0x6e
Aug 16 21:48:20.791041 n kernel: hci0 cmd_cnt 1 cmd queued 120
Aug 16 21:48:20.791061 n kernel: hci0: skb 00000000b0138df0
Aug 16 21:48:22.838909 n kernel: Bluetooth: hci0: command 0x041f tx timeout
Aug 16 21:48:22.838993 n kernel: hci0: err 0x6e
Aug 16 21:48:22.839019 n kernel: hci0 cmd_cnt 1 cmd queued 119
Aug 16 21:48:22.839040 n kernel: hci0: skb 000000003afd1d08
Aug 16 21:48:24.886874 n kernel: Bluetooth: hci0: command 0x041f tx timeout
Aug 16 21:48:24.886970 n kernel: hci0: err 0x6e
Aug 16 21:48:24.886985 n kernel: hci0 cmd_cnt 1 cmd queued 118
Aug 16 21:48:24.887012 n kernel: hci0: skb 00000000abf7f999
Aug 16 21:48:26.934860 n kernel: Bluetooth: hci0: command 0x041f tx timeout
Aug 16 21:48:26.934934 n kernel: hci0: err 0x6e
Aug 16 21:48:26.934949 n kernel: hci0 cmd_cnt 1 cmd queued 117
Aug 16 21:48:26.934966 n kernel: hci0: skb 0000000092f5a284
Aug 16 21:48:28.982875 n kernel: Bluetooth: hci0: command 0x041f tx timeout
Aug 16 21:48:28.982963 n kernel: hci0: err 0x6e
Aug 16 21:48:28.982995 n kernel: hci0 cmd_cnt 1 cmd queued 116
Aug 16 21:48:28.983015 n kernel: hci0: skb 00000000315658df
Aug 16 21:48:31.030896 n kernel: Bluetooth: hci0: command 0x041f tx timeout
Aug 16 21:48:31.031022 n kernel: hci0: err 0x6e
Aug 16 21:48:31.031052 n kernel: hci0 cmd_cnt 1 cmd queued 115
Aug 16 21:48:31.031088 n kernel: hci0: skb 000000004a3a3140
Aug 16 21:48:33.078864 n kernel: Bluetooth: hci0: command 0x041f tx timeout
Aug 16 21:48:33.079019 n kernel: hci0: err 0x6e
Aug 16 21:48:33.079045 n kernel: hci0 cmd_cnt 1 cmd queued 114
Aug 16 21:48:33.079064 n kernel: hci0: skb 00000000110aedaa
Aug 16 21:48:35.126883 n kernel: Bluetooth: hci0: command 0x041f tx timeout
Aug 16 21:48:35.126962 n kernel: hci0: err 0x6e
Aug 16 21:48:35.126990 n kernel: hci0 cmd_cnt 1 cmd queued 113
Aug 16 21:48:35.127019 n kernel: hci0: skb 00000000747f3c64
Aug 16 21:48:37.174906 n kernel: Bluetooth: hci0: command 0x041f tx timeout
Aug 16 21:48:37.175031 n kernel: hci0: err 0x6e
Aug 16 21:48:37.175081 n kernel: hci0 cmd_cnt 1 cmd queued 112
Aug 16 21:48:37.175120 n kernel: hci0: skb 00000000a97a6c8c
Aug 16 21:48:39.222885 n kernel: Bluetooth: hci0: command 0x041f tx timeout
Aug 16 21:48:39.223027 n kernel: hci0: err 0x6e
Aug 16 21:48:39.223075 n kernel: hci0 cmd_cnt 1 cmd queued 111
Aug 16 21:48:39.223103 n kernel: hci0: skb 00000000b486cf76
Aug 16 21:48:41.270918 n kernel: Bluetooth: hci0: command 0x041f tx timeout
Aug 16 21:48:41.271087 n kernel: hci0: err 0x6e
Aug 16 21:48:41.271130 n kernel: hci0 cmd_cnt 1 cmd queued 110
Aug 16 21:48:41.271157 n kernel: hci0: skb 0000000020302072
Aug 16 21:48:43.318901 n kernel: Bluetooth: hci0: command 0x041f tx timeout
Aug 16 21:48:43.319010 n kernel: hci0: err 0x6e
Aug 16 21:48:43.319033 n kernel: hci0 cmd_cnt 1 cmd queued 109
Aug 16 21:48:43.319068 n kernel: hci0: skb 0000000047ada35f
Aug 16 21:48:45.366907 n kernel: Bluetooth: hci0: command 0x041f tx timeout
Aug 16 21:48:45.367016 n kernel: hci0: err 0x6e
Aug 16 21:48:45.367041 n kernel: hci0 cmd_cnt 1 cmd queued 108
Aug 16 21:48:45.367063 n kernel: hci0: skb 000000008ab85e06
Aug 16 21:48:47.414897 n kernel: Bluetooth: hci0: command 0x041f tx timeout
Aug 16 21:48:47.414989 n kernel: hci0: err 0x6e
Aug 16 21:48:47.415011 n kernel: hci0 cmd_cnt 1 cmd queued 107
Aug 16 21:48:47.415026 n kernel: hci0: skb 000000004c9cae44
Aug 16 21:48:49.462919 n kernel: Bluetooth: hci0: command 0x041f tx timeout
Aug 16 21:48:49.463052 n kernel: hci0: err 0x6e
Aug 16 21:48:49.463119 n kernel: hci0 cmd_cnt 1 cmd queued 106
Aug 16 21:48:49.463177 n kernel: hci0: skb 00000000462d015f
Aug 16 21:48:51.510873 n kernel: Bluetooth: hci0: command 0x041f tx timeout
Aug 16 21:48:51.510980 n kernel: hci0: err 0x6e
Aug 16 21:48:51.511011 n kernel: hci0 cmd_cnt 1 cmd queued 105
Aug 16 21:48:51.511034 n kernel: hci0: skb 000000006ef72179
Aug 16 21:48:53.558878 n kernel: Bluetooth: hci0: command 0x041f tx timeout
Aug 16 21:48:53.558983 n kernel: hci0: err 0x6e
Aug 16 21:48:53.559009 n kernel: hci0 cmd_cnt 1 cmd queued 104
Aug 16 21:48:53.559032 n kernel: hci0: skb 000000008ff18b98
Aug 16 21:48:55.607869 n kernel: Bluetooth: hci0: command 0x041f tx timeout
Aug 16 21:48:55.607982 n kernel: hci0: err 0x6e
Aug 16 21:48:55.608013 n kernel: hci0 cmd_cnt 1 cmd queued 103
Aug 16 21:48:55.608035 n kernel: hci0: skb 00000000f1e80d21
Aug 16 21:48:57.655881 n kernel: Bluetooth: hci0: command 0x041f tx timeout
Aug 16 21:48:57.655985 n kernel: hci0: err 0x6e
Aug 16 21:48:57.656008 n kernel: hci0 cmd_cnt 1 cmd queued 102
Aug 16 21:48:57.656029 n kernel: hci0: skb 0000000044f368f7
Aug 16 21:48:59.702888 n kernel: Bluetooth: hci0: command 0x041f tx timeout
Aug 16 21:48:59.703044 n kernel: hci0: err 0x6e
Aug 16 21:48:59.703085 n kernel: hci0 cmd_cnt 1 cmd queued 101
Aug 16 21:48:59.703112 n kernel: hci0: skb 00000000dad3bcc3
Aug 16 21:49:01.750881 n kernel: Bluetooth: hci0: command 0x041f tx timeout
Aug 16 21:49:01.750982 n kernel: hci0: err 0x6e
Aug 16 21:49:01.751008 n kernel: hci0 cmd_cnt 1 cmd queued 100
Aug 16 21:49:01.751027 n kernel: hci0: skb 00000000ad4d8eec
Aug 16 21:49:03.798882 n kernel: Bluetooth: hci0: command 0x041f tx timeout
Aug 16 21:49:03.799120 n kernel: hci0: err 0x6e
Aug 16 21:49:03.799148 n kernel: hci0 cmd_cnt 1 cmd queued 99
Aug 16 21:49:03.799167 n kernel: hci0: skb 00000000de247619
Aug 16 21:49:05.846864 n kernel: Bluetooth: hci0: command 0x041f tx timeout
Aug 16 21:49:05.846972 n kernel: hci0: err 0x6e
Aug 16 21:49:05.846994 n kernel: hci0 cmd_cnt 1 cmd queued 98
Aug 16 21:49:05.847021 n kernel: hci0: skb 000000005b115744
Aug 16 21:49:07.894873 n kernel: Bluetooth: hci0: command 0x041f tx timeout
Aug 16 21:49:07.894974 n kernel: hci0: err 0x6e
Aug 16 21:49:07.895010 n kernel: hci0 cmd_cnt 1 cmd queued 97
Aug 16 21:49:07.895038 n kernel: hci0: skb 0000000094e68564
Aug 16 21:49:09.942900 n kernel: Bluetooth: hci0: command 0x041f tx timeout
Aug 16 21:49:09.942990 n kernel: hci0: err 0x6e
Aug 16 21:49:09.943002 n kernel: hci0 cmd_cnt 1 cmd queued 96
Aug 16 21:49:09.943029 n kernel: hci0: skb 00000000e74a324b
Aug 16 21:49:11.990880 n kernel: Bluetooth: hci0: command 0x041f tx timeout
Aug 16 21:49:11.990961 n kernel: hci0: err 0x6e
Aug 16 21:49:11.990984 n kernel: hci0 cmd_cnt 1 cmd queued 95
Aug 16 21:49:11.991003 n kernel: hci0: skb 00000000b42ab97e
Aug 16 21:49:14.038878 n kernel: Bluetooth: hci0: command 0x041f tx timeout
Aug 16 21:49:14.038967 n kernel: hci0: err 0x6e
Aug 16 21:49:14.038997 n kernel: hci0 cmd_cnt 1 cmd queued 94
Aug 16 21:49:14.039024 n kernel: hci0: skb 00000000376f24c1
Aug 16 21:49:16.086888 n kernel: Bluetooth: hci0: command 0x041f tx timeout
Aug 16 21:49:16.086992 n kernel: hci0: err 0x6e
Aug 16 21:49:16.087017 n kernel: hci0 cmd_cnt 1 cmd queued 93
Aug 16 21:49:16.087043 n kernel: hci0: skb 0000000006757169
Aug 16 21:49:18.134892 n kernel: Bluetooth: hci0: command 0x041f tx timeout
Aug 16 21:49:18.135004 n kernel: hci0: err 0x6e
Aug 16 21:49:18.135035 n kernel: hci0 cmd_cnt 1 cmd queued 92
Aug 16 21:49:18.135061 n kernel: hci0: skb 00000000a37ab57c
Aug 16 21:49:20.182920 n kernel: Bluetooth: hci0: command 0x041f tx timeout
Aug 16 21:49:20.183021 n kernel: hci0: err 0x6e
Aug 16 21:49:20.183050 n kernel: hci0 cmd_cnt 1 cmd queued 91
Aug 16 21:49:20.183092 n kernel: hci0: skb 000000009b2a4b95
Aug 16 21:49:22.231888 n kernel: Bluetooth: hci0: command 0x041f tx timeout
Aug 16 21:49:22.232005 n kernel: hci0: err 0x6e
Aug 16 21:49:22.232036 n kernel: hci0 cmd_cnt 1 cmd queued 90
Aug 16 21:49:22.232073 n kernel: hci0: skb 00000000ad723d33
Aug 16 21:49:24.279876 n kernel: Bluetooth: hci0: command 0x041f tx timeout
Aug 16 21:49:24.279961 n kernel: hci0: err 0x6e
Aug 16 21:49:24.279981 n kernel: hci0 cmd_cnt 1 cmd queued 89
Aug 16 21:49:24.279996 n kernel: hci0: skb 0000000084ff4654
Aug 16 21:49:26.326867 n kernel: Bluetooth: hci0: command 0x041f tx timeout
Aug 16 21:49:26.326979 n kernel: hci0: err 0x6e
Aug 16 21:49:26.327000 n kernel: hci0 cmd_cnt 1 cmd queued 88
Aug 16 21:49:26.327022 n kernel: hci0: skb 0000000068f4e878
Aug 16 21:49:28.374898 n kernel: Bluetooth: hci0: command 0x041f tx timeout
Aug 16 21:49:28.375041 n kernel: hci0: err 0x6e
Aug 16 21:49:28.375082 n kernel: hci0 cmd_cnt 1 cmd queued 87
Aug 16 21:49:28.375122 n kernel: hci0: skb 00000000babbcf86
Aug 16 21:49:30.422922 n kernel: Bluetooth: hci0: command 0x041f tx timeout
Aug 16 21:49:30.423017 n kernel: hci0: err 0x6e
Aug 16 21:49:30.423036 n kernel: hci0 cmd_cnt 1 cmd queued 86
Aug 16 21:49:30.423060 n kernel: hci0: skb 00000000fb61ab07
Aug 16 21:49:32.470914 n kernel: Bluetooth: hci0: command 0x041f tx timeout
Aug 16 21:49:32.471063 n kernel: hci0: err 0x6e
Aug 16 21:49:32.471093 n kernel: hci0 cmd_cnt 1 cmd queued 85
Aug 16 21:49:32.471151 n kernel: hci0: skb 000000001073b33f
Aug 16 21:49:34.518876 n kernel: Bluetooth: hci0: command 0x041f tx timeout
Aug 16 21:49:34.519062 n kernel: hci0: err 0x6e
Aug 16 21:49:34.519091 n kernel: hci0 cmd_cnt 1 cmd queued 84
Aug 16 21:49:34.519116 n kernel: hci0: skb 0000000020f60290
Aug 16 21:49:36.566901 n kernel: Bluetooth: hci0: command 0x041f tx timeout
Aug 16 21:49:36.567038 n kernel: hci0: err 0x6e
Aug 16 21:49:36.567071 n kernel: hci0 cmd_cnt 1 cmd queued 83
Aug 16 21:49:36.567104 n kernel: hci0: skb 00000000ba721b9a
Aug 16 21:49:38.615872 n kernel: Bluetooth: hci0: command 0x041f tx timeout
Aug 16 21:49:38.615960 n kernel: hci0: err 0x6e
Aug 16 21:49:38.615977 n kernel: hci0 cmd_cnt 1 cmd queued 82
Aug 16 21:49:38.616001 n kernel: hci0: skb 00000000c336a3a5
Aug 16 21:49:40.662870 n kernel: Bluetooth: hci0: command 0x041f tx timeout
Aug 16 21:49:40.662948 n kernel: hci0: err 0x6e
Aug 16 21:49:40.662965 n kernel: hci0 cmd_cnt 1 cmd queued 81
Aug 16 21:49:40.662995 n kernel: hci0: skb 00000000e3ff26b4
Aug 16 21:49:42.710859 n kernel: Bluetooth: hci0: command 0x041f tx timeout
Aug 16 21:49:42.710989 n kernel: hci0: err 0x6e
Aug 16 21:49:42.711010 n kernel: hci0 cmd_cnt 1 cmd queued 80
Aug 16 21:49:42.711031 n kernel: hci0: skb 00000000b4de1a1c
Aug 16 21:49:44.758925 n kernel: Bluetooth: hci0: command 0x041f tx timeout
Aug 16 21:49:44.759028 n kernel: hci0: err 0x6e
Aug 16 21:49:44.759071 n kernel: hci0 cmd_cnt 1 cmd queued 79
Aug 16 21:49:44.759133 n kernel: hci0: skb 000000003dde466f
Aug 16 21:49:46.806880 n kernel: Bluetooth: hci0: command 0x041f tx timeout
Aug 16 21:49:46.807015 n kernel: hci0: err 0x6e
Aug 16 21:49:46.807038 n kernel: hci0 cmd_cnt 1 cmd queued 78
Aug 16 21:49:46.807066 n kernel: hci0: skb 00000000bc0b8f5d
Aug 16 21:49:48.854896 n kernel: Bluetooth: hci0: command 0x041f tx timeout
Aug 16 21:49:48.854999 n kernel: hci0: err 0x6e
Aug 16 21:49:48.855037 n kernel: hci0 cmd_cnt 1 cmd queued 77
Aug 16 21:49:48.855088 n kernel: hci0: skb 00000000782c03fe
Aug 16 21:49:50.902919 n kernel: Bluetooth: hci0: command 0x041f tx timeout
Aug 16 21:49:50.903030 n kernel: hci0: err 0x6e
Aug 16 21:49:50.903076 n kernel: hci0 cmd_cnt 1 cmd queued 76
Aug 16 21:49:50.903111 n kernel: hci0: skb 000000008da00c2d
Aug 16 21:49:52.950880 n kernel: Bluetooth: hci0: command 0x041f tx timeout
Aug 16 21:49:52.951020 n kernel: hci0: err 0x6e
Aug 16 21:49:52.951058 n kernel: hci0 cmd_cnt 1 cmd queued 75
Aug 16 21:49:52.951086 n kernel: hci0: skb 000000008dae5741
Aug 16 21:49:54.998913 n kernel: Bluetooth: hci0: command 0x041f tx timeout
Aug 16 21:49:54.999054 n kernel: hci0: err 0x6e
Aug 16 21:49:54.999084 n kernel: hci0 cmd_cnt 1 cmd queued 74
Aug 16 21:49:54.999115 n kernel: hci0: skb 0000000057b3e89b
Aug 16 21:49:57.046884 n kernel: Bluetooth: hci0: command 0x041f tx timeout
Aug 16 21:49:57.046972 n kernel: hci0: err 0x6e
Aug 16 21:49:57.046993 n kernel: hci0 cmd_cnt 1 cmd queued 73
Aug 16 21:49:57.047023 n kernel: hci0: skb 00000000c92ed092
Aug 16 21:49:59.094878 n kernel: Bluetooth: hci0: command 0x041f tx timeout
Aug 16 21:49:59.094952 n kernel: hci0: err 0x6e
Aug 16 21:49:59.094974 n kernel: hci0 cmd_cnt 1 cmd queued 72
Aug 16 21:49:59.095008 n kernel: hci0: skb 00000000997bfec2
Aug 16 21:50:01.142892 n kernel: Bluetooth: hci0: command 0x041f tx timeout
Aug 16 21:50:01.143054 n kernel: hci0: err 0x6e
Aug 16 21:50:01.143085 n kernel: hci0 cmd_cnt 1 cmd queued 71
Aug 16 21:50:01.143129 n kernel: hci0: skb 00000000d30f2dad
Aug 16 21:50:03.190872 n kernel: Bluetooth: hci0: command 0x041f tx timeout
Aug 16 21:50:03.190952 n kernel: hci0: err 0x6e
Aug 16 21:50:03.190972 n kernel: hci0 cmd_cnt 1 cmd queued 70
Aug 16 21:50:03.191001 n kernel: hci0: skb 00000000d089d30a
Aug 16 21:50:05.238891 n kernel: Bluetooth: hci0: command 0x041f tx timeout
Aug 16 21:50:05.239228 n kernel: hci0: err 0x6e
Aug 16 21:50:05.239277 n kernel: hci0 cmd_cnt 1 cmd queued 69
Aug 16 21:50:05.239315 n kernel: hci0: skb 00000000af95e178
Aug 16 21:50:07.286888 n kernel: Bluetooth: hci0: command 0x041f tx timeout
Aug 16 21:50:07.287023 n kernel: hci0: err 0x6e
Aug 16 21:50:07.287061 n kernel: hci0 cmd_cnt 1 cmd queued 68
Aug 16 21:50:07.287095 n kernel: hci0: skb 00000000d63138cd
Aug 16 21:50:09.334893 n kernel: Bluetooth: hci0: command 0x041f tx timeout
Aug 16 21:50:09.334992 n kernel: hci0: err 0x6e
Aug 16 21:50:09.335029 n kernel: hci0 cmd_cnt 1 cmd queued 67
Aug 16 21:50:09.335080 n kernel: hci0: skb 00000000b15e4c08
Aug 16 21:50:11.382923 n kernel: Bluetooth: hci0: command 0x041f tx timeout
Aug 16 21:50:11.383025 n kernel: hci0: err 0x6e
Aug 16 21:50:11.383056 n kernel: hci0 cmd_cnt 1 cmd queued 66
Aug 16 21:50:11.383096 n kernel: hci0: skb 000000009ec98bc5
Aug 16 21:50:13.431903 n kernel: Bluetooth: hci0: command 0x041f tx timeout
Aug 16 21:50:13.432015 n kernel: hci0: err 0x6e
Aug 16 21:50:13.432062 n kernel: hci0 cmd_cnt 1 cmd queued 65
Aug 16 21:50:13.432103 n kernel: hci0: skb 0000000063e165e3
Aug 16 21:50:15.479869 n kernel: Bluetooth: hci0: command 0x041f tx timeout
Aug 16 21:50:15.479965 n kernel: hci0: err 0x6e
Aug 16 21:50:15.479997 n kernel: hci0 cmd_cnt 1 cmd queued 64
Aug 16 21:50:15.480021 n kernel: hci0: skb 00000000485b4821
Aug 16 21:50:17.526872 n kernel: Bluetooth: hci0: command 0x041f tx timeout
Aug 16 21:50:17.531770 n kernel: hci0: err 0x6e
Aug 16 21:50:17.531823 n kernel: hci0 cmd_cnt 1 cmd queued 63
Aug 16 21:50:17.531875 n kernel: hci0: skb 000000000e09df90
Aug 16 21:50:19.574926 n kernel: Bluetooth: hci0: command 0x041f tx timeout
Aug 16 21:50:19.575035 n kernel: hci0: err 0x6e
Aug 16 21:50:19.575058 n kernel: hci0 cmd_cnt 1 cmd queued 62
Aug 16 21:50:19.575090 n kernel: hci0: skb 0000000019666ae7
Aug 16 21:50:21.622918 n kernel: Bluetooth: hci0: command 0x041f tx timeout
Aug 16 21:50:21.623031 n kernel: hci0: err 0x6e
Aug 16 21:50:21.623050 n kernel: hci0 cmd_cnt 1 cmd queued 61
Aug 16 21:50:21.623080 n kernel: hci0: skb 00000000c15914b0
Aug 16 21:50:23.670888 n kernel: Bluetooth: hci0: command 0x041f tx timeout
Aug 16 21:50:23.671001 n kernel: hci0: err 0x6e
Aug 16 21:50:23.671023 n kernel: hci0 cmd_cnt 1 cmd queued 60
Aug 16 21:50:23.671064 n kernel: hci0: skb 00000000452bec71
Aug 16 21:50:25.718872 n kernel: Bluetooth: hci0: command 0x041f tx timeout
Aug 16 21:50:25.718961 n kernel: hci0: err 0x6e
Aug 16 21:50:25.718977 n kernel: hci0 cmd_cnt 1 cmd queued 59
Aug 16 21:50:25.718991 n kernel: hci0: skb 00000000320fb5ea
Aug 16 21:50:27.766873 n kernel: Bluetooth: hci0: command 0x041f tx timeout
Aug 16 21:50:27.766932 n kernel: hci0: err 0x6e
Aug 16 21:50:27.766961 n kernel: hci0 cmd_cnt 1 cmd queued 58
Aug 16 21:50:27.767006 n kernel: hci0: skb 00000000c7fe1391
Aug 16 21:50:29.814879 n kernel: Bluetooth: hci0: command 0x041f tx timeout
Aug 16 21:50:29.814970 n kernel: hci0: err 0x6e
Aug 16 21:50:29.814989 n kernel: hci0 cmd_cnt 1 cmd queued 57
Aug 16 21:50:29.815020 n kernel: hci0: skb 00000000457d914c
Aug 16 21:50:31.862853 n kernel: Bluetooth: hci0: command 0x041f tx timeout
Aug 16 21:50:31.862917 n kernel: hci0: err 0x6e
Aug 16 21:50:31.862934 n kernel: hci0 cmd_cnt 1 cmd queued 56
Aug 16 21:50:31.862953 n kernel: hci0: skb 000000001d708be2
Aug 16 21:50:33.910930 n kernel: Bluetooth: hci0: command 0x041f tx timeout
Aug 16 21:50:33.911057 n kernel: hci0: err 0x6e
Aug 16 21:50:33.911104 n kernel: hci0 cmd_cnt 1 cmd queued 55
Aug 16 21:50:33.911165 n kernel: hci0: skb 0000000071720b52
Aug 16 21:50:35.958880 n kernel: Bluetooth: hci0: command 0x041f tx timeout
Aug 16 21:50:35.959095 n kernel: hci0: err 0x6e
Aug 16 21:50:35.959145 n kernel: hci0 cmd_cnt 1 cmd queued 54
Aug 16 21:50:35.959168 n kernel: hci0: skb 0000000008699c6f
Aug 16 21:50:38.006892 n kernel: Bluetooth: hci0: command 0x041f tx timeout
Aug 16 21:50:38.007049 n kernel: hci0: err 0x6e
Aug 16 21:50:38.007086 n kernel: hci0 cmd_cnt 1 cmd queued 53
Aug 16 21:50:38.007122 n kernel: hci0: skb 000000006d6fe7fa
Aug 16 21:50:40.054873 n kernel: Bluetooth: hci0: command 0x041f tx timeout
Aug 16 21:50:40.055048 n kernel: hci0: err 0x6e
Aug 16 21:50:40.055072 n kernel: hci0 cmd_cnt 1 cmd queued 52
Aug 16 21:50:40.055107 n kernel: hci0: skb 00000000773baf3b
Aug 16 21:50:42.102933 n kernel: Bluetooth: hci0: command 0x041f tx timeout
Aug 16 21:50:42.103061 n kernel: hci0: err 0x6e
Aug 16 21:50:42.103094 n kernel: hci0 cmd_cnt 1 cmd queued 51
Aug 16 21:50:42.103158 n kernel: hci0: skb 000000004ecb7769
Aug 16 21:50:44.150872 n kernel: Bluetooth: hci0: command 0x041f tx timeout
Aug 16 21:50:44.150961 n kernel: hci0: err 0x6e
Aug 16 21:50:44.150988 n kernel: hci0 cmd_cnt 1 cmd queued 50
Aug 16 21:50:44.151020 n kernel: hci0: skb 0000000054dec2d9
Aug 16 21:50:46.198866 n kernel: Bluetooth: hci0: command 0x041f tx timeout
Aug 16 21:50:46.198961 n kernel: hci0: err 0x6e
Aug 16 21:50:46.198980 n kernel: hci0 cmd_cnt 1 cmd queued 49
Aug 16 21:50:46.199020 n kernel: hci0: skb 0000000093f10569
Aug 16 21:50:48.246876 n kernel: Bluetooth: hci0: command 0x041f tx timeout
Aug 16 21:50:48.246981 n kernel: hci0: err 0x6e
Aug 16 21:50:48.247001 n kernel: hci0 cmd_cnt 1 cmd queued 48
Aug 16 21:50:48.247044 n kernel: hci0: skb 00000000dd5e51f1
Aug 16 21:50:50.294888 n kernel: Bluetooth: hci0: command 0x041f tx timeout
Aug 16 21:50:50.294980 n kernel: hci0: err 0x6e
Aug 16 21:50:50.294996 n kernel: hci0 cmd_cnt 1 cmd queued 47
Aug 16 21:50:50.295016 n kernel: hci0: skb 0000000049253bb6
Aug 16 21:50:52.342910 n kernel: Bluetooth: hci0: command 0x041f tx timeout
Aug 16 21:50:52.343052 n kernel: hci0: err 0x6e
Aug 16 21:50:52.343100 n kernel: hci0 cmd_cnt 1 cmd queued 46
Aug 16 21:50:52.343188 n kernel: hci0: skb 00000000295ddde7
Aug 16 21:50:54.390888 n kernel: Bluetooth: hci0: command 0x041f tx timeout
Aug 16 21:50:54.391012 n kernel: hci0: err 0x6e
Aug 16 21:50:54.391041 n kernel: hci0 cmd_cnt 1 cmd queued 45
Aug 16 21:50:54.391105 n kernel: hci0: skb 0000000051dae396
Aug 16 21:50:56.438884 n kernel: Bluetooth: hci0: command 0x041f tx timeout
Aug 16 21:50:56.439000 n kernel: hci0: err 0x6e
Aug 16 21:50:56.439032 n kernel: hci0 cmd_cnt 1 cmd queued 44
Aug 16 21:50:56.439092 n kernel: hci0: skb 00000000e41ed7f2
Aug 16 21:50:58.487894 n kernel: Bluetooth: hci0: command 0x041f tx timeout
Aug 16 21:50:58.487989 n kernel: hci0: err 0x6e
Aug 16 21:50:58.488016 n kernel: hci0 cmd_cnt 1 cmd queued 43
Aug 16 21:50:58.488055 n kernel: hci0: skb 00000000368ceb4b
Aug 16 21:51:00.534914 n kernel: Bluetooth: hci0: command 0x041f tx timeout
Aug 16 21:51:00.535008 n kernel: hci0: err 0x6e
Aug 16 21:51:00.535034 n kernel: hci0 cmd_cnt 1 cmd queued 42
Aug 16 21:51:00.535065 n kernel: hci0: skb 00000000f55d0362
Aug 16 21:51:02.582927 n kernel: Bluetooth: hci0: command 0x041f tx timeout
Aug 16 21:51:02.583000 n kernel: hci0: err 0x6e
Aug 16 21:51:02.583024 n kernel: hci0 cmd_cnt 1 cmd queued 41
Aug 16 21:51:02.583046 n kernel: hci0: skb 0000000074d56b0d
Aug 16 21:51:04.630942 n kernel: Bluetooth: hci0: command 0x041f tx timeout
Aug 16 21:51:04.631070 n kernel: hci0: err 0x6e
Aug 16 21:51:04.631085 n kernel: hci0 cmd_cnt 1 cmd queued 40
Aug 16 21:51:04.631112 n kernel: hci0: skb 00000000f21b313d
Aug 16 21:51:06.678921 n kernel: Bluetooth: hci0: command 0x041f tx timeout
Aug 16 21:51:06.679183 n kernel: hci0: err 0x6e
Aug 16 21:51:06.679227 n kernel: hci0 cmd_cnt 1 cmd queued 39
Aug 16 21:51:06.679249 n kernel: hci0: skb 000000007bcd3cd3
Aug 16 21:51:08.726907 n kernel: Bluetooth: hci0: command 0x041f tx timeout
Aug 16 21:51:08.727061 n kernel: hci0: err 0x6e
Aug 16 21:51:08.727094 n kernel: hci0 cmd_cnt 1 cmd queued 38
Aug 16 21:51:08.727130 n kernel: hci0: skb 00000000cda15428
Aug 16 21:51:10.774913 n kernel: Bluetooth: hci0: command 0x041f tx timeout
Aug 16 21:51:10.775039 n kernel: hci0: err 0x6e
Aug 16 21:51:10.775071 n kernel: hci0 cmd_cnt 1 cmd queued 37
Aug 16 21:51:10.775121 n kernel: hci0: skb 00000000eb0f19b3
Aug 16 21:51:12.822887 n kernel: Bluetooth: hci0: command 0x041f tx timeout
Aug 16 21:51:12.822996 n kernel: hci0: err 0x6e
Aug 16 21:51:12.823016 n kernel: hci0 cmd_cnt 1 cmd queued 36
Aug 16 21:51:12.823053 n kernel: hci0: skb 000000004910b03c
Aug 16 21:51:14.870878 n kernel: Bluetooth: hci0: command 0x041f tx timeout
Aug 16 21:51:14.871006 n kernel: hci0: err 0x6e
Aug 16 21:51:14.871025 n kernel: hci0 cmd_cnt 1 cmd queued 35
Aug 16 21:51:14.871039 n kernel: hci0: skb 0000000097c9aebf
Aug 16 21:51:16.919872 n kernel: Bluetooth: hci0: command 0x041f tx timeout
Aug 16 21:51:16.919982 n kernel: hci0: err 0x6e
Aug 16 21:51:16.920010 n kernel: hci0 cmd_cnt 1 cmd queued 34
Aug 16 21:51:16.920048 n kernel: hci0: skb 00000000ffe4c292
Aug 16 21:51:18.966883 n kernel: Bluetooth: hci0: command 0x041f tx timeout
Aug 16 21:51:18.966982 n kernel: hci0: err 0x6e
Aug 16 21:51:18.967017 n kernel: hci0 cmd_cnt 1 cmd queued 33
Aug 16 21:51:18.967039 n kernel: hci0: skb 000000000627b538
Aug 16 21:51:21.014868 n kernel: Bluetooth: hci0: command 0x041f tx timeout
Aug 16 21:51:21.015006 n kernel: hci0: err 0x6e
Aug 16 21:51:21.015028 n kernel: hci0 cmd_cnt 1 cmd queued 32
Aug 16 21:51:21.015050 n kernel: hci0: skb 00000000d28c166e
Aug 16 21:51:23.062859 n kernel: Bluetooth: hci0: command 0x041f tx timeout
Aug 16 21:51:23.062941 n kernel: hci0: err 0x6e
Aug 16 21:51:23.062960 n kernel: hci0 cmd_cnt 1 cmd queued 31
Aug 16 21:51:23.062978 n kernel: hci0: skb 00000000252cfb4a
Aug 16 21:51:25.110880 n kernel: Bluetooth: hci0: command 0x041f tx timeout
Aug 16 21:51:25.110959 n kernel: hci0: err 0x6e
Aug 16 21:51:25.110977 n kernel: hci0 cmd_cnt 1 cmd queued 30
Aug 16 21:51:25.110998 n kernel: hci0: skb 0000000072e438aa
Aug 16 21:51:27.158874 n kernel: Bluetooth: hci0: command 0x041f tx timeout
Aug 16 21:51:27.158948 n kernel: hci0: err 0x6e
Aug 16 21:51:27.158966 n kernel: hci0 cmd_cnt 1 cmd queued 29
Aug 16 21:51:27.158992 n kernel: hci0: skb 0000000024251263
Aug 16 21:51:29.206879 n kernel: Bluetooth: hci0: command 0x041f tx timeout
Aug 16 21:51:29.206969 n kernel: hci0: err 0x6e
Aug 16 21:51:29.206996 n kernel: hci0 cmd_cnt 1 cmd queued 28
Aug 16 21:51:29.207035 n kernel: hci0: skb 00000000d9125cae
Aug 16 21:51:31.254887 n kernel: Bluetooth: hci0: command 0x041f tx timeout
Aug 16 21:51:31.255037 n kernel: hci0: err 0x6e
Aug 16 21:51:31.255064 n kernel: hci0 cmd_cnt 1 cmd queued 27
Aug 16 21:51:31.255085 n kernel: hci0: skb 0000000022e09ddc
Aug 16 21:51:33.302887 n kernel: Bluetooth: hci0: command 0x041f tx timeout
Aug 16 21:51:33.302973 n kernel: hci0: err 0x6e
Aug 16 21:51:33.302989 n kernel: hci0 cmd_cnt 1 cmd queued 26
Aug 16 21:51:33.303015 n kernel: hci0: skb 00000000553c069e
Aug 16 21:51:35.350889 n kernel: Bluetooth: hci0: command 0x041f tx timeout
Aug 16 21:51:35.350988 n kernel: hci0: err 0x6e
Aug 16 21:51:35.351016 n kernel: hci0 cmd_cnt 1 cmd queued 25
Aug 16 21:51:35.351045 n kernel: hci0: skb 00000000dd0b70cc
Aug 16 21:51:37.398868 n kernel: Bluetooth: hci0: command 0x041f tx timeout
Aug 16 21:51:37.399040 n kernel: hci0: err 0x6e
Aug 16 21:51:37.399072 n kernel: hci0 cmd_cnt 1 cmd queued 24
Aug 16 21:51:37.399103 n kernel: hci0: skb 0000000017980088
Aug 16 21:51:39.446900 n kernel: Bluetooth: hci0: command 0x041f tx timeout
Aug 16 21:51:39.447038 n kernel: hci0: err 0x6e
Aug 16 21:51:39.447058 n kernel: hci0 cmd_cnt 1 cmd queued 23
Aug 16 21:51:39.447080 n kernel: hci0: skb 000000002eec3553
Aug 16 21:51:41.494882 n kernel: Bluetooth: hci0: command 0x041f tx timeout
Aug 16 21:51:41.495030 n kernel: hci0: err 0x6e
Aug 16 21:51:41.495066 n kernel: hci0 cmd_cnt 1 cmd queued 22
Aug 16 21:51:41.495140 n kernel: hci0: skb 00000000d607bcaf
Aug 16 21:51:43.542902 n kernel: Bluetooth: hci0: command 0x041f tx timeout
Aug 16 21:51:43.543049 n kernel: hci0: err 0x6e
Aug 16 21:51:43.543096 n kernel: hci0 cmd_cnt 1 cmd queued 21
Aug 16 21:51:43.543173 n kernel: hci0: skb 00000000740dcacc
Aug 16 21:51:45.590885 n kernel: Bluetooth: hci0: command 0x041f tx timeout
Aug 16 21:51:45.590982 n kernel: hci0: err 0x6e
Aug 16 21:51:45.591004 n kernel: hci0 cmd_cnt 1 cmd queued 20
Aug 16 21:51:45.591030 n kernel: hci0: skb 0000000018a700a8
Aug 16 21:51:47.638893 n kernel: Bluetooth: hci0: command 0x041f tx timeout
Aug 16 21:51:47.639018 n kernel: hci0: err 0x6e
Aug 16 21:51:47.639059 n kernel: hci0 cmd_cnt 1 cmd queued 19
Aug 16 21:51:47.639091 n kernel: hci0: skb 0000000024933c2c
Aug 16 21:51:49.686875 n kernel: Bluetooth: hci0: command 0x041f tx timeout
Aug 16 21:51:49.686967 n kernel: hci0: err 0x6e
Aug 16 21:51:49.686997 n kernel: hci0 cmd_cnt 1 cmd queued 18
Aug 16 21:51:49.687021 n kernel: hci0: skb 0000000055e06ab6
Aug 16 21:51:51.734902 n kernel: Bluetooth: hci0: command 0x041f tx timeout
Aug 16 21:51:51.735003 n kernel: hci0: err 0x6e
Aug 16 21:51:51.735021 n kernel: hci0 cmd_cnt 1 cmd queued 17
Aug 16 21:51:51.735050 n kernel: hci0: skb 000000006f0fcc38
Aug 16 21:51:53.782883 n kernel: Bluetooth: hci0: command 0x041f tx timeout
Aug 16 21:51:53.782970 n kernel: hci0: err 0x6e
Aug 16 21:51:53.782985 n kernel: hci0 cmd_cnt 1 cmd queued 16
Aug 16 21:51:53.783011 n kernel: hci0: skb 0000000030266809
Aug 16 21:51:55.830884 n kernel: Bluetooth: hci0: command 0x041f tx timeout
Aug 16 21:51:55.830954 n kernel: hci0: err 0x6e
Aug 16 21:51:55.830975 n kernel: hci0 cmd_cnt 1 cmd queued 15
Aug 16 21:51:55.830990 n kernel: hci0: skb 00000000c56871fb
Aug 16 21:51:57.878934 n kernel: Bluetooth: hci0: command 0x041f tx timeout
Aug 16 21:51:57.879408 n kernel: hci0: err 0x6e
Aug 16 21:51:57.879452 n kernel: hci0 cmd_cnt 1 cmd queued 14
Aug 16 21:51:57.879476 n kernel: hci0: skb 000000001b37d726
Aug 16 21:51:59.926918 n kernel: Bluetooth: hci0: command 0x041f tx timeout
Aug 16 21:51:59.927066 n kernel: hci0: err 0x6e
Aug 16 21:51:59.927108 n kernel: hci0 cmd_cnt 1 cmd queued 13
Aug 16 21:51:59.927148 n kernel: hci0: skb 0000000096e43ef5
Aug 16 21:52:01.974885 n kernel: Bluetooth: hci0: command 0x041f tx timeout
Aug 16 21:52:01.975070 n kernel: hci0: err 0x6e
Aug 16 21:52:01.975098 n kernel: hci0 cmd_cnt 1 cmd queued 12
Aug 16 21:52:01.975133 n kernel: hci0: skb 00000000b11e2e22
Aug 16 21:52:04.023864 n kernel: Bluetooth: hci0: command 0x041f tx timeout
Aug 16 21:52:04.023968 n kernel: hci0: err 0x6e
Aug 16 21:52:04.023994 n kernel: hci0 cmd_cnt 1 cmd queued 11
Aug 16 21:52:04.024023 n kernel: hci0: skb 000000007140ef9e
Aug 16 21:52:06.071881 n kernel: Bluetooth: hci0: command 0x041f tx timeout
Aug 16 21:52:06.071955 n kernel: hci0: err 0x6e
Aug 16 21:52:06.071972 n kernel: hci0 cmd_cnt 1 cmd queued 10
Aug 16 21:52:06.072001 n kernel: hci0: skb 000000005f33a205
Aug 16 21:52:08.118884 n kernel: Bluetooth: hci0: command 0x041f tx timeout
Aug 16 21:52:08.119040 n kernel: hci0: err 0x6e
Aug 16 21:52:08.119065 n kernel: hci0 cmd_cnt 1 cmd queued 9
Aug 16 21:52:08.119086 n kernel: hci0: skb 00000000f821fbf9
Aug 16 21:52:10.166885 n kernel: Bluetooth: hci0: command 0x041f tx timeout
Aug 16 21:52:10.166980 n kernel: hci0: err 0x6e
Aug 16 21:52:10.166996 n kernel: hci0 cmd_cnt 1 cmd queued 8
Aug 16 21:52:10.167016 n kernel: hci0: skb 000000002de78d43
Aug 16 21:52:12.214883 n kernel: Bluetooth: hci0: command 0x041f tx timeout
Aug 16 21:52:12.214978 n kernel: hci0: err 0x6e
Aug 16 21:52:12.214999 n kernel: hci0 cmd_cnt 1 cmd queued 7
Aug 16 21:52:12.215021 n kernel: hci0: skb 00000000c876a9ae
Aug 16 21:52:14.262875 n kernel: Bluetooth: hci0: command 0x041f tx timeout
Aug 16 21:52:14.262975 n kernel: hci0: err 0x6e
Aug 16 21:52:14.262993 n kernel: hci0 cmd_cnt 1 cmd queued 6
Aug 16 21:52:14.263024 n kernel: hci0: skb 00000000ba53db19
Aug 16 21:52:16.310917 n kernel: Bluetooth: hci0: command 0x041f tx timeout
Aug 16 21:52:16.311042 n kernel: hci0: err 0x6e
Aug 16 21:52:16.311071 n kernel: hci0 cmd_cnt 1 cmd queued 5
Aug 16 21:52:16.311115 n kernel: hci0: skb 00000000a38e4e74
Aug 16 21:52:18.358892 n kernel: Bluetooth: hci0: command 0x041f tx timeout
Aug 16 21:52:18.359075 n kernel: hci0: err 0x6e
Aug 16 21:52:18.359103 n kernel: hci0 cmd_cnt 1 cmd queued 4
Aug 16 21:52:18.359136 n kernel: hci0: skb 00000000a96e2721
Aug 16 21:52:20.406874 n kernel: Bluetooth: hci0: command 0x041f tx timeout
Aug 16 21:52:20.406969 n kernel: hci0: err 0x6e
Aug 16 21:52:20.406985 n kernel: hci0 cmd_cnt 1 cmd queued 3
Aug 16 21:52:20.407005 n kernel: hci0: skb 00000000a2ab7189
Aug 16 21:52:22.454920 n kernel: Bluetooth: hci0: command 0x041f tx timeout
Aug 16 21:52:22.455075 n kernel: hci0: err 0x6e
Aug 16 21:52:22.455119 n kernel: hci0 cmd_cnt 1 cmd queued 2
Aug 16 21:52:22.455147 n kernel: hci0: skb 00000000793eafa6
Aug 16 21:52:24.502896 n kernel: Bluetooth: hci0: command 0x041f tx timeout
Aug 16 21:52:24.503038 n kernel: hci0: err 0x6e
Aug 16 21:52:24.503068 n kernel: hci0 cmd_cnt 1 cmd queued 1
Aug 16 21:52:24.503113 n kernel: hci0: skb 00000000fb58f7ef
Aug 16 21:52:26.550929 n kernel: Bluetooth: hci0: command 0x041f tx timeout
Aug 16 21:52:26.551098 n kernel: hci0: err 0x6e
Aug 16 21:52:26.551129 n kernel: hci0 cmd_cnt 1 cmd queued 0
Aug 17 00:43:18.000888 n kernel: hci0: 
Aug 17 00:43:18.000911 n kernel: hci0: entry 0000000049c0fcbf
Aug 17 00:43:18.000928 n kernel: hci0: ADV monitoring is off
Aug 17 00:43:18.000942 n kernel: hci0: stopping background scanning
Aug 17 00:43:18.000966 n kernel: hci0: 
Aug 17 00:43:18.000974 n kernel: hci0: entry 000000009b6c15db
Aug 17 00:43:18.000987 n kernel: hci0: Opcode 0x0c3a
Aug 17 00:43:18.001002 n kernel: hci0: opcode 0x0c3a plen 4
Aug 17 00:43:18.001015 n kernel: hci0: skb len 7
Aug 17 00:43:18.001028 n kernel: hci0: length 1
Aug 17 00:43:18.001041 n kernel: hci0 cmd_cnt 1 cmd queued 1
Aug 17 00:43:18.001052 n kernel: hci0: skb 0000000038735201
Aug 17 00:43:20.054960 n kernel: Bluetooth: hci0: command 0x041f tx timeout
Aug 17 00:43:20.055063 n kernel: hci0: end: err -110
Aug 17 00:43:20.055102 n kernel: hci0: err 0x6e
Aug 17 00:43:20.055124 n kernel: hci0 cmd_cnt 1 cmd queued 0
Aug 17 00:43:20.055140 n kernel: Bluetooth: hci0: Opcode 0x0c3a failed: -110
Aug 17 00:43:20.055172 n kernel: hci0: state 0 -> 1
Aug 17 00:43:20.055191 n kernel: hci0: 
Aug 17 00:43:20.055203 n kernel: hci0: entry 0000000034de8961
Aug 17 00:43:20.055216 n kernel: hci0: type 7
Aug 17 00:43:20.055232 n kernel: hci0: 
Aug 17 00:43:20.055243 n kernel: hci0: cancelling interleave scan
Aug 17 00:43:20.055255 n kernel: hci0: Opcode 0x2005
Aug 17 00:43:20.055269 n kernel: hci0: opcode 0x2005 plen 6
Aug 17 00:43:20.055281 n kernel: hci0: skb len 9
Aug 17 00:43:20.055306 n kernel: hci0: length 1
Aug 17 00:43:20.055316 n kernel: hci0 cmd_cnt 1 cmd queued 1
Aug 17 00:43:20.055328 n kernel: hci0: skb 0000000068b8a120
Aug 17 00:43:22.102890 n kernel: hci0: end: err -110
Aug 17 00:43:22.103132 n kernel: Bluetooth: hci0: Opcode 0x2005 failed: -110
Aug 17 00:43:22.103200 n kernel: Bluetooth: hci0: command 0x041f tx timeout
Aug 17 00:43:22.103235 n kernel: hci0: Opcode 0x200b
Aug 17 00:43:22.103261 n kernel: hci0: err 0x6e
Aug 17 00:43:22.103291 n kernel: hci0: opcode 0x200b plen 7
Aug 17 00:43:22.103316 n kernel: hci0: skb len 10
Aug 17 00:43:22.103346 n kernel: hci0 cmd_cnt 1 cmd queued 0
Aug 17 00:43:22.103384 n kernel: hci0: length 1
Aug 17 00:43:22.103419 n kernel: hci0: skb 00000000492993a8
Aug 17 00:43:22.103480 n kernel: hci0 cmd_cnt 0 cmd queued 0
Aug 17 00:43:24.150904 n kernel: hci0: end: err -110
Aug 17 00:43:24.150931 n kernel: Bluetooth: hci0: Opcode 0x200b failed: -110
Aug 17 00:43:24.150962 n kernel: Bluetooth: hci0: command 0x041f tx timeout
Aug 17 00:43:24.150980 n kernel: hci0: err 0x6e
Aug 17 00:43:24.150992 n kernel: hci0 cmd_cnt 1 cmd queued 0
Aug 17 00:43:24.151008 n kernel: hci0: state 1 -> 0
Aug 17 00:43:24.151028 n kernel: hci0: entry 00000000d5a947e1
Aug 17 00:43:24.151040 n kernel: hci0: ADV monitoring is off
Aug 17 00:43:24.151054 n kernel: hci0: stopping background scanning
Aug 17 00:43:24.151067 n kernel: hci0: 
Aug 17 00:43:24.151094 n kernel: hci0: 
Aug 17 00:43:24.151106 n kernel: hci0: entry 00000000bc29b712
Aug 17 00:43:24.151120 n kernel: hci0: 
Aug 17 00:43:24.151129 n kernel: hci0: 
Aug 17 00:43:24.151135 n kernel: hci0: Opcode 0x0c52
Aug 17 00:43:24.151151 n kernel: hci0: opcode 0x0c52 plen 241
Aug 17 00:43:24.151203 n kernel: hci0: skb len 244
Aug 17 00:43:24.151213 n kernel: hci0: length 1
Aug 17 00:43:24.151223 n kernel: hci0 cmd_cnt 1 cmd queued 1
Aug 17 00:43:24.151233 n kernel: hci0: skb 000000005a4afe92
Aug 17 00:43:26.198862 n kernel: hci0: end: err -110
Aug 17 00:43:26.198938 n kernel: Bluetooth: hci0: Opcode 0x0c52 failed: -110
Aug 17 00:43:26.198975 n kernel: Bluetooth: hci0: command 0x041f tx timeout
Aug 17 00:43:26.198989 n kernel: hci0: err 0x6e
Aug 17 00:43:26.199004 n kernel: hci0 cmd_cnt 1 cmd queued 0
Aug 17 00:43:26.199042 n kernel: hci0: 
Aug 17 00:43:26.199058 n kernel: hci0: entry 000000007ec38c87
Aug 17 00:43:26.199074 n kernel: hci0: 
Aug 17 00:43:26.199087 n kernel: hci0: 
Aug 17 00:43:26.199099 n kernel: hci0: Opcode 0x0c52
Aug 17 00:43:26.199112 n kernel: hci0: opcode 0x0c52 plen 241
Aug 17 00:43:26.199125 n kernel: hci0: skb len 244
Aug 17 00:43:26.199137 n kernel: hci0: length 1
Aug 17 00:43:26.199149 n kernel: hci0 cmd_cnt 1 cmd queued 1
Aug 17 00:43:26.199161 n kernel: hci0: skb 000000001790cbdd
Aug 17 00:43:28.246881 n kernel: hci0: end: err -110
Aug 17 00:43:28.246930 n kernel: Bluetooth: hci0: command 0x041f tx timeout
Aug 17 00:43:28.246945 n kernel: hci0: err 0x6e
Aug 17 00:43:28.246961 n kernel: Bluetooth: hci0: Opcode 0x0c52 failed: -110
Aug 17 00:43:28.246981 n kernel: hci0 cmd_cnt 1 cmd queued 0
Aug 17 00:43:28.247031 n kernel: hci0: 
Aug 17 00:43:28.247043 n kernel: hci0: entry 0000000041639358
Aug 17 00:43:28.247055 n kernel: hci0: 
Aug 17 00:43:28.247069 n kernel: hci0: Opcode 0x0c24
Aug 17 00:43:28.247085 n kernel: hci0: opcode 0x0c24 plen 3
Aug 17 00:43:28.247097 n kernel: hci0: skb len 6
Aug 17 00:43:28.247109 n kernel: hci0: length 1
Aug 17 00:43:28.247123 n kernel: hci0 cmd_cnt 1 cmd queued 1
Aug 17 00:43:28.247137 n kernel: hci0: skb 000000005fccb8e5
Aug 17 00:43:30.294945 n kernel: Bluetooth: hci0: command 0x041f tx timeout
Aug 17 00:43:30.294986 n kernel: hci0: end: err -110
Aug 17 00:43:30.295017 n kernel: Bluetooth: hci0: Opcode 0x0c24 failed: -110
Aug 17 00:43:30.295078 n kernel: hci0: err 0x6e
Aug 17 00:43:30.295103 n kernel: hci0 cmd_cnt 1 cmd queued 0
Aug 17 00:43:30.295195 n kernel: hci0: 
Aug 17 00:43:30.295216 n kernel: hci0: entry 0000000056f396c5
Aug 17 00:43:30.295243 n kernel: hci0: 
Aug 17 00:43:30.295263 n kernel: hci0: Opcode 0x0c24
Aug 17 00:43:30.295284 n kernel: hci0: opcode 0x0c24 plen 3
Aug 17 00:43:30.295304 n kernel: hci0: skb len 6
Aug 17 00:43:30.295327 n kernel: hci0: length 1
Aug 17 00:43:30.295350 n kernel: hci0 cmd_cnt 1 cmd queued 1
Aug 17 00:43:30.295371 n kernel: hci0: skb 00000000c0be23cc
Aug 17 00:43:32.342962 n kernel: hci0: end: err -110
Aug 17 00:43:32.343044 n kernel: Bluetooth: hci0: command 0x041f tx timeout
Aug 17 00:43:32.343063 n kernel: hci0: err 0x6e
Aug 17 00:43:32.343079 n kernel: Bluetooth: hci0: Opcode 0x0c24 failed: -110
Aug 17 00:43:32.343108 n kernel: hci0 cmd_cnt 1 cmd queued 0
Aug 17 00:43:32.343196 n kernel: hci0: 
Aug 17 00:43:32.343228 n kernel: hci0: entry 000000003309b80e
Aug 17 00:43:32.343256 n kernel: hci0: 
Aug 17 00:43:32.343263 n kernel: hci0: Opcode 0x0c24
Aug 17 00:43:32.343274 n kernel: hci0: opcode 0x0c24 plen 3
Aug 17 00:43:32.343285 n kernel: hci0: skb len 6
Aug 17 00:43:32.343297 n kernel: hci0: length 1
Aug 17 00:43:32.343308 n kernel: hci0 cmd_cnt 1 cmd queued 1
Aug 17 00:43:32.343323 n kernel: hci0: skb 000000005eaf490b
Aug 17 00:43:34.390863 n kernel: Bluetooth: hci0: command 0x041f tx timeout
Aug 17 00:43:34.390917 n kernel: hci0: end: err -110
Aug 17 00:43:34.390932 n kernel: Bluetooth: hci0: Opcode 0x0c24 failed: -110
Aug 17 00:43:34.390941 n kernel: hci0: err 0x6e
Aug 17 00:43:34.390964 n kernel: hci0 cmd_cnt 1 cmd queued 0
Aug 17 00:43:34.391002 n kernel: hci0: 
Aug 17 00:43:34.391016 n kernel: hci0: entry 000000002bca76ca
Aug 17 00:43:34.391037 n kernel: hci0: 
Aug 17 00:43:34.391051 n kernel: hci0: Opcode 0x0c24
Aug 17 00:43:34.391066 n kernel: hci0: opcode 0x0c24 plen 3
Aug 17 00:43:34.391078 n kernel: hci0: skb len 6
Aug 17 00:43:34.391092 n kernel: hci0: length 1
Aug 17 00:43:34.391101 n kernel: hci0 cmd_cnt 1 cmd queued 1
Aug 17 00:43:34.391110 n kernel: hci0: skb 000000005fd5ee2f
Aug 17 00:43:36.438962 n kernel: hci0: end: err -110
Aug 17 00:43:36.439012 n kernel: Bluetooth: hci0: Opcode 0x0c24 failed: -110
Aug 17 00:43:36.439020 n kernel: Bluetooth: hci0: command 0x041f tx timeout
Aug 17 00:43:36.439029 n kernel: hci0: err 0x6e
Aug 17 00:43:36.439043 n kernel: hci0 cmd_cnt 1 cmd queued 0
Aug 17 00:43:36.439078 n kernel: hci0: 
Aug 17 00:43:36.439090 n kernel: hci0: entry 000000000a248dd1
Aug 17 00:43:36.439107 n kernel: hci0: 
Aug 17 00:43:36.439117 n kernel: hci0: Opcode 0x0c24
Aug 17 00:43:36.439129 n kernel: hci0: opcode 0x0c24 plen 3
Aug 17 00:43:36.439139 n kernel: hci0: skb len 6
Aug 17 00:43:36.439150 n kernel: hci0: length 1
Aug 17 00:43:36.439158 n kernel: hci0 cmd_cnt 1 cmd queued 1
Aug 17 00:43:36.439173 n kernel: hci0: skb 000000008f166159
Aug 17 00:43:38.486891 n kernel: hci0: end: err -110
Aug 17 00:43:38.487038 n kernel: Bluetooth: hci0: command 0x041f tx timeout
Aug 17 00:43:38.487072 n kernel: Bluetooth: hci0: Opcode 0x0c24 failed: -110
Aug 17 00:43:38.487184 n kernel: hci0: err 0x6e
Aug 17 00:43:38.487254 n kernel: hci0 cmd_cnt 1 cmd queued 0
