Aug 10 18:56:55.096197 n kernel: xhci_hcd 0000:03:00.3: xHCI Host Controller
Aug 10 18:56:55.096324 n kernel: xhci_hcd 0000:03:00.3: new USB bus registered, assigned bus number 1
Aug 10 18:56:55.096442 n kernel: xhci_hcd 0000:03:00.3: hcc params 0x0268ffe5 hci version 0x110 quirks 0x0000020000000010
Aug 10 18:56:55.096565 n kernel: xhci_hcd 0000:03:00.3: xHCI Host Controller
Aug 10 18:56:55.096696 n kernel: xhci_hcd 0000:03:00.3: new USB bus registered, assigned bus number 2
Aug 10 18:56:55.096843 n kernel: xhci_hcd 0000:03:00.3: Host supports USB 3.1 Enhanced SuperSpeed
Aug 10 18:56:55.097346 n kernel: usb usb1: Product: xHCI Host Controller
Aug 10 18:56:55.097503 n kernel: usb usb1: Manufacturer: Linux 7.0.0-28-generic xhci-hcd
Aug 10 18:56:55.098580 n kernel: usb usb2: Product: xHCI Host Controller
Aug 10 18:56:55.098719 n kernel: usb usb2: Manufacturer: Linux 7.0.0-28-generic xhci-hcd
Aug 10 18:56:55.099219 n kernel: xhci_hcd 0000:03:00.4: xHCI Host Controller
Aug 10 18:56:55.099333 n kernel: xhci_hcd 0000:03:00.4: new USB bus registered, assigned bus number 3
Aug 10 18:56:55.099450 n kernel: xhci_hcd 0000:03:00.4: hcc params 0x0268ffe5 hci version 0x110 quirks 0x0000020000000010
Aug 10 18:56:55.099566 n kernel: xhci_hcd 0000:03:00.4: xHCI Host Controller
Aug 10 18:56:55.099692 n kernel: xhci_hcd 0000:03:00.4: new USB bus registered, assigned bus number 4
Aug 10 18:56:55.099815 n kernel: xhci_hcd 0000:03:00.4: Host supports USB 3.1 Enhanced SuperSpeed
Aug 10 18:56:55.100235 n kernel: usb usb3: Product: xHCI Host Controller
Aug 10 18:56:55.100381 n kernel: usb usb3: Manufacturer: Linux 7.0.0-28-generic xhci-hcd
Aug 10 18:56:55.101307 n kernel: usb usb4: Product: xHCI Host Controller
Aug 10 18:56:55.101439 n kernel: usb usb4: Manufacturer: Linux 7.0.0-28-generic xhci-hcd
Aug 10 18:56:55.103421 n kernel: usb 3-3: new full-speed USB device number 2 using xhci_hcd
Aug 10 18:56:55.103596 n kernel: usb 1-2: new full-speed USB device number 2 using xhci_hcd
Aug 10 18:56:55.103773 n kernel: usb 3-3: New USB device found, idVendor=13d3, idProduct=3503, bcdDevice= 0.01
Aug 10 18:56:55.103926 n kernel: usb 3-3: New USB device strings: Mfr=0, Product=0, SerialNumber=0
Aug 10 18:56:55.104085 n kernel: usb 1-2: New USB device found, idVendor=32c2, idProduct=0066, bcdDevice=42.8a
Aug 10 18:56:55.104242 n kernel: usb 1-2: New USB device strings: Mfr=0, Product=1, SerialNumber=0
Aug 10 18:56:55.104391 n kernel: usb 1-2: Product: 2.4G Wireless
Aug 10 18:56:55.104566 n kernel: usb 3-4: new full-speed USB device number 3 using xhci_hcd
Aug 10 18:56:55.104751 n kernel: usb 1-3: new high-speed USB device number 3 using xhci_hcd
Aug 10 18:56:55.105749 n kernel: usb 1-3: New USB device found, idVendor=0bda, idProduct=0129, bcdDevice=39.60
Aug 10 18:56:55.105913 n kernel: usb 1-3: New USB device strings: Mfr=1, Product=2, SerialNumber=3
Aug 10 18:56:55.106067 n kernel: usb 1-3: Product: USB2.0-CRW
Aug 10 18:56:55.106218 n kernel: usb 1-3: Manufacturer: Generic
Aug 10 18:56:55.106375 n kernel: usb 1-3: SerialNumber: 20100201396000000
Aug 10 18:56:55.106551 n kernel: usb 3-4: New USB device found, idVendor=2808, idProduct=c652, bcdDevice=20.03
Aug 10 18:56:55.106789 n kernel: usb 3-4: New USB device strings: Mfr=1, Product=2, SerialNumber=0
Aug 10 18:56:55.106952 n kernel: usb 3-4: Product: FocalTech Fingerprint Device
Aug 10 18:56:55.107142 n kernel: usb 3-4: Manufacturer: FocalTech
Aug 10 18:56:55.107419 n kernel: usb 1-4: new high-speed USB device number 4 using xhci_hcd
Aug 10 18:56:55.107645 n kernel: usb 1-4: New USB device found, idVendor=32e6, idProduct=9211, bcdDevice= 0.00
Aug 10 18:56:55.107862 n kernel: usb 1-4: New USB device strings: Mfr=1, Product=2, SerialNumber=3
Aug 10 18:56:55.108081 n kernel: usb 1-4: Product: icspring camera
Aug 10 18:56:55.108249 n kernel: usb 1-4: Manufacturer: icSpring
Aug 10 18:56:55.108429 n kernel: usb 1-4: SerialNumber: 241112113001
Aug 10 18:56:55.481641 n kernel: Bluetooth: Core ver 2.22
Aug 10 18:56:55.482647 n kernel: NET: Registered PF_BLUETOOTH protocol family
Aug 10 18:56:55.482700 n kernel: Bluetooth: HCI device and connection manager initialized
Aug 10 18:56:55.482731 n kernel: Bluetooth: HCI socket layer initialized
Aug 10 18:56:55.482760 n kernel: Bluetooth: L2CAP socket layer initialized
Aug 10 18:56:55.482785 n kernel: Bluetooth: SCO socket layer initialized
Aug 10 18:56:55.576662 n kernel: usbcore: registered new interface driver btusb
Aug 10 18:56:58.411643 n kernel: Bluetooth: BNEP (Ethernet Emulation) ver 1.3
Aug 10 18:56:58.411684 n kernel: Bluetooth: BNEP filters: protocol multicast
Aug 10 18:56:58.411719 n kernel: Bluetooth: BNEP socket layer initialized
Aug 10 18:56:58.415649 n kernel: Bluetooth: MGMT ver 1.23
Aug 10 18:56:59.880652 n kernel: Bluetooth: RFCOMM TTY layer initialized
Aug 10 18:56:59.880761 n kernel: Bluetooth: RFCOMM socket layer initialized
Aug 10 18:56:59.880795 n kernel: Bluetooth: RFCOMM ver 1.11
Aug 10 18:58:41.629307 n kernel: usb 3-3: reset full-speed USB device number 2 using xhci_hcd
Aug 10 18:58:41.944325 n kernel: Bluetooth: MGMT ver 1.23
Aug 10 18:59:13.815303 n kernel: Bluetooth: hci0: unexpected event for opcode 0x2005
Aug 10 18:59:29.217310 n kernel: Bluetooth: hci0: unexpected event for opcode 0x2005
Aug 10 18:59:44.910371 n kernel: Bluetooth: hci0: unexpected event for opcode 0x2005
Aug 10 18:59:58.425311 n kernel: Bluetooth: hci0: unexpected event for opcode 0x2005
Aug 10 19:00:13.910328 n kernel: Bluetooth: hci0: unexpected event for opcode 0x2005
Aug 10 19:00:29.911329 n kernel: Bluetooth: hci0: unexpected event for opcode 0x2005
Aug 10 19:00:45.906360 n kernel: Bluetooth: hci0: unexpected event for opcode 0x2005
Aug 10 19:01:01.911342 n kernel: Bluetooth: hci0: unexpected event for opcode 0x2005
Aug 10 19:01:17.911328 n kernel: Bluetooth: hci0: unexpected event for opcode 0x2005
Aug 10 19:01:33.906022 n kernel: Bluetooth: hci0: unexpected event for opcode 0x2005
Aug 10 19:01:49.910469 n kernel: Bluetooth: hci0: unexpected event for opcode 0x2005
Aug 10 19:02:05.911358 n kernel: Bluetooth: hci0: unexpected event for opcode 0x2005
Aug 10 19:02:21.910328 n kernel: Bluetooth: hci0: unexpected event for opcode 0x2005
Aug 10 19:02:37.910683 n kernel: Bluetooth: hci0: unexpected event for opcode 0x2005
Aug 10 19:02:53.911318 n kernel: Bluetooth: hci0: unexpected event for opcode 0x2005
Aug 10 19:03:09.911334 n kernel: Bluetooth: hci0: unexpected event for opcode 0x2005
Aug 10 19:03:25.910335 n kernel: Bluetooth: hci0: unexpected event for opcode 0x2005
Aug 10 19:03:41.906334 n kernel: Bluetooth: hci0: unexpected event for opcode 0x2005
Aug 10 19:03:57.911359 n kernel: Bluetooth: hci0: unexpected event for opcode 0x2005
Aug 10 19:04:13.911359 n kernel: Bluetooth: hci0: unexpected event for opcode 0x2005
Aug 10 19:04:29.911357 n kernel: Bluetooth: hci0: unexpected event for opcode 0x2005
Aug 10 19:04:45.911353 n kernel: Bluetooth: hci0: unexpected event for opcode 0x2005
Aug 10 19:05:01.911354 n kernel: Bluetooth: hci0: unexpected event for opcode 0x2005
Aug 10 19:05:17.911327 n kernel: Bluetooth: hci0: unexpected event for opcode 0x2005
Aug 10 19:05:33.911873 n kernel: Bluetooth: hci0: unexpected event for opcode 0x2005
Aug 10 19:05:49.910331 n kernel: Bluetooth: hci0: unexpected event for opcode 0x2005
Aug 10 19:06:05.910527 n kernel: Bluetooth: hci0: unexpected event for opcode 0x2005
Aug 10 19:06:21.909535 n kernel: Bluetooth: hci0: unexpected event for opcode 0x2005
Aug 10 19:06:37.911358 n kernel: Bluetooth: hci0: unexpected event for opcode 0x2005
Aug 10 19:06:53.911358 n kernel: Bluetooth: hci0: unexpected event for opcode 0x2005
Aug 10 19:07:09.911366 n kernel: Bluetooth: hci0: unexpected event for opcode 0x2005
Aug 10 19:07:25.911369 n kernel: Bluetooth: hci0: unexpected event for opcode 0x2005
Aug 10 19:07:41.910362 n kernel: Bluetooth: hci0: unexpected event for opcode 0x2005
Aug 10 19:07:57.906324 n kernel: Bluetooth: hci0: unexpected event for opcode 0x2005
Aug 10 19:08:13.904369 n kernel: Bluetooth: hci0: unexpected event for opcode 0x2005
Aug 10 19:08:29.911370 n kernel: Bluetooth: hci0: unexpected event for opcode 0x2005
Aug 10 19:08:45.910334 n kernel: Bluetooth: hci0: unexpected event for opcode 0x2005
Aug 10 19:09:01.908345 n kernel: Bluetooth: hci0: unexpected event for opcode 0x2005
Aug 10 19:09:17.909330 n kernel: Bluetooth: hci0: unexpected event for opcode 0x2005
Aug 10 19:09:33.911403 n kernel: Bluetooth: hci0: unexpected event for opcode 0x2005
Aug 10 19:09:49.910369 n kernel: Bluetooth: hci0: unexpected event for opcode 0x2005
Aug 10 19:10:05.910483 n kernel: Bluetooth: hci0: unexpected event for opcode 0x2005
Aug 10 19:10:21.910359 n kernel: Bluetooth: hci0: unexpected event for opcode 0x2005
Aug 10 19:10:37.911330 n kernel: Bluetooth: hci0: unexpected event for opcode 0x2005
Aug 10 19:10:53.909318 n kernel: Bluetooth: hci0: unexpected event for opcode 0x2005
Aug 10 19:11:09.910906 n kernel: Bluetooth: hci0: unexpected event for opcode 0x2005
Aug 10 19:11:25.910339 n kernel: Bluetooth: hci0: unexpected event for opcode 0x2005
Aug 10 19:11:41.911361 n kernel: Bluetooth: hci0: unexpected event for opcode 0x2005
Aug 10 19:11:57.906347 n kernel: Bluetooth: hci0: unexpected event for opcode 0x2005
Aug 10 19:12:13.911362 n kernel: Bluetooth: hci0: unexpected event for opcode 0x2005
Aug 10 19:12:29.911329 n kernel: Bluetooth: hci0: unexpected event for opcode 0x2005
Aug 10 19:12:45.910316 n kernel: Bluetooth: hci0: unexpected event for opcode 0x2005
Aug 10 19:13:01.905322 n kernel: Bluetooth: hci0: unexpected event for opcode 0x2005
Aug 10 19:13:17.910373 n kernel: Bluetooth: hci0: unexpected event for opcode 0x2005
Aug 10 19:13:33.911336 n kernel: Bluetooth: hci0: unexpected event for opcode 0x2005
Aug 10 19:13:49.911314 n kernel: Bluetooth: hci0: unexpected event for opcode 0x2005
Aug 10 19:14:05.906340 n kernel: Bluetooth: hci0: unexpected event for opcode 0x2005
Aug 10 19:14:21.910318 n kernel: Bluetooth: hci0: unexpected event for opcode 0x2005
Aug 10 19:14:37.911319 n kernel: Bluetooth: hci0: unexpected event for opcode 0x2005
Aug 10 19:14:53.910308 n kernel: Bluetooth: hci0: unexpected event for opcode 0x2005
Aug 10 19:15:09.910347 n kernel: Bluetooth: hci0: unexpected event for opcode 0x2005
Aug 10 19:15:25.908362 n kernel: Bluetooth: hci0: unexpected event for opcode 0x2005
Aug 10 19:15:41.911325 n kernel: Bluetooth: hci0: unexpected event for opcode 0x2005
Aug 10 19:15:57.905362 n kernel: Bluetooth: hci0: unexpected event for opcode 0x2005
Aug 10 19:16:13.911309 n kernel: Bluetooth: hci0: unexpected event for opcode 0x2005
Aug 10 19:16:29.910319 n kernel: Bluetooth: hci0: unexpected event for opcode 0x2005
Aug 10 19:16:45.907336 n kernel: Bluetooth: hci0: unexpected event for opcode 0x2005
Aug 10 19:17:01.911334 n kernel: Bluetooth: hci0: unexpected event for opcode 0x2005
Aug 10 19:17:17.911316 n kernel: Bluetooth: hci0: unexpected event for opcode 0x2005
Aug 10 19:17:33.910335 n kernel: Bluetooth: hci0: unexpected event for opcode 0x2005
Aug 10 19:17:49.911347 n kernel: Bluetooth: hci0: unexpected event for opcode 0x2005
Aug 10 19:18:05.911345 n kernel: Bluetooth: hci0: unexpected event for opcode 0x2005
Aug 10 19:18:21.911357 n kernel: Bluetooth: hci0: unexpected event for opcode 0x2005
Aug 10 19:18:37.911365 n kernel: Bluetooth: hci0: unexpected event for opcode 0x2005
Aug 10 19:18:53.910335 n kernel: Bluetooth: hci0: unexpected event for opcode 0x2005
Aug 10 19:19:09.911352 n kernel: Bluetooth: hci0: unexpected event for opcode 0x2005
Aug 10 19:19:25.910319 n kernel: Bluetooth: hci0: unexpected event for opcode 0x2005
Aug 10 19:19:41.905340 n kernel: Bluetooth: hci0: unexpected event for opcode 0x2005
Aug 10 19:19:57.910370 n kernel: Bluetooth: hci0: unexpected event for opcode 0x2005
Aug 10 19:20:13.911359 n kernel: Bluetooth: hci0: unexpected event for opcode 0x2005
Aug 10 19:20:29.911363 n kernel: Bluetooth: hci0: unexpected event for opcode 0x2005
Aug 10 19:20:45.909313 n kernel: Bluetooth: hci0: unexpected event for opcode 0x2005
Aug 10 19:21:01.912938 n kernel: Bluetooth: hci0: unexpected event for opcode 0x2005
Aug 10 19:21:17.911359 n kernel: Bluetooth: hci0: unexpected event for opcode 0x2005
Aug 10 19:21:33.905346 n kernel: Bluetooth: hci0: unexpected event for opcode 0x2005
Aug 10 19:21:49.905323 n kernel: Bluetooth: hci0: unexpected event for opcode 0x2005
Aug 10 19:22:05.911338 n kernel: Bluetooth: hci0: unexpected event for opcode 0x2005
Aug 10 19:22:21.909361 n kernel: Bluetooth: hci0: unexpected event for opcode 0x2005
Aug 10 19:22:37.910371 n kernel: Bluetooth: hci0: unexpected event for opcode 0x2005
Aug 10 19:22:53.908350 n kernel: Bluetooth: hci0: unexpected event for opcode 0x2005
Aug 10 19:23:09.904322 n kernel: Bluetooth: hci0: unexpected event for opcode 0x2005
Aug 10 19:23:25.911368 n kernel: Bluetooth: hci0: unexpected event for opcode 0x2005
Aug 10 19:23:41.906329 n kernel: Bluetooth: hci0: unexpected event for opcode 0x2005
Aug 10 19:23:57.910338 n kernel: Bluetooth: hci0: unexpected event for opcode 0x2005
Aug 10 19:24:13.907310 n kernel: Bluetooth: hci0: unexpected event for opcode 0x2005
Aug 10 19:24:29.907339 n kernel: Bluetooth: hci0: unexpected event for opcode 0x2005
Aug 10 19:24:45.909357 n kernel: Bluetooth: hci0: unexpected event for opcode 0x2005
Aug 10 19:25:01.910319 n kernel: Bluetooth: hci0: unexpected event for opcode 0x2005
Aug 10 19:25:17.911345 n kernel: Bluetooth: hci0: unexpected event for opcode 0x2005
Aug 10 19:25:33.909336 n kernel: Bluetooth: hci0: unexpected event for opcode 0x2005
Aug 10 19:25:49.907338 n kernel: Bluetooth: hci0: unexpected event for opcode 0x2005
Aug 10 19:26:05.911362 n kernel: Bluetooth: hci0: unexpected event for opcode 0x2005
Aug 10 19:26:21.910343 n kernel: Bluetooth: hci0: unexpected event for opcode 0x2005
Aug 10 19:26:37.907370 n kernel: Bluetooth: hci0: unexpected event for opcode 0x2005
Aug 10 19:26:53.910319 n kernel: Bluetooth: hci0: unexpected event for opcode 0x2005
Aug 10 19:27:09.907362 n kernel: Bluetooth: hci0: unexpected event for opcode 0x2005
Aug 10 19:27:25.906340 n kernel: Bluetooth: hci0: unexpected event for opcode 0x2005
Aug 10 19:27:41.910359 n kernel: Bluetooth: hci0: unexpected event for opcode 0x2005
Aug 10 19:27:57.910500 n kernel: Bluetooth: hci0: unexpected event for opcode 0x2005
Aug 10 19:28:13.909318 n kernel: Bluetooth: hci0: unexpected event for opcode 0x2005
Aug 10 19:28:29.909314 n kernel: Bluetooth: hci0: unexpected event for opcode 0x2005
Aug 10 19:28:45.912331 n kernel: Bluetooth: hci0: unexpected event for opcode 0x2005
Aug 10 19:29:01.911342 n kernel: Bluetooth: hci0: unexpected event for opcode 0x2005
Aug 10 19:29:17.910330 n kernel: Bluetooth: hci0: unexpected event for opcode 0x2005
Aug 10 19:29:33.910364 n kernel: Bluetooth: hci0: unexpected event for opcode 0x2005
Aug 10 19:29:49.911332 n kernel: Bluetooth: hci0: unexpected event for opcode 0x2005
Aug 10 19:30:05.907341 n kernel: Bluetooth: hci0: unexpected event for opcode 0x2005
Aug 10 19:30:21.906367 n kernel: Bluetooth: hci0: unexpected event for opcode 0x2005
Aug 10 19:30:37.911319 n kernel: Bluetooth: hci0: unexpected event for opcode 0x2005
Aug 10 19:30:53.907375 n kernel: Bluetooth: hci0: unexpected event for opcode 0x2005
Aug 10 19:31:09.910321 n kernel: Bluetooth: hci0: unexpected event for opcode 0x2005
Aug 10 19:31:25.911333 n kernel: Bluetooth: hci0: unexpected event for opcode 0x2005
Aug 10 19:31:41.911335 n kernel: Bluetooth: hci0: unexpected event for opcode 0x2005
Aug 10 19:31:57.911359 n kernel: Bluetooth: hci0: unexpected event for opcode 0x2005
Aug 10 19:32:13.910321 n kernel: Bluetooth: hci0: unexpected event for opcode 0x2005
Aug 10 19:32:29.910327 n kernel: Bluetooth: hci0: unexpected event for opcode 0x2005
Aug 10 19:32:45.910309 n kernel: Bluetooth: hci0: unexpected event for opcode 0x2005
Aug 10 19:33:01.911330 n kernel: Bluetooth: hci0: unexpected event for opcode 0x2005
Aug 10 19:33:17.911361 n kernel: Bluetooth: hci0: unexpected event for opcode 0x2005
Aug 10 19:33:33.906354 n kernel: Bluetooth: hci0: unexpected event for opcode 0x2005
Aug 10 19:33:49.911326 n kernel: Bluetooth: hci0: unexpected event for opcode 0x2005
Aug 10 19:34:05.910323 n kernel: Bluetooth: hci0: unexpected event for opcode 0x2005
Aug 10 19:34:21.911335 n kernel: Bluetooth: hci0: unexpected event for opcode 0x2005
Aug 10 19:34:37.907336 n kernel: Bluetooth: hci0: unexpected event for opcode 0x2005
Aug 10 19:34:53.913361 n kernel: Bluetooth: hci0: unexpected event for opcode 0x2005
Aug 10 19:35:09.906348 n kernel: Bluetooth: hci0: unexpected event for opcode 0x2005
Aug 10 19:35:25.910361 n kernel: Bluetooth: hci0: unexpected event for opcode 0x2005
Aug 10 19:35:41.911339 n kernel: Bluetooth: hci0: unexpected event for opcode 0x2005
Aug 10 19:35:57.910361 n kernel: Bluetooth: hci0: unexpected event for opcode 0x2005
Aug 10 19:36:13.909355 n kernel: Bluetooth: hci0: unexpected event for opcode 0x2005
Aug 10 19:36:29.909333 n kernel: Bluetooth: hci0: unexpected event for opcode 0x2005
Aug 10 19:36:45.911340 n kernel: Bluetooth: hci0: unexpected event for opcode 0x2005
Aug 10 19:37:01.911364 n kernel: Bluetooth: hci0: unexpected event for opcode 0x2005
Aug 10 19:37:17.910349 n kernel: Bluetooth: hci0: unexpected event for opcode 0x2005
Aug 10 19:37:33.910338 n kernel: Bluetooth: hci0: unexpected event for opcode 0x2005
Aug 10 19:37:49.910361 n kernel: Bluetooth: hci0: unexpected event for opcode 0x2005
Aug 10 19:38:05.911361 n kernel: Bluetooth: hci0: unexpected event for opcode 0x2005
Aug 10 19:38:21.911356 n kernel: Bluetooth: hci0: unexpected event for opcode 0x2005
Aug 10 19:38:37.911335 n kernel: Bluetooth: hci0: unexpected event for opcode 0x2005
Aug 10 19:38:53.911365 n kernel: Bluetooth: hci0: unexpected event for opcode 0x2005
Aug 10 19:39:09.910368 n kernel: Bluetooth: hci0: unexpected event for opcode 0x2005
Aug 10 19:39:25.906351 n kernel: Bluetooth: hci0: unexpected event for opcode 0x2005
Aug 10 19:39:41.908332 n kernel: Bluetooth: hci0: unexpected event for opcode 0x2005
Aug 10 19:39:57.912334 n kernel: Bluetooth: hci0: unexpected event for opcode 0x2005
Aug 10 19:40:13.911367 n kernel: Bluetooth: hci0: unexpected event for opcode 0x2005
Aug 10 19:40:29.908337 n kernel: Bluetooth: hci0: unexpected event for opcode 0x2005
Aug 10 19:40:45.910581 n kernel: Bluetooth: hci0: unexpected event for opcode 0x2005
Aug 10 19:41:01.909328 n kernel: Bluetooth: hci0: unexpected event for opcode 0x2005
Aug 10 19:41:17.905334 n kernel: Bluetooth: hci0: unexpected event for opcode 0x2005
Aug 10 19:41:33.907326 n kernel: Bluetooth: hci0: unexpected event for opcode 0x2005
Aug 10 19:41:49.910360 n kernel: Bluetooth: hci0: unexpected event for opcode 0x2005
Aug 10 19:42:05.905359 n kernel: Bluetooth: hci0: unexpected event for opcode 0x2005
Aug 10 19:42:21.911336 n kernel: Bluetooth: hci0: unexpected event for opcode 0x2005
Aug 10 19:42:37.911328 n kernel: Bluetooth: hci0: unexpected event for opcode 0x2005
Aug 10 19:42:53.910351 n kernel: Bluetooth: hci0: unexpected event for opcode 0x2005
Aug 10 19:43:09.910349 n kernel: Bluetooth: hci0: unexpected event for opcode 0x2005
Aug 10 19:43:25.910349 n kernel: Bluetooth: hci0: unexpected event for opcode 0x2005
Aug 10 19:43:41.906315 n kernel: Bluetooth: hci0: unexpected event for opcode 0x2005
Aug 10 19:43:57.906358 n kernel: Bluetooth: hci0: unexpected event for opcode 0x2005
Aug 10 19:44:13.909332 n kernel: Bluetooth: hci0: unexpected event for opcode 0x2005
Aug 10 19:44:29.910372 n kernel: Bluetooth: hci0: unexpected event for opcode 0x2005
Aug 10 19:44:45.905333 n kernel: Bluetooth: hci0: unexpected event for opcode 0x2005
Aug 10 19:45:01.908320 n kernel: Bluetooth: hci0: unexpected event for opcode 0x2005
Aug 10 19:45:17.909336 n kernel: Bluetooth: hci0: unexpected event for opcode 0x2005
Aug 10 19:45:33.910342 n kernel: Bluetooth: hci0: unexpected event for opcode 0x2005
Aug 10 19:45:49.911341 n kernel: Bluetooth: hci0: unexpected event for opcode 0x2005
Aug 10 19:46:05.911341 n kernel: Bluetooth: hci0: unexpected event for opcode 0x2005
Aug 10 19:46:21.909321 n kernel: Bluetooth: hci0: unexpected event for opcode 0x2005
Aug 10 19:46:37.909364 n kernel: Bluetooth: hci0: unexpected event for opcode 0x2005
Aug 10 19:46:53.910336 n kernel: Bluetooth: hci0: unexpected event for opcode 0x2005
Aug 10 19:47:09.910319 n kernel: Bluetooth: hci0: unexpected event for opcode 0x2005
Aug 10 19:47:25.911368 n kernel: Bluetooth: hci0: unexpected event for opcode 0x2005
Aug 10 19:47:41.910367 n kernel: Bluetooth: hci0: unexpected event for opcode 0x2005
Aug 10 19:47:57.910323 n kernel: Bluetooth: hci0: unexpected event for opcode 0x2005
Aug 10 19:48:13.907318 n kernel: Bluetooth: hci0: unexpected event for opcode 0x2005
Aug 10 19:48:29.910322 n kernel: Bluetooth: hci0: unexpected event for opcode 0x2005
Aug 10 19:48:45.911357 n kernel: Bluetooth: hci0: unexpected event for opcode 0x2005
Aug 10 19:49:01.910326 n kernel: Bluetooth: hci0: unexpected event for opcode 0x2005
Aug 10 19:49:17.910364 n kernel: Bluetooth: hci0: unexpected event for opcode 0x2005
Aug 10 19:49:33.911831 n kernel: Bluetooth: hci0: unexpected event for opcode 0x2005
Aug 10 19:49:49.910317 n kernel: Bluetooth: hci0: unexpected event for opcode 0x2005
Aug 10 19:50:05.911339 n kernel: Bluetooth: hci0: unexpected event for opcode 0x2005
Aug 10 19:50:21.911363 n kernel: Bluetooth: hci0: unexpected event for opcode 0x2005
Aug 10 19:50:37.910319 n kernel: Bluetooth: hci0: unexpected event for opcode 0x2005
Aug 10 19:50:53.911361 n kernel: Bluetooth: hci0: unexpected event for opcode 0x2005
Aug 10 19:51:09.905784 n kernel: Bluetooth: hci0: unexpected event for opcode 0x2005
Aug 10 19:51:25.911341 n kernel: Bluetooth: hci0: unexpected event for opcode 0x2005
Aug 10 19:51:41.911361 n kernel: Bluetooth: hci0: unexpected event for opcode 0x2005
Aug 10 19:51:57.906335 n kernel: Bluetooth: hci0: unexpected event for opcode 0x2005
Aug 10 19:52:13.910317 n kernel: Bluetooth: hci0: unexpected event for opcode 0x2005
Aug 10 19:52:29.910308 n kernel: Bluetooth: hci0: unexpected event for opcode 0x2005
Aug 10 19:52:45.911321 n kernel: Bluetooth: hci0: unexpected event for opcode 0x2005
Aug 10 19:53:01.910319 n kernel: Bluetooth: hci0: unexpected event for opcode 0x2005
Aug 10 19:53:17.910326 n kernel: Bluetooth: hci0: unexpected event for opcode 0x2005
Aug 10 19:53:33.910617 n kernel: Bluetooth: hci0: unexpected event for opcode 0x2005
Aug 10 19:53:49.911317 n kernel: Bluetooth: hci0: unexpected event for opcode 0x2005
Aug 10 19:54:05.911372 n kernel: Bluetooth: hci0: unexpected event for opcode 0x2005
Aug 10 19:54:21.906312 n kernel: Bluetooth: hci0: unexpected event for opcode 0x2005
Aug 10 19:54:37.911327 n kernel: Bluetooth: hci0: unexpected event for opcode 0x2005
Aug 10 19:54:53.911352 n kernel: Bluetooth: hci0: unexpected event for opcode 0x2005
Aug 10 19:55:09.909320 n kernel: Bluetooth: hci0: unexpected event for opcode 0x2005
Aug 10 19:55:25.911363 n kernel: Bluetooth: hci0: unexpected event for opcode 0x2005
Aug 10 19:55:41.907330 n kernel: Bluetooth: hci0: unexpected event for opcode 0x2005
Aug 10 19:55:57.910326 n kernel: Bluetooth: hci0: unexpected event for opcode 0x2005
Aug 10 19:56:13.906341 n kernel: Bluetooth: hci0: unexpected event for opcode 0x2005
Aug 10 19:56:29.907329 n kernel: Bluetooth: hci0: unexpected event for opcode 0x2005
Aug 10 19:56:45.910338 n kernel: Bluetooth: hci0: unexpected event for opcode 0x2005
Aug 10 19:57:01.910357 n kernel: Bluetooth: hci0: unexpected event for opcode 0x2005
Aug 10 19:57:17.911343 n kernel: Bluetooth: hci0: unexpected event for opcode 0x2005
Aug 10 19:57:33.907322 n kernel: Bluetooth: hci0: unexpected event for opcode 0x2005
Aug 10 19:57:49.910362 n kernel: Bluetooth: hci0: unexpected event for opcode 0x2005
Aug 10 19:58:05.911345 n kernel: Bluetooth: hci0: unexpected event for opcode 0x2005
Aug 10 19:58:21.911361 n kernel: Bluetooth: hci0: unexpected event for opcode 0x2005
Aug 10 19:58:37.909340 n kernel: Bluetooth: hci0: unexpected event for opcode 0x2005
Aug 10 19:58:53.910330 n kernel: Bluetooth: hci0: unexpected event for opcode 0x2005
Aug 10 19:59:09.910345 n kernel: Bluetooth: hci0: unexpected event for opcode 0x2005
Aug 10 19:59:25.911337 n kernel: Bluetooth: hci0: unexpected event for opcode 0x2005
Aug 10 19:59:41.905357 n kernel: Bluetooth: hci0: unexpected event for opcode 0x2005
Aug 10 19:59:57.911546 n kernel: Bluetooth: hci0: unexpected event for opcode 0x2005
Aug 10 20:00:13.907341 n kernel: Bluetooth: hci0: unexpected event for opcode 0x2005
Aug 10 20:00:29.911320 n kernel: Bluetooth: hci0: unexpected event for opcode 0x2005
Aug 10 20:00:45.907359 n kernel: Bluetooth: hci0: unexpected event for opcode 0x2005
Aug 10 20:01:01.910364 n kernel: Bluetooth: hci0: unexpected event for opcode 0x2005
Aug 10 20:01:17.906335 n kernel: Bluetooth: hci0: unexpected event for opcode 0x2005
Aug 10 20:01:33.910324 n kernel: Bluetooth: hci0: unexpected event for opcode 0x2005
Aug 10 20:01:49.906316 n kernel: Bluetooth: hci0: unexpected event for opcode 0x2005
Aug 10 20:02:05.911344 n kernel: Bluetooth: hci0: unexpected event for opcode 0x2005
Aug 10 20:02:21.911358 n kernel: Bluetooth: hci0: unexpected event for opcode 0x2005
Aug 10 20:02:37.907325 n kernel: Bluetooth: hci0: unexpected event for opcode 0x2005
Aug 10 20:02:53.911370 n kernel: Bluetooth: hci0: unexpected event for opcode 0x2005
Aug 10 20:03:09.908335 n kernel: Bluetooth: hci0: unexpected event for opcode 0x2005
Aug 10 20:03:25.913387 n kernel: Bluetooth: hci0: unexpected event for opcode 0x2005
Aug 10 20:03:41.905322 n kernel: Bluetooth: hci0: unexpected event for opcode 0x2005
Aug 10 20:03:57.910338 n kernel: Bluetooth: hci0: unexpected event for opcode 0x2005
Aug 10 20:04:13.907327 n kernel: Bluetooth: hci0: unexpected event for opcode 0x2005
Aug 10 20:04:29.911349 n kernel: Bluetooth: hci0: unexpected event for opcode 0x2005
Aug 10 20:04:45.911331 n kernel: Bluetooth: hci0: unexpected event for opcode 0x2005
Aug 10 20:05:01.910317 n kernel: Bluetooth: hci0: unexpected event for opcode 0x2005
Aug 10 20:05:17.910327 n kernel: Bluetooth: hci0: unexpected event for opcode 0x2005
Aug 10 20:05:33.905331 n kernel: Bluetooth: hci0: unexpected event for opcode 0x2005
Aug 10 20:05:49.910325 n kernel: Bluetooth: hci0: unexpected event for opcode 0x2005
Aug 10 20:06:05.910381 n kernel: Bluetooth: hci0: unexpected event for opcode 0x2005
Aug 10 20:06:21.906332 n kernel: Bluetooth: hci0: unexpected event for opcode 0x2005
Aug 10 20:06:37.910350 n kernel: Bluetooth: hci0: unexpected event for opcode 0x2005
Aug 10 20:06:53.911335 n kernel: Bluetooth: hci0: unexpected event for opcode 0x2005
Aug 10 20:07:09.908330 n kernel: Bluetooth: hci0: unexpected event for opcode 0x2005
Aug 10 20:07:25.911354 n kernel: Bluetooth: hci0: unexpected event for opcode 0x2005
Aug 10 20:07:41.911350 n kernel: Bluetooth: hci0: unexpected event for opcode 0x2005
Aug 10 20:07:57.907332 n kernel: Bluetooth: hci0: unexpected event for opcode 0x2005
Aug 10 20:08:13.911359 n kernel: Bluetooth: hci0: unexpected event for opcode 0x2005
Aug 10 20:08:29.910307 n kernel: Bluetooth: hci0: unexpected event for opcode 0x2005
Aug 10 20:08:45.911316 n kernel: Bluetooth: hci0: unexpected event for opcode 0x2005
Aug 10 20:09:01.911340 n kernel: Bluetooth: hci0: unexpected event for opcode 0x2005
Aug 10 20:09:17.907313 n kernel: Bluetooth: hci0: unexpected event for opcode 0x2005
Aug 10 20:09:33.909324 n kernel: Bluetooth: hci0: unexpected event for opcode 0x2005
Aug 10 20:09:49.906371 n kernel: Bluetooth: hci0: unexpected event for opcode 0x2005
Aug 10 20:10:05.911327 n kernel: Bluetooth: hci0: unexpected event for opcode 0x2005
Aug 10 20:10:21.910319 n kernel: Bluetooth: hci0: unexpected event for opcode 0x2005
Aug 10 20:10:37.910328 n kernel: Bluetooth: hci0: unexpected event for opcode 0x2005
Aug 10 20:10:53.910355 n kernel: Bluetooth: hci0: unexpected event for opcode 0x2005
Aug 10 20:11:09.905329 n kernel: Bluetooth: hci0: unexpected event for opcode 0x2005
Aug 10 20:11:25.911329 n kernel: Bluetooth: hci0: unexpected event for opcode 0x2005
Aug 10 20:11:41.911318 n kernel: Bluetooth: hci0: unexpected event for opcode 0x2005
Aug 10 20:11:57.909339 n kernel: Bluetooth: hci0: unexpected event for opcode 0x2005
Aug 10 20:12:13.910335 n kernel: Bluetooth: hci0: unexpected event for opcode 0x2005
Aug 10 20:12:29.911362 n kernel: Bluetooth: hci0: unexpected event for opcode 0x2005
Aug 10 20:12:45.904335 n kernel: Bluetooth: hci0: unexpected event for opcode 0x2005
Aug 10 20:13:01.910318 n kernel: Bluetooth: hci0: unexpected event for opcode 0x2005
Aug 10 20:13:17.911327 n kernel: Bluetooth: hci0: unexpected event for opcode 0x2005
Aug 10 20:13:33.911335 n kernel: Bluetooth: hci0: unexpected event for opcode 0x2005
Aug 10 20:13:49.910339 n kernel: Bluetooth: hci0: unexpected event for opcode 0x2005
Aug 10 20:14:05.908330 n kernel: Bluetooth: hci0: unexpected event for opcode 0x2005
Aug 10 20:14:21.911358 n kernel: Bluetooth: hci0: unexpected event for opcode 0x2005
Aug 10 20:14:37.910314 n kernel: Bluetooth: hci0: unexpected event for opcode 0x2005
Aug 10 20:14:53.911369 n kernel: Bluetooth: hci0: unexpected event for opcode 0x2005
Aug 10 20:15:09.906361 n kernel: Bluetooth: hci0: unexpected event for opcode 0x2005
Aug 10 20:15:25.909385 n kernel: Bluetooth: hci0: unexpected event for opcode 0x2005
Aug 10 20:15:41.910362 n kernel: Bluetooth: hci0: unexpected event for opcode 0x2005
Aug 10 20:15:57.910328 n kernel: Bluetooth: hci0: unexpected event for opcode 0x2005
Aug 10 20:16:13.910363 n kernel: Bluetooth: hci0: unexpected event for opcode 0x2005
Aug 10 20:16:29.906372 n kernel: Bluetooth: hci0: unexpected event for opcode 0x2005
Aug 10 20:16:45.906349 n kernel: Bluetooth: hci0: unexpected event for opcode 0x2005
Aug 10 20:17:01.910334 n kernel: Bluetooth: hci0: unexpected event for opcode 0x2005
Aug 10 20:17:17.905577 n kernel: Bluetooth: hci0: unexpected event for opcode 0x2005
Aug 10 20:17:33.911358 n kernel: Bluetooth: hci0: unexpected event for opcode 0x2005
Aug 10 20:17:49.911344 n kernel: Bluetooth: hci0: unexpected event for opcode 0x2005
Aug 10 20:18:05.911368 n kernel: Bluetooth: hci0: unexpected event for opcode 0x2005
Aug 10 20:18:21.910341 n kernel: Bluetooth: hci0: unexpected event for opcode 0x2005
Aug 10 20:18:37.911358 n kernel: Bluetooth: hci0: unexpected event for opcode 0x2005
Aug 10 20:18:53.906330 n kernel: Bluetooth: hci0: unexpected event for opcode 0x2005
Aug 10 20:19:09.909325 n kernel: Bluetooth: hci0: unexpected event for opcode 0x2005
Aug 10 20:19:25.909337 n kernel: Bluetooth: hci0: unexpected event for opcode 0x2005
Aug 10 20:19:41.911359 n kernel: Bluetooth: hci0: unexpected event for opcode 0x2005
Aug 10 20:19:57.910315 n kernel: Bluetooth: hci0: unexpected event for opcode 0x2005
Aug 10 20:20:13.909313 n kernel: Bluetooth: hci0: unexpected event for opcode 0x2005
Aug 10 20:20:29.910359 n kernel: Bluetooth: hci0: unexpected event for opcode 0x2005
Aug 10 20:20:45.909329 n kernel: Bluetooth: hci0: unexpected event for opcode 0x2005
Aug 10 20:21:01.911361 n kernel: Bluetooth: hci0: unexpected event for opcode 0x2005
Aug 10 20:21:17.910345 n kernel: Bluetooth: hci0: unexpected event for opcode 0x2005
Aug 10 20:21:33.911341 n kernel: Bluetooth: hci0: unexpected event for opcode 0x2005
Aug 10 20:21:49.910322 n kernel: Bluetooth: hci0: unexpected event for opcode 0x2005
Aug 10 20:22:05.910326 n kernel: Bluetooth: hci0: unexpected event for opcode 0x2005
Aug 10 20:22:21.910343 n kernel: Bluetooth: hci0: unexpected event for opcode 0x2005
Aug 10 20:22:37.910643 n kernel: Bluetooth: hci0: unexpected event for opcode 0x2005
Aug 10 20:22:53.911334 n kernel: Bluetooth: hci0: unexpected event for opcode 0x2005
Aug 10 20:23:09.910358 n kernel: Bluetooth: hci0: unexpected event for opcode 0x2005
Aug 10 20:23:25.910330 n kernel: Bluetooth: hci0: unexpected event for opcode 0x2005
Aug 10 20:23:41.910359 n kernel: Bluetooth: hci0: unexpected event for opcode 0x2005
Aug 10 20:23:57.906346 n kernel: Bluetooth: hci0: unexpected event for opcode 0x2005
Aug 10 20:24:13.911310 n kernel: Bluetooth: hci0: unexpected event for opcode 0x2005
Aug 10 20:24:29.909322 n kernel: Bluetooth: hci0: unexpected event for opcode 0x2005
Aug 10 20:24:45.911351 n kernel: Bluetooth: hci0: unexpected event for opcode 0x2005
Aug 10 20:25:01.905366 n kernel: Bluetooth: hci0: unexpected event for opcode 0x2005
Aug 10 20:25:17.912331 n kernel: Bluetooth: hci0: unexpected event for opcode 0x2005
Aug 10 20:25:33.905353 n kernel: Bluetooth: hci0: unexpected event for opcode 0x2005
Aug 10 20:25:49.910330 n kernel: Bluetooth: hci0: unexpected event for opcode 0x2005
Aug 10 20:26:05.911331 n kernel: Bluetooth: hci0: unexpected event for opcode 0x2005
Aug 10 20:26:21.910316 n kernel: Bluetooth: hci0: unexpected event for opcode 0x2005
Aug 10 20:26:37.910321 n kernel: Bluetooth: hci0: unexpected event for opcode 0x2005
Aug 10 20:26:53.910307 n kernel: Bluetooth: hci0: unexpected event for opcode 0x2005
Aug 10 20:27:09.906362 n kernel: Bluetooth: hci0: unexpected event for opcode 0x2005
Aug 10 20:27:25.910341 n kernel: Bluetooth: hci0: unexpected event for opcode 0x2005
Aug 10 20:27:41.910319 n kernel: Bluetooth: hci0: unexpected event for opcode 0x2005
Aug 10 20:27:57.911339 n kernel: Bluetooth: hci0: unexpected event for opcode 0x2005
Aug 10 20:28:13.907374 n kernel: Bluetooth: hci0: unexpected event for opcode 0x2005
Aug 10 20:28:29.906360 n kernel: Bluetooth: hci0: unexpected event for opcode 0x2005
Aug 10 20:28:45.910376 n kernel: Bluetooth: hci0: unexpected event for opcode 0x2005
Aug 10 20:29:01.910338 n kernel: Bluetooth: hci0: unexpected event for opcode 0x2005
Aug 10 20:29:17.906357 n kernel: Bluetooth: hci0: unexpected event for opcode 0x2005
Aug 10 20:29:34.910338 n kernel: Bluetooth: hci0: unexpected event for opcode 0x2005
Aug 10 20:29:50.910357 n kernel: Bluetooth: hci0: unexpected event for opcode 0x2005
Aug 10 20:30:07.908331 n kernel: Bluetooth: hci0: unexpected event for opcode 0x2005
Aug 10 20:30:23.911389 n kernel: Bluetooth: hci0: unexpected event for opcode 0x2005
Aug 10 20:30:39.909337 n kernel: Bluetooth: hci0: unexpected event for opcode 0x2005
Aug 10 20:30:55.909315 n kernel: Bluetooth: hci0: unexpected event for opcode 0x2005
Aug 10 20:31:11.910346 n kernel: Bluetooth: hci0: unexpected event for opcode 0x2005
Aug 10 20:31:27.911335 n kernel: Bluetooth: hci0: unexpected event for opcode 0x2005
Aug 10 20:31:43.910344 n kernel: Bluetooth: hci0: unexpected event for opcode 0x2005
Aug 10 20:31:59.906332 n kernel: Bluetooth: hci0: unexpected event for opcode 0x2005
Aug 10 20:32:15.910339 n kernel: Bluetooth: hci0: unexpected event for opcode 0x2005
Aug 10 20:32:31.910346 n kernel: Bluetooth: hci0: unexpected event for opcode 0x2005
Aug 10 20:32:47.911323 n kernel: Bluetooth: hci0: unexpected event for opcode 0x2005
Aug 10 20:33:03.910338 n kernel: Bluetooth: hci0: unexpected event for opcode 0x2005
Aug 10 20:33:19.908340 n kernel: Bluetooth: hci0: unexpected event for opcode 0x2005
Aug 10 20:33:35.911329 n kernel: Bluetooth: hci0: unexpected event for opcode 0x2005
Aug 10 20:33:51.910342 n kernel: Bluetooth: hci0: unexpected event for opcode 0x2005
Aug 10 20:34:07.911346 n kernel: Bluetooth: hci0: unexpected event for opcode 0x2005
Aug 10 20:34:23.908323 n kernel: Bluetooth: hci0: unexpected event for opcode 0x2005
Aug 10 20:34:39.907331 n kernel: Bluetooth: hci0: unexpected event for opcode 0x2005
Aug 10 20:34:55.911372 n kernel: Bluetooth: hci0: unexpected event for opcode 0x2005
Aug 10 20:35:11.909312 n kernel: Bluetooth: hci0: unexpected event for opcode 0x2005
Aug 10 20:35:27.909347 n kernel: Bluetooth: hci0: unexpected event for opcode 0x2005
Aug 10 20:35:43.909352 n kernel: Bluetooth: hci0: unexpected event for opcode 0x2005
Aug 10 20:35:59.910334 n kernel: Bluetooth: hci0: unexpected event for opcode 0x2005
Aug 10 20:36:15.906335 n kernel: Bluetooth: hci0: unexpected event for opcode 0x2005
Aug 10 20:36:31.905370 n kernel: Bluetooth: hci0: unexpected event for opcode 0x2005
Aug 10 20:36:47.910351 n kernel: Bluetooth: hci0: unexpected event for opcode 0x2005
Aug 10 20:37:03.905347 n kernel: Bluetooth: hci0: unexpected event for opcode 0x2005
Aug 10 20:37:19.910321 n kernel: Bluetooth: hci0: unexpected event for opcode 0x2005
Aug 10 20:37:35.907317 n kernel: Bluetooth: hci0: unexpected event for opcode 0x2005
Aug 10 20:37:51.910339 n kernel: Bluetooth: hci0: unexpected event for opcode 0x2005
Aug 10 20:38:07.910350 n kernel: Bluetooth: hci0: unexpected event for opcode 0x2005
Aug 10 20:38:23.910365 n kernel: Bluetooth: hci0: unexpected event for opcode 0x2005
Aug 10 20:38:39.911324 n kernel: Bluetooth: hci0: unexpected event for opcode 0x2005
Aug 10 20:38:55.908314 n kernel: Bluetooth: hci0: unexpected event for opcode 0x2005
Aug 10 20:39:11.907353 n kernel: Bluetooth: hci0: unexpected event for opcode 0x2005
Aug 10 20:39:27.909329 n kernel: Bluetooth: hci0: unexpected event for opcode 0x2005
Aug 10 20:39:43.909342 n kernel: Bluetooth: hci0: unexpected event for opcode 0x2005
Aug 10 20:39:59.909320 n kernel: Bluetooth: hci0: unexpected event for opcode 0x2005
Aug 10 20:40:15.909347 n kernel: Bluetooth: hci0: unexpected event for opcode 0x2005
Aug 10 20:40:31.910335 n kernel: Bluetooth: hci0: unexpected event for opcode 0x2005
Aug 10 20:40:47.911320 n kernel: Bluetooth: hci0: unexpected event for opcode 0x2005
Aug 10 20:41:03.911329 n kernel: Bluetooth: hci0: unexpected event for opcode 0x2005
Aug 10 20:41:19.910337 n kernel: Bluetooth: hci0: unexpected event for opcode 0x2005
Aug 10 20:41:35.905328 n kernel: Bluetooth: hci0: unexpected event for opcode 0x2005
Aug 10 20:41:51.910359 n kernel: Bluetooth: hci0: unexpected event for opcode 0x2005
Aug 10 20:42:07.910357 n kernel: Bluetooth: hci0: unexpected event for opcode 0x2005
Aug 10 20:42:23.909317 n kernel: Bluetooth: hci0: unexpected event for opcode 0x2005
Aug 10 20:42:39.910372 n kernel: Bluetooth: hci0: unexpected event for opcode 0x2005
Aug 10 20:42:55.904336 n kernel: Bluetooth: hci0: unexpected event for opcode 0x2005
Aug 10 20:43:11.910334 n kernel: Bluetooth: hci0: unexpected event for opcode 0x2005
Aug 10 20:43:27.911373 n kernel: Bluetooth: hci0: unexpected event for opcode 0x2005
Aug 10 20:43:43.911328 n kernel: Bluetooth: hci0: unexpected event for opcode 0x2005
Aug 10 20:43:59.911342 n kernel: Bluetooth: hci0: unexpected event for opcode 0x2005
Aug 10 20:44:15.907370 n kernel: Bluetooth: hci0: unexpected event for opcode 0x2005
Aug 10 20:44:31.907377 n kernel: Bluetooth: hci0: unexpected event for opcode 0x2005
Aug 10 20:44:47.911347 n kernel: Bluetooth: hci0: unexpected event for opcode 0x2005
Aug 10 20:45:03.909372 n kernel: Bluetooth: hci0: unexpected event for opcode 0x2005
Aug 10 20:45:19.911321 n kernel: Bluetooth: hci0: unexpected event for opcode 0x2005
Aug 10 20:45:35.911329 n kernel: Bluetooth: hci0: unexpected event for opcode 0x2005
Aug 10 20:45:51.905332 n kernel: Bluetooth: hci0: unexpected event for opcode 0x2005
Aug 10 20:46:07.906334 n kernel: Bluetooth: hci0: unexpected event for opcode 0x2005
Aug 10 20:46:23.910358 n kernel: Bluetooth: hci0: unexpected event for opcode 0x2005
Aug 10 20:46:39.909341 n kernel: Bluetooth: hci0: unexpected event for opcode 0x2005
Aug 10 20:46:55.906391 n kernel: Bluetooth: hci0: unexpected event for opcode 0x2005
Aug 10 20:47:11.909323 n kernel: Bluetooth: hci0: unexpected event for opcode 0x2005
Aug 10 20:47:27.910335 n kernel: Bluetooth: hci0: unexpected event for opcode 0x2005
Aug 10 20:47:43.910363 n kernel: Bluetooth: hci0: unexpected event for opcode 0x2005
Aug 10 20:47:59.910349 n kernel: Bluetooth: hci0: unexpected event for opcode 0x2005
Aug 10 20:48:15.911335 n kernel: Bluetooth: hci0: unexpected event for opcode 0x2005
Aug 10 20:48:31.909364 n kernel: Bluetooth: hci0: unexpected event for opcode 0x2005
Aug 10 20:48:47.911370 n kernel: Bluetooth: hci0: unexpected event for opcode 0x2005
Aug 10 20:49:03.911335 n kernel: Bluetooth: hci0: unexpected event for opcode 0x2005
Aug 10 20:49:19.906343 n kernel: Bluetooth: hci0: unexpected event for opcode 0x2005
Aug 10 20:49:35.910360 n kernel: Bluetooth: hci0: unexpected event for opcode 0x2005
Aug 10 20:49:51.906347 n kernel: Bluetooth: hci0: unexpected event for opcode 0x2005
Aug 10 20:50:07.911367 n kernel: Bluetooth: hci0: unexpected event for opcode 0x2005
Aug 10 20:50:23.909363 n kernel: Bluetooth: hci0: unexpected event for opcode 0x2005
Aug 10 20:50:39.909362 n kernel: Bluetooth: hci0: unexpected event for opcode 0x2005
Aug 10 20:50:55.910364 n kernel: Bluetooth: hci0: unexpected event for opcode 0x2005
Aug 10 20:51:11.910358 n kernel: Bluetooth: hci0: unexpected event for opcode 0x2005
Aug 10 20:51:27.909352 n kernel: Bluetooth: hci0: unexpected event for opcode 0x2005
Aug 10 20:51:43.910345 n kernel: Bluetooth: hci0: unexpected event for opcode 0x2005
Aug 10 20:51:59.906351 n kernel: Bluetooth: hci0: unexpected event for opcode 0x2005
Aug 10 20:52:15.909335 n kernel: Bluetooth: hci0: unexpected event for opcode 0x2005
Aug 10 20:52:31.910360 n kernel: Bluetooth: hci0: unexpected event for opcode 0x2005
Aug 10 20:52:47.910372 n kernel: Bluetooth: hci0: unexpected event for opcode 0x2005
Aug 10 20:53:03.905324 n kernel: Bluetooth: hci0: unexpected event for opcode 0x2005
Aug 10 20:53:19.909625 n kernel: Bluetooth: hci0: unexpected event for opcode 0x2005
Aug 10 20:53:35.906319 n kernel: Bluetooth: hci0: unexpected event for opcode 0x2005
Aug 10 20:53:51.915312 n kernel: Bluetooth: hci0: unexpected event for opcode 0x2005
Aug 10 20:54:07.911372 n kernel: Bluetooth: hci0: unexpected event for opcode 0x2005
Aug 10 20:54:23.905304 n kernel: Bluetooth: hci0: unexpected event for opcode 0x2005
Aug 10 20:54:39.910372 n kernel: Bluetooth: hci0: unexpected event for opcode 0x2005
Aug 10 20:54:55.909337 n kernel: Bluetooth: hci0: unexpected event for opcode 0x2005
Aug 10 20:55:11.909362 n kernel: Bluetooth: hci0: unexpected event for opcode 0x2005
Aug 10 20:55:27.909366 n kernel: Bluetooth: hci0: unexpected event for opcode 0x2005
Aug 10 20:55:43.910336 n kernel: Bluetooth: hci0: unexpected event for opcode 0x2005
Aug 10 20:55:59.909327 n kernel: Bluetooth: hci0: unexpected event for opcode 0x2005
Aug 10 20:56:15.910335 n kernel: Bluetooth: hci0: unexpected event for opcode 0x2005
Aug 10 20:56:31.910317 n kernel: Bluetooth: hci0: unexpected event for opcode 0x2005
Aug 10 20:56:47.908318 n kernel: Bluetooth: hci0: unexpected event for opcode 0x2005
Aug 10 20:57:03.909335 n kernel: Bluetooth: hci0: unexpected event for opcode 0x2005
Aug 10 20:57:19.911361 n kernel: Bluetooth: hci0: unexpected event for opcode 0x2005
Aug 10 20:57:35.909321 n kernel: Bluetooth: hci0: unexpected event for opcode 0x2005
Aug 10 20:57:51.911360 n kernel: Bluetooth: hci0: unexpected event for opcode 0x2005
Aug 10 20:58:07.909368 n kernel: Bluetooth: hci0: unexpected event for opcode 0x2005
Aug 10 20:58:23.907324 n kernel: Bluetooth: hci0: unexpected event for opcode 0x2005
Aug 10 20:58:39.906312 n kernel: Bluetooth: hci0: unexpected event for opcode 0x2005
Aug 10 20:58:55.910344 n kernel: Bluetooth: hci0: unexpected event for opcode 0x2005
Aug 10 20:59:11.909313 n kernel: Bluetooth: hci0: unexpected event for opcode 0x2005
Aug 10 20:59:27.907319 n kernel: Bluetooth: hci0: unexpected event for opcode 0x2005
Aug 10 20:59:43.910312 n kernel: Bluetooth: hci0: unexpected event for opcode 0x2005
Aug 10 20:59:59.910306 n kernel: Bluetooth: hci0: unexpected event for opcode 0x2005
Aug 10 21:00:15.911319 n kernel: Bluetooth: hci0: unexpected event for opcode 0x2005
Aug 10 21:00:31.909370 n kernel: Bluetooth: hci0: unexpected event for opcode 0x2005
Aug 10 21:00:47.906311 n kernel: Bluetooth: hci0: unexpected event for opcode 0x2005
Aug 10 21:01:03.904361 n kernel: Bluetooth: hci0: unexpected event for opcode 0x2005
Aug 10 21:01:19.906325 n kernel: Bluetooth: hci0: unexpected event for opcode 0x2005
Aug 10 21:01:35.909370 n kernel: Bluetooth: hci0: unexpected event for opcode 0x2005
Aug 10 21:01:51.910374 n kernel: Bluetooth: hci0: unexpected event for opcode 0x2005
Aug 10 21:02:07.909349 n kernel: Bluetooth: hci0: unexpected event for opcode 0x2005
Aug 10 21:02:23.905377 n kernel: Bluetooth: hci0: unexpected event for opcode 0x2005
Aug 10 21:02:39.911324 n kernel: Bluetooth: hci0: unexpected event for opcode 0x2005
Aug 10 21:02:55.911344 n kernel: Bluetooth: hci0: unexpected event for opcode 0x2005
Aug 10 21:03:11.906355 n kernel: Bluetooth: hci0: unexpected event for opcode 0x2005
Aug 10 21:03:27.911334 n kernel: Bluetooth: hci0: unexpected event for opcode 0x2005
Aug 10 21:03:43.911340 n kernel: Bluetooth: hci0: unexpected event for opcode 0x2005
Aug 10 21:03:59.910337 n kernel: Bluetooth: hci0: unexpected event for opcode 0x2005
Aug 10 21:04:15.909347 n kernel: Bluetooth: hci0: unexpected event for opcode 0x2005
Aug 10 21:04:31.911333 n kernel: Bluetooth: hci0: unexpected event for opcode 0x2005
Aug 10 21:04:47.907338 n kernel: Bluetooth: hci0: unexpected event for opcode 0x2005
Aug 10 21:05:03.911373 n kernel: Bluetooth: hci0: unexpected event for opcode 0x2005
Aug 10 21:05:19.909374 n kernel: Bluetooth: hci0: unexpected event for opcode 0x2005
Aug 10 21:05:35.910354 n kernel: Bluetooth: hci0: unexpected event for opcode 0x2005
Aug 10 21:05:51.907357 n kernel: Bluetooth: hci0: unexpected event for opcode 0x2005
Aug 10 21:06:07.908362 n kernel: Bluetooth: hci0: unexpected event for opcode 0x2005
Aug 10 21:06:23.908340 n kernel: Bluetooth: hci0: unexpected event for opcode 0x2005
Aug 10 21:06:39.911329 n kernel: Bluetooth: hci0: unexpected event for opcode 0x2005
Aug 10 21:06:55.910357 n kernel: Bluetooth: hci0: unexpected event for opcode 0x2005
Aug 10 21:07:11.910361 n kernel: Bluetooth: hci0: unexpected event for opcode 0x2005
Aug 10 21:07:27.909322 n kernel: Bluetooth: hci0: unexpected event for opcode 0x2005
Aug 10 21:07:43.909480 n kernel: Bluetooth: hci0: unexpected event for opcode 0x2005
Aug 10 21:07:59.909367 n kernel: Bluetooth: hci0: unexpected event for opcode 0x2005
Aug 10 21:08:15.910342 n kernel: Bluetooth: hci0: unexpected event for opcode 0x2005
Aug 10 21:08:31.910330 n kernel: Bluetooth: hci0: unexpected event for opcode 0x2005
Aug 10 21:08:47.908334 n kernel: Bluetooth: hci0: unexpected event for opcode 0x2005
Aug 10 21:09:03.906354 n kernel: Bluetooth: hci0: unexpected event for opcode 0x2005
Aug 10 21:09:19.906325 n kernel: Bluetooth: hci0: unexpected event for opcode 0x2005
Aug 10 21:09:35.911358 n kernel: Bluetooth: hci0: unexpected event for opcode 0x2005
Aug 10 21:09:51.909342 n kernel: Bluetooth: hci0: unexpected event for opcode 0x2005
Aug 10 21:10:07.911351 n kernel: Bluetooth: hci0: unexpected event for opcode 0x2005
Aug 10 21:10:23.911339 n kernel: Bluetooth: hci0: unexpected event for opcode 0x2005
Aug 10 21:10:39.906363 n kernel: Bluetooth: hci0: unexpected event for opcode 0x2005
Aug 10 21:10:55.910372 n kernel: Bluetooth: hci0: unexpected event for opcode 0x2005
Aug 10 21:11:11.907351 n kernel: Bluetooth: hci0: unexpected event for opcode 0x2005
Aug 10 21:11:27.909370 n kernel: Bluetooth: hci0: unexpected event for opcode 0x2005
Aug 10 21:11:43.909329 n kernel: Bluetooth: hci0: unexpected event for opcode 0x2005
Aug 10 21:11:59.911369 n kernel: Bluetooth: hci0: unexpected event for opcode 0x2005
Aug 10 21:12:15.907348 n kernel: Bluetooth: hci0: unexpected event for opcode 0x2005
Aug 10 21:12:31.911368 n kernel: Bluetooth: hci0: unexpected event for opcode 0x2005
Aug 10 21:12:47.908356 n kernel: Bluetooth: hci0: unexpected event for opcode 0x2005
Aug 10 21:13:03.910346 n kernel: Bluetooth: hci0: unexpected event for opcode 0x2005
Aug 10 21:13:19.911360 n kernel: Bluetooth: hci0: unexpected event for opcode 0x2005
Aug 10 21:13:35.911329 n kernel: Bluetooth: hci0: unexpected event for opcode 0x2005
Aug 10 21:13:51.907364 n kernel: Bluetooth: hci0: unexpected event for opcode 0x2005
Aug 10 21:14:07.911329 n kernel: Bluetooth: hci0: unexpected event for opcode 0x2005
Aug 10 21:14:23.910361 n kernel: Bluetooth: hci0: unexpected event for opcode 0x2005
Aug 10 21:14:39.910363 n kernel: Bluetooth: hci0: unexpected event for opcode 0x2005
Aug 10 21:14:55.907327 n kernel: Bluetooth: hci0: unexpected event for opcode 0x2005
Aug 10 21:15:11.909364 n kernel: Bluetooth: hci0: unexpected event for opcode 0x2005
Aug 10 21:15:27.909364 n kernel: Bluetooth: hci0: unexpected event for opcode 0x2005
Aug 10 21:15:43.909361 n kernel: Bluetooth: hci0: unexpected event for opcode 0x2005
Aug 10 21:15:59.909357 n kernel: Bluetooth: hci0: unexpected event for opcode 0x2005
Aug 10 21:16:15.911355 n kernel: Bluetooth: hci0: unexpected event for opcode 0x2005
Aug 10 21:16:31.906331 n kernel: Bluetooth: hci0: unexpected event for opcode 0x2005
Aug 10 21:16:47.909337 n kernel: Bluetooth: hci0: unexpected event for opcode 0x2005
Aug 10 21:17:03.909355 n kernel: Bluetooth: hci0: unexpected event for opcode 0x2005
Aug 10 21:17:19.908371 n kernel: Bluetooth: hci0: unexpected event for opcode 0x2005
Aug 10 21:17:35.909369 n kernel: Bluetooth: hci0: unexpected event for opcode 0x2005
Aug 10 21:17:51.907345 n kernel: Bluetooth: hci0: unexpected event for opcode 0x2005
Aug 10 21:18:07.909502 n kernel: Bluetooth: hci0: unexpected event for opcode 0x2005
Aug 10 21:18:23.911334 n kernel: Bluetooth: hci0: unexpected event for opcode 0x2005
Aug 10 21:18:39.906391 n kernel: Bluetooth: hci0: unexpected event for opcode 0x2005
Aug 10 21:18:55.909344 n kernel: Bluetooth: hci0: unexpected event for opcode 0x2005
Aug 10 21:19:11.909368 n kernel: Bluetooth: hci0: unexpected event for opcode 0x2005
Aug 10 21:19:27.909346 n kernel: Bluetooth: hci0: unexpected event for opcode 0x2005
Aug 10 21:19:43.910586 n kernel: Bluetooth: hci0: unexpected event for opcode 0x2005
Aug 10 21:19:59.911329 n kernel: Bluetooth: hci0: unexpected event for opcode 0x2005
Aug 10 21:20:15.905341 n kernel: Bluetooth: hci0: unexpected event for opcode 0x2005
Aug 10 21:20:31.910344 n kernel: Bluetooth: hci0: unexpected event for opcode 0x2005
Aug 10 21:20:47.910674 n kernel: Bluetooth: hci0: unexpected event for opcode 0x2005
Aug 10 21:21:03.909354 n kernel: Bluetooth: hci0: unexpected event for opcode 0x2005
Aug 10 21:21:19.906329 n kernel: Bluetooth: hci0: unexpected event for opcode 0x2005
Aug 10 21:21:35.911340 n kernel: Bluetooth: hci0: unexpected event for opcode 0x2005
Aug 10 21:21:51.910337 n kernel: Bluetooth: hci0: unexpected event for opcode 0x2005
Aug 10 21:22:07.911342 n kernel: Bluetooth: hci0: unexpected event for opcode 0x2005
Aug 10 21:22:23.906353 n kernel: Bluetooth: hci0: unexpected event for opcode 0x2005
Aug 10 21:22:39.909353 n kernel: Bluetooth: hci0: unexpected event for opcode 0x2005
Aug 10 21:22:55.906403 n kernel: Bluetooth: hci0: unexpected event for opcode 0x2005
Aug 10 21:23:11.909330 n kernel: Bluetooth: hci0: unexpected event for opcode 0x2005
Aug 10 21:23:27.911353 n kernel: Bluetooth: hci0: unexpected event for opcode 0x2005
Aug 10 21:23:43.911338 n kernel: Bluetooth: hci0: unexpected event for opcode 0x2005
Aug 10 21:23:59.911340 n kernel: Bluetooth: hci0: unexpected event for opcode 0x2005
Aug 10 21:24:15.906350 n kernel: Bluetooth: hci0: unexpected event for opcode 0x2005
Aug 10 21:24:31.911327 n kernel: Bluetooth: hci0: unexpected event for opcode 0x2005
Aug 10 21:24:47.907327 n kernel: Bluetooth: hci0: unexpected event for opcode 0x2005
Aug 10 21:25:03.910348 n kernel: Bluetooth: hci0: unexpected event for opcode 0x2005
Aug 10 21:25:19.911349 n kernel: Bluetooth: hci0: unexpected event for opcode 0x2005
Aug 10 21:25:35.910319 n kernel: Bluetooth: hci0: unexpected event for opcode 0x2005
Aug 10 21:25:51.911329 n kernel: Bluetooth: hci0: unexpected event for opcode 0x2005
Aug 10 21:26:07.911361 n kernel: Bluetooth: hci0: unexpected event for opcode 0x2005
Aug 10 21:26:23.911414 n kernel: Bluetooth: hci0: unexpected event for opcode 0x2005
Aug 10 21:26:39.911366 n kernel: Bluetooth: hci0: unexpected event for opcode 0x2005
Aug 10 21:26:55.909374 n kernel: Bluetooth: hci0: unexpected event for opcode 0x2005
Aug 10 21:27:11.905342 n kernel: Bluetooth: hci0: unexpected event for opcode 0x2005
Aug 10 21:27:27.910357 n kernel: Bluetooth: hci0: unexpected event for opcode 0x2005
Aug 10 21:27:43.905372 n kernel: Bluetooth: hci0: unexpected event for opcode 0x2005
Aug 10 21:27:59.909360 n kernel: Bluetooth: hci0: unexpected event for opcode 0x2005
Aug 10 21:28:15.907389 n kernel: Bluetooth: hci0: unexpected event for opcode 0x2005
Aug 10 21:28:31.910361 n kernel: Bluetooth: hci0: unexpected event for opcode 0x2005
Aug 10 21:28:47.910320 n kernel: Bluetooth: hci0: unexpected event for opcode 0x2005
Aug 10 21:29:03.912350 n kernel: Bluetooth: hci0: unexpected event for opcode 0x2005
Aug 10 21:29:19.910339 n kernel: Bluetooth: hci0: unexpected event for opcode 0x2005
Aug 10 21:29:35.909377 n kernel: Bluetooth: hci0: unexpected event for opcode 0x2005
Aug 10 21:29:51.907336 n kernel: Bluetooth: hci0: unexpected event for opcode 0x2005
Aug 10 21:30:07.910340 n kernel: Bluetooth: hci0: unexpected event for opcode 0x2005
Aug 10 21:30:23.911562 n kernel: Bluetooth: hci0: unexpected event for opcode 0x2005
Aug 10 21:30:39.910340 n kernel: Bluetooth: hci0: unexpected event for opcode 0x2005
Aug 10 21:30:55.910530 n kernel: Bluetooth: hci0: unexpected event for opcode 0x2005
Aug 10 21:31:11.910347 n kernel: Bluetooth: hci0: unexpected event for opcode 0x2005
Aug 10 21:31:27.909358 n kernel: Bluetooth: hci0: unexpected event for opcode 0x2005
Aug 10 21:31:43.910558 n kernel: Bluetooth: hci0: unexpected event for opcode 0x2005
Aug 10 21:31:59.910849 n kernel: Bluetooth: hci0: unexpected event for opcode 0x2005
Aug 10 21:32:15.911353 n kernel: Bluetooth: hci0: unexpected event for opcode 0x2005
Aug 10 21:32:31.911347 n kernel: Bluetooth: hci0: unexpected event for opcode 0x2005
Aug 10 21:32:47.911360 n kernel: Bluetooth: hci0: unexpected event for opcode 0x2005
Aug 10 21:33:03.911362 n kernel: Bluetooth: hci0: unexpected event for opcode 0x2005
Aug 10 21:33:19.911340 n kernel: Bluetooth: hci0: unexpected event for opcode 0x2005
Aug 10 21:33:35.911372 n kernel: Bluetooth: hci0: unexpected event for opcode 0x2005
Aug 10 21:33:51.909370 n kernel: Bluetooth: hci0: unexpected event for opcode 0x2005
Aug 10 21:34:07.908373 n kernel: Bluetooth: hci0: unexpected event for opcode 0x2005
Aug 10 21:34:23.909365 n kernel: Bluetooth: hci0: unexpected event for opcode 0x2005
Aug 10 21:34:39.911327 n kernel: Bluetooth: hci0: unexpected event for opcode 0x2005
Aug 10 21:34:55.911363 n kernel: Bluetooth: hci0: unexpected event for opcode 0x2005
Aug 10 21:35:11.910378 n kernel: Bluetooth: hci0: unexpected event for opcode 0x2005
Aug 10 21:35:27.911337 n kernel: Bluetooth: hci0: unexpected event for opcode 0x2005
Aug 10 21:35:43.911360 n kernel: Bluetooth: hci0: unexpected event for opcode 0x2005
Aug 10 21:35:59.911333 n kernel: Bluetooth: hci0: unexpected event for opcode 0x2005
Aug 10 21:36:15.910370 n kernel: Bluetooth: hci0: unexpected event for opcode 0x2005
Aug 10 21:36:31.910357 n kernel: Bluetooth: hci0: unexpected event for opcode 0x2005
Aug 10 21:36:47.907337 n kernel: Bluetooth: hci0: unexpected event for opcode 0x2005
Aug 10 21:37:03.909365 n kernel: Bluetooth: hci0: unexpected event for opcode 0x2005
Aug 10 21:37:19.910358 n kernel: Bluetooth: hci0: unexpected event for opcode 0x2005
Aug 10 21:37:35.907362 n kernel: Bluetooth: hci0: unexpected event for opcode 0x2005
Aug 10 21:37:51.906335 n kernel: Bluetooth: hci0: unexpected event for opcode 0x2005
Aug 10 21:38:07.910343 n kernel: Bluetooth: hci0: unexpected event for opcode 0x2005
Aug 10 21:38:23.910342 n kernel: Bluetooth: hci0: unexpected event for opcode 0x2005
Aug 10 21:38:39.910424 n kernel: Bluetooth: hci0: unexpected event for opcode 0x2005
Aug 10 21:38:55.909340 n kernel: Bluetooth: hci0: unexpected event for opcode 0x2005
Aug 10 21:39:11.906338 n kernel: Bluetooth: hci0: unexpected event for opcode 0x2005
Aug 10 21:39:27.905339 n kernel: Bluetooth: hci0: unexpected event for opcode 0x2005
Aug 10 21:39:43.910345 n kernel: Bluetooth: hci0: unexpected event for opcode 0x2005
Aug 10 21:39:59.911365 n kernel: Bluetooth: hci0: unexpected event for opcode 0x2005
Aug 10 21:40:15.910369 n kernel: Bluetooth: hci0: unexpected event for opcode 0x2005
Aug 10 21:40:31.904317 n kernel: Bluetooth: hci0: unexpected event for opcode 0x2005
Aug 10 21:40:47.910318 n kernel: Bluetooth: hci0: unexpected event for opcode 0x2005
Aug 10 21:41:03.910317 n kernel: Bluetooth: hci0: unexpected event for opcode 0x2005
Aug 10 21:41:19.909337 n kernel: Bluetooth: hci0: unexpected event for opcode 0x2005
Aug 10 21:41:35.909322 n kernel: Bluetooth: hci0: unexpected event for opcode 0x2005
Aug 10 21:41:51.909325 n kernel: Bluetooth: hci0: unexpected event for opcode 0x2005
Aug 10 21:42:07.907322 n kernel: Bluetooth: hci0: unexpected event for opcode 0x2005
Aug 10 21:42:23.904318 n kernel: Bluetooth: hci0: unexpected event for opcode 0x2005
Aug 10 21:42:39.907332 n kernel: Bluetooth: hci0: unexpected event for opcode 0x2005
Aug 10 21:42:55.911369 n kernel: Bluetooth: hci0: unexpected event for opcode 0x2005
Aug 10 21:43:11.910343 n kernel: Bluetooth: hci0: unexpected event for opcode 0x2005
Aug 10 21:43:27.910324 n kernel: Bluetooth: hci0: unexpected event for opcode 0x2005
Aug 10 21:43:43.909513 n kernel: Bluetooth: hci0: unexpected event for opcode 0x2005
Aug 10 21:43:59.911361 n kernel: Bluetooth: hci0: unexpected event for opcode 0x2005
Aug 10 21:44:15.909362 n kernel: Bluetooth: hci0: unexpected event for opcode 0x2005
Aug 10 21:44:31.911360 n kernel: Bluetooth: hci0: unexpected event for opcode 0x2005
Aug 10 21:44:47.911345 n kernel: Bluetooth: hci0: unexpected event for opcode 0x2005
Aug 10 21:45:03.911363 n kernel: Bluetooth: hci0: unexpected event for opcode 0x2005
Aug 10 21:45:19.911354 n kernel: Bluetooth: hci0: unexpected event for opcode 0x2005
Aug 10 21:45:35.911334 n kernel: Bluetooth: hci0: unexpected event for opcode 0x2005
Aug 10 21:45:51.910335 n kernel: Bluetooth: hci0: unexpected event for opcode 0x2005
Aug 10 21:46:07.909347 n kernel: Bluetooth: hci0: unexpected event for opcode 0x2005
Aug 10 21:46:23.906359 n kernel: Bluetooth: hci0: unexpected event for opcode 0x2005
Aug 10 21:46:39.912339 n kernel: Bluetooth: hci0: unexpected event for opcode 0x2005
Aug 10 21:46:55.908327 n kernel: Bluetooth: hci0: unexpected event for opcode 0x2005
Aug 10 21:47:11.910347 n kernel: Bluetooth: hci0: unexpected event for opcode 0x2005
Aug 10 21:47:27.911358 n kernel: Bluetooth: hci0: unexpected event for opcode 0x2005
Aug 10 21:47:43.905369 n kernel: Bluetooth: hci0: unexpected event for opcode 0x2005
Aug 10 21:47:59.905328 n kernel: Bluetooth: hci0: unexpected event for opcode 0x2005
Aug 10 21:48:15.910364 n kernel: Bluetooth: hci0: unexpected event for opcode 0x2005
Aug 10 21:48:31.911508 n kernel: Bluetooth: hci0: unexpected event for opcode 0x2005
Aug 10 21:48:47.906348 n kernel: Bluetooth: hci0: unexpected event for opcode 0x2005
Aug 10 21:49:03.905758 n kernel: Bluetooth: hci0: unexpected event for opcode 0x2005
Aug 10 21:49:19.909317 n kernel: Bluetooth: hci0: unexpected event for opcode 0x2005
Aug 10 21:49:35.910311 n kernel: Bluetooth: hci0: unexpected event for opcode 0x2005
Aug 10 21:49:51.905347 n kernel: Bluetooth: hci0: unexpected event for opcode 0x2005
Aug 10 21:50:07.906323 n kernel: Bluetooth: hci0: unexpected event for opcode 0x2005
Aug 10 21:50:23.911363 n kernel: Bluetooth: hci0: unexpected event for opcode 0x2005
Aug 10 21:50:39.910343 n kernel: Bluetooth: hci0: unexpected event for opcode 0x2005
Aug 10 21:50:55.906426 n kernel: Bluetooth: hci0: unexpected event for opcode 0x2005
Aug 10 21:51:11.909330 n kernel: Bluetooth: hci0: unexpected event for opcode 0x2005
Aug 10 21:51:27.907325 n kernel: Bluetooth: hci0: unexpected event for opcode 0x2005
Aug 10 21:51:43.909318 n kernel: Bluetooth: hci0: unexpected event for opcode 0x2005
Aug 10 21:51:59.909344 n kernel: Bluetooth: hci0: unexpected event for opcode 0x2005
Aug 10 21:52:15.908315 n kernel: Bluetooth: hci0: unexpected event for opcode 0x2005
Aug 10 21:52:31.910330 n kernel: Bluetooth: hci0: unexpected event for opcode 0x2005
Aug 10 21:52:47.905325 n kernel: Bluetooth: hci0: unexpected event for opcode 0x2005
Aug 10 21:53:03.907323 n kernel: Bluetooth: hci0: unexpected event for opcode 0x2005
Aug 10 21:53:19.906330 n kernel: Bluetooth: hci0: unexpected event for opcode 0x2005
Aug 10 21:53:35.910337 n kernel: Bluetooth: hci0: unexpected event for opcode 0x2005
Aug 10 21:53:51.907329 n kernel: Bluetooth: hci0: unexpected event for opcode 0x2005
Aug 10 21:54:07.911310 n kernel: Bluetooth: hci0: unexpected event for opcode 0x2005
Aug 10 21:54:23.911343 n kernel: Bluetooth: hci0: unexpected event for opcode 0x2005
Aug 10 21:54:39.911363 n kernel: Bluetooth: hci0: unexpected event for opcode 0x2005
Aug 10 21:54:55.906323 n kernel: Bluetooth: hci0: unexpected event for opcode 0x2005
Aug 10 21:55:11.907318 n kernel: Bluetooth: hci0: unexpected event for opcode 0x2005
Aug 10 21:55:27.905371 n kernel: Bluetooth: hci0: unexpected event for opcode 0x2005
Aug 10 21:55:43.910334 n kernel: Bluetooth: hci0: unexpected event for opcode 0x2005
Aug 10 21:55:59.908330 n kernel: Bluetooth: hci0: unexpected event for opcode 0x2005
Aug 10 21:56:15.909311 n kernel: Bluetooth: hci0: unexpected event for opcode 0x2005
Aug 10 21:56:31.911335 n kernel: Bluetooth: hci0: unexpected event for opcode 0x2005
Aug 10 21:56:47.909304 n kernel: Bluetooth: hci0: unexpected event for opcode 0x2005
Aug 10 21:57:03.910313 n kernel: Bluetooth: hci0: unexpected event for opcode 0x2005
Aug 10 21:57:19.910363 n kernel: Bluetooth: hci0: unexpected event for opcode 0x2005
Aug 10 21:57:35.911323 n kernel: Bluetooth: hci0: unexpected event for opcode 0x2005
Aug 10 21:57:51.906347 n kernel: Bluetooth: hci0: unexpected event for opcode 0x2005
Aug 10 21:58:07.905324 n kernel: Bluetooth: hci0: unexpected event for opcode 0x2005
Aug 10 21:58:23.909305 n kernel: Bluetooth: hci0: unexpected event for opcode 0x2005
Aug 10 21:58:39.905333 n kernel: Bluetooth: hci0: unexpected event for opcode 0x2005
Aug 10 21:58:55.909341 n kernel: Bluetooth: hci0: unexpected event for opcode 0x2005
Aug 10 21:59:11.909310 n kernel: Bluetooth: hci0: unexpected event for opcode 0x2005
Aug 10 21:59:27.910324 n kernel: Bluetooth: hci0: unexpected event for opcode 0x2005
Aug 10 21:59:43.910381 n kernel: Bluetooth: hci0: unexpected event for opcode 0x2005
Aug 10 21:59:59.910353 n kernel: Bluetooth: hci0: unexpected event for opcode 0x2005
Aug 10 22:00:15.909329 n kernel: Bluetooth: hci0: unexpected event for opcode 0x2005
Aug 10 22:00:31.909312 n kernel: Bluetooth: hci0: unexpected event for opcode 0x2005
Aug 10 22:00:47.906343 n kernel: Bluetooth: hci0: unexpected event for opcode 0x2005
Aug 10 22:01:03.909317 n kernel: Bluetooth: hci0: unexpected event for opcode 0x2005
Aug 10 22:01:19.910340 n kernel: Bluetooth: hci0: unexpected event for opcode 0x2005
Aug 10 22:01:35.908333 n kernel: Bluetooth: hci0: unexpected event for opcode 0x2005
Aug 10 22:01:51.910392 n kernel: Bluetooth: hci0: unexpected event for opcode 0x2005
Aug 10 22:02:07.910315 n kernel: Bluetooth: hci0: unexpected event for opcode 0x2005
Aug 10 22:02:23.909364 n kernel: Bluetooth: hci0: unexpected event for opcode 0x2005
Aug 10 22:02:39.908337 n kernel: Bluetooth: hci0: unexpected event for opcode 0x2005
Aug 10 22:02:55.910316 n kernel: Bluetooth: hci0: unexpected event for opcode 0x2005
Aug 10 22:03:11.911323 n kernel: Bluetooth: hci0: unexpected event for opcode 0x2005
Aug 10 22:03:27.909312 n kernel: Bluetooth: hci0: unexpected event for opcode 0x2005
Aug 10 22:03:43.910316 n kernel: Bluetooth: hci0: unexpected event for opcode 0x2005
Aug 10 22:03:59.910313 n kernel: Bluetooth: hci0: unexpected event for opcode 0x2005
Aug 10 22:04:15.911315 n kernel: Bluetooth: hci0: unexpected event for opcode 0x2005
Aug 10 22:04:31.906343 n kernel: Bluetooth: hci0: unexpected event for opcode 0x2005
Aug 10 22:04:47.911354 n kernel: Bluetooth: hci0: unexpected event for opcode 0x2005
Aug 10 22:05:03.911319 n kernel: Bluetooth: hci0: unexpected event for opcode 0x2005
Aug 10 22:05:19.911349 n kernel: Bluetooth: hci0: unexpected event for opcode 0x2005
Aug 10 22:05:35.910315 n kernel: Bluetooth: hci0: unexpected event for opcode 0x2005
Aug 10 22:05:51.910352 n kernel: Bluetooth: hci0: unexpected event for opcode 0x2005
Aug 10 22:06:07.910335 n kernel: Bluetooth: hci0: unexpected event for opcode 0x2005
Aug 10 22:06:23.911344 n kernel: Bluetooth: hci0: unexpected event for opcode 0x2005
Aug 10 22:06:39.911347 n kernel: Bluetooth: hci0: unexpected event for opcode 0x2005
Aug 10 22:06:55.906331 n kernel: Bluetooth: hci0: unexpected event for opcode 0x2005
Aug 10 22:07:11.910353 n kernel: Bluetooth: hci0: unexpected event for opcode 0x2005
Aug 10 22:07:27.911349 n kernel: Bluetooth: hci0: unexpected event for opcode 0x2005
Aug 10 22:07:43.911351 n kernel: Bluetooth: hci0: unexpected event for opcode 0x2005
Aug 10 22:07:59.911353 n kernel: Bluetooth: hci0: unexpected event for opcode 0x2005
Aug 10 22:08:15.911343 n kernel: Bluetooth: hci0: unexpected event for opcode 0x2005
Aug 10 22:08:31.906389 n kernel: Bluetooth: hci0: unexpected event for opcode 0x2005
Aug 10 22:08:47.906366 n kernel: Bluetooth: hci0: unexpected event for opcode 0x2005
Aug 10 22:09:03.908331 n kernel: Bluetooth: hci0: unexpected event for opcode 0x2005
Aug 10 22:09:19.909336 n kernel: Bluetooth: hci0: unexpected event for opcode 0x2005
Aug 10 22:09:35.905323 n kernel: Bluetooth: hci0: unexpected event for opcode 0x2005
Aug 10 22:09:51.910690 n kernel: Bluetooth: hci0: unexpected event for opcode 0x2005
Aug 10 22:10:07.910341 n kernel: Bluetooth: hci0: unexpected event for opcode 0x2005
Aug 10 22:10:23.909344 n kernel: Bluetooth: hci0: unexpected event for opcode 0x2005
Aug 10 22:10:39.910374 n kernel: Bluetooth: hci0: unexpected event for opcode 0x2005
Aug 10 22:10:55.908336 n kernel: Bluetooth: hci0: unexpected event for opcode 0x2005
Aug 10 22:11:11.910319 n kernel: Bluetooth: hci0: unexpected event for opcode 0x2005
Aug 10 22:11:27.910359 n kernel: Bluetooth: hci0: unexpected event for opcode 0x2005
Aug 10 22:11:43.910328 n kernel: Bluetooth: hci0: unexpected event for opcode 0x2005
Aug 10 22:11:59.907315 n kernel: Bluetooth: hci0: unexpected event for opcode 0x2005
Aug 10 22:12:15.909331 n kernel: Bluetooth: hci0: unexpected event for opcode 0x2005
Aug 10 22:12:31.911339 n kernel: Bluetooth: hci0: unexpected event for opcode 0x2005
Aug 10 22:12:47.908321 n kernel: Bluetooth: hci0: unexpected event for opcode 0x2005
Aug 10 22:13:03.911336 n kernel: Bluetooth: hci0: unexpected event for opcode 0x2005
Aug 10 22:13:19.911410 n kernel: Bluetooth: hci0: unexpected event for opcode 0x2005
Aug 10 22:13:35.910362 n kernel: Bluetooth: hci0: unexpected event for opcode 0x2005
Aug 10 22:13:51.911362 n kernel: Bluetooth: hci0: unexpected event for opcode 0x2005
Aug 10 22:14:07.910339 n kernel: Bluetooth: hci0: unexpected event for opcode 0x2005
Aug 10 22:14:23.910328 n kernel: Bluetooth: hci0: unexpected event for opcode 0x2005
Aug 10 22:14:39.911343 n kernel: Bluetooth: hci0: unexpected event for opcode 0x2005
Aug 10 22:14:55.911363 n kernel: Bluetooth: hci0: unexpected event for opcode 0x2005
Aug 10 22:15:11.909337 n kernel: Bluetooth: hci0: unexpected event for opcode 0x2005
Aug 10 22:15:27.911335 n kernel: Bluetooth: hci0: unexpected event for opcode 0x2005
Aug 10 22:15:43.911313 n kernel: Bluetooth: hci0: unexpected event for opcode 0x2005
Aug 10 22:15:59.911343 n kernel: Bluetooth: hci0: unexpected event for opcode 0x2005
Aug 10 22:16:15.909371 n kernel: Bluetooth: hci0: unexpected event for opcode 0x2005
Aug 10 22:16:31.909363 n kernel: Bluetooth: hci0: unexpected event for opcode 0x2005
Aug 10 22:16:47.905304 n kernel: Bluetooth: hci0: unexpected event for opcode 0x2005
Aug 10 22:17:03.911367 n kernel: Bluetooth: hci0: unexpected event for opcode 0x2005
Aug 10 22:17:19.910342 n kernel: Bluetooth: hci0: unexpected event for opcode 0x2005
Aug 10 22:17:35.909364 n kernel: Bluetooth: hci0: unexpected event for opcode 0x2005
Aug 10 22:17:51.909359 n kernel: Bluetooth: hci0: unexpected event for opcode 0x2005
Aug 10 22:18:07.909335 n kernel: Bluetooth: hci0: unexpected event for opcode 0x2005
Aug 10 22:18:23.911352 n kernel: Bluetooth: hci0: unexpected event for opcode 0x2005
Aug 10 22:18:39.911326 n kernel: Bluetooth: hci0: unexpected event for opcode 0x2005
Aug 10 22:18:55.909356 n kernel: Bluetooth: hci0: unexpected event for opcode 0x2005
Aug 10 22:19:11.912335 n kernel: Bluetooth: hci0: unexpected event for opcode 0x2005
Aug 10 22:19:27.912332 n kernel: Bluetooth: hci0: unexpected event for opcode 0x2005
Aug 10 22:19:43.909338 n kernel: Bluetooth: hci0: unexpected event for opcode 0x2005
Aug 10 22:19:59.908709 n kernel: Bluetooth: hci0: unexpected event for opcode 0x2005
Aug 10 22:20:15.910317 n kernel: Bluetooth: hci0: unexpected event for opcode 0x2005
Aug 10 22:20:31.911360 n kernel: Bluetooth: hci0: unexpected event for opcode 0x2005
Aug 10 22:20:47.910343 n kernel: Bluetooth: hci0: unexpected event for opcode 0x2005
Aug 10 22:21:03.905344 n kernel: Bluetooth: hci0: unexpected event for opcode 0x2005
Aug 10 22:21:19.910337 n kernel: Bluetooth: hci0: unexpected event for opcode 0x2005
Aug 10 22:21:35.910371 n kernel: Bluetooth: hci0: unexpected event for opcode 0x2005
Aug 10 22:21:51.908355 n kernel: Bluetooth: hci0: unexpected event for opcode 0x2005
Aug 10 22:22:07.910361 n kernel: Bluetooth: hci0: unexpected event for opcode 0x2005
Aug 10 22:22:23.909338 n kernel: Bluetooth: hci0: unexpected event for opcode 0x2005
Aug 10 22:22:39.906364 n kernel: Bluetooth: hci0: unexpected event for opcode 0x2005
Aug 10 22:22:55.910361 n kernel: Bluetooth: hci0: unexpected event for opcode 0x2005
Aug 10 22:23:11.910361 n kernel: Bluetooth: hci0: unexpected event for opcode 0x2005
Aug 10 22:23:27.909377 n kernel: Bluetooth: hci0: unexpected event for opcode 0x2005
Aug 10 22:23:43.911368 n kernel: Bluetooth: hci0: unexpected event for opcode 0x2005
Aug 10 22:23:59.911339 n kernel: Bluetooth: hci0: unexpected event for opcode 0x2005
Aug 10 22:24:15.910327 n kernel: Bluetooth: hci0: unexpected event for opcode 0x2005
Aug 10 22:24:31.909333 n kernel: Bluetooth: hci0: unexpected event for opcode 0x2005
Aug 10 22:24:47.911322 n kernel: Bluetooth: hci0: unexpected event for opcode 0x2005
Aug 10 22:25:03.909345 n kernel: Bluetooth: hci0: unexpected event for opcode 0x2005
Aug 10 22:25:19.910377 n kernel: Bluetooth: hci0: unexpected event for opcode 0x2005
Aug 10 22:25:35.911325 n kernel: Bluetooth: hci0: unexpected event for opcode 0x2005
Aug 10 22:25:51.910322 n kernel: Bluetooth: hci0: unexpected event for opcode 0x2005
Aug 10 22:26:07.910380 n kernel: Bluetooth: hci0: unexpected event for opcode 0x2005
Aug 10 22:26:23.908339 n kernel: Bluetooth: hci0: unexpected event for opcode 0x2005
Aug 10 22:26:39.909376 n kernel: Bluetooth: hci0: unexpected event for opcode 0x2005
Aug 10 22:26:55.912330 n kernel: Bluetooth: hci0: unexpected event for opcode 0x2005
Aug 10 22:27:11.909334 n kernel: Bluetooth: hci0: unexpected event for opcode 0x2005
Aug 10 22:27:27.907322 n kernel: Bluetooth: hci0: unexpected event for opcode 0x2005
Aug 10 22:27:43.907342 n kernel: Bluetooth: hci0: unexpected event for opcode 0x2005
Aug 10 22:27:59.906314 n kernel: Bluetooth: hci0: unexpected event for opcode 0x2005
Aug 10 22:28:15.911350 n kernel: Bluetooth: hci0: unexpected event for opcode 0x2005
Aug 10 22:28:31.907331 n kernel: Bluetooth: hci0: unexpected event for opcode 0x2005
Aug 10 22:28:47.908332 n kernel: Bluetooth: hci0: unexpected event for opcode 0x2005
Aug 10 22:29:03.911349 n kernel: Bluetooth: hci0: unexpected event for opcode 0x2005
Aug 10 22:29:19.908340 n kernel: Bluetooth: hci0: unexpected event for opcode 0x2005
Aug 10 22:29:35.910361 n kernel: Bluetooth: hci0: unexpected event for opcode 0x2005
Aug 10 22:29:51.907347 n kernel: Bluetooth: hci0: unexpected event for opcode 0x2005
Aug 10 22:30:07.909336 n kernel: Bluetooth: hci0: unexpected event for opcode 0x2005
Aug 10 22:30:24.905355 n kernel: Bluetooth: hci0: unexpected event for opcode 0x2005
Aug 10 22:30:40.909339 n kernel: Bluetooth: hci0: unexpected event for opcode 0x2005
Aug 10 22:30:56.910329 n kernel: Bluetooth: hci0: unexpected event for opcode 0x2005
Aug 10 22:31:12.906357 n kernel: Bluetooth: hci0: unexpected event for opcode 0x2005
Aug 10 22:31:28.910340 n kernel: Bluetooth: hci0: unexpected event for opcode 0x2005
Aug 10 22:31:44.911350 n kernel: Bluetooth: hci0: unexpected event for opcode 0x2005
Aug 10 22:32:00.911347 n kernel: Bluetooth: hci0: unexpected event for opcode 0x2005
Aug 10 22:32:16.910325 n kernel: Bluetooth: hci0: unexpected event for opcode 0x2005
Aug 10 22:32:32.909361 n kernel: Bluetooth: hci0: unexpected event for opcode 0x2005
Aug 10 22:32:48.909302 n kernel: Bluetooth: hci0: unexpected event for opcode 0x2005
Aug 10 22:33:04.905380 n kernel: Bluetooth: hci0: unexpected event for opcode 0x2005
Aug 10 22:33:20.909337 n kernel: Bluetooth: hci0: unexpected event for opcode 0x2005
Aug 10 22:33:36.911360 n kernel: Bluetooth: hci0: unexpected event for opcode 0x2005
Aug 10 22:33:52.912336 n kernel: Bluetooth: hci0: unexpected event for opcode 0x2005
Aug 10 22:34:08.910343 n kernel: Bluetooth: hci0: unexpected event for opcode 0x2005
Aug 10 22:34:24.911340 n kernel: Bluetooth: hci0: unexpected event for opcode 0x2005
Aug 10 22:34:40.910335 n kernel: Bluetooth: hci0: unexpected event for opcode 0x2005
Aug 10 22:34:56.910328 n kernel: Bluetooth: hci0: unexpected event for opcode 0x2005
Aug 10 22:35:12.911327 n kernel: Bluetooth: hci0: unexpected event for opcode 0x2005
Aug 10 22:35:28.910749 n kernel: Bluetooth: hci0: unexpected event for opcode 0x2005
Aug 10 22:35:44.910321 n kernel: Bluetooth: hci0: unexpected event for opcode 0x2005
Aug 10 22:36:00.912322 n kernel: Bluetooth: hci0: unexpected event for opcode 0x2005
Aug 10 22:36:16.911490 n kernel: Bluetooth: hci0: unexpected event for opcode 0x2005
Aug 10 22:36:32.911316 n kernel: Bluetooth: hci0: unexpected event for opcode 0x2005
Aug 10 22:36:48.910333 n kernel: Bluetooth: hci0: unexpected event for opcode 0x2005
Aug 10 22:37:04.908352 n kernel: Bluetooth: hci0: unexpected event for opcode 0x2005
Aug 10 22:37:20.910336 n kernel: Bluetooth: hci0: unexpected event for opcode 0x2005
Aug 10 22:37:36.909364 n kernel: Bluetooth: hci0: unexpected event for opcode 0x2005
Aug 10 22:37:52.908336 n kernel: Bluetooth: hci0: unexpected event for opcode 0x2005
Aug 10 22:38:08.910317 n kernel: Bluetooth: hci0: unexpected event for opcode 0x2005
Aug 10 22:38:24.909342 n kernel: Bluetooth: hci0: unexpected event for opcode 0x2005
Aug 10 22:38:40.907331 n kernel: Bluetooth: hci0: unexpected event for opcode 0x2005
Aug 10 22:38:56.913359 n kernel: Bluetooth: hci0: unexpected event for opcode 0x2005
Aug 10 22:39:12.910346 n kernel: Bluetooth: hci0: unexpected event for opcode 0x2005
Aug 10 22:39:28.911336 n kernel: Bluetooth: hci0: unexpected event for opcode 0x2005
Aug 10 22:39:44.910335 n kernel: Bluetooth: hci0: unexpected event for opcode 0x2005
Aug 10 22:40:00.910342 n kernel: Bluetooth: hci0: unexpected event for opcode 0x2005
Aug 10 22:40:16.906424 n kernel: Bluetooth: hci0: unexpected event for opcode 0x2005
Aug 10 22:40:32.910365 n kernel: Bluetooth: hci0: unexpected event for opcode 0x2005
Aug 10 22:40:48.911590 n kernel: Bluetooth: hci0: unexpected event for opcode 0x2005
Aug 10 22:41:04.911364 n kernel: Bluetooth: hci0: unexpected event for opcode 0x2005
Aug 10 22:41:20.910350 n kernel: Bluetooth: hci0: unexpected event for opcode 0x2005
Aug 10 22:41:36.906316 n kernel: Bluetooth: hci0: unexpected event for opcode 0x2005
Aug 10 22:41:52.910340 n kernel: Bluetooth: hci0: unexpected event for opcode 0x2005
Aug 10 22:42:08.911358 n kernel: Bluetooth: hci0: unexpected event for opcode 0x2005
Aug 10 22:42:24.910357 n kernel: Bluetooth: hci0: unexpected event for opcode 0x2005
Aug 10 22:42:40.909307 n kernel: Bluetooth: hci0: unexpected event for opcode 0x2005
Aug 10 22:42:56.909319 n kernel: Bluetooth: hci0: unexpected event for opcode 0x2005
Aug 10 22:43:12.909351 n kernel: Bluetooth: hci0: unexpected event for opcode 0x2005
Aug 10 22:43:28.910361 n kernel: Bluetooth: hci0: unexpected event for opcode 0x2005
Aug 10 22:43:44.906347 n kernel: Bluetooth: hci0: unexpected event for opcode 0x2005
Aug 10 22:44:00.912373 n kernel: Bluetooth: hci0: unexpected event for opcode 0x2005
Aug 10 22:44:16.911372 n kernel: Bluetooth: hci0: unexpected event for opcode 0x2005
Aug 10 22:44:32.910319 n kernel: Bluetooth: hci0: unexpected event for opcode 0x2005
Aug 10 22:44:48.911342 n kernel: Bluetooth: hci0: unexpected event for opcode 0x2005
Aug 10 22:45:04.912357 n kernel: Bluetooth: hci0: unexpected event for opcode 0x2005
Aug 10 22:45:20.909360 n kernel: Bluetooth: hci0: unexpected event for opcode 0x2005
Aug 10 22:45:36.911351 n kernel: Bluetooth: hci0: unexpected event for opcode 0x2005
Aug 10 22:45:52.910330 n kernel: Bluetooth: hci0: unexpected event for opcode 0x2005
Aug 10 22:46:08.909339 n kernel: Bluetooth: hci0: unexpected event for opcode 0x2005
Aug 10 22:46:24.910349 n kernel: Bluetooth: hci0: unexpected event for opcode 0x2005
Aug 10 22:46:40.910356 n kernel: Bluetooth: hci0: unexpected event for opcode 0x2005
Aug 10 22:46:56.906356 n kernel: Bluetooth: hci0: unexpected event for opcode 0x2005
Aug 10 22:47:12.910430 n kernel: Bluetooth: hci0: unexpected event for opcode 0x2005
Aug 10 22:47:28.910373 n kernel: Bluetooth: hci0: unexpected event for opcode 0x2005
Aug 10 22:47:44.912638 n kernel: Bluetooth: hci0: unexpected event for opcode 0x2005
Aug 10 22:48:00.911591 n kernel: Bluetooth: hci0: unexpected event for opcode 0x2005
Aug 10 22:48:16.909364 n kernel: Bluetooth: hci0: unexpected event for opcode 0x2005
Aug 10 22:48:32.910314 n kernel: Bluetooth: hci0: unexpected event for opcode 0x2005
Aug 10 22:48:48.912343 n kernel: Bluetooth: hci0: unexpected event for opcode 0x2005
Aug 10 22:49:04.910312 n kernel: Bluetooth: hci0: unexpected event for opcode 0x2005
Aug 10 22:49:20.906351 n kernel: Bluetooth: hci0: unexpected event for opcode 0x2005
Aug 10 22:49:36.910342 n kernel: Bluetooth: hci0: unexpected event for opcode 0x2005
Aug 10 22:49:52.910347 n kernel: Bluetooth: hci0: unexpected event for opcode 0x2005
Aug 10 22:50:08.910596 n kernel: Bluetooth: hci0: unexpected event for opcode 0x2005
Aug 10 22:50:24.908365 n kernel: Bluetooth: hci0: unexpected event for opcode 0x2005
Aug 10 22:50:40.909341 n kernel: Bluetooth: hci0: unexpected event for opcode 0x2005
Aug 10 22:50:56.910369 n kernel: Bluetooth: hci0: unexpected event for opcode 0x2005
Aug 10 22:51:12.910325 n kernel: Bluetooth: hci0: unexpected event for opcode 0x2005
Aug 10 22:51:28.908344 n kernel: Bluetooth: hci0: unexpected event for opcode 0x2005
Aug 10 22:51:44.910309 n kernel: Bluetooth: hci0: unexpected event for opcode 0x2005
Aug 10 22:52:00.911598 n kernel: Bluetooth: hci0: unexpected event for opcode 0x2005
Aug 10 22:52:16.910358 n kernel: Bluetooth: hci0: unexpected event for opcode 0x2005
Aug 10 22:52:32.908330 n kernel: Bluetooth: hci0: unexpected event for opcode 0x2005
Aug 10 22:52:48.909360 n kernel: Bluetooth: hci0: unexpected event for opcode 0x2005
Aug 10 22:53:04.908307 n kernel: Bluetooth: hci0: unexpected event for opcode 0x2005
Aug 10 22:53:20.910343 n kernel: Bluetooth: hci0: unexpected event for opcode 0x2005
Aug 10 22:53:36.910368 n kernel: Bluetooth: hci0: unexpected event for opcode 0x2005
Aug 10 22:53:52.909324 n kernel: Bluetooth: hci0: unexpected event for opcode 0x2005
Aug 10 22:54:08.911329 n kernel: Bluetooth: hci0: unexpected event for opcode 0x2005
Aug 10 22:54:24.912323 n kernel: Bluetooth: hci0: unexpected event for opcode 0x2005
Aug 10 22:54:40.910308 n kernel: Bluetooth: hci0: unexpected event for opcode 0x2005
Aug 10 22:54:56.909305 n kernel: Bluetooth: hci0: unexpected event for opcode 0x2005
Aug 10 22:55:12.911339 n kernel: Bluetooth: hci0: unexpected event for opcode 0x2005
Aug 10 22:55:28.907310 n kernel: Bluetooth: hci0: unexpected event for opcode 0x2005
Aug 10 22:55:44.910315 n kernel: Bluetooth: hci0: unexpected event for opcode 0x2005
Aug 10 22:56:00.910327 n kernel: Bluetooth: hci0: unexpected event for opcode 0x2005
Aug 10 22:56:16.912336 n kernel: Bluetooth: hci0: unexpected event for opcode 0x2005
Aug 10 22:56:32.910326 n kernel: Bluetooth: hci0: unexpected event for opcode 0x2005
Aug 10 22:56:48.905327 n kernel: Bluetooth: hci0: unexpected event for opcode 0x2005
Aug 10 22:57:04.910369 n kernel: Bluetooth: hci0: unexpected event for opcode 0x2005
Aug 10 22:57:20.909349 n kernel: Bluetooth: hci0: unexpected event for opcode 0x2005
Aug 10 22:57:36.910348 n kernel: Bluetooth: hci0: unexpected event for opcode 0x2005
Aug 10 22:57:52.910330 n kernel: Bluetooth: hci0: unexpected event for opcode 0x2005
Aug 10 22:58:08.909363 n kernel: Bluetooth: hci0: unexpected event for opcode 0x2005
Aug 10 22:58:24.910320 n kernel: Bluetooth: hci0: unexpected event for opcode 0x2005
Aug 10 22:58:40.911358 n kernel: Bluetooth: hci0: unexpected event for opcode 0x2005
Aug 10 22:58:56.910357 n kernel: Bluetooth: hci0: unexpected event for opcode 0x2005
Aug 10 22:59:12.910543 n kernel: Bluetooth: hci0: unexpected event for opcode 0x2005
Aug 10 22:59:28.910308 n kernel: Bluetooth: hci0: unexpected event for opcode 0x2005
Aug 10 22:59:44.906361 n kernel: Bluetooth: hci0: unexpected event for opcode 0x2005
Aug 10 23:00:00.911365 n kernel: Bluetooth: hci0: unexpected event for opcode 0x2005
Aug 10 23:00:16.909361 n kernel: Bluetooth: hci0: unexpected event for opcode 0x2005
Aug 10 23:00:32.911336 n kernel: Bluetooth: hci0: unexpected event for opcode 0x2005
Aug 10 23:00:48.911361 n kernel: Bluetooth: hci0: unexpected event for opcode 0x2005
Aug 10 23:01:04.910330 n kernel: Bluetooth: hci0: unexpected event for opcode 0x2005
Aug 10 23:01:20.911352 n kernel: Bluetooth: hci0: unexpected event for opcode 0x2005
Aug 10 23:01:36.910353 n kernel: Bluetooth: hci0: unexpected event for opcode 0x2005
Aug 10 23:01:52.911309 n kernel: Bluetooth: hci0: unexpected event for opcode 0x2005
Aug 10 23:02:08.910340 n kernel: Bluetooth: hci0: unexpected event for opcode 0x2005
Aug 10 23:02:24.905320 n kernel: Bluetooth: hci0: unexpected event for opcode 0x2005
Aug 10 23:02:40.910353 n kernel: Bluetooth: hci0: unexpected event for opcode 0x2005
Aug 10 23:02:56.911354 n kernel: Bluetooth: hci0: unexpected event for opcode 0x2005
Aug 10 23:03:12.911337 n kernel: Bluetooth: hci0: unexpected event for opcode 0x2005
Aug 10 23:03:28.911352 n kernel: Bluetooth: hci0: unexpected event for opcode 0x2005
Aug 10 23:03:44.911361 n kernel: Bluetooth: hci0: unexpected event for opcode 0x2005
Aug 10 23:04:00.910339 n kernel: Bluetooth: hci0: unexpected event for opcode 0x2005
Aug 10 23:04:16.911349 n kernel: Bluetooth: hci0: unexpected event for opcode 0x2005
Aug 10 23:04:32.910362 n kernel: Bluetooth: hci0: unexpected event for opcode 0x2005
Aug 10 23:04:48.909317 n kernel: Bluetooth: hci0: unexpected event for opcode 0x2005
Aug 10 23:05:04.910314 n kernel: Bluetooth: hci0: unexpected event for opcode 0x2005
Aug 10 23:05:20.911331 n kernel: Bluetooth: hci0: unexpected event for opcode 0x2005
Aug 10 23:05:36.909338 n kernel: Bluetooth: hci0: unexpected event for opcode 0x2005
Aug 10 23:05:52.911361 n kernel: Bluetooth: hci0: unexpected event for opcode 0x2005
Aug 10 23:06:08.910336 n kernel: Bluetooth: hci0: unexpected event for opcode 0x2005
Aug 10 23:06:24.908309 n kernel: Bluetooth: hci0: unexpected event for opcode 0x2005
Aug 10 23:06:40.910366 n kernel: Bluetooth: hci0: unexpected event for opcode 0x2005
Aug 10 23:06:56.910319 n kernel: Bluetooth: hci0: unexpected event for opcode 0x2005
Aug 10 23:07:12.910315 n kernel: Bluetooth: hci0: unexpected event for opcode 0x2005
Aug 10 23:07:28.909327 n kernel: Bluetooth: hci0: unexpected event for opcode 0x2005
Aug 10 23:07:44.910344 n kernel: Bluetooth: hci0: unexpected event for opcode 0x2005
Aug 10 23:08:00.905320 n kernel: Bluetooth: hci0: unexpected event for opcode 0x2005
Aug 10 23:08:16.910336 n kernel: Bluetooth: hci0: unexpected event for opcode 0x2005
Aug 10 23:08:32.910319 n kernel: Bluetooth: hci0: unexpected event for opcode 0x2005
Aug 10 23:08:48.909313 n kernel: Bluetooth: hci0: unexpected event for opcode 0x2005
Aug 10 23:09:04.911329 n kernel: Bluetooth: hci0: unexpected event for opcode 0x2005
Aug 10 23:09:20.910359 n kernel: Bluetooth: hci0: unexpected event for opcode 0x2005
Aug 10 23:09:36.911346 n kernel: Bluetooth: hci0: unexpected event for opcode 0x2005
Aug 10 23:09:52.910352 n kernel: Bluetooth: hci0: unexpected event for opcode 0x2005
Aug 10 23:10:08.909310 n kernel: Bluetooth: hci0: unexpected event for opcode 0x2005
Aug 10 23:10:24.910343 n kernel: Bluetooth: hci0: unexpected event for opcode 0x2005
Aug 10 23:10:40.910337 n kernel: Bluetooth: hci0: unexpected event for opcode 0x2005
Aug 10 23:10:56.911335 n kernel: Bluetooth: hci0: unexpected event for opcode 0x2005
Aug 10 23:11:12.909309 n kernel: Bluetooth: hci0: unexpected event for opcode 0x2005
Aug 10 23:11:28.910339 n kernel: Bluetooth: hci0: unexpected event for opcode 0x2005
Aug 10 23:11:44.912354 n kernel: Bluetooth: hci0: unexpected event for opcode 0x2005
Aug 10 23:12:00.910323 n kernel: Bluetooth: hci0: unexpected event for opcode 0x2005
Aug 10 23:12:16.911328 n kernel: Bluetooth: hci0: unexpected event for opcode 0x2005
Aug 10 23:12:32.910340 n kernel: Bluetooth: hci0: unexpected event for opcode 0x2005
Aug 10 23:12:48.911318 n kernel: Bluetooth: hci0: unexpected event for opcode 0x2005
Aug 10 23:13:04.909380 n kernel: Bluetooth: hci0: unexpected event for opcode 0x2005
Aug 10 23:13:20.910360 n kernel: Bluetooth: hci0: unexpected event for opcode 0x2005
Aug 10 23:13:36.910351 n kernel: Bluetooth: hci0: unexpected event for opcode 0x2005
Aug 10 23:13:52.911350 n kernel: Bluetooth: hci0: unexpected event for opcode 0x2005
Aug 10 23:14:08.910368 n kernel: Bluetooth: hci0: unexpected event for opcode 0x2005
Aug 10 23:14:24.912315 n kernel: Bluetooth: hci0: unexpected event for opcode 0x2005
Aug 10 23:14:40.912334 n kernel: Bluetooth: hci0: unexpected event for opcode 0x2005
Aug 10 23:14:56.910312 n kernel: Bluetooth: hci0: unexpected event for opcode 0x2005
Aug 10 23:15:12.910328 n kernel: Bluetooth: hci0: unexpected event for opcode 0x2005
Aug 10 23:15:28.910362 n kernel: Bluetooth: hci0: unexpected event for opcode 0x2005
Aug 10 23:15:44.910328 n kernel: Bluetooth: hci0: unexpected event for opcode 0x2005
Aug 10 23:16:00.908354 n kernel: Bluetooth: hci0: unexpected event for opcode 0x2005
Aug 10 23:16:16.910318 n kernel: Bluetooth: hci0: unexpected event for opcode 0x2005
Aug 10 23:16:32.908319 n kernel: Bluetooth: hci0: unexpected event for opcode 0x2005
Aug 10 23:16:48.911369 n kernel: Bluetooth: hci0: unexpected event for opcode 0x2005
Aug 10 23:17:04.908332 n kernel: Bluetooth: hci0: unexpected event for opcode 0x2005
Aug 10 23:17:20.908365 n kernel: Bluetooth: hci0: unexpected event for opcode 0x2005
Aug 10 23:17:36.910346 n kernel: Bluetooth: hci0: unexpected event for opcode 0x2005
Aug 10 23:17:52.910370 n kernel: Bluetooth: hci0: unexpected event for opcode 0x2005
Aug 10 23:18:08.910363 n kernel: Bluetooth: hci0: unexpected event for opcode 0x2005
Aug 10 23:18:24.913361 n kernel: Bluetooth: hci0: unexpected event for opcode 0x2005
Aug 10 23:18:40.910312 n kernel: Bluetooth: hci0: unexpected event for opcode 0x2005
Aug 10 23:18:56.910338 n kernel: Bluetooth: hci0: unexpected event for opcode 0x2005
Aug 10 23:19:12.910333 n kernel: Bluetooth: hci0: unexpected event for opcode 0x2005
Aug 10 23:19:28.909331 n kernel: Bluetooth: hci0: unexpected event for opcode 0x2005
Aug 10 23:19:44.910357 n kernel: Bluetooth: hci0: unexpected event for opcode 0x2005
Aug 10 23:20:00.909335 n kernel: Bluetooth: hci0: unexpected event for opcode 0x2005
Aug 10 23:20:16.910350 n kernel: Bluetooth: hci0: unexpected event for opcode 0x2005
Aug 10 23:20:32.910337 n kernel: Bluetooth: hci0: unexpected event for opcode 0x2005
Aug 10 23:20:48.910349 n kernel: Bluetooth: hci0: unexpected event for opcode 0x2005
Aug 10 23:21:04.911330 n kernel: Bluetooth: hci0: unexpected event for opcode 0x2005
Aug 10 23:21:20.910363 n kernel: Bluetooth: hci0: unexpected event for opcode 0x2005
Aug 10 23:21:36.910361 n kernel: Bluetooth: hci0: unexpected event for opcode 0x2005
Aug 10 23:21:52.912362 n kernel: Bluetooth: hci0: unexpected event for opcode 0x2005
Aug 10 23:22:08.911344 n kernel: Bluetooth: hci0: unexpected event for opcode 0x2005
Aug 10 23:22:24.911324 n kernel: Bluetooth: hci0: unexpected event for opcode 0x2005
Aug 10 23:22:40.906340 n kernel: Bluetooth: hci0: unexpected event for opcode 0x2005
Aug 10 23:22:56.910365 n kernel: Bluetooth: hci0: unexpected event for opcode 0x2005
Aug 10 23:23:12.907343 n kernel: Bluetooth: hci0: unexpected event for opcode 0x2005
Aug 10 23:23:28.910503 n kernel: Bluetooth: hci0: unexpected event for opcode 0x2005
Aug 10 23:23:44.906374 n kernel: Bluetooth: hci0: unexpected event for opcode 0x2005
Aug 10 23:24:00.909314 n kernel: Bluetooth: hci0: unexpected event for opcode 0x2005
Aug 10 23:24:16.909587 n kernel: Bluetooth: hci0: unexpected event for opcode 0x2005
Aug 10 23:24:32.911337 n kernel: Bluetooth: hci0: unexpected event for opcode 0x2005
Aug 10 23:24:48.910334 n kernel: Bluetooth: hci0: unexpected event for opcode 0x2005
Aug 10 23:25:04.910321 n kernel: Bluetooth: hci0: unexpected event for opcode 0x2005
Aug 10 23:25:20.909311 n kernel: Bluetooth: hci0: unexpected event for opcode 0x2005
Aug 10 23:25:36.909334 n kernel: Bluetooth: hci0: unexpected event for opcode 0x2005
Aug 10 23:25:52.910308 n kernel: Bluetooth: hci0: unexpected event for opcode 0x2005
Aug 10 23:26:08.907333 n kernel: Bluetooth: hci0: unexpected event for opcode 0x2005
Aug 10 23:26:24.909316 n kernel: Bluetooth: hci0: unexpected event for opcode 0x2005
Aug 10 23:26:40.910312 n kernel: Bluetooth: hci0: unexpected event for opcode 0x2005
Aug 10 23:26:56.911326 n kernel: Bluetooth: hci0: unexpected event for opcode 0x2005
Aug 10 23:27:12.907331 n kernel: Bluetooth: hci0: unexpected event for opcode 0x2005
Aug 10 23:27:28.911356 n kernel: Bluetooth: hci0: unexpected event for opcode 0x2005
Aug 10 23:27:44.911322 n kernel: Bluetooth: hci0: unexpected event for opcode 0x2005
Aug 10 23:28:00.910359 n kernel: Bluetooth: hci0: unexpected event for opcode 0x2005
Aug 10 23:28:16.911318 n kernel: Bluetooth: hci0: unexpected event for opcode 0x2005
Aug 10 23:28:32.911312 n kernel: Bluetooth: hci0: unexpected event for opcode 0x2005
Aug 10 23:28:48.911322 n kernel: Bluetooth: hci0: unexpected event for opcode 0x2005
Aug 10 23:29:04.910307 n kernel: Bluetooth: hci0: unexpected event for opcode 0x2005
Aug 10 23:29:20.910335 n kernel: Bluetooth: hci0: unexpected event for opcode 0x2005
Aug 10 23:29:36.911335 n kernel: Bluetooth: hci0: unexpected event for opcode 0x2005
Aug 10 23:29:52.911313 n kernel: Bluetooth: hci0: unexpected event for opcode 0x2005
Aug 10 23:30:08.910311 n kernel: Bluetooth: hci0: unexpected event for opcode 0x2005
Aug 10 23:30:24.906325 n kernel: Bluetooth: hci0: unexpected event for opcode 0x2005
Aug 10 23:30:40.910361 n kernel: Bluetooth: hci0: unexpected event for opcode 0x2005
Aug 10 23:30:56.911305 n kernel: Bluetooth: hci0: unexpected event for opcode 0x2005
Aug 10 23:31:12.904332 n kernel: Bluetooth: hci0: unexpected event for opcode 0x2005
Aug 10 23:31:28.905376 n kernel: Bluetooth: hci0: unexpected event for opcode 0x2005
Aug 10 23:31:44.911320 n kernel: Bluetooth: hci0: unexpected event for opcode 0x2005
Aug 10 23:32:00.911326 n kernel: Bluetooth: hci0: unexpected event for opcode 0x2005
Aug 10 23:32:16.910348 n kernel: Bluetooth: hci0: unexpected event for opcode 0x2005
Aug 10 23:32:32.911362 n kernel: Bluetooth: hci0: unexpected event for opcode 0x2005
Aug 10 23:32:48.905321 n kernel: Bluetooth: hci0: unexpected event for opcode 0x2005
Aug 10 23:33:04.911377 n kernel: Bluetooth: hci0: unexpected event for opcode 0x2005
Aug 10 23:33:20.910368 n kernel: Bluetooth: hci0: unexpected event for opcode 0x2005
Aug 10 23:33:36.910345 n kernel: Bluetooth: hci0: unexpected event for opcode 0x2005
Aug 10 23:33:52.911355 n kernel: Bluetooth: hci0: unexpected event for opcode 0x2005
Aug 10 23:34:08.910457 n kernel: Bluetooth: hci0: unexpected event for opcode 0x2005
Aug 10 23:34:24.910386 n kernel: Bluetooth: hci0: unexpected event for opcode 0x2005
Aug 10 23:34:40.911348 n kernel: Bluetooth: hci0: unexpected event for opcode 0x2005
Aug 10 23:34:56.910315 n kernel: Bluetooth: hci0: unexpected event for opcode 0x2005
Aug 10 23:35:12.912348 n kernel: Bluetooth: hci0: unexpected event for opcode 0x2005
Aug 10 23:35:28.905314 n kernel: Bluetooth: hci0: unexpected event for opcode 0x2005
Aug 10 23:35:44.909361 n kernel: Bluetooth: hci0: unexpected event for opcode 0x2005
Aug 10 23:36:00.908349 n kernel: Bluetooth: hci0: unexpected event for opcode 0x2005
Aug 10 23:36:16.909316 n kernel: Bluetooth: hci0: unexpected event for opcode 0x2005
Aug 10 23:36:32.909363 n kernel: Bluetooth: hci0: unexpected event for opcode 0x2005
Aug 10 23:36:48.911673 n kernel: Bluetooth: hci0: unexpected event for opcode 0x2005
Aug 10 23:37:04.911339 n kernel: Bluetooth: hci0: unexpected event for opcode 0x2005
Aug 10 23:37:20.912590 n kernel: Bluetooth: hci0: unexpected event for opcode 0x2005
Aug 10 23:37:36.909314 n kernel: Bluetooth: hci0: unexpected event for opcode 0x2005
Aug 10 23:37:52.907361 n kernel: Bluetooth: hci0: unexpected event for opcode 0x2005
Aug 10 23:38:08.909323 n kernel: Bluetooth: hci0: unexpected event for opcode 0x2005
Aug 10 23:38:24.910316 n kernel: Bluetooth: hci0: unexpected event for opcode 0x2005
Aug 10 23:38:40.909335 n kernel: Bluetooth: hci0: unexpected event for opcode 0x2005
Aug 10 23:38:56.905327 n kernel: Bluetooth: hci0: unexpected event for opcode 0x2005
Aug 10 23:39:12.909316 n kernel: Bluetooth: hci0: unexpected event for opcode 0x2005
Aug 10 23:39:28.909321 n kernel: Bluetooth: hci0: unexpected event for opcode 0x2005
Aug 10 23:39:44.906307 n kernel: Bluetooth: hci0: unexpected event for opcode 0x2005
Aug 10 23:40:00.907316 n kernel: Bluetooth: hci0: unexpected event for opcode 0x2005
Aug 10 23:40:16.911539 n kernel: Bluetooth: hci0: unexpected event for opcode 0x2005
Aug 10 23:40:32.911340 n kernel: Bluetooth: hci0: unexpected event for opcode 0x2005
Aug 10 23:40:48.911328 n kernel: Bluetooth: hci0: unexpected event for opcode 0x2005
Aug 10 23:41:04.911333 n kernel: Bluetooth: hci0: unexpected event for opcode 0x2005
Aug 10 23:41:20.911336 n kernel: Bluetooth: hci0: unexpected event for opcode 0x2005
Aug 10 23:41:36.910335 n kernel: Bluetooth: hci0: unexpected event for opcode 0x2005
Aug 10 23:41:52.910334 n kernel: Bluetooth: hci0: unexpected event for opcode 0x2005
Aug 10 23:42:08.911355 n kernel: Bluetooth: hci0: unexpected event for opcode 0x2005
Aug 10 23:42:24.910335 n kernel: Bluetooth: hci0: unexpected event for opcode 0x2005
Aug 10 23:42:40.911342 n kernel: Bluetooth: hci0: unexpected event for opcode 0x2005
Aug 10 23:42:56.910362 n kernel: Bluetooth: hci0: unexpected event for opcode 0x2005
Aug 10 23:43:12.905340 n kernel: Bluetooth: hci0: unexpected event for opcode 0x2005
Aug 10 23:43:28.907324 n kernel: Bluetooth: hci0: unexpected event for opcode 0x2005
Aug 10 23:43:44.908357 n kernel: Bluetooth: hci0: unexpected event for opcode 0x2005
Aug 10 23:44:00.911337 n kernel: Bluetooth: hci0: unexpected event for opcode 0x2005
Aug 10 23:44:16.908358 n kernel: Bluetooth: hci0: unexpected event for opcode 0x2005
Aug 10 23:44:32.911360 n kernel: Bluetooth: hci0: unexpected event for opcode 0x2005
Aug 10 23:44:48.911362 n kernel: Bluetooth: hci0: unexpected event for opcode 0x2005
Aug 10 23:45:04.911361 n kernel: Bluetooth: hci0: unexpected event for opcode 0x2005
Aug 10 23:45:20.909327 n kernel: Bluetooth: hci0: unexpected event for opcode 0x2005
Aug 10 23:45:36.908340 n kernel: Bluetooth: hci0: unexpected event for opcode 0x2005
Aug 10 23:45:52.905358 n kernel: Bluetooth: hci0: unexpected event for opcode 0x2005
Aug 10 23:46:08.911340 n kernel: Bluetooth: hci0: unexpected event for opcode 0x2005
Aug 10 23:46:24.911359 n kernel: Bluetooth: hci0: unexpected event for opcode 0x2005
Aug 10 23:46:40.912331 n kernel: Bluetooth: hci0: unexpected event for opcode 0x2005
Aug 10 23:46:56.909315 n kernel: Bluetooth: hci0: unexpected event for opcode 0x2005
Aug 10 23:47:12.910355 n kernel: Bluetooth: hci0: unexpected event for opcode 0x2005
Aug 10 23:47:28.909337 n kernel: Bluetooth: hci0: unexpected event for opcode 0x2005
Aug 10 23:47:44.910328 n kernel: Bluetooth: hci0: unexpected event for opcode 0x2005
Aug 10 23:48:00.910334 n kernel: Bluetooth: hci0: unexpected event for opcode 0x2005
Aug 10 23:48:16.911345 n kernel: Bluetooth: hci0: unexpected event for opcode 0x2005
Aug 10 23:48:32.910316 n kernel: Bluetooth: hci0: unexpected event for opcode 0x2005
Aug 10 23:48:48.910326 n kernel: Bluetooth: hci0: unexpected event for opcode 0x2005
Aug 10 23:49:04.911317 n kernel: Bluetooth: hci0: unexpected event for opcode 0x2005
Aug 10 23:49:20.910323 n kernel: Bluetooth: hci0: unexpected event for opcode 0x2005
Aug 10 23:49:36.910322 n kernel: Bluetooth: hci0: unexpected event for opcode 0x2005
Aug 10 23:49:52.910378 n kernel: Bluetooth: hci0: unexpected event for opcode 0x2005
Aug 10 23:50:08.910323 n kernel: Bluetooth: hci0: unexpected event for opcode 0x2005
Aug 10 23:50:24.910331 n kernel: Bluetooth: hci0: unexpected event for opcode 0x2005
Aug 10 23:50:40.910344 n kernel: Bluetooth: hci0: unexpected event for opcode 0x2005
Aug 10 23:50:56.910355 n kernel: Bluetooth: hci0: unexpected event for opcode 0x2005
Aug 10 23:51:12.910579 n kernel: Bluetooth: hci0: unexpected event for opcode 0x2005
Aug 10 23:51:28.906329 n kernel: Bluetooth: hci0: unexpected event for opcode 0x2005
Aug 10 23:51:44.910334 n kernel: Bluetooth: hci0: unexpected event for opcode 0x2005
Aug 10 23:52:00.911547 n kernel: Bluetooth: hci0: unexpected event for opcode 0x2005
Aug 10 23:52:16.911358 n kernel: Bluetooth: hci0: unexpected event for opcode 0x2005
Aug 10 23:52:32.911330 n kernel: Bluetooth: hci0: unexpected event for opcode 0x2005
Aug 10 23:52:48.911531 n kernel: Bluetooth: hci0: unexpected event for opcode 0x2005
Aug 10 23:53:04.908345 n kernel: Bluetooth: hci0: unexpected event for opcode 0x2005
Aug 10 23:53:20.911591 n kernel: Bluetooth: hci0: unexpected event for opcode 0x2005
Aug 10 23:53:36.911361 n kernel: Bluetooth: hci0: unexpected event for opcode 0x2005
Aug 10 23:53:52.911360 n kernel: Bluetooth: hci0: unexpected event for opcode 0x2005
Aug 10 23:54:08.911337 n kernel: Bluetooth: hci0: unexpected event for opcode 0x2005
Aug 10 23:54:24.911357 n kernel: Bluetooth: hci0: unexpected event for opcode 0x2005
Aug 10 23:54:40.911357 n kernel: Bluetooth: hci0: unexpected event for opcode 0x2005
Aug 10 23:54:56.911334 n kernel: Bluetooth: hci0: unexpected event for opcode 0x2005
Aug 10 23:55:12.911362 n kernel: Bluetooth: hci0: unexpected event for opcode 0x2005
Aug 10 23:55:28.911354 n kernel: Bluetooth: hci0: unexpected event for opcode 0x2005
Aug 10 23:55:44.911353 n kernel: Bluetooth: hci0: unexpected event for opcode 0x2005
Aug 10 23:56:00.911326 n kernel: Bluetooth: hci0: unexpected event for opcode 0x2005
Aug 10 23:56:16.911336 n kernel: Bluetooth: hci0: unexpected event for opcode 0x2005
Aug 10 23:56:32.911362 n kernel: Bluetooth: hci0: unexpected event for opcode 0x2005
Aug 10 23:56:48.906378 n kernel: Bluetooth: hci0: unexpected event for opcode 0x2005
Aug 10 23:57:04.911346 n kernel: Bluetooth: hci0: unexpected event for opcode 0x2005
Aug 10 23:57:20.910363 n kernel: Bluetooth: hci0: unexpected event for opcode 0x2005
Aug 10 23:57:36.911339 n kernel: Bluetooth: hci0: unexpected event for opcode 0x2005
Aug 10 23:57:52.910358 n kernel: Bluetooth: hci0: unexpected event for opcode 0x2005
Aug 10 23:58:08.909362 n kernel: Bluetooth: hci0: unexpected event for opcode 0x2005
Aug 10 23:58:24.910378 n kernel: Bluetooth: hci0: unexpected event for opcode 0x2005
Aug 10 23:58:40.911367 n kernel: Bluetooth: hci0: unexpected event for opcode 0x2005
Aug 10 23:58:56.910484 n kernel: Bluetooth: hci0: unexpected event for opcode 0x2005
Aug 10 23:59:12.911330 n kernel: Bluetooth: hci0: unexpected event for opcode 0x2005
Aug 10 23:59:28.910370 n kernel: Bluetooth: hci0: unexpected event for opcode 0x2005
Aug 10 23:59:44.909358 n kernel: Bluetooth: hci0: unexpected event for opcode 0x2005
Aug 11 00:00:00.909371 n kernel: Bluetooth: hci0: unexpected event for opcode 0x2005
Aug 11 00:00:16.908353 n kernel: Bluetooth: hci0: unexpected event for opcode 0x2005
Aug 11 00:00:32.909387 n kernel: Bluetooth: hci0: unexpected event for opcode 0x2005
Aug 11 00:00:48.910353 n kernel: Bluetooth: hci0: unexpected event for opcode 0x2005
Aug 11 00:01:04.910337 n kernel: Bluetooth: hci0: unexpected event for opcode 0x2005
Aug 11 00:01:20.911512 n kernel: Bluetooth: hci0: unexpected event for opcode 0x2005
Aug 11 00:01:36.910323 n kernel: Bluetooth: hci0: unexpected event for opcode 0x2005
Aug 11 00:01:52.911574 n kernel: Bluetooth: hci0: unexpected event for opcode 0x2005
Aug 11 00:02:08.908314 n kernel: Bluetooth: hci0: unexpected event for opcode 0x2005
Aug 11 00:02:24.911491 n kernel: Bluetooth: hci0: unexpected event for opcode 0x2005
Aug 11 00:02:40.910337 n kernel: Bluetooth: hci0: unexpected event for opcode 0x2005
Aug 11 00:02:56.910331 n kernel: Bluetooth: hci0: unexpected event for opcode 0x2005
Aug 11 00:03:12.911634 n kernel: Bluetooth: hci0: unexpected event for opcode 0x2005
Aug 11 00:03:28.910464 n kernel: Bluetooth: hci0: unexpected event for opcode 0x2005
Aug 11 00:03:44.911498 n kernel: Bluetooth: hci0: unexpected event for opcode 0x2005
Aug 11 00:04:00.911358 n kernel: Bluetooth: hci0: unexpected event for opcode 0x2005
Aug 11 00:04:16.907306 n kernel: Bluetooth: hci0: unexpected event for opcode 0x2005
Aug 11 00:04:32.910318 n kernel: Bluetooth: hci0: unexpected event for opcode 0x2005
Aug 11 00:04:48.910368 n kernel: Bluetooth: hci0: unexpected event for opcode 0x2005
Aug 11 00:05:04.912337 n kernel: Bluetooth: hci0: unexpected event for opcode 0x2005
Aug 11 00:05:20.910374 n kernel: Bluetooth: hci0: unexpected event for opcode 0x2005
Aug 11 00:05:36.909333 n kernel: Bluetooth: hci0: unexpected event for opcode 0x2005
Aug 11 00:05:52.907316 n kernel: Bluetooth: hci0: unexpected event for opcode 0x2005
Aug 11 00:06:08.910322 n kernel: Bluetooth: hci0: unexpected event for opcode 0x2005
Aug 11 00:06:24.910325 n kernel: Bluetooth: hci0: unexpected event for opcode 0x2005
Aug 11 00:06:40.911345 n kernel: Bluetooth: hci0: unexpected event for opcode 0x2005
Aug 11 00:06:56.909337 n kernel: Bluetooth: hci0: unexpected event for opcode 0x2005
Aug 11 00:07:12.911357 n kernel: Bluetooth: hci0: unexpected event for opcode 0x2005
Aug 11 00:07:28.909318 n kernel: Bluetooth: hci0: unexpected event for opcode 0x2005
Aug 11 00:07:44.910348 n kernel: Bluetooth: hci0: unexpected event for opcode 0x2005
Aug 11 00:08:00.910347 n kernel: Bluetooth: hci0: unexpected event for opcode 0x2005
Aug 11 00:08:16.911344 n kernel: Bluetooth: hci0: unexpected event for opcode 0x2005
Aug 11 00:08:32.911521 n kernel: Bluetooth: hci0: unexpected event for opcode 0x2005
Aug 11 00:08:48.911348 n kernel: Bluetooth: hci0: unexpected event for opcode 0x2005
Aug 11 00:09:04.909332 n kernel: Bluetooth: hci0: unexpected event for opcode 0x2005
Aug 11 00:09:20.911365 n kernel: Bluetooth: hci0: unexpected event for opcode 0x2005
Aug 11 00:09:36.910317 n kernel: Bluetooth: hci0: unexpected event for opcode 0x2005
Aug 11 00:09:52.910338 n kernel: Bluetooth: hci0: unexpected event for opcode 0x2005
Aug 11 00:10:08.909347 n kernel: Bluetooth: hci0: unexpected event for opcode 0x2005
Aug 11 00:10:24.911360 n kernel: Bluetooth: hci0: unexpected event for opcode 0x2005
Aug 11 00:10:40.911581 n kernel: Bluetooth: hci0: unexpected event for opcode 0x2005
Aug 11 00:10:56.908337 n kernel: Bluetooth: hci0: unexpected event for opcode 0x2005
Aug 11 00:11:12.908330 n kernel: Bluetooth: hci0: unexpected event for opcode 0x2005
Aug 11 00:11:28.908552 n kernel: Bluetooth: hci0: unexpected event for opcode 0x2005
Aug 11 00:11:44.911327 n kernel: Bluetooth: hci0: unexpected event for opcode 0x2005
Aug 11 00:12:00.911342 n kernel: Bluetooth: hci0: unexpected event for opcode 0x2005
Aug 11 00:12:16.910334 n kernel: Bluetooth: hci0: unexpected event for opcode 0x2005
Aug 11 00:12:32.910321 n kernel: Bluetooth: hci0: unexpected event for opcode 0x2005
Aug 11 00:12:48.910305 n kernel: Bluetooth: hci0: unexpected event for opcode 0x2005
Aug 11 00:13:04.911357 n kernel: Bluetooth: hci0: unexpected event for opcode 0x2005
Aug 11 00:13:20.911360 n kernel: Bluetooth: hci0: unexpected event for opcode 0x2005
Aug 11 00:13:36.907330 n kernel: Bluetooth: hci0: unexpected event for opcode 0x2005
Aug 11 00:13:52.911326 n kernel: Bluetooth: hci0: unexpected event for opcode 0x2005
Aug 11 00:14:08.911365 n kernel: Bluetooth: hci0: unexpected event for opcode 0x2005
Aug 11 00:14:24.911359 n kernel: Bluetooth: hci0: unexpected event for opcode 0x2005
Aug 11 00:14:40.911336 n kernel: Bluetooth: hci0: unexpected event for opcode 0x2005
Aug 11 00:14:56.911341 n kernel: Bluetooth: hci0: unexpected event for opcode 0x2005
Aug 11 00:15:12.910322 n kernel: Bluetooth: hci0: unexpected event for opcode 0x2005
Aug 11 00:15:28.907335 n kernel: Bluetooth: hci0: unexpected event for opcode 0x2005
Aug 11 00:15:44.911334 n kernel: Bluetooth: hci0: unexpected event for opcode 0x2005
Aug 11 00:16:00.909366 n kernel: Bluetooth: hci0: unexpected event for opcode 0x2005
Aug 11 00:16:16.908366 n kernel: Bluetooth: hci0: unexpected event for opcode 0x2005
Aug 11 00:16:32.909333 n kernel: Bluetooth: hci0: unexpected event for opcode 0x2005
Aug 11 00:16:48.911337 n kernel: Bluetooth: hci0: unexpected event for opcode 0x2005
Aug 11 00:17:04.910341 n kernel: Bluetooth: hci0: unexpected event for opcode 0x2005
Aug 11 00:17:20.910325 n kernel: Bluetooth: hci0: unexpected event for opcode 0x2005
Aug 11 00:17:36.910343 n kernel: Bluetooth: hci0: unexpected event for opcode 0x2005
Aug 11 00:17:52.911362 n kernel: Bluetooth: hci0: unexpected event for opcode 0x2005
Aug 11 00:18:08.910340 n kernel: Bluetooth: hci0: unexpected event for opcode 0x2005
Aug 11 00:18:24.911338 n kernel: Bluetooth: hci0: unexpected event for opcode 0x2005
Aug 11 00:18:40.911327 n kernel: Bluetooth: hci0: unexpected event for opcode 0x2005
Aug 11 00:18:56.911337 n kernel: Bluetooth: hci0: unexpected event for opcode 0x2005
Aug 11 00:19:12.909311 n kernel: Bluetooth: hci0: unexpected event for opcode 0x2005
Aug 11 00:19:28.911355 n kernel: Bluetooth: hci0: unexpected event for opcode 0x2005
Aug 11 00:19:44.910343 n kernel: Bluetooth: hci0: unexpected event for opcode 0x2005
Aug 11 00:20:00.911331 n kernel: Bluetooth: hci0: unexpected event for opcode 0x2005
Aug 11 00:20:16.910325 n kernel: Bluetooth: hci0: unexpected event for opcode 0x2005
Aug 11 00:20:32.911360 n kernel: Bluetooth: hci0: unexpected event for opcode 0x2005
Aug 11 00:20:48.910362 n kernel: Bluetooth: hci0: unexpected event for opcode 0x2005
Aug 11 00:21:04.910331 n kernel: Bluetooth: hci0: unexpected event for opcode 0x2005
Aug 11 00:21:20.910360 n kernel: Bluetooth: hci0: unexpected event for opcode 0x2005
Aug 11 00:21:36.909310 n kernel: Bluetooth: hci0: unexpected event for opcode 0x2005
Aug 11 00:21:52.906336 n kernel: Bluetooth: hci0: unexpected event for opcode 0x2005
