Aug 13 03:00:25.802232 n systemd[1]: Starting bluetooth.service - Bluetooth service...
Aug 13 03:00:25.802320 n (uetoothd)[2816]: bluetooth.service: ConfigurationDirectory 'bluetooth' already exists but the mode is different. (File system: 755 ConfigurationDirectoryMode: 555)
Aug 13 03:00:25.842843 n bluetoothd[2816]: Bluetooth daemon 5.72
Aug 13 03:00:25.843243 n bluetoothd[2816]: src/main.c:parse_config() parsing /etc/bluetooth/main.conf
Aug 13 03:00:25.844187 n systemd[1]: Started bluetooth.service - Bluetooth service.
Aug 13 03:00:25.844396 n bluetoothd[2816]: src/adapter.c:adapter_init() sending read version command
Aug 13 03:00:25.844748 n bluetoothd[2816]: Starting SDP server
Aug 13 03:00:25.844780 n bluetoothd[2816]: src/sdpd-service.c:register_device_id() Adding device id record for 0002:1d6b:0246:0548
Aug 13 03:00:25.844796 n bluetoothd[2816]: src/plugin.c:plugin_init() Loading builtin plugins
Aug 13 03:00:25.844803 n bluetoothd[2816]: src/plugin.c:add_plugin() Loading hostname plugin
Aug 13 03:00:25.844810 n bluetoothd[2816]: src/plugin.c:add_plugin() Loading wiimote plugin
Aug 13 03:00:25.844818 n bluetoothd[2816]: src/plugin.c:add_plugin() Loading autopair plugin
Aug 13 03:00:25.844825 n bluetoothd[2816]: src/plugin.c:add_plugin() Loading policy plugin
Aug 13 03:00:25.844829 n bluetoothd[2816]: src/plugin.c:add_plugin() Loading neard plugin
Aug 13 03:00:25.844834 n bluetoothd[2816]: src/plugin.c:add_plugin() Loading sap plugin
Aug 13 03:00:25.844838 n bluetoothd[2816]: src/plugin.c:add_plugin() Loading a2dp plugin
Aug 13 03:00:25.844842 n bluetoothd[2816]: src/plugin.c:add_plugin() Loading avrcp plugin
Aug 13 03:00:25.844847 n bluetoothd[2816]: src/plugin.c:add_plugin() Loading network plugin
Aug 13 03:00:25.844852 n bluetoothd[2816]: src/plugin.c:add_plugin() Loading input plugin
Aug 13 03:00:25.844856 n bluetoothd[2816]: src/plugin.c:add_plugin() Loading hog plugin
Aug 13 03:00:25.844860 n bluetoothd[2816]: src/plugin.c:add_plugin() Loading health plugin
Aug 13 03:00:25.844865 n bluetoothd[2816]: src/plugin.c:add_plugin() Loading gap plugin
Aug 13 03:00:25.844869 n bluetoothd[2816]: src/plugin.c:add_plugin() Loading scanparam plugin
Aug 13 03:00:25.844874 n bluetoothd[2816]: src/plugin.c:add_plugin() Loading deviceinfo plugin
Aug 13 03:00:25.844878 n bluetoothd[2816]: src/plugin.c:add_plugin() Loading midi plugin
Aug 13 03:00:25.844882 n bluetoothd[2816]: src/plugin.c:add_plugin() Loading battery plugin
Aug 13 03:00:25.844887 n bluetoothd[2816]: src/plugin.c:add_plugin() Loading bap plugin
Aug 13 03:00:25.844891 n bluetoothd[2816]: src/plugin.c:add_plugin() Loading bass plugin
Aug 13 03:00:25.844898 n bluetoothd[2816]: src/plugin.c:add_plugin() Loading mcp plugin
Aug 13 03:00:25.844902 n bluetoothd[2816]: src/plugin.c:add_plugin() Loading vcp plugin
Aug 13 03:00:25.844906 n bluetoothd[2816]: src/plugin.c:add_plugin() Loading micp plugin
Aug 13 03:00:25.844910 n bluetoothd[2816]: src/plugin.c:add_plugin() Loading csip plugin
Aug 13 03:00:25.844915 n bluetoothd[2816]: src/plugin.c:plugin_init() Loading plugins /usr/lib/x86_64-linux-gnu/bluetooth/plugins
Aug 13 03:00:25.845675 n bluetoothd[2816]: src/plugin.c:add_plugin() Loading sixaxis plugin
Aug 13 03:00:25.846035 n bluetoothd[2816]: src/profile.c:btd_profile_register() D-Bus experimental not enabled
Aug 13 03:00:25.846043 n bluetoothd[2816]: src/plugin.c:plugin_init() System does not support csip plugin
Aug 13 03:00:25.846048 n bluetoothd[2816]: profiles/audio/micp.c:micp_init() D-Bus experimental not enabled
Aug 13 03:00:25.846053 n bluetoothd[2816]: src/plugin.c:plugin_init() System does not support micp plugin
Aug 13 03:00:25.846058 n bluetoothd[2816]: src/profile.c:btd_profile_register() D-Bus experimental not enabled
Aug 13 03:00:25.846063 n bluetoothd[2816]: src/plugin.c:plugin_init() System does not support vcp plugin
Aug 13 03:00:25.846067 n bluetoothd[2816]: src/profile.c:btd_profile_register() D-Bus experimental not enabled
Aug 13 03:00:25.846071 n bluetoothd[2816]: src/plugin.c:plugin_init() System does not support mcp plugin
Aug 13 03:00:25.846076 n bluetoothd[2816]: src/profile.c:btd_profile_register() D-Bus experimental not enabled
Aug 13 03:00:25.846080 n bluetoothd[2816]: src/plugin.c:plugin_init() System does not support bass plugin
Aug 13 03:00:25.846084 n bluetoothd[2816]: src/profile.c:btd_profile_register() D-Bus experimental not enabled
Aug 13 03:00:25.846088 n bluetoothd[2816]: src/plugin.c:plugin_init() System does not support bap plugin
Aug 13 03:00:25.846203 n bluetoothd[2816]: profiles/health/hdp.c:hdp_manager_start() Starting Health manager
Aug 13 03:00:25.846212 n bluetoothd[2816]: profiles/input/suspend-none.c:suspend_init()
Aug 13 03:00:25.846392 n bluetoothd[2816]: profiles/network/manager.c:read_config() /etc/bluetooth/network.conf: Key file does not have key “DisableSecurity” in group “General”
Aug 13 03:00:25.846399 n bluetoothd[2816]: profiles/network/manager.c:read_config() Config options: Security=true
Aug 13 03:00:25.850286 n bluetoothd[2816]: plugins/neard.c:neard_init() Setup neard plugin
Aug 13 03:00:25.850474 n bluetoothd[2816]: plugins/hostname.c:read_dmi_fallback() chassis: laptop
Aug 13 03:00:25.850486 n bluetoothd[2816]: plugins/hostname.c:read_dmi_fallback() major: 0x01 minor: 0x03
Aug 13 03:00:25.850495 n bluetoothd[2816]: plugins/hostname.c:read_transient_hostname() read transient hostname: 'n'
Aug 13 03:00:25.850968 n bluetoothd[2816]: plugins/sixaxis.c:sixaxis_init()
Aug 13 03:00:25.851074 n bluetoothd[2816]: src/main.c:main() Entering main loop
Aug 13 03:00:25.851125 n bluetoothd[2816]: src/shared/mgmt.c:send_request() [0xffff] command 0x0001
Aug 13 03:00:25.851136 n bluetoothd[2816]: src/rfkill.c:rfkill_event() RFKILL event idx 0 type 2 op 0 soft 0 hard 0
Aug 13 03:00:25.851150 n bluetoothd[2816]: src/shared/mgmt.c:can_read_data() [0xffff] command 0x0001 complete: 0x00
Aug 13 03:00:25.851156 n bluetoothd[2816]: Bluetooth management interface 1.23 initialized
Aug 13 03:00:25.851162 n bluetoothd[2816]: src/adapter.c:read_version_complete() sending read supported commands command
Aug 13 03:00:25.851173 n bluetoothd[2816]: src/adapter.c:read_version_complete() sending read index list command
Aug 13 03:00:25.851184 n bluetoothd[2816]: src/rfkill.c:rfkill_event() RFKILL event idx 1 type 1 op 0 soft 0 hard 0
Aug 13 03:00:25.851201 n bluetoothd[2816]: src/shared/mgmt.c:send_request() [0xffff] command 0x0002
Aug 13 03:00:25.851213 n bluetoothd[2816]: src/shared/mgmt.c:can_read_data() [0xffff] command 0x0002 complete: 0x00
Aug 13 03:00:25.851219 n bluetoothd[2816]: src/adapter.c:read_commands_complete() Number of commands: 89
Aug 13 03:00:25.851224 n bluetoothd[2816]: src/adapter.c:read_commands_complete() Number of events: 44
Aug 13 03:00:25.851229 n bluetoothd[2816]: src/adapter.c:read_commands_complete() enabling kernel-side connection control
Aug 13 03:00:25.851234 n bluetoothd[2816]: src/adapter.c:read_commands_complete() kernel supports the set_blocked_keys op
Aug 13 03:00:25.851239 n bluetoothd[2816]: src/adapter.c:read_commands_complete() kernel supports controller cap command
Aug 13 03:00:25.851244 n bluetoothd[2816]: src/adapter.c:read_commands_complete() kernel supports exp features
Aug 13 03:00:25.851249 n bluetoothd[2816]: src/adapter.c:read_commands_complete() kernel supports set system confic
Aug 13 03:00:25.851255 n bluetoothd[2816]: src/adapter.c:read_commands_complete() kernel supports ext adv commands
Aug 13 03:00:25.851260 n bluetoothd[2816]: src/adapter.c:read_commands_complete() kernel supports suspend/resume events
Aug 13 03:00:25.851274 n bluetoothd[2816]: src/shared/mgmt.c:send_request() [0xffff] command 0x0003
Aug 13 03:00:25.851286 n bluetoothd[2816]: src/shared/mgmt.c:can_read_data() [0xffff] command 0x0003 complete: 0x00
Aug 13 03:00:25.851291 n bluetoothd[2816]: src/adapter.c:read_index_list_complete() Number of controllers: 1
Aug 13 03:00:25.851296 n bluetoothd[2816]: src/adapter.c:read_index_list_complete() Found index 0
Aug 13 03:00:25.851302 n bluetoothd[2816]: src/adapter.c:index_added() index 0
Aug 13 03:00:25.851307 n bluetoothd[2816]: src/adapter.c:reset_adv_monitors() sending remove Adv Monitor command with handle 0
Aug 13 03:00:25.851347 n bluetoothd[2816]: src/adapter.c:btd_adapter_new() System name: BlueZ 5.72
Aug 13 03:00:25.851353 n bluetoothd[2816]: src/adapter.c:btd_adapter_new() Major class: 0
Aug 13 03:00:25.851358 n bluetoothd[2816]: src/adapter.c:btd_adapter_new() Minor class: 0
Aug 13 03:00:25.851363 n bluetoothd[2816]: src/adapter.c:btd_adapter_new() Modalias: usb:v1D6Bp0246d0548
Aug 13 03:00:25.851368 n bluetoothd[2816]: src/adapter.c:btd_adapter_new() Discoverable timeout: 180 seconds
Aug 13 03:00:25.851373 n bluetoothd[2816]: src/adapter.c:btd_adapter_new() Pairable timeout: 0 seconds
Aug 13 03:00:25.851455 n bluetoothd[2816]: src/shared/mgmt.c:send_request() [0x0000] command 0x0053
Aug 13 03:00:25.851512 n bluetoothd[2816]: src/shared/mgmt.c:can_read_data() [0x0000] command 0x0053 complete: 0x00
Aug 13 03:00:25.851517 n bluetoothd[2816]: src/adapter.c:reset_adv_monitors_complete() Removed all Adv Monitors
Aug 13 03:00:25.851534 n bluetoothd[2816]: src/shared/mgmt.c:send_request() [0x0000] command 0x0049
Aug 13 03:00:25.851544 n bluetoothd[2816]: src/shared/mgmt.c:can_read_data() [0x0000] command 0x0049 complete: 0x00
Aug 13 03:00:25.851548 n bluetoothd[2816]: src/adapter.c:read_exp_features_complete() index 0 status 0x00
Aug 13 03:00:25.851553 n bluetoothd[2816]: src/adapter.c:read_exp_features_complete() <UUID-01> flags 0 action 0
Aug 13 03:00:25.851558 n bluetoothd[2816]: src/adapter.c:read_exp_features_complete() <UUID-02> flags 0 action 0
Aug 13 03:00:25.851562 n bluetoothd[2816]: src/adapter.c:read_info() sending read info command for index 0
Aug 13 03:00:25.851578 n bluetoothd[2816]: src/shared/mgmt.c:send_request() [0x0000] command 0x0004
Aug 13 03:00:25.851588 n bluetoothd[2816]: src/shared/mgmt.c:can_read_data() [0x0000] command 0x0004 complete: 0x00
Aug 13 03:00:25.851592 n bluetoothd[2816]: src/adapter.c:read_info_complete() index 0 status 0x00
Aug 13 03:00:25.851597 n bluetoothd[2816]: src/adapter.c:clear_uuids() sending clear uuids command for index 0
Aug 13 03:00:25.851602 n bluetoothd[2816]: src/adapter.c:clear_devices() sending clear devices command for index 0
Aug 13 03:00:25.851608 n bluetoothd[2816]: src/adapter.c:set_mode() sending set mode command for index 0
Aug 13 03:00:25.851613 n bluetoothd[2816]: src/adapter.c:set_mode() sending set mode command for index 0
Aug 13 03:00:25.851617 n bluetoothd[2816]: src/adapter.c:set_mode() sending set mode command for index 0
Aug 13 03:00:25.851621 n bluetoothd[2816]: src/adapter.c:set_privacy() sending set privacy command for index 0
Aug 13 03:00:25.851626 n bluetoothd[2816]: src/adapter.c:set_privacy() setting privacy mode 0x00 for index 0
Aug 13 03:00:25.851636 n bluetoothd[2816]: src/battery.c:manager_new()
Aug 13 03:00:25.851642 n bluetoothd[2816]: Battery Provider Manager created
Aug 13 03:00:25.866648 n bluetoothd[2816]: src/gatt-database.c:btd_gatt_database_new() GATT Manager registered for adapter: /org/bluez/hci0
Aug 13 03:00:25.866812 n bluetoothd[2816]: src/adapter.c:adapter_service_add() /org/bluez/hci0
Aug 13 03:00:25.866821 n bluetoothd[2816]: src/sdpd-service.c:add_record_to_server() Adding record with handle 0x10001
Aug 13 03:00:25.866829 n bluetoothd[2816]: src/sdpd-service.c:add_record_to_server() Record pattern UUID 00000007-0000-1000-8000-00805f9
Aug 13 03:00:25.866838 n bluetoothd[2816]: src/sdpd-service.c:add_record_to_server() Record pattern UUID 00000100-0000-1000-8000-00805f9
Aug 13 03:00:25.866847 n bluetoothd[2816]: src/sdpd-service.c:add_record_to_server() Record pattern UUID 00001002-0000-1000-8000-00805f9
Aug 13 03:00:25.866854 n bluetoothd[2816]: src/sdpd-service.c:add_record_to_server() Record pattern UUID 00001800-0000-1000-8000-00805f9
Aug 13 03:00:25.866860 n bluetoothd[2816]: src/adapter.c:adapter_service_insert() /org/bluez/hci0
Aug 13 03:00:25.866870 n bluetoothd[2816]: src/adapter.c:add_uuid() sending add uuid command for index 0
Aug 13 03:00:25.866886 n bluetoothd[2816]: src/adapter.c:adapter_service_add() /org/bluez/hci0
Aug 13 03:00:25.866895 n bluetoothd[2816]: src/sdpd-service.c:add_record_to_server() Adding record with handle 0x10002
Aug 13 03:00:25.866904 n bluetoothd[2816]: src/sdpd-service.c:add_record_to_server() Record pattern UUID 00000007-0000-1000-8000-00805f9
Aug 13 03:00:25.866913 n bluetoothd[2816]: src/sdpd-service.c:add_record_to_server() Record pattern UUID 00000100-0000-1000-8000-00805f9
Aug 13 03:00:25.866923 n bluetoothd[2816]: src/sdpd-service.c:add_record_to_server() Record pattern UUID 00001002-0000-1000-8000-00805f9
Aug 13 03:00:25.866933 n bluetoothd[2816]: src/sdpd-service.c:add_record_to_server() Record pattern UUID 00001801-0000-1000-8000-00805f9
Aug 13 03:00:25.866940 n bluetoothd[2816]: src/adapter.c:adapter_service_insert() /org/bluez/hci0
Aug 13 03:00:25.866948 n bluetoothd[2816]: src/adapter.c:add_uuid() sending add uuid command for index 0
Aug 13 03:00:25.866961 n bluetoothd[2816]: src/adapter.c:adapter_service_add() /org/bluez/hci0
Aug 13 03:00:25.866968 n bluetoothd[2816]: src/sdpd-service.c:add_record_to_server() Adding record with handle 0x10003
Aug 13 03:00:25.866976 n bluetoothd[2816]: src/sdpd-service.c:add_record_to_server() Record pattern UUID 00000007-0000-1000-8000-00805f9
Aug 13 03:00:25.866985 n bluetoothd[2816]: src/sdpd-service.c:add_record_to_server() Record pattern UUID 00000100-0000-1000-8000-00805f9
Aug 13 03:00:25.866993 n bluetoothd[2816]: src/sdpd-service.c:add_record_to_server() Record pattern UUID 00001002-0000-1000-8000-00805f9
Aug 13 03:00:25.867002 n bluetoothd[2816]: src/sdpd-service.c:add_record_to_server() Record pattern UUID 0000180a-0000-1000-8000-00805f9
Aug 13 03:00:25.867019 n bluetoothd[2816]: src/adapter.c:adapter_service_insert() /org/bluez/hci0
Aug 13 03:00:25.867027 n bluetoothd[2816]: src/adapter.c:add_uuid() sending add uuid command for index 0
Aug 13 03:00:25.867036 n bluetoothd[2816]: src/advertising.c:btd_adv_manager_new() LE Advertising Manager created for adapter: /org/bluez/hci0
Aug 13 03:00:25.867634 n bluetoothd[2816]: profiles/audio/a2dp.c:media_server_probe() path /org/bluez/hci0
Aug 13 03:00:25.867657 n bluetoothd[2816]: plugins/policy.c:policy_adapter_probe()
Aug 13 03:00:25.867791 n bluetoothd[2816]: src/adapter.c:adapter_set_power_state() off-enabling
Aug 13 03:00:25.867806 n bluetoothd[2816]: src/adapter.c:set_mode() sending set mode command for index 0
Aug 13 03:00:25.867816 n bluetoothd[2816]: plugins/hostname.c:hostname_probe()
Aug 13 03:00:25.867826 n bluetoothd[2816]: plugins/hostname.c:update_class() major: 0x01 minor: 0x03
Aug 13 03:00:25.867835 n bluetoothd[2816]: src/adapter.c:btd_adapter_set_class() class: major 1 minor 3
Aug 13 03:00:25.867845 n bluetoothd[2816]: src/adapter.c:set_dev_class() sending set device class command for index 0
Aug 13 03:00:25.868059 n bluetoothd[2816]: profiles/network/manager.c:panu_server_probe() path /org/bluez/hci0
Aug 13 03:00:25.868095 n bluetoothd[2816]: profiles/network/server.c:server_register() Registered interface org.bluez.NetworkServer1 on path /org/bluez/hci0
Aug 13 03:00:25.868106 n bluetoothd[2816]: profiles/network/manager.c:gn_server_probe() path /org/bluez/hci0
Aug 13 03:00:25.868115 n bluetoothd[2816]: profiles/network/manager.c:nap_server_probe() path /org/bluez/hci0
Aug 13 03:00:25.868124 n bluetoothd[2816]: profiles/audio/avrcp.c:avrcp_controller_server_probe() path /org/bluez/hci0
Aug 13 03:00:25.868187 n bluetoothd[2816]: src/adapter.c:adapter_service_add() /org/bluez/hci0
Aug 13 03:00:25.868198 n bluetoothd[2816]: src/sdpd-service.c:add_record_to_server() Adding record with handle 0x10004
Aug 13 03:00:25.868208 n bluetoothd[2816]: src/sdpd-service.c:add_record_to_server() Record pattern UUID 00000017-0000-1000-8000-00805f9
Aug 13 03:00:25.868218 n bluetoothd[2816]: src/sdpd-service.c:add_record_to_server() Record pattern UUID 00000100-0000-1000-8000-00805f9
Aug 13 03:00:25.868226 n bluetoothd[2816]: src/sdpd-service.c:add_record_to_server() Record pattern UUID 00001002-0000-1000-8000-00805f9
Aug 13 03:00:25.868236 n bluetoothd[2816]: src/sdpd-service.c:add_record_to_server() Record pattern UUID 0000110e-0000-1000-8000-00805f9
Aug 13 03:00:25.868251 n bluetoothd[2816]: src/sdpd-service.c:add_record_to_server() Record pattern UUID 0000110f-0000-1000-8000-00805f9
Aug 13 03:00:25.868259 n bluetoothd[2816]: src/adapter.c:adapter_service_insert() /org/bluez/hci0
Aug 13 03:00:25.868270 n bluetoothd[2816]: src/adapter.c:add_uuid() sending add uuid command for index 0
Aug 13 03:00:25.868280 n bluetoothd[2816]: profiles/audio/avrcp.c:avrcp_target_server_probe() path /org/bluez/hci0
Aug 13 03:00:25.868296 n bluetoothd[2816]: src/adapter.c:adapter_service_add() /org/bluez/hci0
Aug 13 03:00:25.868306 n bluetoothd[2816]: src/sdpd-service.c:add_record_to_server() Adding record with handle 0x10005
Aug 13 03:00:25.868316 n bluetoothd[2816]: src/sdpd-service.c:add_record_to_server() Record pattern UUID 00000017-0000-1000-8000-00805f9
Aug 13 03:00:25.868325 n bluetoothd[2816]: src/sdpd-service.c:add_record_to_server() Record pattern UUID 00000100-0000-1000-8000-00805f9
Aug 13 03:00:25.868335 n bluetoothd[2816]: src/sdpd-service.c:add_record_to_server() Record pattern UUID 00001002-0000-1000-8000-00805f9
Aug 13 03:00:25.868344 n bluetoothd[2816]: src/sdpd-service.c:add_record_to_server() Record pattern UUID 0000110c-0000-1000-8000-00805f9
Aug 13 03:00:25.868353 n bluetoothd[2816]: src/sdpd-service.c:add_record_to_server() Record pattern UUID 0000110e-0000-1000-8000-00805f9
Aug 13 03:00:25.868362 n bluetoothd[2816]: src/adapter.c:adapter_service_insert() /org/bluez/hci0
Aug 13 03:00:25.868371 n bluetoothd[2816]: src/adapter.c:add_uuid() sending add uuid command for index 0
Aug 13 03:00:25.868385 n bluetoothd[2816]: profiles/audio/a2dp.c:a2dp_sink_server_probe() path /org/bluez/hci0
Aug 13 03:00:25.868394 n bluetoothd[2816]: profiles/audio/a2dp.c:a2dp_source_server_probe() path /org/bluez/hci0
Aug 13 03:00:25.868404 n bluetoothd[2816]: profiles/sap/manager.c:sap_server_probe() path /org/bluez/hci0
Aug 13 03:00:25.868424 n bluetoothd[2816]: profiles/sap/server.c:sap_server_register() Sap driver initialization failed.
Aug 13 03:00:25.868433 n bluetoothd[2816]: sap-server: Operation not permitted (1)
Aug 13 03:00:25.868448 n bluetoothd[2816]: src/adapter.c:btd_adapter_unblock_address() hci0 AA:BB:CC:00:00:01
Aug 13 03:00:25.868905 n bluetoothd[2816]: src/adapter.c:get_ltk_info() AA:BB:CC:00:00:02
Aug 13 03:00:25.868916 n bluetoothd[2816]: src/adapter.c:get_peripheral_ltk_info() AA:BB:CC:00:00:02
Aug 13 03:00:25.868926 n bluetoothd[2816]: src/device.c:device_create_from_storage() address AA:BB:CC:00:00:02
Aug 13 03:00:25.868937 n bluetoothd[2816]: src/device.c:device_new() address AA:BB:CC:00:00:02
Aug 13 03:00:25.868947 n bluetoothd[2816]: src/device.c:device_new() Creating device /org/bluez/hci0/dev_AA:BB:CC:00:00:03
Aug 13 03:00:25.869072 n bluetoothd[2816]: src/device.c:btd_device_set_temporary() temporary 0
Aug 13 03:00:25.869084 n bluetoothd[2816]: src/device.c:device_set_bonded() setting bonded for device to true
Aug 13 03:00:25.869461 n bluetoothd[2816]: src/adapter.c:get_ltk_info() AA:BB:CC:00:00:04
Aug 13 03:00:25.869472 n bluetoothd[2816]: src/adapter.c:get_peripheral_ltk_info() AA:BB:CC:00:00:04
Aug 13 03:00:25.869481 n bluetoothd[2816]: src/device.c:device_create_from_storage() address AA:BB:CC:00:00:04
Aug 13 03:00:25.869488 n bluetoothd[2816]: src/device.c:device_new() address AA:BB:CC:00:00:04
Aug 13 03:00:25.869497 n bluetoothd[2816]: src/device.c:device_new() Creating device /org/bluez/hci0/dev_AA:BB:CC:00:00:05
Aug 13 03:00:25.869604 n bluetoothd[2816]: src/device.c:btd_device_set_temporary() temporary 0
Aug 13 03:00:25.869616 n bluetoothd[2816]: src/device.c:device_set_bonded() setting bonded for device to true
Aug 13 03:00:25.869983 n bluetoothd[2816]: src/adapter.c:get_ltk_info() AA:BB:CC:00:00:06
Aug 13 03:00:25.869991 n bluetoothd[2816]: src/adapter.c:get_peripheral_ltk_info() AA:BB:CC:00:00:06
Aug 13 03:00:25.869998 n bluetoothd[2816]: src/device.c:device_create_from_storage() address AA:BB:CC:00:00:06
Aug 13 03:00:25.870003 n bluetoothd[2816]: src/device.c:device_new() address AA:BB:CC:00:00:06
Aug 13 03:00:25.870017 n bluetoothd[2816]: src/device.c:device_new() Creating device /org/bluez/hci0/dev_AA:BB:CC:00:00:07
Aug 13 03:00:25.870071 n bluetoothd[2816]: src/device.c:btd_device_set_temporary() temporary 0
Aug 13 03:00:25.870079 n bluetoothd[2816]: src/device.c:device_set_bonded() setting bonded for device to true
Aug 13 03:00:25.870090 n bluetoothd[2816]: src/adapter.c:load_link_keys() hci0 keys 3 debug_keys 0 retry false
Aug 13 03:00:25.870095 n bluetoothd[2816]: src/adapter.c:load_ltks() hci0 keys 0
Aug 13 03:00:25.870100 n bluetoothd[2816]: src/adapter.c:load_irks() hci0 irks 0
Aug 13 03:00:25.870105 n bluetoothd[2816]: src/adapter.c:load_conn_params() hci0 conn params 0
Aug 13 03:00:25.870163 n bluetoothd[2816]: profiles/audio/avrcp.c:avrcp_controller_probe() path /org/bluez/hci0/dev_AA:BB:CC:00:00:03
Aug 13 03:00:25.870171 n bluetoothd[2816]: profiles/audio/control.c:control_init() Registered interface org.bluez.MediaControl1 on path /org/bluez/hci0/dev_AA:BB:CC:00:00:03
Aug 13 03:00:25.870177 n bluetoothd[2816]: src/service.c:btd_service_ref() 0x5dd9322df790: ref=2
Aug 13 03:00:25.870183 n bluetoothd[2816]: src/service.c:change_state() 0x5dd9322df790: device AA:BB:CC:00:00:02 profile avrcp-controller state changed: unavailable -> disconnected (0)
Aug 13 03:00:25.870190 n bluetoothd[2816]: profiles/audio/avrcp.c:avrcp_target_probe() path /org/bluez/hci0/dev_AA:BB:CC:00:00:03
Aug 13 03:00:25.870195 n bluetoothd[2816]: src/service.c:btd_service_ref() 0x5dd9322df850: ref=2
Aug 13 03:00:25.870200 n bluetoothd[2816]: src/service.c:change_state() 0x5dd9322df850: device AA:BB:CC:00:00:02 profile audio-avrcp-target state changed: unavailable -> disconnected (0)
Aug 13 03:00:25.870210 n bluetoothd[2816]: profiles/audio/a2dp.c:a2dp_sink_probe() path /org/bluez/hci0/dev_AA:BB:CC:00:00:03
Aug 13 03:00:25.870216 n bluetoothd[2816]: profiles/audio/sink.c:sink_init() /org/bluez/hci0/dev_AA:BB:CC:00:00:03
Aug 13 03:00:25.870221 n bluetoothd[2816]: src/service.c:btd_service_ref() 0x5dd9322df890: ref=2
Aug 13 03:00:25.870226 n bluetoothd[2816]: src/service.c:change_state() 0x5dd9322df890: device AA:BB:CC:00:00:02 profile a2dp-sink state changed: unavailable -> disconnected (0)
Aug 13 03:00:25.870296 n bluetoothd[2816]: profiles/audio/avrcp.c:avrcp_controller_probe() path /org/bluez/hci0/dev_AA:BB:CC:00:00:05
Aug 13 03:00:25.870302 n bluetoothd[2816]: profiles/audio/control.c:control_init() Registered interface org.bluez.MediaControl1 on path /org/bluez/hci0/dev_AA:BB:CC:00:00:05
Aug 13 03:00:25.870307 n bluetoothd[2816]: src/service.c:btd_service_ref() 0x5dd9322df950: ref=2
Aug 13 03:00:25.870312 n bluetoothd[2816]: src/service.c:change_state() 0x5dd9322df950: device AA:BB:CC:00:00:04 profile avrcp-controller state changed: unavailable -> disconnected (0)
Aug 13 03:00:25.870320 n bluetoothd[2816]: profiles/audio/avrcp.c:avrcp_target_probe() path /org/bluez/hci0/dev_AA:BB:CC:00:00:05
Aug 13 03:00:25.870326 n bluetoothd[2816]: src/service.c:btd_service_ref() 0x5dd9322dfa10: ref=2
Aug 13 03:00:25.870331 n bluetoothd[2816]: src/service.c:change_state() 0x5dd9322dfa10: device AA:BB:CC:00:00:04 profile audio-avrcp-target state changed: unavailable -> disconnected (0)
Aug 13 03:00:25.870336 n bluetoothd[2816]: profiles/audio/a2dp.c:a2dp_source_probe() path /org/bluez/hci0/dev_AA:BB:CC:00:00:05
Aug 13 03:00:25.870341 n bluetoothd[2816]: profiles/audio/source.c:source_init() /org/bluez/hci0/dev_AA:BB:CC:00:00:05
Aug 13 03:00:25.870345 n bluetoothd[2816]: src/service.c:btd_service_ref() 0x5dd9322dfa50: ref=2
Aug 13 03:00:25.870350 n bluetoothd[2816]: src/service.c:change_state() 0x5dd9322dfa50: device AA:BB:CC:00:00:04 profile a2dp-source state changed: unavailable -> disconnected (0)
Aug 13 03:00:25.870356 n bluetoothd[2816]: profiles/audio/a2dp.c:a2dp_sink_probe() path /org/bluez/hci0/dev_AA:BB:CC:00:00:05
Aug 13 03:00:25.870361 n bluetoothd[2816]: profiles/audio/sink.c:sink_init() /org/bluez/hci0/dev_AA:BB:CC:00:00:05
Aug 13 03:00:25.870365 n bluetoothd[2816]: src/service.c:btd_service_ref() 0x5dd9322dfb10: ref=2
Aug 13 03:00:25.870370 n bluetoothd[2816]: src/service.c:change_state() 0x5dd9322dfb10: device AA:BB:CC:00:00:04 profile a2dp-sink state changed: unavailable -> disconnected (0)
Aug 13 03:00:25.870425 n bluetoothd[2816]: profiles/audio/avrcp.c:avrcp_controller_probe() path /org/bluez/hci0/dev_AA:BB:CC:00:00:07
Aug 13 03:00:25.870431 n bluetoothd[2816]: profiles/audio/control.c:control_init() Registered interface org.bluez.MediaControl1 on path /org/bluez/hci0/dev_AA:BB:CC:00:00:07
Aug 13 03:00:25.870435 n bluetoothd[2816]: src/service.c:btd_service_ref() 0x5dd9322dfb90: ref=2
Aug 13 03:00:25.870440 n bluetoothd[2816]: src/service.c:change_state() 0x5dd9322dfb90: device AA:BB:CC:00:00:06 profile avrcp-controller state changed: unavailable -> disconnected (0)
Aug 13 03:00:25.870445 n bluetoothd[2816]: profiles/audio/avrcp.c:avrcp_target_probe() path /org/bluez/hci0/dev_AA:BB:CC:00:00:07
Aug 13 03:00:25.870450 n bluetoothd[2816]: src/service.c:btd_service_ref() 0x5dd9322dfc50: ref=2
Aug 13 03:00:25.870455 n bluetoothd[2816]: src/service.c:change_state() 0x5dd9322dfc50: device AA:BB:CC:00:00:06 profile audio-avrcp-target state changed: unavailable -> disconnected (0)
Aug 13 03:00:25.870463 n bluetoothd[2816]: profiles/audio/a2dp.c:a2dp_sink_probe() path /org/bluez/hci0/dev_AA:BB:CC:00:00:07
Aug 13 03:00:25.870467 n bluetoothd[2816]: profiles/audio/sink.c:sink_init() /org/bluez/hci0/dev_AA:BB:CC:00:00:07
Aug 13 03:00:25.870471 n bluetoothd[2816]: src/service.c:btd_service_ref() 0x5dd9322dfc90: ref=2
Aug 13 03:00:25.870476 n bluetoothd[2816]: src/service.c:change_state() 0x5dd9322dfc90: device AA:BB:CC:00:00:06 profile a2dp-sink state changed: unavailable -> disconnected (0)
Aug 13 03:00:25.870531 n bluetoothd[2816]: src/adapter.c:adapter_service_insert() /org/bluez/hci0
Aug 13 03:00:25.870537 n bluetoothd[2816]: src/adapter.c:add_uuid() sending add uuid command for index 0
Aug 13 03:00:25.870543 n bluetoothd[2816]: src/adapter.c:set_did() hci0 source 2 vendor 1d6b product 246 version 548
Aug 13 03:00:25.870550 n bluetoothd[2816]: src/adapter.c:adapter_register() Adapter /org/bluez/hci0 registered
Aug 13 03:00:25.870557 n bluetoothd[2816]: src/adapter.c:set_dev_class() sending set device class command for index 0
Aug 13 03:00:25.870561 n bluetoothd[2816]: src/adapter.c:set_name() sending set local name command for index 0
Aug 13 03:00:25.870629 n bluetoothd[2816]: src/shared/mgmt.c:send_request() [0x0000] command 0x0011
Aug 13 03:00:25.877183 n bluetoothd[2816]: src/profile.c:register_profile() sender :1.36
Aug 13 03:00:25.877200 n bluetoothd[2816]: src/profile.c:create_ext() Created "Hands-Free Voice gateway"
Aug 13 03:00:25.877208 n bluetoothd[2816]: src/profile.c:ext_adapter_probe() "Hands-Free Voice gateway" probed
Aug 13 03:00:25.882414 n bluetoothd[2816]: src/profile.c:ext_start_servers() Hands-Free Voice gateway listening on chan 13
Aug 13 03:00:25.882473 n bluetoothd[2816]: src/adapter.c:adapter_service_add() /org/bluez/hci0
Aug 13 03:00:25.882484 n bluetoothd[2816]: src/sdpd-service.c:add_record_to_server() Adding record with handle 0x10006
Aug 13 03:00:25.882496 n bluetoothd[2816]: src/sdpd-service.c:add_record_to_server() Record pattern UUID 00000003-0000-1000-8000-00805f9
Aug 13 03:00:25.882505 n bluetoothd[2816]: src/sdpd-service.c:add_record_to_server() Record pattern UUID 00000100-0000-1000-8000-00805f9
Aug 13 03:00:25.882512 n bluetoothd[2816]: src/sdpd-service.c:add_record_to_server() Record pattern UUID 00001002-0000-1000-8000-00805f9
Aug 13 03:00:25.882520 n bluetoothd[2816]: src/sdpd-service.c:add_record_to_server() Record pattern UUID 0000111e-0000-1000-8000-00805f9
Aug 13 03:00:25.882529 n bluetoothd[2816]: src/sdpd-service.c:add_record_to_server() Record pattern UUID 0000111f-0000-1000-8000-00805f9
Aug 13 03:00:25.882537 n bluetoothd[2816]: src/sdpd-service.c:add_record_to_server() Record pattern UUID 00001203-0000-1000-8000-00805f9
Aug 13 03:00:25.882546 n bluetoothd[2816]: src/adapter.c:adapter_service_insert() /org/bluez/hci0
Aug 13 03:00:25.882555 n bluetoothd[2816]: src/adapter.c:add_uuid() sending add uuid command for index 0
Aug 13 03:00:25.882576 n bluetoothd[2816]: src/profile.c:ext_device_probe() Hands-Free Voice gateway probed with UUID <UUID-03>
Aug 13 03:00:25.882587 n bluetoothd[2816]: src/service.c:change_state() 0x5dd9322df380: device AA:BB:CC:00:00:02 profile Hands-Free Voice gateway state changed: unavailable -> disconnected (0)
Aug 13 03:00:25.882601 n bluetoothd[2816]: src/profile.c:ext_device_probe() Hands-Free Voice gateway probed with UUID <UUID-03>
Aug 13 03:00:25.882610 n bluetoothd[2816]: src/service.c:change_state() 0x5dd9322e1e40: device AA:BB:CC:00:00:04 profile Hands-Free Voice gateway state changed: unavailable -> disconnected (0)
Aug 13 03:00:25.882624 n bluetoothd[2816]: src/profile.c:ext_device_probe() Hands-Free Voice gateway probed with UUID <UUID-03>
Aug 13 03:00:25.882632 n bluetoothd[2816]: src/service.c:change_state() 0x5dd9322e1e80: device AA:BB:CC:00:00:06 profile Hands-Free Voice gateway state changed: unavailable -> disconnected (0)
Aug 13 03:00:25.882813 n bluetoothd[2816]: src/profile.c:register_profile() sender :1.36
Aug 13 03:00:25.882829 n bluetoothd[2816]: src/profile.c:create_ext() Created "Hands-Free unit"
Aug 13 03:00:25.882840 n bluetoothd[2816]: src/profile.c:ext_adapter_probe() "Hands-Free unit" probed
Aug 13 03:00:25.882865 n bluetoothd[2816]: src/profile.c:ext_start_servers() Hands-Free unit listening on chan 7
Aug 13 03:00:25.882890 n bluetoothd[2816]: src/adapter.c:adapter_service_add() /org/bluez/hci0
Aug 13 03:00:25.882900 n bluetoothd[2816]: src/sdpd-service.c:add_record_to_server() Adding record with handle 0x10007
Aug 13 03:00:25.882908 n bluetoothd[2816]: src/sdpd-service.c:add_record_to_server() Record pattern UUID 00000003-0000-1000-8000-00805f9
Aug 13 03:00:25.882914 n bluetoothd[2816]: src/sdpd-service.c:add_record_to_server() Record pattern UUID 00000100-0000-1000-8000-00805f9
Aug 13 03:00:25.882921 n bluetoothd[2816]: src/sdpd-service.c:add_record_to_server() Record pattern UUID 00001002-0000-1000-8000-00805f9
Aug 13 03:00:25.882928 n bluetoothd[2816]: src/sdpd-service.c:add_record_to_server() Record pattern UUID 0000111e-0000-1000-8000-00805f9
Aug 13 03:00:25.882935 n bluetoothd[2816]: src/sdpd-service.c:add_record_to_server() Record pattern UUID 00001203-0000-1000-8000-00805f9
Aug 13 03:00:25.882942 n bluetoothd[2816]: src/adapter.c:adapter_service_insert() /org/bluez/hci0
Aug 13 03:00:25.882950 n bluetoothd[2816]: src/adapter.c:add_uuid() sending add uuid command for index 0
Aug 13 03:00:25.882995 n bluetoothd[2816]: plugins/hostname.c:property_changed() static hostname: 'n'
Aug 13 03:00:25.883013 n bluetoothd[2816]: plugins/hostname.c:property_changed() pretty hostname: ''
Aug 13 03:00:25.883020 n bluetoothd[2816]: plugins/hostname.c:update_name() name: n
Aug 13 03:00:25.883026 n bluetoothd[2816]: src/adapter.c:adapter_set_name() name: n
Aug 13 03:00:25.883035 n bluetoothd[2816]: src/adapter.c:adapter_set_name() alias: n
Aug 13 03:00:25.883045 n bluetoothd[2816]: src/adapter.c:set_name() sending set local name command for index 0
Aug 13 03:00:25.883060 n bluetoothd[2816]: plugins/hostname.c:property_changed() chassis: 'laptop'
Aug 13 03:00:25.883067 n bluetoothd[2816]: plugins/hostname.c:update_class() major: 0x01 minor: 0x03
Aug 13 03:00:25.883339 n bluetoothd[2816]: profiles/audio/media.c:register_app() Registering application: :1.36:/MediaEndpoint
Aug 13 03:00:25.883392 n bluetoothd[2816]: src/shared/mgmt.c:can_read_data() [0x0000] command 0x0011 complete: 0x00
Aug 13 03:00:25.883438 n bluetoothd[2816]: src/shared/mgmt.c:send_request() [0x0000] command 0x0034
Aug 13 03:00:25.883461 n bluetoothd[2816]: src/shared/mgmt.c:can_read_data() [0x0000] command 0x0034 complete: 0x00
Aug 13 03:00:25.883500 n bluetoothd[2816]: src/shared/mgmt.c:send_request() [0x0000] command 0x000d
Aug 13 03:00:25.883544 n bluetoothd[2816]: src/shared/mgmt.c:can_read_data() [0x0000] command 0x000d complete: 0x00
Aug 13 03:00:25.883555 n bluetoothd[2816]: src/adapter.c:new_settings_callback() Settings: 0x00000280
Aug 13 03:00:25.883565 n bluetoothd[2816]: src/adapter.c:settings_changed() Changed settings: 0x00000200
Aug 13 03:00:25.883574 n bluetoothd[2816]: src/adapter.c:settings_changed() Pending settings: 0x00000001
Aug 13 03:00:25.883613 n bluetoothd[2816]: src/shared/mgmt.c:send_request() [0x0000] command 0x000b
Aug 13 03:00:25.883635 n bluetoothd[2816]: src/shared/mgmt.c:can_read_data() [0x0000] command 0x000b complete: 0x00
Aug 13 03:00:25.883645 n bluetoothd[2816]: src/adapter.c:new_settings_callback() Settings: 0x000002c0
Aug 13 03:00:25.883655 n bluetoothd[2816]: src/adapter.c:settings_changed() Changed settings: 0x00000040
Aug 13 03:00:25.883664 n bluetoothd[2816]: src/adapter.c:settings_changed() Pending settings: 0x00000001
Aug 13 03:00:25.883702 n bluetoothd[2816]: src/shared/mgmt.c:send_request() [0x0000] command 0x002d
Aug 13 03:00:25.883725 n bluetoothd[2816]: src/shared/mgmt.c:can_read_data() [0x0000] command 0x002d complete: 0x00
Aug 13 03:00:25.883735 n bluetoothd[2816]: src/adapter.c:new_settings_callback() Settings: 0x00000ac0
Aug 13 03:00:25.883745 n bluetoothd[2816]: src/adapter.c:settings_changed() Changed settings: 0x00000800
Aug 13 03:00:25.883762 n bluetoothd[2816]: src/adapter.c:settings_changed() Pending settings: 0x00000001
Aug 13 03:00:25.883815 n bluetoothd[2816]: src/shared/mgmt.c:send_request() [0x0000] command 0x002f
Aug 13 03:00:25.883904 n bluetoothd[2816]: src/shared/mgmt.c:can_read_data() [0x0000] command 0x002f complete: 0x00
Aug 13 03:00:25.883915 n bluetoothd[2816]: src/adapter.c:set_privacy_complete() Successfully set privacy for index 0
Aug 13 03:00:25.883953 n bluetoothd[2816]: src/shared/mgmt.c:send_request() [0x0000] command 0x0010
Aug 13 03:00:25.884114 n bluetoothd[2816]: profiles/audio/media.c:proxy_added_cb() Proxy added: /MediaEndpoint/A2DPSource/ldac, iface: org.bluez.MediaEndpoint1
Aug 13 03:00:25.884135 n bluetoothd[2816]: profiles/audio/avdtp.c:avdtp_register_sep() SEP 0x5dd9322eb390 registered: type:0 codec:255 seid_pool:0x5dd9322df408 seid:1
Aug 13 03:00:25.884153 n bluetoothd[2816]: src/adapter.c:adapter_service_add() /org/bluez/hci0
Aug 13 03:00:25.884164 n bluetoothd[2816]: src/sdpd-service.c:add_record_to_server() Adding record with handle 0x10008
Aug 13 03:00:25.884177 n bluetoothd[2816]: src/sdpd-service.c:add_record_to_server() Record pattern UUID 00000019-0000-1000-8000-00805f9
Aug 13 03:00:25.884188 n bluetoothd[2816]: src/sdpd-service.c:add_record_to_server() Record pattern UUID 00000100-0000-1000-8000-00805f9
Aug 13 03:00:25.884199 n bluetoothd[2816]: src/sdpd-service.c:add_record_to_server() Record pattern UUID 00001002-0000-1000-8000-00805f9
Aug 13 03:00:25.884210 n bluetoothd[2816]: src/sdpd-service.c:add_record_to_server() Record pattern UUID 0000110a-0000-1000-8000-00805f9
Aug 13 03:00:25.884219 n bluetoothd[2816]: src/sdpd-service.c:add_record_to_server() Record pattern UUID 0000110d-0000-1000-8000-00805f9
Aug 13 03:00:25.884230 n bluetoothd[2816]: src/adapter.c:adapter_service_insert() /org/bluez/hci0
Aug 13 03:00:25.884241 n bluetoothd[2816]: src/adapter.c:add_uuid() sending add uuid command for index 0
Aug 13 03:00:25.884405 n bluetoothd[2816]: profiles/audio/media.c:proxy_added_cb() Proxy added: /MediaEndpoint/A2DPSink/aptx_hd, iface: org.bluez.MediaEndpoint1
Aug 13 03:00:25.884421 n bluetoothd[2816]: profiles/audio/avdtp.c:avdtp_register_sep() SEP 0x5dd9322ed150 registered: type:1 codec:255 seid_pool:0x5dd9322df408 seid:2
Aug 13 03:00:25.884436 n bluetoothd[2816]: src/adapter.c:adapter_service_add() /org/bluez/hci0
Aug 13 03:00:25.884446 n bluetoothd[2816]: src/sdpd-service.c:add_record_to_server() Adding record with handle 0x10009
Aug 13 03:00:25.884458 n bluetoothd[2816]: src/sdpd-service.c:add_record_to_server() Record pattern UUID 00000019-0000-1000-8000-00805f9
Aug 13 03:00:25.884466 n bluetoothd[2816]: src/sdpd-service.c:add_record_to_server() Record pattern UUID 00000100-0000-1000-8000-00805f9
Aug 13 03:00:25.884475 n bluetoothd[2816]: src/sdpd-service.c:add_record_to_server() Record pattern UUID 00001002-0000-1000-8000-00805f9
Aug 13 03:00:25.884484 n bluetoothd[2816]: src/sdpd-service.c:add_record_to_server() Record pattern UUID 0000110b-0000-1000-8000-00805f9
Aug 13 03:00:25.884491 n bluetoothd[2816]: src/sdpd-service.c:add_record_to_server() Record pattern UUID 0000110d-0000-1000-8000-00805f9
Aug 13 03:00:25.884502 n bluetoothd[2816]: src/adapter.c:adapter_service_insert() /org/bluez/hci0
Aug 13 03:00:25.884512 n bluetoothd[2816]: src/adapter.c:add_uuid() sending add uuid command for index 0
Aug 13 03:00:25.884620 n bluetoothd[2816]: profiles/audio/media.c:proxy_added_cb() Proxy added: /MediaEndpoint/A2DPSource/aptx_hd, iface: org.bluez.MediaEndpoint1
Aug 13 03:00:25.884633 n bluetoothd[2816]: profiles/audio/avdtp.c:avdtp_register_sep() SEP 0x5dd9322ef660 registered: type:0 codec:255 seid_pool:0x5dd9322df408 seid:3
Aug 13 03:00:25.884731 n bluetoothd[2816]: profiles/audio/media.c:proxy_added_cb() Proxy added: /MediaEndpoint/A2DPSink/aptx, iface: org.bluez.MediaEndpoint1
Aug 13 03:00:25.884747 n bluetoothd[2816]: profiles/audio/avdtp.c:avdtp_register_sep() SEP 0x5dd9322f0080 registered: type:1 codec:255 seid_pool:0x5dd9322df408 seid:4
Aug 13 03:00:25.884848 n bluetoothd[2816]: profiles/audio/media.c:proxy_added_cb() Proxy added: /MediaEndpoint/A2DPSource/aptx, iface: org.bluez.MediaEndpoint1
Aug 13 03:00:25.884860 n bluetoothd[2816]: profiles/audio/avdtp.c:avdtp_register_sep() SEP 0x5dd9322f0bf0 registered: type:0 codec:255 seid_pool:0x5dd9322df408 seid:5
Aug 13 03:00:25.884961 n bluetoothd[2816]: profiles/audio/media.c:proxy_added_cb() Proxy added: /MediaEndpoint/A2DPSink/sbc, iface: org.bluez.MediaEndpoint1
Aug 13 03:00:25.884973 n bluetoothd[2816]: profiles/audio/avdtp.c:avdtp_register_sep() SEP 0x5dd9322f1660 registered: type:1 codec:0 seid_pool:0x5dd9322df408 seid:6
Aug 13 03:00:25.885078 n bluetoothd[2816]: profiles/audio/media.c:proxy_added_cb() Proxy added: /MediaEndpoint/A2DPSource/sbc, iface: org.bluez.MediaEndpoint1
Aug 13 03:00:25.885088 n bluetoothd[2816]: profiles/audio/avdtp.c:avdtp_register_sep() SEP 0x5dd9322f2220 registered: type:0 codec:0 seid_pool:0x5dd9322df408 seid:7
Aug 13 03:00:25.885178 n bluetoothd[2816]: profiles/audio/media.c:proxy_added_cb() Proxy added: /MediaEndpoint/A2DPSink/sbc_xq, iface: org.bluez.MediaEndpoint1
Aug 13 03:00:25.885188 n bluetoothd[2816]: profiles/audio/avdtp.c:avdtp_register_sep() SEP 0x5dd9322f2d00 registered: type:1 codec:0 seid_pool:0x5dd9322df408 seid:8
Aug 13 03:00:25.885273 n bluetoothd[2816]: profiles/audio/media.c:proxy_added_cb() Proxy added: /MediaEndpoint/A2DPSource/sbc_xq, iface: org.bluez.MediaEndpoint1
Aug 13 03:00:25.885282 n bluetoothd[2816]: profiles/audio/avdtp.c:avdtp_register_sep() SEP 0x5dd9322f3930 registered: type:0 codec:0 seid_pool:0x5dd9322df408 seid:9
Aug 13 03:00:25.885359 n bluetoothd[2816]: profiles/audio/media.c:proxy_added_cb() Proxy added: /MediaEndpoint/A2DPSource/aptx_ll_1, iface: org.bluez.MediaEndpoint1
Aug 13 03:00:25.885367 n bluetoothd[2816]: profiles/audio/avdtp.c:avdtp_register_sep() SEP 0x5dd9322f4560 registered: type:0 codec:255 seid_pool:0x5dd9322df408 seid:10
Aug 13 03:00:25.885440 n bluetoothd[2816]: profiles/audio/media.c:proxy_added_cb() Proxy added: /MediaEndpoint/A2DPSource/aptx_ll_0, iface: org.bluez.MediaEndpoint1
Aug 13 03:00:25.885451 n bluetoothd[2816]: profiles/audio/avdtp.c:avdtp_register_sep() SEP 0x5dd9322f5190 registered: type:0 codec:255 seid_pool:0x5dd9322df408 seid:11
Aug 13 03:00:25.885530 n bluetoothd[2816]: profiles/audio/media.c:proxy_added_cb() Proxy added: /MediaEndpoint/A2DPSource/aptx_ll_duplex_1, iface: org.bluez.MediaEndpoint1
Aug 13 03:00:25.885538 n bluetoothd[2816]: profiles/audio/avdtp.c:avdtp_register_sep() SEP 0x5dd9322f5d30 registered: type:0 codec:255 seid_pool:0x5dd9322df408 seid:12
Aug 13 03:00:25.885618 n bluetoothd[2816]: profiles/audio/media.c:proxy_added_cb() Proxy added: /MediaEndpoint/A2DPSource/aptx_ll_duplex_0, iface: org.bluez.MediaEndpoint1
Aug 13 03:00:25.885626 n bluetoothd[2816]: profiles/audio/avdtp.c:avdtp_register_sep() SEP 0x5dd9322f68d0 registered: type:0 codec:255 seid_pool:0x5dd9322df408 seid:13
Aug 13 03:00:25.885706 n bluetoothd[2816]: profiles/audio/media.c:proxy_added_cb() Proxy added: /MediaEndpoint/A2DPSource/faststream, iface: org.bluez.MediaEndpoint1
Aug 13 03:00:25.885714 n bluetoothd[2816]: profiles/audio/avdtp.c:avdtp_register_sep() SEP 0x5dd9322f7540 registered: type:0 codec:255 seid_pool:0x5dd9322df408 seid:14
Aug 13 03:00:25.885792 n bluetoothd[2816]: profiles/audio/media.c:proxy_added_cb() Proxy added: /MediaEndpoint/A2DPSource/faststream_duplex, iface: org.bluez.MediaEndpoint1
Aug 13 03:00:25.885802 n bluetoothd[2816]: profiles/audio/avdtp.c:avdtp_register_sep() SEP 0x5dd9322f8160 registered: type:0 codec:255 seid_pool:0x5dd9322df408 seid:15
Aug 13 03:00:25.885880 n bluetoothd[2816]: profiles/audio/media.c:proxy_added_cb() Proxy added: /MediaEndpoint/A2DPSink/opus_05, iface: org.bluez.MediaEndpoint1
Aug 13 03:00:25.885888 n bluetoothd[2816]: profiles/audio/avdtp.c:avdtp_register_sep() SEP 0x5dd9322f8c90 registered: type:1 codec:255 seid_pool:0x5dd9322df408 seid:16
Aug 13 03:00:25.885970 n bluetoothd[2816]: profiles/audio/media.c:proxy_added_cb() Proxy added: /MediaEndpoint/A2DPSource/opus_05, iface: org.bluez.MediaEndpoint1
Aug 13 03:00:25.885978 n bluetoothd[2816]: profiles/audio/avdtp.c:avdtp_register_sep() SEP 0x5dd9322f98d0 registered: type:0 codec:255 seid_pool:0x5dd9322df408 seid:17
Aug 13 03:00:25.886098 n bluetoothd[2816]: profiles/audio/media.c:proxy_added_cb() Proxy added: /MediaEndpoint/A2DPSink/opus_05_duplex, iface: org.bluez.MediaEndpoint1
Aug 13 03:00:25.886107 n bluetoothd[2816]: profiles/audio/avdtp.c:avdtp_register_sep() SEP 0x5dd9322fa3c0 registered: type:1 codec:255 seid_pool:0x5dd9322df408 seid:18
Aug 13 03:00:25.886191 n bluetoothd[2816]: profiles/audio/media.c:proxy_added_cb() Proxy added: /MediaEndpoint/A2DPSource/opus_05_duplex, iface: org.bluez.MediaEndpoint1
Aug 13 03:00:25.886202 n bluetoothd[2816]: profiles/audio/avdtp.c:avdtp_register_sep() SEP 0x5dd9322faff0 registered: type:0 codec:255 seid_pool:0x5dd9322df408 seid:19
Aug 13 03:00:25.886214 n bluetoothd[2816]: profiles/audio/media.c:client_ready_cb() Media application registered: :1.36:/MediaEndpoint
Aug 13 03:00:25.886236 n bluetoothd[2816]: src/shared/mgmt.c:can_read_data() [0x0000] command 0x0010 complete: 0x00
Aug 13 03:00:25.886262 n bluetoothd[2816]: src/shared/mgmt.c:send_request() [0x0000] command 0x0010
Aug 13 03:00:25.886300 n bluetoothd[2816]: src/shared/mgmt.c:can_read_data() [0x0000] command 0x0010 complete: 0x00
Aug 13 03:00:25.886322 n bluetoothd[2816]: src/shared/mgmt.c:send_request() [0x0000] command 0x0010
Aug 13 03:00:25.886354 n bluetoothd[2816]: src/shared/mgmt.c:can_read_data() [0x0000] command 0x0010 complete: 0x00
Aug 13 03:00:25.886378 n bluetoothd[2816]: src/shared/mgmt.c:send_request() [0x0000] command 0x003d
Aug 13 03:00:25.886389 n bluetoothd[2816]: src/shared/mgmt.c:can_read_data() [0x0000] command 0x003d complete: 0x00
Aug 13 03:00:25.886414 n bluetoothd[2816]: src/shared/mgmt.c:send_request() [0x0000] command 0x0005
Aug 13 03:00:26.173392 n bluetoothd[2816]: src/shared/mgmt.c:can_read_data() [0x0000] command 0x0005 complete: 0x00
Aug 13 03:00:26.173446 n bluetoothd[2816]: src/adapter.c:adapter_set_power_state() on
Aug 13 03:00:26.173470 n bluetoothd[2816]: src/adapter.c:new_settings_callback() Settings: 0x00000ac1
Aug 13 03:00:26.173488 n bluetoothd[2816]: src/adapter.c:settings_changed() Changed settings: 0x00000001
Aug 13 03:00:26.173502 n bluetoothd[2816]: src/adapter.c:settings_changed() Pending settings: 0x00000000
Aug 13 03:00:26.173525 n bluetoothd[2816]: src/adapter.c:adapter_start() adapter /org/bluez/hci0 has been enabled
Aug 13 03:00:26.173545 n bluetoothd[2816]: src/adapter.c:trigger_passive_scanning()
Aug 13 03:00:26.173616 n bluetoothd[2816]: src/shared/mgmt.c:send_request() [0x0000] command 0x000e
Aug 13 03:00:26.177050 n bluetoothd[2816]: src/shared/mgmt.c:can_read_data() [0x0000] event 0x0007
Aug 13 03:00:26.177090 n bluetoothd[2816]: src/adapter.c:dev_class_changed_callback() Class: 0x00010c
Aug 13 03:00:26.177164 n bluetoothd[2816]: src/shared/mgmt.c:can_read_data() [0x0000] command 0x000e complete: 0x00
Aug 13 03:00:26.177274 n bluetoothd[2816]: src/shared/mgmt.c:send_request() [0x0000] command 0x0010
Aug 13 03:00:26.179881 n bluetoothd[2816]: src/shared/mgmt.c:can_read_data() [0x0000] command 0x0010 complete: 0x00
Aug 13 03:00:26.179921 n bluetoothd[2816]: src/shared/mgmt.c:send_request() [0x0000] command 0x0010
Aug 13 03:00:26.182872 n bluetoothd[2816]: src/shared/mgmt.c:can_read_data() [0x0000] command 0x0010 complete: 0x00
Aug 13 03:00:26.182927 n bluetoothd[2816]: src/shared/mgmt.c:send_request() [0x0000] command 0x0027
Aug 13 03:00:26.182948 n bluetoothd[2816]: src/shared/mgmt.c:can_read_data() [0x0000] command 0x0027 complete: 0x00
Aug 13 03:00:26.182980 n bluetoothd[2816]: src/shared/mgmt.c:send_request() [0x0000] command 0x004c
Aug 13 03:00:26.183001 n bluetoothd[2816]: src/shared/mgmt.c:can_read_data() [0x0000] command 0x4c status: 0x0d
Aug 13 03:00:26.183056 n bluetoothd[2816]: src/shared/mgmt.c:send_request() [0x0000] command 0x0033
Aug 13 03:00:26.183079 n bluetoothd[2816]: src/shared/mgmt.c:can_read_data() [0x0000] event 0x002a
Aug 13 03:00:26.183099 n bluetoothd[2816]: src/shared/mgmt.c:can_read_data() [0x0000] command 0x0033 complete: 0x00
Aug 13 03:00:26.183110 n bluetoothd[2816]: src/adapter.c:add_accept_list_complete() AA:BB:CC:00:00:02 added to kernel accept list
Aug 13 03:00:26.183148 n bluetoothd[2816]: src/shared/mgmt.c:send_request() [0x0000] command 0x0033
Aug 13 03:00:26.183169 n bluetoothd[2816]: src/shared/mgmt.c:can_read_data() [0x0000] event 0x002a
Aug 13 03:00:26.183189 n bluetoothd[2816]: src/shared/mgmt.c:can_read_data() [0x0000] command 0x0033 complete: 0x00
Aug 13 03:00:26.183199 n bluetoothd[2816]: src/adapter.c:add_accept_list_complete() AA:BB:CC:00:00:04 added to kernel accept list
Aug 13 03:00:26.183232 n bluetoothd[2816]: src/shared/mgmt.c:send_request() [0x0000] command 0x0033
Aug 13 03:00:26.183252 n bluetoothd[2816]: src/shared/mgmt.c:can_read_data() [0x0000] event 0x002a
Aug 13 03:00:26.183271 n bluetoothd[2816]: src/shared/mgmt.c:can_read_data() [0x0000] command 0x0033 complete: 0x00
Aug 13 03:00:26.183280 n bluetoothd[2816]: src/adapter.c:add_accept_list_complete() AA:BB:CC:00:00:06 added to kernel accept list
Aug 13 03:00:26.183322 n bluetoothd[2816]: src/shared/mgmt.c:send_request() [0x0000] command 0x0012
Aug 13 03:00:26.183342 n bluetoothd[2816]: src/shared/mgmt.c:can_read_data() [0x0000] command 0x0012 complete: 0x00
Aug 13 03:00:26.183351 n bluetoothd[2816]: src/adapter.c:load_link_keys_complete() link keys loaded for hci0
Aug 13 03:00:26.183384 n bluetoothd[2816]: src/shared/mgmt.c:send_request() [0x0000] command 0x0013
Aug 13 03:00:26.183404 n bluetoothd[2816]: src/shared/mgmt.c:can_read_data() [0x0000] command 0x0013 complete: 0x00
Aug 13 03:00:26.183413 n bluetoothd[2816]: src/adapter.c:load_ltks_complete() LTKs loaded for hci0
Aug 13 03:00:26.183444 n bluetoothd[2816]: src/shared/mgmt.c:send_request() [0x0000] command 0x0030
Aug 13 03:00:26.183464 n bluetoothd[2816]: src/shared/mgmt.c:can_read_data() [0x0000] command 0x0030 complete: 0x00
Aug 13 03:00:26.183474 n bluetoothd[2816]: src/adapter.c:load_irks_complete() IRKs loaded for hci0
Aug 13 03:00:26.183506 n bluetoothd[2816]: src/shared/mgmt.c:send_request() [0x0000] command 0x0035
Aug 13 03:00:26.183526 n bluetoothd[2816]: src/shared/mgmt.c:can_read_data() [0x0000] command 0x0035 complete: 0x00
Aug 13 03:00:26.183535 n bluetoothd[2816]: src/adapter.c:load_conn_params_complete() Connection Parameters loaded for hci0
Aug 13 03:00:26.183563 n bluetoothd[2816]: src/shared/mgmt.c:send_request() [0x0000] command 0x0010
Aug 13 03:00:26.185849 n bluetoothd[2816]: src/shared/mgmt.c:can_read_data() [0x0000] command 0x0010 complete: 0x00
Aug 13 03:00:26.185889 n bluetoothd[2816]: src/shared/mgmt.c:send_request() [0x0000] command 0x0028
Aug 13 03:00:26.185910 n bluetoothd[2816]: src/shared/mgmt.c:can_read_data() [0x0000] command 0x0028 complete: 0x00
Aug 13 03:00:26.185936 n bluetoothd[2816]: src/shared/mgmt.c:send_request() [0x0000] command 0x000e
Aug 13 03:00:26.188850 n bluetoothd[2816]: src/shared/mgmt.c:can_read_data() [0x0000] command 0x000e complete: 0x00
Aug 13 03:00:26.188894 n bluetoothd[2816]: src/shared/mgmt.c:send_request() [0x0000] command 0x000f
Aug 13 03:00:26.194837 n bluetoothd[2816]: src/shared/mgmt.c:can_read_data() [0x0000] command 0x000f complete: 0x00
Aug 13 03:00:26.194852 n bluetoothd[2816]: src/adapter.c:local_name_changed_callback() Name: BlueZ 5.72
Aug 13 03:00:26.194860 n bluetoothd[2816]: src/adapter.c:local_name_changed_callback() Short name:
Aug 13 03:00:26.194870 n bluetoothd[2816]: src/adapter.c:local_name_changed_callback() Current alias: BlueZ 5.72
Aug 13 03:00:26.194909 n bluetoothd[2816]: src/shared/mgmt.c:send_request() [0x0000] command 0x0046
Aug 13 03:00:26.194925 n bluetoothd[2816]: src/shared/mgmt.c:can_read_data() [0x0000] command 0x0046 complete: 0x00
Aug 13 03:00:26.194934 n bluetoothd[2816]: src/adapter.c:set_blocked_keys_complete() Successfully set blocked keys for index 0
Aug 13 03:00:26.194961 n bluetoothd[2816]: src/shared/mgmt.c:send_request() [0x0000] command 0x0010
Aug 13 03:00:26.197833 n bluetoothd[2816]: src/shared/mgmt.c:can_read_data() [0x0000] event 0x0007
Aug 13 03:00:26.197848 n bluetoothd[2816]: src/adapter.c:dev_class_changed_callback() Class: 0x40010c
Aug 13 03:00:26.200850 n bluetoothd[2816]: src/shared/mgmt.c:can_read_data() [0x0000] command 0x0010 complete: 0x00
Aug 13 03:00:26.200895 n bluetoothd[2816]: src/shared/mgmt.c:send_request() [0x0000] command 0x0010
Aug 13 03:00:26.203853 n bluetoothd[2816]: src/shared/mgmt.c:can_read_data() [0x0000] event 0x0007
Aug 13 03:00:26.203869 n bluetoothd[2816]: src/adapter.c:dev_class_changed_callback() Class: 0x60010c
Aug 13 03:00:26.206871 n bluetoothd[2816]: src/shared/mgmt.c:can_read_data() [0x0000] command 0x0010 complete: 0x00
Aug 13 03:00:26.206909 n bluetoothd[2816]: src/shared/mgmt.c:send_request() [0x0000] command 0x000f
Aug 13 03:00:26.212854 n bluetoothd[2816]: src/shared/mgmt.c:can_read_data() [0x0000] command 0x000f complete: 0x00
Aug 13 03:00:26.212870 n bluetoothd[2816]: src/adapter.c:local_name_changed_callback() Name: n
Aug 13 03:00:26.212878 n bluetoothd[2816]: src/adapter.c:local_name_changed_callback() Short name:
Aug 13 03:00:26.212891 n bluetoothd[2816]: src/adapter.c:local_name_changed_callback() Current alias: n
Aug 13 03:00:26.212930 n bluetoothd[2816]: src/shared/mgmt.c:send_request() [0x0000] command 0x0010
Aug 13 03:00:26.215832 n bluetoothd[2816]: src/shared/mgmt.c:can_read_data() [0x0000] event 0x0007
Aug 13 03:00:26.215846 n bluetoothd[2816]: src/adapter.c:dev_class_changed_callback() Class: 0x68010c
Aug 13 03:00:26.218856 n bluetoothd[2816]: src/shared/mgmt.c:can_read_data() [0x0000] command 0x0010 complete: 0x00
Aug 13 03:00:26.218900 n bluetoothd[2816]: src/shared/mgmt.c:send_request() [0x0000] command 0x0010
Aug 13 03:00:26.221841 n bluetoothd[2816]: src/shared/mgmt.c:can_read_data() [0x0000] event 0x0007
Aug 13 03:00:26.221855 n bluetoothd[2816]: src/adapter.c:dev_class_changed_callback() Class: 0x6c010c
Aug 13 03:00:26.224860 n bluetoothd[2816]: src/shared/mgmt.c:can_read_data() [0x0000] command 0x0010 complete: 0x00
Aug 13 03:00:34.103566 n bluetoothd[2816]: src/profile.c:ext_exited() "Hands-Free Voice gateway" exited
Aug 13 03:00:34.103602 n bluetoothd[2816]: src/service.c:change_state() 0x5dd9322df380: device AA:BB:CC:00:00:02 profile Hands-Free Voice gateway state changed: disconnected -> unavailable (0)
Aug 13 03:00:34.103614 n bluetoothd[2816]: src/profile.c:ext_device_remove() Hands-Free Voice gateway
Aug 13 03:00:34.103624 n bluetoothd[2816]: src/service.c:btd_service_unref() 0x5dd9322df380: ref=0
Aug 13 03:00:34.103635 n bluetoothd[2816]: src/service.c:change_state() 0x5dd9322e1e40: device AA:BB:CC:00:00:04 profile Hands-Free Voice gateway state changed: disconnected -> unavailable (0)
Aug 13 03:00:34.103645 n bluetoothd[2816]: src/profile.c:ext_device_remove() Hands-Free Voice gateway
Aug 13 03:00:34.103655 n bluetoothd[2816]: src/service.c:btd_service_unref() 0x5dd9322e1e40: ref=0
Aug 13 03:00:34.103665 n bluetoothd[2816]: src/service.c:change_state() 0x5dd9322e1e80: device AA:BB:CC:00:00:06 profile Hands-Free Voice gateway state changed: disconnected -> unavailable (0)
Aug 13 03:00:34.103676 n bluetoothd[2816]: src/profile.c:ext_device_remove() Hands-Free Voice gateway
Aug 13 03:00:34.103682 n bluetoothd[2816]: src/service.c:btd_service_unref() 0x5dd9322e1e80: ref=0
Aug 13 03:00:34.103690 n bluetoothd[2816]: src/profile.c:ext_adapter_remove() "Hands-Free Voice gateway" removed
Aug 13 03:00:34.103698 n bluetoothd[2816]: src/adapter.c:adapter_service_remove() /org/bluez/hci0
Aug 13 03:00:34.103719 n bluetoothd[2816]: src/adapter.c:remove_uuid() sending remove uuid command for index 0
Aug 13 03:00:34.103734 n bluetoothd[2816]: src/sdpd-service.c:remove_record_from_server() Removing record with handle 0x10006
Aug 13 03:00:34.103765 n bluetoothd[2816]: src/profile.c:remove_ext() Removed "Hands-Free Voice gateway"
Aug 13 03:00:34.103776 n bluetoothd[2816]: src/profile.c:ext_exited() "Hands-Free unit" exited
Aug 13 03:00:34.103783 n bluetoothd[2816]: src/profile.c:ext_adapter_remove() "Hands-Free unit" removed
Aug 13 03:00:34.103789 n bluetoothd[2816]: src/adapter.c:adapter_service_remove() /org/bluez/hci0
Aug 13 03:00:34.103798 n bluetoothd[2816]: src/adapter.c:remove_uuid() sending remove uuid command for index 0
Aug 13 03:00:34.103808 n bluetoothd[2816]: src/sdpd-service.c:remove_record_from_server() Removing record with handle 0x10007
Aug 13 03:00:34.103831 n bluetoothd[2816]: src/profile.c:remove_ext() Removed "Hands-Free unit"
Aug 13 03:00:34.103845 n bluetoothd[2816]: profiles/audio/media.c:proxy_removed_cb() Proxy removed - removing endpoint: /MediaEndpoint/A2DPSource/ldac
Aug 13 03:00:34.103859 n bluetoothd[2816]: profiles/audio/media.c:release_endpoint() sender=:1.36 path=/MediaEndpoint/A2DPSource/ldac
Aug 13 03:00:34.103894 n bluetoothd[2816]: profiles/audio/media.c:media_endpoint_destroy() sender=:1.36 path=/MediaEndpoint/A2DPSource/ldac
Aug 13 03:00:34.103904 n bluetoothd[2816]: profiles/audio/avdtp.c:avdtp_unregister_sep() SEP 0x5dd9322eb390 unregistered: type:0 codec:255 seid_pool:0x5dd9322df408 seid:1
Aug 13 03:00:34.104333 n bluetoothd[2816]: profiles/audio/media.c:proxy_removed_cb() Proxy removed - removing endpoint: /MediaEndpoint/A2DPSink/aptx_hd
Aug 13 03:00:34.104348 n bluetoothd[2816]: profiles/audio/media.c:release_endpoint() sender=:1.36 path=/MediaEndpoint/A2DPSink/aptx_hd
Aug 13 03:00:34.104370 n bluetoothd[2816]: profiles/audio/media.c:media_endpoint_destroy() sender=:1.36 path=/MediaEndpoint/A2DPSink/aptx_hd
Aug 13 03:00:34.104378 n bluetoothd[2816]: profiles/audio/avdtp.c:avdtp_unregister_sep() SEP 0x5dd9322ed150 unregistered: type:1 codec:255 seid_pool:0x5dd9322df408 seid:2
Aug 13 03:00:34.104715 n bluetoothd[2816]: profiles/audio/media.c:proxy_removed_cb() Proxy removed - removing endpoint: /MediaEndpoint/A2DPSource/aptx_hd
Aug 13 03:00:34.104727 n bluetoothd[2816]: profiles/audio/media.c:release_endpoint() sender=:1.36 path=/MediaEndpoint/A2DPSource/aptx_hd
Aug 13 03:00:34.104746 n bluetoothd[2816]: profiles/audio/media.c:media_endpoint_destroy() sender=:1.36 path=/MediaEndpoint/A2DPSource/aptx_hd
Aug 13 03:00:34.104753 n bluetoothd[2816]: profiles/audio/avdtp.c:avdtp_unregister_sep() SEP 0x5dd9322ef660 unregistered: type:0 codec:255 seid_pool:0x5dd9322df408 seid:3
Aug 13 03:00:34.105087 n bluetoothd[2816]: profiles/audio/media.c:proxy_removed_cb() Proxy removed - removing endpoint: /MediaEndpoint/A2DPSink/aptx
Aug 13 03:00:34.105101 n bluetoothd[2816]: profiles/audio/media.c:release_endpoint() sender=:1.36 path=/MediaEndpoint/A2DPSink/aptx
Aug 13 03:00:34.105128 n bluetoothd[2816]: profiles/audio/media.c:media_endpoint_destroy() sender=:1.36 path=/MediaEndpoint/A2DPSink/aptx
Aug 13 03:00:34.105141 n bluetoothd[2816]: profiles/audio/avdtp.c:avdtp_unregister_sep() SEP 0x5dd9322f0080 unregistered: type:1 codec:255 seid_pool:0x5dd9322df408 seid:4
Aug 13 03:00:34.105575 n bluetoothd[2816]: profiles/audio/media.c:proxy_removed_cb() Proxy removed - removing endpoint: /MediaEndpoint/A2DPSource/aptx
Aug 13 03:00:34.105587 n bluetoothd[2816]: profiles/audio/media.c:release_endpoint() sender=:1.36 path=/MediaEndpoint/A2DPSource/aptx
Aug 13 03:00:34.105616 n bluetoothd[2816]: profiles/audio/media.c:media_endpoint_destroy() sender=:1.36 path=/MediaEndpoint/A2DPSource/aptx
Aug 13 03:00:34.105626 n bluetoothd[2816]: profiles/audio/avdtp.c:avdtp_unregister_sep() SEP 0x5dd9322f0bf0 unregistered: type:0 codec:255 seid_pool:0x5dd9322df408 seid:5
Aug 13 03:00:34.105865 n bluetoothd[2816]: profiles/audio/media.c:proxy_removed_cb() Proxy removed - removing endpoint: /MediaEndpoint/A2DPSink/sbc
Aug 13 03:00:34.105879 n bluetoothd[2816]: profiles/audio/media.c:release_endpoint() sender=:1.36 path=/MediaEndpoint/A2DPSink/sbc
Aug 13 03:00:34.105907 n bluetoothd[2816]: profiles/audio/media.c:media_endpoint_destroy() sender=:1.36 path=/MediaEndpoint/A2DPSink/sbc
Aug 13 03:00:34.105917 n bluetoothd[2816]: profiles/audio/avdtp.c:avdtp_unregister_sep() SEP 0x5dd9322f1660 unregistered: type:1 codec:0 seid_pool:0x5dd9322df408 seid:6
Aug 13 03:00:34.106322 n bluetoothd[2816]: profiles/audio/media.c:proxy_removed_cb() Proxy removed - removing endpoint: /MediaEndpoint/A2DPSource/sbc
Aug 13 03:00:34.106332 n bluetoothd[2816]: profiles/audio/media.c:release_endpoint() sender=:1.36 path=/MediaEndpoint/A2DPSource/sbc
Aug 13 03:00:34.106351 n bluetoothd[2816]: profiles/audio/media.c:media_endpoint_destroy() sender=:1.36 path=/MediaEndpoint/A2DPSource/sbc
Aug 13 03:00:34.106358 n bluetoothd[2816]: profiles/audio/avdtp.c:avdtp_unregister_sep() SEP 0x5dd9322f2220 unregistered: type:0 codec:0 seid_pool:0x5dd9322df408 seid:7
Aug 13 03:00:34.106625 n bluetoothd[2816]: profiles/audio/media.c:proxy_removed_cb() Proxy removed - removing endpoint: /MediaEndpoint/A2DPSink/sbc_xq
Aug 13 03:00:34.106634 n bluetoothd[2816]: profiles/audio/media.c:release_endpoint() sender=:1.36 path=/MediaEndpoint/A2DPSink/sbc_xq
Aug 13 03:00:34.106657 n bluetoothd[2816]: profiles/audio/media.c:media_endpoint_destroy() sender=:1.36 path=/MediaEndpoint/A2DPSink/sbc_xq
Aug 13 03:00:34.106667 n bluetoothd[2816]: profiles/audio/avdtp.c:avdtp_unregister_sep() SEP 0x5dd9322f2d00 unregistered: type:1 codec:0 seid_pool:0x5dd9322df408 seid:8
Aug 13 03:00:34.106955 n bluetoothd[2816]: profiles/audio/media.c:proxy_removed_cb() Proxy removed - removing endpoint: /MediaEndpoint/A2DPSource/sbc_xq
Aug 13 03:00:34.106985 n bluetoothd[2816]: profiles/audio/media.c:release_endpoint() sender=:1.36 path=/MediaEndpoint/A2DPSource/sbc_xq
Aug 13 03:00:34.107024 n bluetoothd[2816]: profiles/audio/media.c:media_endpoint_destroy() sender=:1.36 path=/MediaEndpoint/A2DPSource/sbc_xq
Aug 13 03:00:34.107033 n bluetoothd[2816]: profiles/audio/avdtp.c:avdtp_unregister_sep() SEP 0x5dd9322f3930 unregistered: type:0 codec:0 seid_pool:0x5dd9322df408 seid:9
Aug 13 03:00:34.107285 n bluetoothd[2816]: profiles/audio/media.c:proxy_removed_cb() Proxy removed - removing endpoint: /MediaEndpoint/A2DPSource/aptx_ll_1
Aug 13 03:00:34.107295 n bluetoothd[2816]: profiles/audio/media.c:release_endpoint() sender=:1.36 path=/MediaEndpoint/A2DPSource/aptx_ll_1
Aug 13 03:00:34.107312 n bluetoothd[2816]: profiles/audio/media.c:media_endpoint_destroy() sender=:1.36 path=/MediaEndpoint/A2DPSource/aptx_ll_1
Aug 13 03:00:34.107318 n bluetoothd[2816]: profiles/audio/avdtp.c:avdtp_unregister_sep() SEP 0x5dd9322f4560 unregistered: type:0 codec:255 seid_pool:0x5dd9322df408 seid:10
Aug 13 03:00:34.107688 n bluetoothd[2816]: profiles/audio/media.c:proxy_removed_cb() Proxy removed - removing endpoint: /MediaEndpoint/A2DPSource/aptx_ll_0
Aug 13 03:00:34.107696 n bluetoothd[2816]: profiles/audio/media.c:release_endpoint() sender=:1.36 path=/MediaEndpoint/A2DPSource/aptx_ll_0
Aug 13 03:00:34.107712 n bluetoothd[2816]: profiles/audio/media.c:media_endpoint_destroy() sender=:1.36 path=/MediaEndpoint/A2DPSource/aptx_ll_0
Aug 13 03:00:34.107719 n bluetoothd[2816]: profiles/audio/avdtp.c:avdtp_unregister_sep() SEP 0x5dd9322f5190 unregistered: type:0 codec:255 seid_pool:0x5dd9322df408 seid:11
Aug 13 03:00:34.107960 n bluetoothd[2816]: profiles/audio/media.c:proxy_removed_cb() Proxy removed - removing endpoint: /MediaEndpoint/A2DPSource/aptx_ll_duplex_1
Aug 13 03:00:34.107968 n bluetoothd[2816]: profiles/audio/media.c:release_endpoint() sender=:1.36 path=/MediaEndpoint/A2DPSource/aptx_ll_duplex_1
Aug 13 03:00:34.107987 n bluetoothd[2816]: profiles/audio/media.c:media_endpoint_destroy() sender=:1.36 path=/MediaEndpoint/A2DPSource/aptx_ll_duplex_1
Aug 13 03:00:34.107993 n bluetoothd[2816]: profiles/audio/avdtp.c:avdtp_unregister_sep() SEP 0x5dd9322f5d30 unregistered: type:0 codec:255 seid_pool:0x5dd9322df408 seid:12
Aug 13 03:00:34.108256 n bluetoothd[2816]: profiles/audio/media.c:proxy_removed_cb() Proxy removed - removing endpoint: /MediaEndpoint/A2DPSource/aptx_ll_duplex_0
Aug 13 03:00:34.108265 n bluetoothd[2816]: profiles/audio/media.c:release_endpoint() sender=:1.36 path=/MediaEndpoint/A2DPSource/aptx_ll_duplex_0
Aug 13 03:00:34.108291 n bluetoothd[2816]: profiles/audio/media.c:media_endpoint_destroy() sender=:1.36 path=/MediaEndpoint/A2DPSource/aptx_ll_duplex_0
Aug 13 03:00:34.108301 n bluetoothd[2816]: profiles/audio/avdtp.c:avdtp_unregister_sep() SEP 0x5dd9322f68d0 unregistered: type:0 codec:255 seid_pool:0x5dd9322df408 seid:13
Aug 13 03:00:34.108571 n bluetoothd[2816]: profiles/audio/media.c:proxy_removed_cb() Proxy removed - removing endpoint: /MediaEndpoint/A2DPSource/faststream
Aug 13 03:00:34.108580 n bluetoothd[2816]: profiles/audio/media.c:release_endpoint() sender=:1.36 path=/MediaEndpoint/A2DPSource/faststream
Aug 13 03:00:34.108604 n bluetoothd[2816]: profiles/audio/media.c:media_endpoint_destroy() sender=:1.36 path=/MediaEndpoint/A2DPSource/faststream
Aug 13 03:00:34.108614 n bluetoothd[2816]: profiles/audio/avdtp.c:avdtp_unregister_sep() SEP 0x5dd9322f7540 unregistered: type:0 codec:255 seid_pool:0x5dd9322df408 seid:14
Aug 13 03:00:34.108858 n bluetoothd[2816]: profiles/audio/media.c:proxy_removed_cb() Proxy removed - removing endpoint: /MediaEndpoint/A2DPSource/faststream_duplex
Aug 13 03:00:34.108867 n bluetoothd[2816]: profiles/audio/media.c:release_endpoint() sender=:1.36 path=/MediaEndpoint/A2DPSource/faststream_duplex
Aug 13 03:00:34.108884 n bluetoothd[2816]: profiles/audio/media.c:media_endpoint_destroy() sender=:1.36 path=/MediaEndpoint/A2DPSource/faststream_duplex
Aug 13 03:00:34.108890 n bluetoothd[2816]: profiles/audio/avdtp.c:avdtp_unregister_sep() SEP 0x5dd9322f8160 unregistered: type:0 codec:255 seid_pool:0x5dd9322df408 seid:15
Aug 13 03:00:34.109237 n bluetoothd[2816]: profiles/audio/media.c:proxy_removed_cb() Proxy removed - removing endpoint: /MediaEndpoint/A2DPSink/opus_05
Aug 13 03:00:34.109246 n bluetoothd[2816]: profiles/audio/media.c:release_endpoint() sender=:1.36 path=/MediaEndpoint/A2DPSink/opus_05
Aug 13 03:00:34.109263 n bluetoothd[2816]: profiles/audio/media.c:media_endpoint_destroy() sender=:1.36 path=/MediaEndpoint/A2DPSink/opus_05
Aug 13 03:00:34.109272 n bluetoothd[2816]: profiles/audio/avdtp.c:avdtp_unregister_sep() SEP 0x5dd9322f8c90 unregistered: type:1 codec:255 seid_pool:0x5dd9322df408 seid:16
Aug 13 03:00:34.109520 n bluetoothd[2816]: profiles/audio/media.c:proxy_removed_cb() Proxy removed - removing endpoint: /MediaEndpoint/A2DPSource/opus_05
Aug 13 03:00:34.109529 n bluetoothd[2816]: profiles/audio/media.c:release_endpoint() sender=:1.36 path=/MediaEndpoint/A2DPSource/opus_05
Aug 13 03:00:34.109545 n bluetoothd[2816]: profiles/audio/media.c:media_endpoint_destroy() sender=:1.36 path=/MediaEndpoint/A2DPSource/opus_05
Aug 13 03:00:34.109552 n bluetoothd[2816]: profiles/audio/avdtp.c:avdtp_unregister_sep() SEP 0x5dd9322f98d0 unregistered: type:0 codec:255 seid_pool:0x5dd9322df408 seid:17
Aug 13 03:00:34.109994 n bluetoothd[2816]: profiles/audio/media.c:proxy_removed_cb() Proxy removed - removing endpoint: /MediaEndpoint/A2DPSink/opus_05_duplex
Aug 13 03:00:34.110013 n bluetoothd[2816]: src/adapter.c:adapter_service_remove() /org/bluez/hci0
Aug 13 03:00:34.110026 n bluetoothd[2816]: src/adapter.c:remove_uuid() sending remove uuid command for index 0
Aug 13 03:00:34.110036 n bluetoothd[2816]: src/sdpd-service.c:remove_record_from_server() Removing record with handle 0x10009
Aug 13 03:00:34.110049 n bluetoothd[2816]: profiles/audio/media.c:release_endpoint() sender=:1.36 path=/MediaEndpoint/A2DPSink/opus_05_duplex
Aug 13 03:00:34.110077 n bluetoothd[2816]: profiles/audio/media.c:media_endpoint_destroy() sender=:1.36 path=/MediaEndpoint/A2DPSink/opus_05_duplex
Aug 13 03:00:34.110084 n bluetoothd[2816]: profiles/audio/avdtp.c:avdtp_unregister_sep() SEP 0x5dd9322fa3c0 unregistered: type:1 codec:255 seid_pool:0x5dd9322df408 seid:18
Aug 13 03:00:34.110452 n bluetoothd[2816]: profiles/audio/media.c:proxy_removed_cb() Proxy removed - removing endpoint: /MediaEndpoint/A2DPSource/opus_05_duplex
Aug 13 03:00:34.110462 n bluetoothd[2816]: src/adapter.c:adapter_service_remove() /org/bluez/hci0
Aug 13 03:00:34.110469 n bluetoothd[2816]: src/adapter.c:remove_uuid() sending remove uuid command for index 0
Aug 13 03:00:34.110474 n bluetoothd[2816]: src/sdpd-service.c:remove_record_from_server() Removing record with handle 0x10008
Aug 13 03:00:34.110482 n bluetoothd[2816]: profiles/audio/media.c:release_endpoint() sender=:1.36 path=/MediaEndpoint/A2DPSource/opus_05_duplex
Aug 13 03:00:34.110502 n bluetoothd[2816]: profiles/audio/media.c:media_endpoint_destroy() sender=:1.36 path=/MediaEndpoint/A2DPSource/opus_05_duplex
Aug 13 03:00:34.110512 n bluetoothd[2816]: profiles/audio/avdtp.c:avdtp_unregister_sep() SEP 0x5dd9322faff0 unregistered: type:0 codec:255 seid_pool:0x5dd9322df408 seid:19
Aug 13 03:00:34.110775 n bluetoothd[2816]: profiles/audio/media.c:client_disconnect_cb() Client disconnected
Aug 13 03:00:34.111146 n bluetoothd[2816]: src/shared/mgmt.c:send_request() [0x0000] command 0x0011
Aug 13 03:00:34.202102 n bluetoothd[2816]: src/profile.c:register_profile() sender :1.84
Aug 13 03:00:34.202126 n bluetoothd[2816]: src/profile.c:create_ext() Created "Hands-Free Voice gateway"
Aug 13 03:00:34.202134 n bluetoothd[2816]: src/profile.c:ext_adapter_probe() "Hands-Free Voice gateway" probed
Aug 13 03:00:34.202165 n bluetoothd[2816]: src/profile.c:ext_start_servers() Hands-Free Voice gateway listening on chan 13
Aug 13 03:00:34.202207 n bluetoothd[2816]: src/adapter.c:adapter_service_add() /org/bluez/hci0
Aug 13 03:00:34.202218 n bluetoothd[2816]: src/sdpd-service.c:add_record_to_server() Adding record with handle 0x10006
Aug 13 03:00:34.202229 n bluetoothd[2816]: src/sdpd-service.c:add_record_to_server() Record pattern UUID 00000003-0000-1000-8000-00805f9
Aug 13 03:00:34.202242 n bluetoothd[2816]: src/sdpd-service.c:add_record_to_server() Record pattern UUID 00000100-0000-1000-8000-00805f9
Aug 13 03:00:34.202251 n bluetoothd[2816]: src/sdpd-service.c:add_record_to_server() Record pattern UUID 00001002-0000-1000-8000-00805f9
Aug 13 03:00:34.202259 n bluetoothd[2816]: src/sdpd-service.c:add_record_to_server() Record pattern UUID 0000111e-0000-1000-8000-00805f9
Aug 13 03:00:34.202268 n bluetoothd[2816]: src/sdpd-service.c:add_record_to_server() Record pattern UUID 0000111f-0000-1000-8000-00805f9
Aug 13 03:00:34.202277 n bluetoothd[2816]: src/sdpd-service.c:add_record_to_server() Record pattern UUID 00001203-0000-1000-8000-00805f9
Aug 13 03:00:34.202290 n bluetoothd[2816]: src/adapter.c:adapter_service_insert() /org/bluez/hci0
Aug 13 03:00:34.202300 n bluetoothd[2816]: src/adapter.c:add_uuid() sending add uuid command for index 0
Aug 13 03:00:34.202319 n bluetoothd[2816]: src/profile.c:ext_device_probe() Hands-Free Voice gateway probed with UUID <UUID-03>
Aug 13 03:00:34.202329 n bluetoothd[2816]: src/service.c:change_state() 0x5dd9322f9d60: device AA:BB:CC:00:00:02 profile Hands-Free Voice gateway state changed: unavailable -> disconnected (0)
Aug 13 03:00:34.202344 n bluetoothd[2816]: src/profile.c:ext_device_probe() Hands-Free Voice gateway probed with UUID <UUID-03>
Aug 13 03:00:34.202352 n bluetoothd[2816]: src/service.c:change_state() 0x5dd9322e7a20: device AA:BB:CC:00:00:04 profile Hands-Free Voice gateway state changed: unavailable -> disconnected (0)
Aug 13 03:00:34.202365 n bluetoothd[2816]: src/profile.c:ext_device_probe() Hands-Free Voice gateway probed with UUID <UUID-03>
Aug 13 03:00:34.202374 n bluetoothd[2816]: src/service.c:change_state() 0x5dd9322de8c0: device AA:BB:CC:00:00:06 profile Hands-Free Voice gateway state changed: unavailable -> disconnected (0)
Aug 13 03:00:34.202465 n bluetoothd[2816]: src/profile.c:register_profile() sender :1.84
Aug 13 03:00:34.202478 n bluetoothd[2816]: src/profile.c:create_ext() Created "Hands-Free unit"
Aug 13 03:00:34.202487 n bluetoothd[2816]: src/profile.c:ext_adapter_probe() "Hands-Free unit" probed
Aug 13 03:00:34.202514 n bluetoothd[2816]: src/profile.c:ext_start_servers() Hands-Free unit listening on chan 7
Aug 13 03:00:34.202543 n bluetoothd[2816]: src/adapter.c:adapter_service_add() /org/bluez/hci0
Aug 13 03:00:34.202550 n bluetoothd[2816]: src/sdpd-service.c:add_record_to_server() Adding record with handle 0x10007
Aug 13 03:00:34.202560 n bluetoothd[2816]: src/sdpd-service.c:add_record_to_server() Record pattern UUID 00000003-0000-1000-8000-00805f9
Aug 13 03:00:34.202568 n bluetoothd[2816]: src/sdpd-service.c:add_record_to_server() Record pattern UUID 00000100-0000-1000-8000-00805f9
Aug 13 03:00:34.202576 n bluetoothd[2816]: src/sdpd-service.c:add_record_to_server() Record pattern UUID 00001002-0000-1000-8000-00805f9
Aug 13 03:00:34.202588 n bluetoothd[2816]: src/sdpd-service.c:add_record_to_server() Record pattern UUID 0000111e-0000-1000-8000-00805f9
Aug 13 03:00:34.202598 n bluetoothd[2816]: src/sdpd-service.c:add_record_to_server() Record pattern UUID 00001203-0000-1000-8000-00805f9
Aug 13 03:00:34.202605 n bluetoothd[2816]: src/adapter.c:adapter_service_insert() /org/bluez/hci0
Aug 13 03:00:34.202616 n bluetoothd[2816]: src/adapter.c:add_uuid() sending add uuid command for index 0
Aug 13 03:00:34.202834 n bluetoothd[2816]: profiles/audio/media.c:register_app() Registering application: :1.84:/MediaEndpoint
Aug 13 03:00:34.203427 n bluetoothd[2816]: profiles/audio/media.c:proxy_added_cb() Proxy added: /MediaEndpoint/A2DPSource/ldac, iface: org.bluez.MediaEndpoint1
Aug 13 03:00:34.203444 n bluetoothd[2816]: profiles/audio/avdtp.c:avdtp_register_sep() SEP 0x5dd9322d6ee0 registered: type:0 codec:255 seid_pool:0x5dd9322df408 seid:1
Aug 13 03:00:34.203458 n bluetoothd[2816]: src/adapter.c:adapter_service_add() /org/bluez/hci0
Aug 13 03:00:34.203467 n bluetoothd[2816]: src/sdpd-service.c:add_record_to_server() Adding record with handle 0x10008
Aug 13 03:00:34.203476 n bluetoothd[2816]: src/sdpd-service.c:add_record_to_server() Record pattern UUID 00000019-0000-1000-8000-00805f9
Aug 13 03:00:34.203485 n bluetoothd[2816]: src/sdpd-service.c:add_record_to_server() Record pattern UUID 00000100-0000-1000-8000-00805f9
Aug 13 03:00:34.203492 n bluetoothd[2816]: src/sdpd-service.c:add_record_to_server() Record pattern UUID 00001002-0000-1000-8000-00805f9
Aug 13 03:00:34.203501 n bluetoothd[2816]: src/sdpd-service.c:add_record_to_server() Record pattern UUID 0000110a-0000-1000-8000-00805f9
Aug 13 03:00:34.203510 n bluetoothd[2816]: src/sdpd-service.c:add_record_to_server() Record pattern UUID 0000110d-0000-1000-8000-00805f9
Aug 13 03:00:34.203519 n bluetoothd[2816]: src/adapter.c:adapter_service_insert() /org/bluez/hci0
Aug 13 03:00:34.203528 n bluetoothd[2816]: src/adapter.c:add_uuid() sending add uuid command for index 0
Aug 13 03:00:34.203664 n bluetoothd[2816]: profiles/audio/media.c:proxy_added_cb() Proxy added: /MediaEndpoint/A2DPSink/aptx_hd, iface: org.bluez.MediaEndpoint1
Aug 13 03:00:34.203675 n bluetoothd[2816]: profiles/audio/avdtp.c:avdtp_register_sep() SEP 0x5dd9322d0010 registered: type:1 codec:255 seid_pool:0x5dd9322df408 seid:2
Aug 13 03:00:34.203688 n bluetoothd[2816]: src/adapter.c:adapter_service_add() /org/bluez/hci0
Aug 13 03:00:34.203697 n bluetoothd[2816]: src/sdpd-service.c:add_record_to_server() Adding record with handle 0x10009
Aug 13 03:00:34.203705 n bluetoothd[2816]: src/sdpd-service.c:add_record_to_server() Record pattern UUID 00000019-0000-1000-8000-00805f9
Aug 13 03:00:34.203716 n bluetoothd[2816]: src/sdpd-service.c:add_record_to_server() Record pattern UUID 00000100-0000-1000-8000-00805f9
Aug 13 03:00:34.203724 n bluetoothd[2816]: src/sdpd-service.c:add_record_to_server() Record pattern UUID 00001002-0000-1000-8000-00805f9
Aug 13 03:00:34.203732 n bluetoothd[2816]: src/sdpd-service.c:add_record_to_server() Record pattern UUID 0000110b-0000-1000-8000-00805f9
Aug 13 03:00:34.203740 n bluetoothd[2816]: src/sdpd-service.c:add_record_to_server() Record pattern UUID 0000110d-0000-1000-8000-00805f9
Aug 13 03:00:34.203751 n bluetoothd[2816]: src/adapter.c:adapter_service_insert() /org/bluez/hci0
Aug 13 03:00:34.203759 n bluetoothd[2816]: src/adapter.c:add_uuid() sending add uuid command for index 0
Aug 13 03:00:34.203883 n bluetoothd[2816]: profiles/audio/media.c:proxy_added_cb() Proxy added: /MediaEndpoint/A2DPSource/aptx_hd, iface: org.bluez.MediaEndpoint1
Aug 13 03:00:34.203899 n bluetoothd[2816]: profiles/audio/avdtp.c:avdtp_register_sep() SEP 0x5dd9322f88c0 registered: type:0 codec:255 seid_pool:0x5dd9322df408 seid:3
Aug 13 03:00:34.204086 n bluetoothd[2816]: profiles/audio/media.c:proxy_added_cb() Proxy added: /MediaEndpoint/A2DPSink/aptx, iface: org.bluez.MediaEndpoint1
Aug 13 03:00:34.204100 n bluetoothd[2816]: profiles/audio/avdtp.c:avdtp_register_sep() SEP 0x5dd9322f8d40 registered: type:1 codec:255 seid_pool:0x5dd9322df408 seid:4
Aug 13 03:00:34.204214 n bluetoothd[2816]: profiles/audio/media.c:proxy_added_cb() Proxy added: /MediaEndpoint/A2DPSource/aptx, iface: org.bluez.MediaEndpoint1
Aug 13 03:00:34.204225 n bluetoothd[2816]: profiles/audio/avdtp.c:avdtp_register_sep() SEP 0x5dd9322f2e80 registered: type:0 codec:255 seid_pool:0x5dd9322df408 seid:5
Aug 13 03:00:34.204325 n bluetoothd[2816]: profiles/audio/media.c:proxy_added_cb() Proxy added: /MediaEndpoint/A2DPSink/sbc, iface: org.bluez.MediaEndpoint1
Aug 13 03:00:34.204336 n bluetoothd[2816]: profiles/audio/avdtp.c:avdtp_register_sep() SEP 0x5dd9322f2040 registered: type:1 codec:0 seid_pool:0x5dd9322df408 seid:6
Aug 13 03:00:34.204428 n bluetoothd[2816]: profiles/audio/media.c:proxy_added_cb() Proxy added: /MediaEndpoint/A2DPSource/sbc, iface: org.bluez.MediaEndpoint1
Aug 13 03:00:34.204438 n bluetoothd[2816]: profiles/audio/avdtp.c:avdtp_register_sep() SEP 0x5dd9322fab00 registered: type:0 codec:0 seid_pool:0x5dd9322df408 seid:7
Aug 13 03:00:34.204518 n bluetoothd[2816]: profiles/audio/media.c:proxy_added_cb() Proxy added: /MediaEndpoint/A2DPSink/sbc_xq, iface: org.bluez.MediaEndpoint1
Aug 13 03:00:34.204528 n bluetoothd[2816]: profiles/audio/avdtp.c:avdtp_register_sep() SEP 0x5dd9322efb40 registered: type:1 codec:0 seid_pool:0x5dd9322df408 seid:8
Aug 13 03:00:34.204603 n bluetoothd[2816]: profiles/audio/media.c:proxy_added_cb() Proxy added: /MediaEndpoint/A2DPSource/sbc_xq, iface: org.bluez.MediaEndpoint1
Aug 13 03:00:34.204613 n bluetoothd[2816]: profiles/audio/avdtp.c:avdtp_register_sep() SEP 0x5dd9322ef400 registered: type:0 codec:0 seid_pool:0x5dd9322df408 seid:9
Aug 13 03:00:34.204688 n bluetoothd[2816]: profiles/audio/media.c:proxy_added_cb() Proxy added: /MediaEndpoint/A2DPSource/aptx_ll_1, iface: org.bluez.MediaEndpoint1
Aug 13 03:00:34.204698 n bluetoothd[2816]: profiles/audio/avdtp.c:avdtp_register_sep() SEP 0x5dd9322f0c00 registered: type:0 codec:255 seid_pool:0x5dd9322df408 seid:10
Aug 13 03:00:34.204772 n bluetoothd[2816]: profiles/audio/media.c:proxy_added_cb() Proxy added: /MediaEndpoint/A2DPSource/aptx_ll_0, iface: org.bluez.MediaEndpoint1
Aug 13 03:00:34.204782 n bluetoothd[2816]: profiles/audio/avdtp.c:avdtp_register_sep() SEP 0x5dd9322f3e70 registered: type:0 codec:255 seid_pool:0x5dd9322df408 seid:11
Aug 13 03:00:34.204857 n bluetoothd[2816]: profiles/audio/media.c:proxy_added_cb() Proxy added: /MediaEndpoint/A2DPSource/aptx_ll_duplex_1, iface: org.bluez.MediaEndpoint1
Aug 13 03:00:34.204867 n bluetoothd[2816]: profiles/audio/avdtp.c:avdtp_register_sep() SEP 0x5dd9322f4cb0 registered: type:0 codec:255 seid_pool:0x5dd9322df408 seid:12
Aug 13 03:00:34.204940 n bluetoothd[2816]: profiles/audio/media.c:proxy_added_cb() Proxy added: /MediaEndpoint/A2DPSource/aptx_ll_duplex_0, iface: org.bluez.MediaEndpoint1
Aug 13 03:00:34.204949 n bluetoothd[2816]: profiles/audio/avdtp.c:avdtp_register_sep() SEP 0x5dd9322f6580 registered: type:0 codec:255 seid_pool:0x5dd9322df408 seid:13
Aug 13 03:00:34.205037 n bluetoothd[2816]: profiles/audio/media.c:proxy_added_cb() Proxy added: /MediaEndpoint/A2DPSource/faststream, iface: org.bluez.MediaEndpoint1
Aug 13 03:00:34.205049 n bluetoothd[2816]: profiles/audio/avdtp.c:avdtp_register_sep() SEP 0x5dd9322ebef0 registered: type:0 codec:255 seid_pool:0x5dd9322df408 seid:14
Aug 13 03:00:34.205146 n bluetoothd[2816]: profiles/audio/media.c:proxy_added_cb() Proxy added: /MediaEndpoint/A2DPSource/faststream_duplex, iface: org.bluez.MediaEndpoint1
Aug 13 03:00:34.205156 n bluetoothd[2816]: profiles/audio/avdtp.c:avdtp_register_sep() SEP 0x5dd9322f3ae0 registered: type:0 codec:255 seid_pool:0x5dd9322df408 seid:15
Aug 13 03:00:34.205231 n bluetoothd[2816]: profiles/audio/media.c:proxy_added_cb() Proxy added: /MediaEndpoint/A2DPSink/opus_05, iface: org.bluez.MediaEndpoint1
Aug 13 03:00:34.205240 n bluetoothd[2816]: profiles/audio/avdtp.c:avdtp_register_sep() SEP 0x5dd9322f7790 registered: type:1 codec:255 seid_pool:0x5dd9322df408 seid:16
Aug 13 03:00:34.205316 n bluetoothd[2816]: profiles/audio/media.c:proxy_added_cb() Proxy added: /MediaEndpoint/A2DPSource/opus_05, iface: org.bluez.MediaEndpoint1
Aug 13 03:00:34.205326 n bluetoothd[2816]: profiles/audio/avdtp.c:avdtp_register_sep() SEP 0x5dd9322fc0b0 registered: type:0 codec:255 seid_pool:0x5dd9322df408 seid:17
Aug 13 03:00:34.205434 n bluetoothd[2816]: profiles/audio/media.c:proxy_added_cb() Proxy added: /MediaEndpoint/A2DPSink/opus_05_duplex, iface: org.bluez.MediaEndpoint1
Aug 13 03:00:34.205449 n bluetoothd[2816]: profiles/audio/avdtp.c:avdtp_register_sep() SEP 0x5dd9322ff5c0 registered: type:1 codec:255 seid_pool:0x5dd9322df408 seid:18
Aug 13 03:00:34.205546 n bluetoothd[2816]: profiles/audio/media.c:proxy_added_cb() Proxy added: /MediaEndpoint/A2DPSource/opus_05_duplex, iface: org.bluez.MediaEndpoint1
Aug 13 03:00:34.205558 n bluetoothd[2816]: profiles/audio/avdtp.c:avdtp_register_sep() SEP 0x5dd9323001f0 registered: type:0 codec:255 seid_pool:0x5dd9322df408 seid:19
Aug 13 03:00:34.205578 n bluetoothd[2816]: profiles/audio/media.c:client_ready_cb() Media application registered: :1.84:/MediaEndpoint
Aug 13 03:00:34.213874 n bluetoothd[2816]: src/shared/mgmt.c:can_read_data() [0x0000] event 0x0007
Aug 13 03:00:34.213889 n bluetoothd[2816]: src/adapter.c:dev_class_changed_callback() Class: 0x2c010c
Aug 13 03:00:34.216891 n bluetoothd[2816]: src/shared/mgmt.c:can_read_data() [0x0000] command 0x0011 complete: 0x00
Aug 13 03:00:34.216940 n bluetoothd[2816]: src/shared/mgmt.c:send_request() [0x0000] command 0x0011
Aug 13 03:00:34.219833 n bluetoothd[2816]: src/shared/mgmt.c:can_read_data() [0x0000] event 0x0007
Aug 13 03:00:34.219845 n bluetoothd[2816]: src/adapter.c:dev_class_changed_callback() Class: 0x0c010c
Aug 13 03:00:34.222844 n bluetoothd[2816]: src/shared/mgmt.c:can_read_data() [0x0000] command 0x0011 complete: 0x00
Aug 13 03:00:34.222887 n bluetoothd[2816]: src/shared/mgmt.c:send_request() [0x0000] command 0x0011
Aug 13 03:00:34.225811 n bluetoothd[2816]: src/shared/mgmt.c:can_read_data() [0x0000] event 0x0007
Aug 13 03:00:34.225823 n bluetoothd[2816]: src/adapter.c:dev_class_changed_callback() Class: 0x08010c
Aug 13 03:00:34.228837 n bluetoothd[2816]: src/shared/mgmt.c:can_read_data() [0x0000] command 0x0011 complete: 0x00
Aug 13 03:00:34.228882 n bluetoothd[2816]: src/shared/mgmt.c:send_request() [0x0000] command 0x0011
Aug 13 03:00:34.231813 n bluetoothd[2816]: src/shared/mgmt.c:can_read_data() [0x0000] event 0x0007
Aug 13 03:00:34.231829 n bluetoothd[2816]: src/adapter.c:dev_class_changed_callback() Class: 0x00010c
Aug 13 03:00:34.234833 n bluetoothd[2816]: src/shared/mgmt.c:can_read_data() [0x0000] command 0x0011 complete: 0x00
Aug 13 03:00:34.234880 n bluetoothd[2816]: src/shared/mgmt.c:send_request() [0x0000] command 0x0010
Aug 13 03:00:34.237824 n bluetoothd[2816]: src/shared/mgmt.c:can_read_data() [0x0000] event 0x0007
Aug 13 03:00:34.237838 n bluetoothd[2816]: src/adapter.c:dev_class_changed_callback() Class: 0x40010c
Aug 13 03:00:34.240888 n bluetoothd[2816]: src/shared/mgmt.c:can_read_data() [0x0000] command 0x0010 complete: 0x00
Aug 13 03:00:34.240942 n bluetoothd[2816]: src/shared/mgmt.c:send_request() [0x0000] command 0x0010
Aug 13 03:00:34.243817 n bluetoothd[2816]: src/shared/mgmt.c:can_read_data() [0x0000] event 0x0007
Aug 13 03:00:34.243827 n bluetoothd[2816]: src/adapter.c:dev_class_changed_callback() Class: 0x60010c
Aug 13 03:00:34.246839 n bluetoothd[2816]: src/shared/mgmt.c:can_read_data() [0x0000] command 0x0010 complete: 0x00
Aug 13 03:00:34.246883 n bluetoothd[2816]: src/shared/mgmt.c:send_request() [0x0000] command 0x0010
Aug 13 03:00:34.249806 n bluetoothd[2816]: src/shared/mgmt.c:can_read_data() [0x0000] event 0x0007
Aug 13 03:00:34.249816 n bluetoothd[2816]: src/adapter.c:dev_class_changed_callback() Class: 0x68010c
Aug 13 03:00:34.252828 n bluetoothd[2816]: src/shared/mgmt.c:can_read_data() [0x0000] command 0x0010 complete: 0x00
Aug 13 03:00:34.252867 n bluetoothd[2816]: src/shared/mgmt.c:send_request() [0x0000] command 0x0010
Aug 13 03:00:34.255813 n bluetoothd[2816]: src/shared/mgmt.c:can_read_data() [0x0000] event 0x0007
Aug 13 03:00:34.255825 n bluetoothd[2816]: src/adapter.c:dev_class_changed_callback() Class: 0x6c010c
Aug 13 03:00:34.258819 n bluetoothd[2816]: src/shared/mgmt.c:can_read_data() [0x0000] command 0x0010 complete: 0x00
Aug 13 03:02:50.453396 n bluetoothd[2816]: src/agent.c:add_default_agent() Default agent set to :1.119 /org/gnome/bluetooth/settings
Aug 13 03:02:50.453412 n bluetoothd[2816]: src/adapter.c:set_mode() sending set mode command for index 0
Aug 13 03:02:50.453423 n bluetoothd[2816]: src/agent.c:agent_ref() 0x5dd9322d5430: ref=1
Aug 13 03:02:50.453430 n bluetoothd[2816]: src/agent.c:register_agent() agent :1.119
Aug 13 03:02:50.453475 n bluetoothd[2816]: src/shared/mgmt.c:send_request() [0x0000] command 0x0009
Aug 13 03:02:50.453491 n bluetoothd[2816]: src/shared/mgmt.c:can_read_data() [0x0000] command 0x0009 complete: 0x00
Aug 13 03:02:50.453497 n bluetoothd[2816]: src/adapter.c:new_settings_callback() Settings: 0x00000ad1
Aug 13 03:02:50.453504 n bluetoothd[2816]: src/adapter.c:settings_changed() Changed settings: 0x00000010
Aug 13 03:02:50.453510 n bluetoothd[2816]: src/adapter.c:settings_changed() Pending settings: 0x00000000
Aug 13 03:02:50.453543 n bluetoothd[2816]: src/shared/mgmt.c:send_request() [0x0000] command 0x0018
Aug 13 03:02:50.453557 n bluetoothd[2816]: src/shared/mgmt.c:can_read_data() [0x0000] command 0x0018 complete: 0x00
Aug 13 03:02:50.455187 n bluetoothd[2816]: src/adapter.c:set_discovery_filter() sender :1.119
Aug 13 03:02:50.455202 n bluetoothd[2816]: src/adapter.c:parse_discovery_filter_dict() filtered discovery params: transport: 7 rssi: 32767 pathloss: 32767  duplicate data: false discoverable true pattern (null)
Aug 13 03:02:50.455214 n bluetoothd[2816]: src/adapter.c:set_discovery_filter() successfully pre-set filter
Aug 13 03:02:50.455497 n bluetoothd[2816]: src/adapter.c:start_discovery() sender :1.119
Aug 13 03:02:50.455504 n bluetoothd[2816]: src/adapter.c:update_discovery_filter()
Aug 13 03:02:50.455510 n bluetoothd[2816]: src/adapter.c:discovery_filter_to_mgmt_cp()
Aug 13 03:02:50.455516 n bluetoothd[2816]: src/adapter.c:set_discoverable() sending set mode command for index 0
Aug 13 03:02:50.455521 n bluetoothd[2816]: src/adapter.c:set_mode() sending set mode command for index 0
Aug 13 03:02:50.455529 n bluetoothd[2816]: src/adapter.c:trigger_start_discovery()
Aug 13 03:02:50.455534 n bluetoothd[2816]: src/adapter.c:cancel_passive_scanning()
Aug 13 03:02:50.455560 n bluetoothd[2816]: src/shared/mgmt.c:send_request() [0x0000] command 0x0007
Aug 13 03:02:50.455573 n bluetoothd[2816]: src/adapter.c:start_discovery_timeout()
Aug 13 03:02:50.455579 n bluetoothd[2816]: src/adapter.c:start_discovery_timeout() adapter->current_discovery_filter == 0
Aug 13 03:02:50.455598 n bluetoothd[2816]: src/shared/mgmt.c:can_read_data() [0x0000] command 0x0007 complete: 0x00
Aug 13 03:02:50.455603 n bluetoothd[2816]: src/adapter.c:new_settings_callback() Settings: 0x00000ad3
Aug 13 03:02:50.455608 n bluetoothd[2816]: src/adapter.c:settings_changed() Changed settings: 0x00000002
Aug 13 03:02:50.455613 n bluetoothd[2816]: src/adapter.c:settings_changed() Pending settings: 0x00000000
Aug 13 03:02:50.455634 n bluetoothd[2816]: src/shared/mgmt.c:send_request() [0x0000] command 0x0006
Aug 13 03:02:50.478988 n bluetoothd[2816]: src/profile.c:register_profile() sender :1.120
Aug 13 03:02:50.479009 n bluetoothd[2816]: src/profile.c:create_ext() Created "Message Notification"
Aug 13 03:02:50.479017 n bluetoothd[2816]: src/profile.c:ext_adapter_probe() "Message Notification" probed
Aug 13 03:02:50.479062 n bluetoothd[2816]: src/profile.c:ext_start_servers() Message Notification listening on PSM 4097
Aug 13 03:02:50.479082 n bluetoothd[2816]: src/profile.c:ext_start_servers() Message Notification listening on chan 17
Aug 13 03:02:50.479118 n bluetoothd[2816]: src/adapter.c:adapter_service_add() /org/bluez/hci0
Aug 13 03:02:50.479127 n bluetoothd[2816]: src/sdpd-service.c:add_record_to_server() Adding record with handle 0x1000a
Aug 13 03:02:50.479137 n bluetoothd[2816]: src/sdpd-service.c:add_record_to_server() Record pattern UUID 00000003-0000-1000-8000-00805f9
Aug 13 03:02:50.479144 n bluetoothd[2816]: src/sdpd-service.c:add_record_to_server() Record pattern UUID 00000008-0000-1000-8000-00805f9
Aug 13 03:02:50.479153 n bluetoothd[2816]: src/sdpd-service.c:add_record_to_server() Record pattern UUID 00000100-0000-1000-8000-00805f9
Aug 13 03:02:50.479177 n bluetoothd[2816]: src/sdpd-service.c:add_record_to_server() Record pattern UUID 00001002-0000-1000-8000-00805f9
Aug 13 03:02:50.479183 n bluetoothd[2816]: src/sdpd-service.c:add_record_to_server() Record pattern UUID 00001133-0000-1000-8000-00805f9
Aug 13 03:02:50.479188 n bluetoothd[2816]: src/sdpd-service.c:add_record_to_server() Record pattern UUID 00001134-0000-1000-8000-00805f9
Aug 13 03:02:50.479194 n bluetoothd[2816]: src/adapter.c:adapter_service_insert() /org/bluez/hci0
Aug 13 03:02:50.479201 n bluetoothd[2816]: src/adapter.c:add_uuid() sending add uuid command for index 0
Aug 13 03:02:50.479316 n bluetoothd[2816]: src/profile.c:register_profile() sender :1.120
Aug 13 03:02:50.479326 n bluetoothd[2816]: src/profile.c:create_ext() Created "Message Access"
Aug 13 03:02:50.479332 n bluetoothd[2816]: src/profile.c:ext_adapter_probe() "Message Access" probed
Aug 13 03:02:50.479358 n bluetoothd[2816]: src/profile.c:ext_start_servers() Message Access listening on PSM 4099
Aug 13 03:02:50.479374 n bluetoothd[2816]: src/profile.c:ext_start_servers() Message Access listening on chan 16
Aug 13 03:02:50.479404 n bluetoothd[2816]: src/adapter.c:adapter_service_add() /org/bluez/hci0
Aug 13 03:02:50.479411 n bluetoothd[2816]: src/sdpd-service.c:add_record_to_server() Adding record with handle 0x1000b
Aug 13 03:02:50.479417 n bluetoothd[2816]: src/sdpd-service.c:add_record_to_server() Record pattern UUID 00000003-0000-1000-8000-00805f9
Aug 13 03:02:50.479422 n bluetoothd[2816]: src/sdpd-service.c:add_record_to_server() Record pattern UUID 00000008-0000-1000-8000-00805f9
Aug 13 03:02:50.479429 n bluetoothd[2816]: src/sdpd-service.c:add_record_to_server() Record pattern UUID 00000100-0000-1000-8000-00805f9
Aug 13 03:02:50.479434 n bluetoothd[2816]: src/sdpd-service.c:add_record_to_server() Record pattern UUID 00001002-0000-1000-8000-00805f9
Aug 13 03:02:50.479440 n bluetoothd[2816]: src/sdpd-service.c:add_record_to_server() Record pattern UUID 00001132-0000-1000-8000-00805f9
Aug 13 03:02:50.479444 n bluetoothd[2816]: src/sdpd-service.c:add_record_to_server() Record pattern UUID 00001134-0000-1000-8000-00805f9
Aug 13 03:02:50.479449 n bluetoothd[2816]: src/adapter.c:adapter_service_insert() /org/bluez/hci0
Aug 13 03:02:50.479455 n bluetoothd[2816]: src/adapter.c:add_uuid() sending add uuid command for index 0
Aug 13 03:02:50.479484 n bluetoothd[2816]: src/profile.c:register_profile() sender :1.120
Aug 13 03:02:50.479491 n bluetoothd[2816]: src/profile.c:create_ext() Created "Phone Book Access"
Aug 13 03:02:50.479496 n bluetoothd[2816]: src/profile.c:ext_adapter_probe() "Phone Book Access" probed
Aug 13 03:02:50.479520 n bluetoothd[2816]: src/profile.c:ext_start_servers() Phone Book Access listening on PSM 4101
Aug 13 03:02:50.479535 n bluetoothd[2816]: src/profile.c:ext_start_servers() Phone Book Access listening on chan 15
Aug 13 03:02:50.479561 n bluetoothd[2816]: src/adapter.c:adapter_service_add() /org/bluez/hci0
Aug 13 03:02:50.479568 n bluetoothd[2816]: src/sdpd-service.c:add_record_to_server() Adding record with handle 0x1000c
Aug 13 03:02:50.479573 n bluetoothd[2816]: src/sdpd-service.c:add_record_to_server() Record pattern UUID 00000003-0000-1000-8000-00805f9
Aug 13 03:02:50.479578 n bluetoothd[2816]: src/sdpd-service.c:add_record_to_server() Record pattern UUID 00000008-0000-1000-8000-00805f9
Aug 13 03:02:50.479586 n bluetoothd[2816]: src/sdpd-service.c:add_record_to_server() Record pattern UUID 00000100-0000-1000-8000-00805f9
Aug 13 03:02:50.479591 n bluetoothd[2816]: src/sdpd-service.c:add_record_to_server() Record pattern UUID 00001002-0000-1000-8000-00805f9
Aug 13 03:02:50.479596 n bluetoothd[2816]: src/sdpd-service.c:add_record_to_server() Record pattern UUID 0000112f-0000-1000-8000-00805f9
Aug 13 03:02:50.479601 n bluetoothd[2816]: src/sdpd-service.c:add_record_to_server() Record pattern UUID 00001130-0000-1000-8000-00805f9
Aug 13 03:02:50.479606 n bluetoothd[2816]: src/adapter.c:adapter_service_insert() /org/bluez/hci0
Aug 13 03:02:50.479612 n bluetoothd[2816]: src/adapter.c:add_uuid() sending add uuid command for index 0
Aug 13 03:02:50.479640 n bluetoothd[2816]: src/profile.c:register_profile() sender :1.120
Aug 13 03:02:50.479648 n bluetoothd[2816]: src/profile.c:create_ext() Created "Synchronization"
Aug 13 03:02:50.479652 n bluetoothd[2816]: src/profile.c:ext_adapter_probe() "Synchronization" probed
Aug 13 03:02:50.479667 n bluetoothd[2816]: src/profile.c:ext_start_servers() Synchronization listening on chan 14
Aug 13 03:02:50.479687 n bluetoothd[2816]: src/adapter.c:adapter_service_add() /org/bluez/hci0
Aug 13 03:02:50.479693 n bluetoothd[2816]: src/sdpd-service.c:add_record_to_server() Adding record with handle 0x1000d
Aug 13 03:02:50.479698 n bluetoothd[2816]: src/sdpd-service.c:add_record_to_server() Record pattern UUID 00000003-0000-1000-8000-00805f9
Aug 13 03:02:50.479703 n bluetoothd[2816]: src/sdpd-service.c:add_record_to_server() Record pattern UUID 00000008-0000-1000-8000-00805f9
Aug 13 03:02:50.479708 n bluetoothd[2816]: src/sdpd-service.c:add_record_to_server() Record pattern UUID 00000100-0000-1000-8000-00805f9
Aug 13 03:02:50.479713 n bluetoothd[2816]: src/sdpd-service.c:add_record_to_server() Record pattern UUID 00001002-0000-1000-8000-00805f9
Aug 13 03:02:50.479718 n bluetoothd[2816]: src/sdpd-service.c:add_record_to_server() Record pattern UUID 00001104-0000-1000-8000-00805f9
Aug 13 03:02:50.479723 n bluetoothd[2816]: src/adapter.c:adapter_service_insert() /org/bluez/hci0
Aug 13 03:02:50.479729 n bluetoothd[2816]: src/adapter.c:add_uuid() sending add uuid command for index 0
Aug 13 03:02:50.479755 n bluetoothd[2816]: src/profile.c:register_profile() sender :1.120
Aug 13 03:02:50.479762 n bluetoothd[2816]: src/profile.c:create_ext() Created "File Transfer"
Aug 13 03:02:50.479766 n bluetoothd[2816]: src/profile.c:ext_adapter_probe() "File Transfer" probed
Aug 13 03:02:50.479785 n bluetoothd[2816]: src/profile.c:ext_start_servers() File Transfer listening on PSM 4103
Aug 13 03:02:50.479799 n bluetoothd[2816]: src/profile.c:ext_start_servers() File Transfer listening on chan 10
Aug 13 03:02:50.479819 n bluetoothd[2816]: src/adapter.c:adapter_service_add() /org/bluez/hci0
Aug 13 03:02:50.479824 n bluetoothd[2816]: src/sdpd-service.c:add_record_to_server() Adding record with handle 0x1000e
Aug 13 03:02:50.479829 n bluetoothd[2816]: src/sdpd-service.c:add_record_to_server() Record pattern UUID 00000003-0000-1000-8000-00805f9
Aug 13 03:02:50.479834 n bluetoothd[2816]: src/sdpd-service.c:add_record_to_server() Record pattern UUID 00000008-0000-1000-8000-00805f9
Aug 13 03:02:50.479838 n bluetoothd[2816]: src/sdpd-service.c:add_record_to_server() Record pattern UUID 00000100-0000-1000-8000-00805f9
Aug 13 03:02:50.479843 n bluetoothd[2816]: src/sdpd-service.c:add_record_to_server() Record pattern UUID 00001002-0000-1000-8000-00805f9
Aug 13 03:02:50.479848 n bluetoothd[2816]: src/sdpd-service.c:add_record_to_server() Record pattern UUID 00001106-0000-1000-8000-00805f9
Aug 13 03:02:50.479852 n bluetoothd[2816]: src/adapter.c:adapter_service_insert() /org/bluez/hci0
Aug 13 03:02:50.479858 n bluetoothd[2816]: src/adapter.c:add_uuid() sending add uuid command for index 0
Aug 13 03:02:50.479884 n bluetoothd[2816]: src/profile.c:register_profile() sender :1.120
Aug 13 03:02:50.479891 n bluetoothd[2816]: src/profile.c:create_ext() Created "Object Push"
Aug 13 03:02:50.479896 n bluetoothd[2816]: src/profile.c:ext_adapter_probe() "Object Push" probed
Aug 13 03:02:50.479919 n bluetoothd[2816]: src/profile.c:ext_start_servers() Object Push listening on PSM 4105
Aug 13 03:02:50.479937 n bluetoothd[2816]: src/profile.c:ext_start_servers() Object Push listening on chan 9
Aug 13 03:02:50.479963 n bluetoothd[2816]: src/adapter.c:adapter_service_add() /org/bluez/hci0
Aug 13 03:02:50.479968 n bluetoothd[2816]: src/sdpd-service.c:add_record_to_server() Adding record with handle 0x1000f
Aug 13 03:02:50.479973 n bluetoothd[2816]: src/sdpd-service.c:add_record_to_server() Record pattern UUID 00000003-0000-1000-8000-00805f9
Aug 13 03:02:50.479978 n bluetoothd[2816]: src/sdpd-service.c:add_record_to_server() Record pattern UUID 00000008-0000-1000-8000-00805f9
Aug 13 03:02:50.479983 n bluetoothd[2816]: src/sdpd-service.c:add_record_to_server() Record pattern UUID 00000100-0000-1000-8000-00805f9
Aug 13 03:02:50.479987 n bluetoothd[2816]: src/sdpd-service.c:add_record_to_server() Record pattern UUID 00001002-0000-1000-8000-00805f9
Aug 13 03:02:50.479992 n bluetoothd[2816]: src/sdpd-service.c:add_record_to_server() Record pattern UUID 00001105-0000-1000-8000-00805f9
Aug 13 03:02:50.479997 n bluetoothd[2816]: src/adapter.c:adapter_service_insert() /org/bluez/hci0
Aug 13 03:02:50.480002 n bluetoothd[2816]: src/adapter.c:add_uuid() sending add uuid command for index 0
Aug 13 03:02:50.480030 n bluetoothd[2816]: src/profile.c:register_profile() sender :1.120
Aug 13 03:02:50.480044 n bluetoothd[2816]: src/profile.c:create_ext() Created ":1.120/org/bluez/obex/00005005_0000_1000_8000_0002ee000001/<UUID-04>"
Aug 13 03:02:50.480049 n bluetoothd[2816]: src/profile.c:ext_adapter_probe() ":1.120/org/bluez/obex/00005005_0000_1000_8000_0002ee000001/<UUID-04>" probed
Aug 13 03:02:50.480071 n bluetoothd[2816]: src/adapter.c:adapter_service_add() /org/bluez/hci0
Aug 13 03:02:50.480077 n bluetoothd[2816]: src/sdpd-service.c:add_record_to_server() Adding record with handle 0x10010
Aug 13 03:02:50.480082 n bluetoothd[2816]: src/sdpd-service.c:add_record_to_server() Record pattern UUID 00000003-0000-1000-8000-00805f9
Aug 13 03:02:50.480086 n bluetoothd[2816]: src/sdpd-service.c:add_record_to_server() Record pattern UUID 00000008-0000-1000-8000-00805f9
Aug 13 03:02:50.480091 n bluetoothd[2816]: src/sdpd-service.c:add_record_to_server() Record pattern UUID 00000100-0000-1000-8000-00805f9
Aug 13 03:02:50.480095 n bluetoothd[2816]: src/sdpd-service.c:add_record_to_server() Record pattern UUID 00001002-0000-1000-8000-00805f9
Aug 13 03:02:50.480100 n bluetoothd[2816]: src/sdpd-service.c:add_record_to_server() Record pattern UUID 00005005-0000-1000-8000-0002ee0
Aug 13 03:02:50.480105 n bluetoothd[2816]: src/adapter.c:adapter_service_insert() /org/bluez/hci0
Aug 13 03:02:50.480110 n bluetoothd[2816]: src/adapter.c:add_uuid() sending add uuid command for index 0
Aug 13 03:02:50.560275 n bluetoothd[2816]: src/shared/mgmt.c:can_read_data() [0x0000] command 0x0006 complete: 0x00
Aug 13 03:02:50.560289 n bluetoothd[2816]: src/adapter.c:new_settings_callback() Settings: 0x00000adb
Aug 13 03:02:50.560297 n bluetoothd[2816]: src/adapter.c:settings_changed() Changed settings: 0x00000008
Aug 13 03:02:50.560306 n bluetoothd[2816]: src/adapter.c:settings_changed() Pending settings: 0x00000000
Aug 13 03:02:50.560352 n bluetoothd[2816]: src/shared/mgmt.c:send_request() [0x0000] command 0x0023
Aug 13 03:02:50.570231 n bluetoothd[2816]: src/shared/mgmt.c:can_read_data() [0x0000] event 0x0013
Aug 13 03:02:50.570243 n bluetoothd[2816]: src/adapter.c:discovering_callback() hci0 type 7 discovering 1 method 0
Aug 13 03:02:50.570259 n bluetoothd[2816]: src/shared/mgmt.c:can_read_data() [0x0000] command 0x0023 complete: 0x00
Aug 13 03:02:50.570266 n bluetoothd[2816]: src/adapter.c:start_discovery_complete() status 0x00
Aug 13 03:02:50.570311 n bluetoothd[2816]: src/shared/mgmt.c:send_request() [0x0000] command 0x0010
Aug 13 03:02:50.573287 n bluetoothd[2816]: src/shared/mgmt.c:can_read_data() [0x0000] command 0x0010 complete: 0x00
Aug 13 03:02:50.573356 n bluetoothd[2816]: src/shared/mgmt.c:send_request() [0x0000] command 0x0010
Aug 13 03:02:50.576232 n bluetoothd[2816]: src/shared/mgmt.c:can_read_data() [0x0000] command 0x0010 complete: 0x00
Aug 13 03:02:50.576271 n bluetoothd[2816]: src/shared/mgmt.c:send_request() [0x0000] command 0x0010
Aug 13 03:02:50.579212 n bluetoothd[2816]: src/shared/mgmt.c:can_read_data() [0x0000] event 0x0007
Aug 13 03:02:50.579221 n bluetoothd[2816]: src/adapter.c:dev_class_changed_callback() Class: 0x7c010c
Aug 13 03:02:50.582246 n bluetoothd[2816]: src/shared/mgmt.c:can_read_data() [0x0000] command 0x0010 complete: 0x00
Aug 13 03:02:50.582297 n bluetoothd[2816]: src/shared/mgmt.c:send_request() [0x0000] command 0x0010
Aug 13 03:02:50.585227 n bluetoothd[2816]: src/shared/mgmt.c:can_read_data() [0x0000] command 0x0010 complete: 0x00
Aug 13 03:02:50.585264 n bluetoothd[2816]: src/shared/mgmt.c:send_request() [0x0000] command 0x0010
Aug 13 03:02:50.588228 n bluetoothd[2816]: src/shared/mgmt.c:can_read_data() [0x0000] command 0x0010 complete: 0x00
Aug 13 03:02:50.588267 n bluetoothd[2816]: src/shared/mgmt.c:send_request() [0x0000] command 0x0010
Aug 13 03:02:50.591248 n bluetoothd[2816]: src/shared/mgmt.c:can_read_data() [0x0000] command 0x0010 complete: 0x00
Aug 13 03:02:50.591297 n bluetoothd[2816]: src/shared/mgmt.c:send_request() [0x0000] command 0x0010
Aug 13 03:02:50.594252 n bluetoothd[2816]: src/shared/mgmt.c:can_read_data() [0x0000] command 0x0010 complete: 0x00
Aug 13 03:02:50.668352 n bluetoothd[2816]: src/shared/mgmt.c:can_read_data() [0x0000] event 0x0012
Aug 13 03:02:50.668380 n bluetoothd[2816]: src/adapter.c:device_found_callback() hci0 addr AA:BB:CC:00:00:02, rssi -52 flags 0x0000 eir_len 35
Aug 13 03:02:50.668977 n bluetoothd[2816]: src/device.c:device_set_legacy() legacy 0
Aug 13 03:02:50.668986 n bluetoothd[2816]: src/device.c:device_set_rssi_with_delta() rssi -52
Aug 13 03:02:50.668998 n bluetoothd[2816]: src/device.c:device_set_flags() flags 26
Aug 13 03:02:50.875485 n bluetoothd[2816]: src/shared/mgmt.c:can_read_data() [0x0000] event 0x0012
Aug 13 03:02:50.875515 n bluetoothd[2816]: src/adapter.c:device_found_callback() hci0 addr AA:BB:CC:00:00:08, rssi -74 flags 0x0000 eir_len 29
Aug 13 03:02:50.875540 n bluetoothd[2816]: src/device.c:device_create() dst AA:BB:CC:00:00:08
Aug 13 03:02:50.875558 n bluetoothd[2816]: src/device.c:device_new() address AA:BB:CC:00:00:08
Aug 13 03:02:50.875599 n bluetoothd[2816]: src/device.c:device_new() Creating device /org/bluez/hci0/dev_AA:BB:CC:00:00:09
Aug 13 03:02:50.875692 n bluetoothd[2816]: src/device.c:device_set_legacy() legacy 0
Aug 13 03:02:50.875708 n bluetoothd[2816]: src/device.c:device_set_rssi_with_delta() rssi -74
Aug 13 03:02:50.875805 n bluetoothd[2816]: src/device.c:device_set_flags() flags 2
Aug 13 03:02:51.167676 n bluetoothd[2816]: src/shared/mgmt.c:can_read_data() [0x0000] event 0x0012
Aug 13 03:02:51.167702 n bluetoothd[2816]: src/adapter.c:device_found_callback() hci0 addr AA:BB:CC:00:00:02, rssi -44 flags 0x0000 eir_len 23
Aug 13 03:02:51.167727 n bluetoothd[2816]: src/device.c:device_set_legacy() legacy 0
Aug 13 03:02:51.167738 n bluetoothd[2816]: src/device.c:device_set_rssi_with_delta() rssi -44 delta 8
Aug 13 03:02:51.167767 n bluetoothd[2816]: src/device.c:device_set_flags() flags 26
Aug 13 03:02:51.171647 n bluetoothd[2816]: src/shared/mgmt.c:can_read_data() [0x0000] event 0x0012
Aug 13 03:02:51.171668 n bluetoothd[2816]: src/adapter.c:device_found_callback() hci0 addr AA:BB:CC:00:00:10, rssi -78 flags 0x0000 eir_len 35
Aug 13 03:02:51.171690 n bluetoothd[2816]: src/device.c:device_create() dst AA:BB:CC:00:00:10
Aug 13 03:02:51.171703 n bluetoothd[2816]: src/device.c:device_new() address AA:BB:CC:00:00:10
Aug 13 03:02:51.171720 n bluetoothd[2816]: src/device.c:device_new() Creating device /org/bluez/hci0/dev_AA:BB:CC:00:00:11
Aug 13 03:02:51.171757 n bluetoothd[2816]: src/device.c:device_store_cached_name() Can't store name for private addressed device /org/bluez/hci0/dev_AA:BB:CC:00:00:11
Aug 13 03:02:51.171770 n bluetoothd[2816]: src/device.c:device_set_legacy() legacy 0
Aug 13 03:02:51.171784 n bluetoothd[2816]: src/device.c:device_set_rssi_with_delta() rssi -78
Aug 13 03:02:51.171805 n bluetoothd[2816]: src/device.c:btd_device_device_set_name() /org/bluez/hci0/dev_AA:BB:CC:00:00:11 NKCCX
Aug 13 03:02:51.171894 n bluetoothd[2816]: src/device.c:device_set_flags() flags 2
Aug 13 03:02:53.378501 n bluetoothd[2816]: src/shared/mgmt.c:can_read_data() [0x0000] event 0x0012
Aug 13 03:02:53.378522 n bluetoothd[2816]: src/adapter.c:device_found_callback() hci0 addr AA:BB:CC:00:00:02, rssi -49 flags 0x0000 eir_len 23
Aug 13 03:02:53.378544 n bluetoothd[2816]: src/device.c:device_set_legacy() legacy 0
Aug 13 03:02:53.378559 n bluetoothd[2816]: src/device.c:device_set_flags() flags 26
Aug 13 03:02:53.378600 n bluetoothd[2816]: src/shared/mgmt.c:can_read_data() [0x0000] event 0x0012
Aug 13 03:02:53.378615 n bluetoothd[2816]: src/adapter.c:device_found_callback() hci0 addr AA:BB:CC:00:00:12, rssi -88 flags 0x0004 eir_len 28
Aug 13 03:02:54.876361 n bluetoothd[2816]: src/shared/mgmt.c:can_read_data() [0x0000] event 0x0012
Aug 13 03:02:54.876383 n bluetoothd[2816]: src/adapter.c:device_found_callback() hci0 addr AA:BB:CC:00:00:13, rssi -90 flags 0x0004 eir_len 31
Aug 13 03:02:56.065487 n bluetoothd[2816]: src/shared/mgmt.c:can_read_data() [0x0000] event 0x0012
Aug 13 03:02:56.065507 n bluetoothd[2816]: src/adapter.c:device_found_callback() hci0 addr AA:BB:CC:00:00:02, rssi -50 flags 0x0000 eir_len 23
Aug 13 03:02:56.065520 n bluetoothd[2816]: src/device.c:device_set_legacy() legacy 0
Aug 13 03:02:56.065530 n bluetoothd[2816]: src/device.c:device_set_flags() flags 26
Aug 13 03:02:56.305378 n bluetoothd[2816]: src/shared/mgmt.c:can_read_data() [0x0000] event 0x0012
Aug 13 03:02:56.305394 n bluetoothd[2816]: src/adapter.c:device_found_callback() hci0 addr AA:BB:CC:00:00:02, rssi -49 flags 0x0000 eir_len 47
Aug 13 03:02:56.305489 n bluetoothd[2816]: src/device.c:device_set_legacy() legacy 0
Aug 13 03:02:56.903301 n bluetoothd[2816]: src/adapter.c:stop_discovery() sender :1.119
Aug 13 03:02:56.903319 n bluetoothd[2816]: src/adapter.c:set_discoverable() sending set mode command for index 0
Aug 13 03:02:56.903326 n bluetoothd[2816]: src/adapter.c:set_mode() sending set mode command for index 0
Aug 13 03:02:56.903341 n bluetoothd[2816]: src/device.c:connect_profiles() /org/bluez/hci0/dev_AA:BB:CC:00:00:03 (all), client :1.119
Aug 13 03:02:56.903436 n bluetoothd[2816]: src/service.c:btd_service_ref() 0x5dd9322f9d60: ref=2
Aug 13 03:02:56.903454 n bluetoothd[2816]: src/service.c:change_state() 0x5dd9322f9d60: device AA:BB:CC:00:00:02 profile Hands-Free Voice gateway state changed: disconnected -> connecting (0)
Aug 13 03:02:56.903495 n bluetoothd[2816]: src/shared/mgmt.c:send_request() [0x0000] command 0x0007
Aug 13 03:02:56.906297 n bluetoothd[2816]: src/shared/mgmt.c:can_read_data() [0x0000] event 0x0013
Aug 13 03:02:56.906312 n bluetoothd[2816]: src/adapter.c:discovering_callback() hci0 type 7 discovering 0 method 0
Aug 13 03:02:56.906322 n bluetoothd[2816]: src/adapter.c:trigger_start_discovery()
Aug 13 03:02:56.906330 n bluetoothd[2816]: src/adapter.c:cancel_passive_scanning()
Aug 13 03:02:56.993455 n bluetoothd[2816]: src/shared/mgmt.c:can_read_data() [0x0000] command 0x0007 complete: 0x00
Aug 13 03:02:56.993477 n bluetoothd[2816]: src/adapter.c:new_settings_callback() Settings: 0x00000ad1
Aug 13 03:02:56.993491 n bluetoothd[2816]: src/adapter.c:settings_changed() Changed settings: 0x0000000a
Aug 13 03:02:56.993502 n bluetoothd[2816]: src/adapter.c:settings_changed() Pending settings: 0x00000000
Aug 13 03:02:56.999873 n bluetoothd[2816]: src/shared/mgmt.c:send_request() [0x0000] command 0x0024
Aug 13 03:02:56.999894 n bluetoothd[2816]: src/shared/mgmt.c:can_read_data() [0x0000] command 0x0024 complete: 0x0b
Aug 13 03:02:56.999909 n bluetoothd[2816]: src/adapter.c:stop_discovery_complete() status 0x0b
Aug 13 03:02:56.999954 n bluetoothd[2816]: src/adapter.c:discovery_remove() owner :1.119
Aug 13 03:02:56.999967 n bluetoothd[2816]: src/device.c:device_set_rssi_with_delta() rssi 0
Aug 13 03:02:56.999979 n bluetoothd[2816]: src/device.c:device_set_rssi_with_delta() rssi 0
Aug 13 03:02:56.999987 n bluetoothd[2816]: src/device.c:device_set_rssi_with_delta() rssi 0
Aug 13 03:02:57.029355 n bluetoothd[2816]: src/shared/mgmt.c:can_read_data() [0x0000] event 0x000b
Aug 13 03:02:57.029378 n bluetoothd[2816]: src/adapter.c:connected_callback() hci0 device AA:BB:CC:00:00:02 connected eir_len 17
Aug 13 03:02:57.389056 n bluetoothd[2816]: src/profile.c:ext_connect() Hands-Free Voice gateway connected to AA:BB:CC:00:00:02
Aug 13 03:02:57.389856 n bluetoothd[2816]: src/service.c:change_state() 0x5dd9322f9d60: device AA:BB:CC:00:00:02 profile Hands-Free Voice gateway state changed: connecting -> connected (0)
Aug 13 03:02:57.389868 n bluetoothd[2816]: src/device.c:device_profile_connected() Hands-Free Voice gateway Success (0)
Aug 13 03:02:57.389876 n bluetoothd[2816]: profiles/audio/a2dp.c:a2dp_sink_connect() path /org/bluez/hci0/dev_AA:BB:CC:00:00:03
Aug 13 03:02:57.389888 n bluetoothd[2816]: profiles/audio/avdtp.c:avdtp_ref() 0x5dd93230f2d0: ref=1
Aug 13 03:02:57.389895 n bluetoothd[2816]: profiles/audio/avdtp.c:avdtp_ref() 0x5dd93230f2d0: ref=2
Aug 13 03:02:57.389907 n bluetoothd[2816]: profiles/audio/a2dp.c:setup_ref() 0x5dd9322e7470: ref=1
Aug 13 03:02:57.389959 n bluetoothd[2816]: profiles/audio/sink.c:sink_set_state() State changed /org/bluez/hci0/dev_AA:BB:CC:00:00:03: SINK_STATE_DISCONNECTED -> SINK_STATE_CONNECTING
Aug 13 03:02:57.389972 n bluetoothd[2816]: profiles/audio/sink.c:sink_connect() stream creation in progress
Aug 13 03:02:57.389978 n bluetoothd[2816]: src/service.c:change_state() 0x5dd9322df890: device AA:BB:CC:00:00:02 profile a2dp-sink state changed: disconnected -> connecting (0)
Aug 13 03:02:57.389985 n bluetoothd[2816]: plugins/policy.c:policy_connect() /org/bluez/hci0/dev_AA:BB:CC:00:00:03 profile a2dp-sink
Aug 13 03:02:57.389990 n bluetoothd[2816]: src/service.c:btd_service_ref() 0x5dd9322f9d60: ref=3
Aug 13 03:02:57.390002 n bluetoothd[2816]: plugins/policy.c:service_cb() Added Hands-Free Voice gateway reconnect 0
Aug 13 03:02:57.414986 n bluetoothd[2816]: profiles/audio/avdtp.c:avdtp_connect_cb() AVDTP: connected signaling channel to AA:BB:CC:00:00:02
Aug 13 03:02:57.415003 n bluetoothd[2816]: profiles/audio/avdtp.c:avdtp_connect_cb() AVDTP imtu=672, omtu=895
Aug 13 03:02:57.415061 n bluetoothd[2816]: profiles/audio/avdtp.c:avdtp_register_remote_sep() seid 7 type 1 media 0 delay_reporting false
Aug 13 03:02:57.415089 n bluetoothd[2816]: profiles/audio/a2dp.c:register_remote_sep() Found remote SEP: /org/bluez/hci0/dev_AA:BB:CC:00:00:03/sep7
Aug 13 03:02:57.415103 n bluetoothd[2816]: profiles/audio/avdtp.c:avdtp_register_remote_sep() seid 6 type 1 media 0 delay_reporting false
Aug 13 03:02:57.415119 n bluetoothd[2816]: profiles/audio/a2dp.c:register_remote_sep() Found remote SEP: /org/bluez/hci0/dev_AA:BB:CC:00:00:03/sep6
Aug 13 03:02:57.415132 n bluetoothd[2816]: profiles/audio/avdtp.c:avdtp_register_remote_sep() seid 5 type 1 media 0 delay_reporting false
Aug 13 03:02:57.415157 n bluetoothd[2816]: profiles/audio/a2dp.c:register_remote_sep() Found remote SEP: /org/bluez/hci0/dev_AA:BB:CC:00:00:03/sep5
Aug 13 03:02:57.415169 n bluetoothd[2816]: profiles/audio/avdtp.c:avdtp_register_remote_sep() seid 4 type 1 media 0 delay_reporting false
Aug 13 03:02:57.415184 n bluetoothd[2816]: profiles/audio/a2dp.c:register_remote_sep() Found remote SEP: /org/bluez/hci0/dev_AA:BB:CC:00:00:03/sep4
Aug 13 03:02:57.415199 n bluetoothd[2816]: profiles/audio/avdtp.c:avdtp_register_remote_sep() seid 8 type 1 media 0 delay_reporting false
Aug 13 03:02:57.415214 n bluetoothd[2816]: profiles/audio/a2dp.c:register_remote_sep() Found remote SEP: /org/bluez/hci0/dev_AA:BB:CC:00:00:03/sep8
Aug 13 03:02:57.415224 n bluetoothd[2816]: profiles/audio/a2dp.c:load_remote_sep() LastUsed: lseid 3 rseid 7
Aug 13 03:02:57.439959 n bluetoothd[2816]: profiles/audio/avdtp.c:session_cb()
Aug 13 03:02:57.439979 n bluetoothd[2816]: profiles/audio/avdtp.c:avdtp_parse_resp() DISCOVER request succeeded
Aug 13 03:02:57.439992 n bluetoothd[2816]: profiles/audio/avdtp.c:avdtp_discover_resp() seid 7 type 1 media 0 in use 0
Aug 13 03:02:57.440001 n bluetoothd[2816]: profiles/audio/avdtp.c:avdtp_discover_resp() seid 6 type 1 media 0 in use 0
Aug 13 03:02:57.440010 n bluetoothd[2816]: profiles/audio/avdtp.c:avdtp_discover_resp() seid 5 type 1 media 0 in use 0
Aug 13 03:02:57.440018 n bluetoothd[2816]: profiles/audio/avdtp.c:avdtp_discover_resp() seid 4 type 1 media 0 in use 0
Aug 13 03:02:57.440026 n bluetoothd[2816]: profiles/audio/avdtp.c:avdtp_discover_resp() seid 8 type 1 media 0 in use 0
Aug 13 03:02:57.440036 n bluetoothd[2816]: profiles/audio/a2dp.c:discover_cb() version 0x0103 err (nil)
Aug 13 03:02:57.446424 n bluetoothd[2816]: profiles/audio/sink.c:discovery_complete() Discovery complete
Aug 13 03:02:57.446447 n bluetoothd[2816]: profiles/audio/a2dp.c:endpoint_match_codec_ind() vendor 0x000000d7 codec 0x0024
Aug 13 03:02:57.446458 n bluetoothd[2816]: profiles/audio/a2dp.c:endpoint_match_codec_ind() vendor 0x0000004f codec 0x0001
Aug 13 03:02:57.446471 n bluetoothd[2816]: profiles/audio/a2dp.c:setup_ref() 0x5dd9322e7470: ref=2
Aug 13 03:02:57.446482 n bluetoothd[2816]: profiles/audio/a2dp.c:endpoint_match_codec_ind() vendor 0x000000d7 codec 0x0024
Aug 13 03:02:57.446491 n bluetoothd[2816]: profiles/audio/a2dp.c:setup_ref() 0x5dd9322e7470: ref=3
Aug 13 03:02:57.446529 n bluetoothd[2816]: profiles/audio/media.c:media_endpoint_async_call() Calling SelectConfiguration: name = :1.84 path = /MediaEndpoint/A2DPSource/aptx_hd
Aug 13 03:02:57.446539 n bluetoothd[2816]: profiles/audio/a2dp.c:setup_unref() 0x5dd9322e7470: ref=2
Aug 13 03:02:57.446857 n bluetoothd[2816]: profiles/audio/a2dp.c:a2dp_config() a2dp_config: selected SEP 0x5dd9322f88c0
Aug 13 03:02:57.446869 n bluetoothd[2816]: profiles/audio/a2dp.c:setup_ref() 0x5dd9322e7470: ref=3
Aug 13 03:02:57.446879 n bluetoothd[2816]: profiles/audio/a2dp.c:endpoint_match_codec_ind() vendor 0x000000d7 codec 0x0024
Aug 13 03:02:57.446889 n bluetoothd[2816]: profiles/audio/avdtp.c:avdtp_set_configuration() 0x5dd93230f2d0: int_seid=3, acp_seid=7
Aug 13 03:02:57.446942 n bluetoothd[2816]: profiles/audio/a2dp.c:setup_unref() 0x5dd9322e7470: ref=2
Aug 13 03:02:57.446951 n bluetoothd[2816]: profiles/audio/a2dp.c:setup_unref() 0x5dd9322e7470: ref=1
Aug 13 03:02:57.459961 n bluetoothd[2816]: profiles/audio/avdtp.c:session_cb()
Aug 13 03:02:57.459980 n bluetoothd[2816]: profiles/audio/avdtp.c:avdtp_parse_resp() SET_CONFIGURATION request succeeded
Aug 13 03:02:57.459993 n bluetoothd[2816]: profiles/audio/a2dp.c:setconf_cfm() Source 0x5dd9322f88c0: Set_Configuration_Cfm
Aug 13 03:02:57.460003 n bluetoothd[2816]: profiles/audio/a2dp.c:setup_ref() 0x5dd9322e7470: ref=2
Aug 13 03:02:57.460094 n bluetoothd[2816]: profiles/audio/media.c:media_endpoint_async_call() Calling SetConfiguration: name = :1.84 path = /MediaEndpoint/A2DPSource/aptx_hd
Aug 13 03:02:57.460106 n bluetoothd[2816]: profiles/audio/avdtp.c:avdtp_sep_set_state() stream state changed: IDLE -> CONFIGURED
Aug 13 03:02:57.461365 n bluetoothd[2816]: profiles/audio/a2dp.c:setup_unref() 0x5dd9322e7470: ref=1
Aug 13 03:02:57.665140 n bluetoothd[2816]: profiles/audio/avdtp.c:session_cb()
Aug 13 03:02:57.665174 n bluetoothd[2816]: profiles/audio/avdtp.c:avdtp_parse_resp() OPEN request succeeded
Aug 13 03:02:57.680022 n bluetoothd[2816]: profiles/audio/avdtp.c:avdtp_connect_cb() AVDTP: connected transport channel to AA:BB:CC:00:00:02
Aug 13 03:02:57.680040 n bluetoothd[2816]: profiles/audio/avdtp.c:handle_transport_connect() Flushable packets enabled
Aug 13 03:02:57.680050 n bluetoothd[2816]: profiles/audio/avdtp.c:handle_transport_connect() sk 42, omtu 895, send buffer size 106496
Aug 13 03:02:57.680059 n bluetoothd[2816]: profiles/audio/a2dp.c:open_cfm() Source 0x5dd9322f88c0: Open_Cfm
Aug 13 03:02:57.680068 n bluetoothd[2816]: profiles/audio/a2dp.c:setup_unref() 0x5dd9322e7470: ref=0
Aug 13 03:02:57.680075 n bluetoothd[2816]: profiles/audio/a2dp.c:setup_free() 0x5dd9322e7470
Aug 13 03:02:57.680083 n bluetoothd[2816]: profiles/audio/avdtp.c:avdtp_unref() 0x5dd93230f2d0: ref=1
Aug 13 03:02:57.680091 n bluetoothd[2816]: profiles/audio/avdtp.c:avdtp_sep_set_state() stream state changed: CONFIGURED -> OPEN
Aug 13 03:02:57.680099 n bluetoothd[2816]: src/service.c:change_state() 0x5dd9322df890: device AA:BB:CC:00:00:02 profile a2dp-sink state changed: connecting -> connected (0)
Aug 13 03:02:57.680111 n bluetoothd[2816]: src/device.c:device_profile_connected() a2dp-sink Success (0)
Aug 13 03:02:57.680120 n bluetoothd[2816]: src/device.c:device_profile_connected() returning response to :1.119
Aug 13 03:02:57.680180 n bluetoothd[2816]: plugins/policy.c:policy_connect() /org/bluez/hci0/dev_AA:BB:CC:00:00:03 profile avrcp-controller
Aug 13 03:02:57.680187 n bluetoothd[2816]: profiles/audio/avrcp.c:avrcp_connect() path /org/bluez/hci0/dev_AA:BB:CC:00:00:03
Aug 13 03:02:57.680196 n bluetoothd[2816]: profiles/audio/avctp.c:avctp_set_state() AVCTP Connecting
Aug 13 03:02:57.680255 n bluetoothd[2816]: src/service.c:change_state() 0x5dd9322df790: device AA:BB:CC:00:00:02 profile avrcp-controller state changed: disconnected -> connecting (0)
Aug 13 03:02:57.680262 n bluetoothd[2816]: src/service.c:btd_service_ref() 0x5dd9322df890: ref=3
Aug 13 03:02:57.680274 n bluetoothd[2816]: plugins/policy.c:service_cb() Added a2dp-sink reconnect 1
Aug 13 03:02:57.680292 n bluetoothd[2816]: profiles/audio/sink.c:sink_set_state() State changed /org/bluez/hci0/dev_AA:BB:CC:00:00:03: SINK_STATE_CONNECTING -> SINK_STATE_CONNECTED
Aug 13 03:02:57.680316 n bluetoothd[2816]: profiles/audio/transport.c:transport_update_playing() /org/bluez/hci0/dev_AA:BB:CC:00:00:03/sep7/fd0 State=TRANSPORT_STATE_IDLE Playing=0
Aug 13 03:02:57.681007 n bluetoothd[2816]: src/adapter.c:set_discovery_filter() sender :1.119
Aug 13 03:02:57.681036 n bluetoothd[2816]: src/adapter.c:parse_discovery_filter_dict() filtered discovery params: transport: 7 rssi: 32767 pathloss: 32767  duplicate data: false discoverable true pattern (null)
Aug 13 03:02:57.681522 n bluetoothd[2816]: src/adapter.c:start_discovery() sender :1.119
Aug 13 03:02:57.681532 n bluetoothd[2816]: src/adapter.c:update_discovery_filter()
Aug 13 03:02:57.681537 n bluetoothd[2816]: src/adapter.c:discovery_filter_to_mgmt_cp()
Aug 13 03:02:57.681543 n bluetoothd[2816]: src/adapter.c:set_discoverable() sending set mode command for index 0
Aug 13 03:02:57.681548 n bluetoothd[2816]: src/adapter.c:set_mode() sending set mode command for index 0
Aug 13 03:02:57.681556 n bluetoothd[2816]: src/adapter.c:update_discovery_filter() filters were equal, deciding to not restart the scan.
Aug 13 03:02:57.681589 n bluetoothd[2816]: src/shared/mgmt.c:send_request() [0x0000] command 0x0007
Aug 13 03:02:57.681642 n bluetoothd[2816]: src/shared/mgmt.c:can_read_data() [0x0000] command 0x0007 complete: 0x00
Aug 13 03:02:57.681652 n bluetoothd[2816]: src/adapter.c:new_settings_callback() Settings: 0x00000ad3
Aug 13 03:02:57.681657 n bluetoothd[2816]: src/adapter.c:settings_changed() Changed settings: 0x00000002
Aug 13 03:02:57.681661 n bluetoothd[2816]: src/adapter.c:settings_changed() Pending settings: 0x00000000
Aug 13 03:02:57.681681 n bluetoothd[2816]: src/shared/mgmt.c:send_request() [0x0000] command 0x0006
Aug 13 03:02:57.691266 n bluetoothd[2816]: src/shared/mgmt.c:can_read_data() [0x0000] command 0x0006 complete: 0x00
Aug 13 03:02:57.691277 n bluetoothd[2816]: src/adapter.c:new_settings_callback() Settings: 0x00000adb
Aug 13 03:02:57.691285 n bluetoothd[2816]: src/adapter.c:settings_changed() Changed settings: 0x00000008
Aug 13 03:02:57.691293 n bluetoothd[2816]: src/adapter.c:settings_changed() Pending settings: 0x00000000
Aug 13 03:02:57.713018 n bluetoothd[2816]: profiles/audio/avctp.c:avctp_connect_cb() AVCTP: connected to AA:BB:CC:00:00:02
Aug 13 03:02:57.713387 n bluetoothd[2816]: profiles/audio/avctp.c:init_uinput() AVRCP: uinput initialized for MOMENTUM 4
Aug 13 03:02:57.713413 n bluetoothd[2816]: profiles/audio/avrcp.c:controller_init() 0x5dd9323070b0 version 0x0106
Aug 13 03:02:57.713428 n bluetoothd[2816]: src/service.c:change_state() 0x5dd9322df850: device AA:BB:CC:00:00:02 profile audio-avrcp-target state changed: disconnected -> connected (0)
Aug 13 03:02:57.713467 n bluetoothd[2816]: profiles/audio/player.c:media_player_controller_create() /org/bluez/hci0/dev_AA:BB:CC:00:00:03/player0
Aug 13 03:02:57.713488 n bluetoothd[2816]: profiles/audio/avrcp.c:target_init() 0x5dd93230a790 version 0x0106
Aug 13 03:02:57.713501 n bluetoothd[2816]: src/service.c:change_state() 0x5dd9322df790: device AA:BB:CC:00:00:02 profile avrcp-controller state changed: connecting -> connected (0)
Aug 13 03:02:57.713515 n bluetoothd[2816]: src/device.c:device_profile_connected() avrcp-controller Success (0)
Aug 13 03:02:57.713530 n bluetoothd[2816]: profiles/audio/avctp.c:avctp_set_state() AVCTP Connected
Aug 13 03:02:57.713697 n bluetoothd[2816]: src/battery.c:register_battery_provider() register battery provider path = /org/freedesktop/pipewire/battery
Aug 13 03:02:57.714732 n bluetoothd[2816]: src/battery.c:btd_battery_register() path = /org/bluez/hci0/dev_AA:BB:CC:00:00:03
Aug 13 03:02:57.714742 n bluetoothd[2816]: src/battery.c:btd_battery_register() registered Battery object: /org/bluez/hci0/dev_AA:BB:CC:00:00:03
Aug 13 03:02:57.714747 n bluetoothd[2816]: src/battery.c:provided_battery_added_cb() provided battery added /org/freedesktop/pipewire/battery/org/bluez/hci0/dev_AA:BB:CC:00:00:03
Aug 13 03:02:57.714754 n bluetoothd[2816]: src/battery.c:btd_battery_update() path = /org/bluez/hci0/dev_AA:BB:CC:00:00:03
Aug 13 03:02:57.754957 n bluetoothd[2816]: profiles/audio/avrcp.c:handle_vendordep_pdu() AVRCP PDU 0x31, company 0x001958 len 0x0005
Aug 13 03:02:57.792073 n bluetoothd[2816]: src/device.c:search_cb() AA:BB:CC:00:00:02: No service update
Aug 13 03:02:57.792091 n bluetoothd[2816]: src/device.c:device_svc_resolved() /org/bluez/hci0/dev_AA:BB:CC:00:00:03 err 0
Aug 13 03:02:59.789061 n bluetoothd[2816]: profiles/audio/player.c:media_player_set_status() stopped
Aug 13 03:03:02.207322 n bluetoothd[2816]: src/agent.c:unregister_agent() agent :1.119
Aug 13 03:03:02.207341 n bluetoothd[2816]: src/agent.c:agent_disconnect() Agent :1.119 disconnected
Aug 13 03:03:02.207355 n bluetoothd[2816]: src/agent.c:remove_default_agent() Default agent cleared
Aug 13 03:03:02.207363 n bluetoothd[2816]: src/adapter.c:set_mode() sending set mode command for index 0
Aug 13 03:03:02.207372 n bluetoothd[2816]: src/agent.c:agent_destroy() agent :1.119
Aug 13 03:03:02.207379 n bluetoothd[2816]: src/agent.c:agent_unref() 0x5dd9322d5430: ref=0
Aug 13 03:03:02.207424 n bluetoothd[2816]: src/shared/mgmt.c:send_request() [0x0000] command 0x0009
Aug 13 03:03:02.207441 n bluetoothd[2816]: src/shared/mgmt.c:can_read_data() [0x0000] command 0x0009 complete: 0x00
Aug 13 03:03:02.207448 n bluetoothd[2816]: src/adapter.c:new_settings_callback() Settings: 0x00000acb
Aug 13 03:03:02.207458 n bluetoothd[2816]: src/adapter.c:settings_changed() Changed settings: 0x00000010
Aug 13 03:03:02.207464 n bluetoothd[2816]: src/adapter.c:settings_changed() Pending settings: 0x00000000
Aug 13 03:03:02.208472 n bluetoothd[2816]: src/adapter.c:stop_discovery() sender :1.119
Aug 13 03:03:02.208483 n bluetoothd[2816]: src/adapter.c:set_discoverable() sending set mode command for index 0
Aug 13 03:03:02.208489 n bluetoothd[2816]: src/adapter.c:set_mode() sending set mode command for index 0
Aug 13 03:03:02.208497 n bluetoothd[2816]: src/adapter.c:discovery_remove() owner :1.119
Aug 13 03:03:02.208505 n bluetoothd[2816]: src/adapter.c:trigger_passive_scanning()
Aug 13 03:03:02.208556 n bluetoothd[2816]: src/shared/mgmt.c:send_request() [0x0000] command 0x0007
Aug 13 03:03:02.211324 n bluetoothd[2816]: src/shared/mgmt.c:can_read_data() [0x0000] command 0x0007 complete: 0x00
Aug 13 03:03:02.211339 n bluetoothd[2816]: src/adapter.c:new_settings_callback() Settings: 0x00000ac1
Aug 13 03:03:02.211348 n bluetoothd[2816]: src/adapter.c:settings_changed() Changed settings: 0x0000000a
Aug 13 03:03:02.211357 n bluetoothd[2816]: src/adapter.c:settings_changed() Pending settings: 0x00000000
Aug 13 03:03:13.651424 n bluetoothd[2816]: profiles/audio/transport.c:media_owner_create() Owner created: sender=:1.84
Aug 13 03:03:13.651446 n bluetoothd[2816]: profiles/audio/transport.c:media_transport_resume() Transport /org/bluez/hci0/dev_AA:BB:CC:00:00:03/sep7/fd0 Owner :1.84
Aug 13 03:03:13.651457 n bluetoothd[2816]: profiles/audio/avdtp.c:avdtp_ref() 0x5dd93230f2d0: ref=2
Aug 13 03:03:13.651464 n bluetoothd[2816]: profiles/audio/a2dp.c:a2dp_sep_lock() SEP 0x5dd9322f88c0 locked
Aug 13 03:03:13.651473 n bluetoothd[2816]: profiles/audio/avdtp.c:avdtp_ref() 0x5dd93230f2d0: ref=3
Aug 13 03:03:13.651483 n bluetoothd[2816]: profiles/audio/a2dp.c:setup_ref() 0x5dd932311e90: ref=1
Aug 13 03:03:13.651505 n bluetoothd[2816]: profiles/audio/transport.c:transport_set_state() State changed /org/bluez/hci0/dev_AA:BB:CC:00:00:03/sep7/fd0: TRANSPORT_STATE_IDLE -> TRANSPORT_STATE_REQUESTING
Aug 13 03:03:13.651515 n bluetoothd[2816]: profiles/audio/transport.c:media_request_create() Request created: method=Acquire id=4
Aug 13 03:03:13.651522 n bluetoothd[2816]: profiles/audio/transport.c:media_owner_add() Owner :1.84 Request Acquire
Aug 13 03:03:13.651530 n bluetoothd[2816]: profiles/audio/transport.c:media_transport_set_owner() Transport /org/bluez/hci0/dev_AA:BB:CC:00:00:03/sep7/fd0 Owner :1.84
Aug 13 03:03:13.769045 n bluetoothd[2816]: profiles/audio/avdtp.c:session_cb()
Aug 13 03:03:13.769073 n bluetoothd[2816]: profiles/audio/avdtp.c:avdtp_parse_resp() START request succeeded
Aug 13 03:03:13.769085 n bluetoothd[2816]: profiles/audio/a2dp.c:start_cfm() Source 0x5dd9322f88c0: Start_Cfm
Aug 13 03:03:13.769097 n bluetoothd[2816]: /org/bluez/hci0/dev_AA:BB:CC:00:00:03/sep7/fd0: fd(42) ready
Aug 13 03:03:13.769155 n bluetoothd[2816]: profiles/audio/transport.c:media_owner_remove() Owner :1.84 Request Acquire
Aug 13 03:03:13.769177 n bluetoothd[2816]: profiles/audio/transport.c:transport_set_state() State changed /org/bluez/hci0/dev_AA:BB:CC:00:00:03/sep7/fd0: TRANSPORT_STATE_REQUESTING -> TRANSPORT_STATE_ACTIVE
Aug 13 03:03:13.769207 n bluetoothd[2816]: profiles/audio/a2dp.c:setup_unref() 0x5dd932311e90: ref=0
Aug 13 03:03:13.769226 n bluetoothd[2816]: profiles/audio/a2dp.c:setup_free() 0x5dd932311e90
Aug 13 03:03:13.769241 n bluetoothd[2816]: profiles/audio/avdtp.c:avdtp_unref() 0x5dd93230f2d0: ref=2
Aug 13 03:03:13.769259 n bluetoothd[2816]: profiles/audio/avdtp.c:avdtp_sep_set_state() stream state changed: OPEN -> STREAMING
Aug 13 03:03:13.769280 n bluetoothd[2816]: profiles/audio/sink.c:sink_set_state() State changed /org/bluez/hci0/dev_AA:BB:CC:00:00:03: SINK_STATE_CONNECTED -> SINK_STATE_PLAYING
Aug 13 03:03:13.769298 n bluetoothd[2816]: profiles/audio/transport.c:transport_update_playing() /org/bluez/hci0/dev_AA:BB:CC:00:00:03/sep7/fd0 State=TRANSPORT_STATE_ACTIVE Playing=1
Aug 13 03:03:21.617300 n bluetoothd[2816]: src/device.c:device_remove() Removing device /org/bluez/hci0/dev_AA:BB:CC:00:00:09
Aug 13 03:03:21.617422 n bluetoothd[2816]: src/device.c:btd_device_unref() Freeing device /org/bluez/hci0/dev_AA:BB:CC:00:00:09
Aug 13 03:03:21.617440 n bluetoothd[2816]: src/device.c:device_free() 0x5dd932309270
Aug 13 03:03:21.617497 n bluetoothd[2816]: src/device.c:device_remove() Removing device /org/bluez/hci0/dev_AA:BB:CC:00:00:11
Aug 13 03:03:21.617524 n bluetoothd[2816]: src/device.c:btd_device_unref() Freeing device /org/bluez/hci0/dev_AA:BB:CC:00:00:11
Aug 13 03:03:21.617533 n bluetoothd[2816]: src/device.c:device_free() 0x5dd9323098f0
Aug 13 03:19:23.439287 n bluetoothd[2816]: src/battery.c:provided_battery_property_changed_cb() battery percentage changed on /org/freedesktop/pipewire/battery/org/bluez/hci0/dev_AA:BB:CC:00:00:03, percentage = 80
Aug 13 03:19:23.439298 n bluetoothd[2816]: src/battery.c:btd_battery_update() path = /org/bluez/hci0/dev_AA:BB:CC:00:00:03
Aug 13 05:12:18.671169 n bluetoothd[2816]: src/shared/mgmt.c:can_read_data() [0x0000] event 0x000c
Aug 13 05:12:18.671184 n bluetoothd[2816]: src/adapter.c:dev_disconnected() Device AA:BB:CC:00:00:02 disconnected, reason 21
Aug 13 05:12:18.671191 n bluetoothd[2816]: src/adapter.c:adapter_remove_connection()
Aug 13 05:12:18.671209 n bluetoothd[2816]: plugins/policy.c:disconnect_cb() reason 21
Aug 13 05:12:18.671216 n bluetoothd[2816]: src/adapter.c:bonding_attempt_complete() hci0 bdaddr AA:BB:CC:00:00:02 type 0 status 0xe
Aug 13 05:12:18.671228 n bluetoothd[2816]: src/device.c:device_bonding_complete() bonding (nil) status 0x0e
Aug 13 05:12:18.671234 n bluetoothd[2816]: src/device.c:device_bonding_failed() status 14
Aug 13 05:12:18.671241 n bluetoothd[2816]: src/adapter.c:resume_discovery()
Aug 13 05:12:18.671261 n bluetoothd[2816]: src/profile.c:ext_io_disconnected() Unable to get io data for Hands-Free Voice gateway: getpeername: Transport endpoint is not connected (107)
Aug 13 05:12:18.671274 n bluetoothd[2816]: src/service.c:change_state() 0x5dd9322f9d60: device AA:BB:CC:00:00:02 profile Hands-Free Voice gateway state changed: connected -> disconnected (0)
Aug 13 05:12:18.671286 n bluetoothd[2816]: src/service.c:btd_service_unref() 0x5dd9322f9d60: ref=2
Aug 13 05:12:18.671298 n bluetoothd[2816]: profiles/audio/avdtp.c:session_cb()
Aug 13 05:12:18.671304 n bluetoothd[2816]: profiles/audio/avdtp.c:avdtp_ref() 0x5dd93230f2d0: ref=3
Aug 13 05:12:18.671310 n bluetoothd[2816]: profiles/audio/avdtp.c:connection_lost() Disconnected from AA:BB:CC:00:00:02
Aug 13 05:12:18.671317 n bluetoothd[2816]: profiles/audio/a2dp.c:abort_cfm() Source 0x5dd9322f88c0: Abort_Cfm
Aug 13 05:12:18.671327 n bluetoothd[2816]: profiles/audio/avdtp.c:avdtp_sep_set_state() stream state changed: STREAMING -> IDLE
Aug 13 05:12:18.671374 n bluetoothd[2816]: profiles/audio/transport.c:media_transport_remove_owner() Transport /org/bluez/hci0/dev_AA:BB:CC:00:00:03/sep7/fd0 Owner :1.84
Aug 13 05:12:18.671388 n bluetoothd[2816]: profiles/audio/transport.c:media_owner_free() Owner :1.84
Aug 13 05:12:18.671395 n bluetoothd[2816]: profiles/audio/transport.c:media_transport_suspend() Transport /org/bluez/hci0/dev_AA:BB:CC:00:00:03/sep7/fd0 Owner
Aug 13 05:12:18.671402 n bluetoothd[2816]: profiles/audio/transport.c:transport_set_state() State changed /org/bluez/hci0/dev_AA:BB:CC:00:00:03/sep7/fd0: TRANSPORT_STATE_ACTIVE -> TRANSPORT_STATE_IDLE
Aug 13 05:12:18.671410 n bluetoothd[2816]: profiles/audio/a2dp.c:a2dp_sep_unlock() SEP 0x5dd9322f88c0 unlocked
Aug 13 05:12:18.671417 n bluetoothd[2816]: profiles/audio/avdtp.c:avdtp_unref() 0x5dd93230f2d0: ref=2
Aug 13 05:12:18.671444 n bluetoothd[2816]: src/service.c:change_state() 0x5dd9322df890: device AA:BB:CC:00:00:02 profile a2dp-sink state changed: connected -> disconnected (0)
Aug 13 05:12:18.671454 n bluetoothd[2816]: plugins/policy.c:policy_disconnect() /org/bluez/hci0/dev_AA:BB:CC:00:00:03 profile avrcp-controller
Aug 13 05:12:18.671460 n bluetoothd[2816]: src/service.c:change_state() 0x5dd9322df790: device AA:BB:CC:00:00:02 profile avrcp-controller state changed: connected -> disconnecting (0)
Aug 13 05:12:18.671468 n bluetoothd[2816]: profiles/audio/avrcp.c:avrcp_disconnect() path /org/bluez/hci0/dev_AA:BB:CC:00:00:03
Aug 13 05:12:18.671475 n bluetoothd[2816]: src/service.c:change_state() 0x5dd9322df850: device AA:BB:CC:00:00:02 profile audio-avrcp-target state changed: connected -> disconnected (0)
Aug 13 05:12:18.671481 n bluetoothd[2816]: src/service.c:change_state() 0x5dd9322df790: device AA:BB:CC:00:00:02 profile avrcp-controller state changed: disconnecting -> disconnected (0)
Aug 13 05:12:18.671488 n bluetoothd[2816]: profiles/audio/avrcp.c:controller_destroy() 0x5dd9323070b0
Aug 13 05:12:18.671494 n bluetoothd[2816]: profiles/audio/player.c:media_player_destroy() /org/bluez/hci0/dev_AA:BB:CC:00:00:03/player0
Aug 13 05:12:18.671518 n bluetoothd[2816]: profiles/audio/avrcp.c:target_destroy() 0x5dd93230a790
Aug 13 05:12:18.671528 n bluetoothd[2816]: profiles/audio/avctp.c:avctp_set_state() AVCTP Disconnected
Aug 13 05:12:18.671547 n bluetoothd[2816]: profiles/audio/avctp.c:avctp_disconnected() AVCTP: closing uinput for AA:BB:CC:00:00:02
Aug 13 05:12:18.691121 n bluetoothd[2816]: profiles/audio/avdtp.c:avdtp_unref() 0x5dd93230f2d0: ref=1
Aug 13 05:12:18.691173 n bluetoothd[2816]: profiles/audio/sink.c:sink_set_state() State changed /org/bluez/hci0/dev_AA:BB:CC:00:00:03: SINK_STATE_PLAYING -> SINK_STATE_DISCONNECTED
Aug 13 05:12:18.691186 n bluetoothd[2816]: profiles/audio/a2dp.c:channel_remove() chan 0x5dd93230ac90
Aug 13 05:12:18.691319 n bluetoothd[2816]: profiles/audio/avdtp.c:avdtp_unref() 0x5dd93230f2d0: ref=0
Aug 13 05:12:18.691332 n bluetoothd[2816]: profiles/audio/avdtp.c:avdtp_free() 0x5dd93230f2d0
Aug 13 05:12:18.691452 n bluetoothd[2816]: src/battery.c:provided_battery_removed_cb() provided battery removed /org/freedesktop/pipewire/battery/org/bluez/hci0/dev_AA:BB:CC:00:00:03
Aug 13 05:12:18.691465 n bluetoothd[2816]: src/battery.c:btd_battery_unregister() path = /org/bluez/hci0/dev_AA:BB:CC:00:00:03
Aug 13 05:12:18.699994 n bluetoothd[2816]: src/shared/mgmt.c:can_read_data() [0x0000] event 0x0007
Aug 13 05:12:18.700009 n bluetoothd[2816]: src/adapter.c:dev_class_changed_callback() Class: 0x000000
Aug 13 05:12:18.700045 n bluetoothd[2816]: src/shared/mgmt.c:can_read_data() [0x0000] event 0x0006
Aug 13 05:12:18.700058 n bluetoothd[2816]: src/adapter.c:new_settings_callback() Settings: 0x00000ac0
Aug 13 05:12:18.700068 n bluetoothd[2816]: src/adapter.c:settings_changed() Changed settings: 0x00000001
Aug 13 05:12:18.700077 n bluetoothd[2816]: src/adapter.c:settings_changed() Pending settings: 0x00000000
Aug 13 05:12:18.700090 n bluetoothd[2816]: src/adapter.c:cancel_passive_scanning()
Aug 13 05:12:18.700103 n bluetoothd[2816]: src/adapter.c:discovery_free() 0x5dd9322e6420
Aug 13 05:12:18.700295 n bluetoothd[2816]: src/adapter.c:adapter_stop() adapter /org/bluez/hci0 has been disabled
Aug 13 05:12:18.700326 n bluetoothd[2816]: src/rfkill.c:rfkill_event() RFKILL event idx 0 type 2 op 2 soft 1 hard 0
Aug 13 05:12:18.700379 n bluetoothd[2816]: src/rfkill.c:rfkill_event() RFKILL unblock for hci0
Aug 13 05:12:18.700390 n bluetoothd[2816]: src/adapter.c:adapter_set_power_state() off-blocked
Aug 13 05:12:21.652319 n bluetoothd[2816]: src/adapter.c:property_set_mode() sending Set Powered command for index 0
Aug 13 05:12:21.652375 n bluetoothd[2816]: src/shared/mgmt.c:send_request() [0x0000] command 0x0005
Aug 13 05:12:21.652396 n bluetoothd[2816]: src/rfkill.c:rfkill_event() RFKILL event idx 0 type 2 op 2 soft 0 hard 0
Aug 13 05:12:21.652460 n bluetoothd[2816]: src/rfkill.c:rfkill_event() RFKILL unblock for hci0
Aug 13 05:12:21.652503 n bluetoothd[2816]: src/adapter.c:adapter_set_power_state() off
Aug 13 05:12:21.652512 n bluetoothd[2816]: src/adapter.c:adapter_set_power_state() off-enabling
Aug 13 05:12:21.652520 n bluetoothd[2816]: src/adapter.c:set_mode() sending set mode command for index 0
Aug 13 05:12:21.937169 n bluetoothd[2816]: src/shared/mgmt.c:can_read_data() [0x0000] event 0x0007
Aug 13 05:12:21.937195 n bluetoothd[2816]: src/adapter.c:dev_class_changed_callback() Class: 0x7c010c
Aug 13 05:12:21.943137 n bluetoothd[2816]: src/shared/mgmt.c:can_read_data() [0x0000] command 0x0005 complete: 0x00
Aug 13 05:12:21.943183 n bluetoothd[2816]: src/adapter.c:property_set_mode_complete() Success (0x00)
Aug 13 05:12:21.943223 n bluetoothd[2816]: src/adapter.c:adapter_set_power_state() on
Aug 13 05:12:21.943245 n bluetoothd[2816]: src/adapter.c:new_settings_callback() Settings: 0x00000ac1
Aug 13 05:12:21.943256 n bluetoothd[2816]: src/adapter.c:settings_changed() Changed settings: 0x00000001
Aug 13 05:12:21.943267 n bluetoothd[2816]: src/adapter.c:settings_changed() Pending settings: 0x00000000
Aug 13 05:12:21.943284 n bluetoothd[2816]: src/adapter.c:adapter_start() adapter /org/bluez/hci0 has been enabled
Aug 13 05:12:21.943296 n bluetoothd[2816]: src/adapter.c:trigger_passive_scanning()
Aug 13 05:12:21.943351 n bluetoothd[2816]: src/shared/mgmt.c:send_request() [0x0000] command 0x0005
Aug 13 05:12:21.943382 n bluetoothd[2816]: src/shared/mgmt.c:can_read_data() [0x0000] command 0x0005 complete: 0x00
Aug 13 05:12:25.957353 n bluetoothd[2816]: src/shared/mgmt.c:can_read_data() [0x0000] event 0x000b
Aug 13 05:12:25.957377 n bluetoothd[2816]: src/adapter.c:connected_callback() hci0 device AA:BB:CC:00:00:02 connected eir_len 17
Aug 13 05:12:26.138633 n bluetoothd[2816]: src/profile.c:ext_confirm() incoming connect from AA:BB:CC:00:00:02
Aug 13 05:12:26.138713 n bluetoothd[2816]: src/service.c:btd_service_ref() 0x5dd9322f9d60: ref=3
Aug 13 05:12:26.138736 n bluetoothd[2816]: src/profile.c:ext_confirm() Hands-Free Voice gateway authorizing connection from AA:BB:CC:00:00:02
Aug 13 05:12:26.138819 n bluetoothd[2816]: src/profile.c:ext_auth() AA:BB:CC:00:00:02 authorized to connect to Hands-Free Voice gateway
Aug 13 05:12:26.138858 n bluetoothd[2816]: src/profile.c:ext_connect() Hands-Free Voice gateway connected to AA:BB:CC:00:00:02
Aug 13 05:12:26.138875 n bluetoothd[2816]: src/service.c:change_state() 0x5dd9322f9d60: device AA:BB:CC:00:00:02 profile Hands-Free Voice gateway state changed: disconnected -> connecting (0)
Aug 13 05:12:26.139589 n bluetoothd[2816]: src/service.c:change_state() 0x5dd9322f9d60: device AA:BB:CC:00:00:02 profile Hands-Free Voice gateway state changed: connecting -> connected (0)
Aug 13 05:12:26.139600 n bluetoothd[2816]: src/device.c:device_profile_connected() Hands-Free Voice gateway Success (0)
Aug 13 05:12:26.139607 n bluetoothd[2816]: plugins/policy.c:service_cb() Added Hands-Free Voice gateway reconnect 1
Aug 13 05:12:26.220541 n bluetoothd[2816]: src/battery.c:btd_battery_register() path = /org/bluez/hci0/dev_AA:BB:CC:00:00:03
Aug 13 05:12:26.220572 n bluetoothd[2816]: src/battery.c:btd_battery_register() registered Battery object: /org/bluez/hci0/dev_AA:BB:CC:00:00:03
Aug 13 05:12:26.220585 n bluetoothd[2816]: src/battery.c:provided_battery_added_cb() provided battery added /org/freedesktop/pipewire/battery/org/bluez/hci0/dev_AA:BB:CC:00:00:03
Aug 13 05:12:26.220597 n bluetoothd[2816]: src/battery.c:btd_battery_update() path = /org/bluez/hci0/dev_AA:BB:CC:00:00:03
Aug 13 05:12:26.392059 n bluetoothd[2816]: profiles/audio/a2dp.c:confirm_cb() AVDTP: incoming connect from AA:BB:CC:00:00:02
Aug 13 05:12:26.400020 n bluetoothd[2816]: profiles/audio/sink.c:sink_set_state() State changed /org/bluez/hci0/dev_AA:BB:CC:00:00:03: SINK_STATE_DISCONNECTED -> SINK_STATE_CONNECTING
Aug 13 05:12:26.400161 n bluetoothd[2816]: profiles/audio/avdtp.c:avdtp_connect_cb() AVDTP: connected signaling channel to AA:BB:CC:00:00:02
Aug 13 05:12:26.400184 n bluetoothd[2816]: profiles/audio/avdtp.c:avdtp_connect_cb() AVDTP imtu=672, omtu=895
Aug 13 05:12:26.400318 n bluetoothd[2816]: profiles/audio/avdtp.c:avdtp_register_remote_sep() seid 7 type 1 media 0 delay_reporting false
Aug 13 05:12:26.400379 n bluetoothd[2816]: profiles/audio/a2dp.c:register_remote_sep() Found remote SEP: /org/bluez/hci0/dev_AA:BB:CC:00:00:03/sep7
Aug 13 05:12:26.400404 n bluetoothd[2816]: profiles/audio/avdtp.c:avdtp_register_remote_sep() seid 6 type 1 media 0 delay_reporting false
Aug 13 05:12:26.400444 n bluetoothd[2816]: profiles/audio/a2dp.c:register_remote_sep() Found remote SEP: /org/bluez/hci0/dev_AA:BB:CC:00:00:03/sep6
Aug 13 05:12:26.400467 n bluetoothd[2816]: profiles/audio/avdtp.c:avdtp_register_remote_sep() seid 5 type 1 media 0 delay_reporting false
Aug 13 05:12:26.400503 n bluetoothd[2816]: profiles/audio/a2dp.c:register_remote_sep() Found remote SEP: /org/bluez/hci0/dev_AA:BB:CC:00:00:03/sep5
Aug 13 05:12:26.400545 n bluetoothd[2816]: profiles/audio/avdtp.c:avdtp_register_remote_sep() seid 4 type 1 media 0 delay_reporting false
Aug 13 05:12:26.400577 n bluetoothd[2816]: profiles/audio/a2dp.c:register_remote_sep() Found remote SEP: /org/bluez/hci0/dev_AA:BB:CC:00:00:03/sep4
Aug 13 05:12:26.400615 n bluetoothd[2816]: profiles/audio/avdtp.c:avdtp_register_remote_sep() seid 8 type 1 media 0 delay_reporting false
Aug 13 05:12:26.400646 n bluetoothd[2816]: profiles/audio/a2dp.c:register_remote_sep() Found remote SEP: /org/bluez/hci0/dev_AA:BB:CC:00:00:03/sep8
Aug 13 05:12:26.400659 n bluetoothd[2816]: profiles/audio/a2dp.c:load_remote_sep() LastUsed: lseid 3 rseid 7
Aug 13 05:12:26.400679 n bluetoothd[2816]: profiles/audio/avdtp.c:avdtp_ref() 0x5dd93230ac60: ref=1
Aug 13 05:12:26.400686 n bluetoothd[2816]: profiles/audio/avdtp.c:set_disconnect_timer() timeout 1
Aug 13 05:12:26.439105 n bluetoothd[2816]: profiles/audio/avctp.c:avctp_confirm_cb() AVCTP: incoming connect from AA:BB:CC:00:00:02
Aug 13 05:12:26.439136 n bluetoothd[2816]: profiles/audio/avctp.c:avctp_set_state() AVCTP Connecting
Aug 13 05:12:26.439173 n bluetoothd[2816]: profiles/audio/avdtp.c:session_cb()
Aug 13 05:12:26.439187 n bluetoothd[2816]: profiles/audio/avdtp.c:avdtp_parse_cmd() Received DISCOVER_CMD
Aug 13 05:12:26.449991 n bluetoothd[2816]: profiles/audio/avdtp.c:session_cb()
Aug 13 05:12:26.450025 n bluetoothd[2816]: profiles/audio/avdtp.c:avdtp_parse_cmd() Received  GET_CAPABILITIES_CMD
Aug 13 05:12:26.450045 n bluetoothd[2816]: profiles/audio/a2dp.c:endpoint_getcap_ind() Source 0x5dd9322d6ee0: Get_Capability_Ind
Aug 13 05:12:26.457001 n bluetoothd[2816]: profiles/audio/avctp.c:avctp_connect_cb() AVCTP: connected to AA:BB:CC:00:00:02
Aug 13 05:12:26.457468 n bluetoothd[2816]: profiles/audio/avctp.c:init_uinput() AVRCP: uinput initialized for MOMENTUM 4
Aug 13 05:12:26.457509 n bluetoothd[2816]: profiles/audio/avrcp.c:controller_init() 0x5dd932311e10 version 0x0106
Aug 13 05:12:26.457532 n bluetoothd[2816]: src/service.c:change_state() 0x5dd9322df850: device AA:BB:CC:00:00:02 profile audio-avrcp-target state changed: disconnected -> connected (0)
Aug 13 05:12:26.457589 n bluetoothd[2816]: profiles/audio/player.c:media_player_controller_create() /org/bluez/hci0/dev_AA:BB:CC:00:00:03/player0
Aug 13 05:12:26.457635 n bluetoothd[2816]: profiles/audio/avrcp.c:target_init() 0x5dd9322e5440 version 0x0106
Aug 13 05:12:26.457672 n bluetoothd[2816]: src/service.c:change_state() 0x5dd9322df790: device AA:BB:CC:00:00:02 profile avrcp-controller state changed: disconnected -> connected (0)
Aug 13 05:12:26.457693 n bluetoothd[2816]: profiles/audio/avctp.c:avctp_set_state() AVCTP Connected
Aug 13 05:12:26.457800 n bluetoothd[2816]: profiles/audio/avdtp.c:session_cb()
Aug 13 05:12:26.457823 n bluetoothd[2816]: profiles/audio/avdtp.c:avdtp_parse_cmd() Received  GET_CAPABILITIES_CMD
Aug 13 05:12:26.457840 n bluetoothd[2816]: profiles/audio/a2dp.c:endpoint_getcap_ind() Sink 0x5dd9322d0010: Get_Capability_Ind
Aug 13 05:12:26.466028 n bluetoothd[2816]: profiles/audio/avdtp.c:session_cb()
Aug 13 05:12:26.466060 n bluetoothd[2816]: profiles/audio/avdtp.c:avdtp_parse_cmd() Received  GET_CAPABILITIES_CMD
Aug 13 05:12:26.466081 n bluetoothd[2816]: profiles/audio/a2dp.c:endpoint_getcap_ind() Source 0x5dd9322f88c0: Get_Capability_Ind
Aug 13 05:12:26.488090 n bluetoothd[2816]: profiles/audio/avdtp.c:session_cb()
Aug 13 05:12:26.488107 n bluetoothd[2816]: profiles/audio/avdtp.c:avdtp_parse_cmd() Received  GET_CAPABILITIES_CMD
Aug 13 05:12:26.488118 n bluetoothd[2816]: profiles/audio/a2dp.c:endpoint_getcap_ind() Sink 0x5dd9322f8d40: Get_Capability_Ind
Aug 13 05:12:26.491964 n bluetoothd[2816]: profiles/audio/avrcp.c:handle_vendordep_pdu() AVRCP PDU 0x31, company 0x001958 len 0x0005
Aug 13 05:12:26.513004 n bluetoothd[2816]: profiles/audio/avdtp.c:session_cb()
Aug 13 05:12:26.513040 n bluetoothd[2816]: profiles/audio/avdtp.c:avdtp_parse_cmd() Received  GET_CAPABILITIES_CMD
Aug 13 05:12:26.513064 n bluetoothd[2816]: profiles/audio/a2dp.c:endpoint_getcap_ind() Source 0x5dd9322f2e80: Get_Capability_Ind
Aug 13 05:12:26.539336 n bluetoothd[2816]: profiles/audio/avdtp.c:session_cb()
Aug 13 05:12:26.539373 n bluetoothd[2816]: profiles/audio/avdtp.c:avdtp_parse_cmd() Received  GET_CAPABILITIES_CMD
Aug 13 05:12:26.539393 n bluetoothd[2816]: profiles/audio/a2dp.c:endpoint_getcap_ind() Sink 0x5dd9322f2040: Get_Capability_Ind
Aug 13 05:12:26.564143 n bluetoothd[2816]: profiles/audio/avdtp.c:session_cb()
Aug 13 05:12:26.564164 n bluetoothd[2816]: profiles/audio/avdtp.c:avdtp_parse_cmd() Received  GET_CAPABILITIES_CMD
Aug 13 05:12:26.564173 n bluetoothd[2816]: profiles/audio/a2dp.c:endpoint_getcap_ind() Source 0x5dd9322fab00: Get_Capability_Ind
Aug 13 05:12:26.589123 n bluetoothd[2816]: profiles/audio/avdtp.c:session_cb()
Aug 13 05:12:26.589180 n bluetoothd[2816]: profiles/audio/avdtp.c:avdtp_parse_cmd() Received  GET_CAPABILITIES_CMD
Aug 13 05:12:26.589194 n bluetoothd[2816]: profiles/audio/a2dp.c:endpoint_getcap_ind() Sink 0x5dd9322efb40: Get_Capability_Ind
Aug 13 05:12:26.615326 n bluetoothd[2816]: profiles/audio/avdtp.c:session_cb()
Aug 13 05:12:26.615361 n bluetoothd[2816]: profiles/audio/avdtp.c:avdtp_parse_cmd() Received  GET_CAPABILITIES_CMD
Aug 13 05:12:26.615375 n bluetoothd[2816]: profiles/audio/a2dp.c:endpoint_getcap_ind() Source 0x5dd9322ef400: Get_Capability_Ind
Aug 13 05:12:26.639328 n bluetoothd[2816]: profiles/audio/avdtp.c:session_cb()
Aug 13 05:12:26.639360 n bluetoothd[2816]: profiles/audio/avdtp.c:avdtp_parse_cmd() Received  GET_CAPABILITIES_CMD
Aug 13 05:12:26.639382 n bluetoothd[2816]: profiles/audio/a2dp.c:endpoint_getcap_ind() Source 0x5dd9322f0c00: Get_Capability_Ind
Aug 13 05:12:26.663090 n bluetoothd[2816]: profiles/audio/avdtp.c:session_cb()
Aug 13 05:12:26.663134 n bluetoothd[2816]: profiles/audio/avdtp.c:avdtp_parse_cmd() Received  GET_CAPABILITIES_CMD
Aug 13 05:12:26.663169 n bluetoothd[2816]: profiles/audio/a2dp.c:endpoint_getcap_ind() Source 0x5dd9322f3e70: Get_Capability_Ind
Aug 13 05:12:26.689050 n bluetoothd[2816]: profiles/audio/avdtp.c:session_cb()
Aug 13 05:12:26.689088 n bluetoothd[2816]: profiles/audio/avdtp.c:avdtp_parse_cmd() Received  GET_CAPABILITIES_CMD
Aug 13 05:12:26.689106 n bluetoothd[2816]: profiles/audio/a2dp.c:endpoint_getcap_ind() Source 0x5dd9322f4cb0: Get_Capability_Ind
Aug 13 05:12:26.713057 n bluetoothd[2816]: profiles/audio/avdtp.c:session_cb()
Aug 13 05:12:26.713096 n bluetoothd[2816]: profiles/audio/avdtp.c:avdtp_parse_cmd() Received  GET_CAPABILITIES_CMD
Aug 13 05:12:26.713119 n bluetoothd[2816]: profiles/audio/a2dp.c:endpoint_getcap_ind() Source 0x5dd9322f6580: Get_Capability_Ind
Aug 13 05:12:26.737975 n bluetoothd[2816]: profiles/audio/avdtp.c:session_cb()
Aug 13 05:12:26.738010 n bluetoothd[2816]: profiles/audio/avdtp.c:avdtp_parse_cmd() Received  GET_CAPABILITIES_CMD
Aug 13 05:12:26.738032 n bluetoothd[2816]: profiles/audio/a2dp.c:endpoint_getcap_ind() Source 0x5dd9322ebef0: Get_Capability_Ind
Aug 13 05:12:26.764342 n bluetoothd[2816]: profiles/audio/avdtp.c:session_cb()
Aug 13 05:12:26.764385 n bluetoothd[2816]: profiles/audio/avdtp.c:avdtp_parse_cmd() Received  GET_CAPABILITIES_CMD
Aug 13 05:12:26.764409 n bluetoothd[2816]: profiles/audio/a2dp.c:endpoint_getcap_ind() Source 0x5dd9322f3ae0: Get_Capability_Ind
Aug 13 05:12:26.789333 n bluetoothd[2816]: profiles/audio/avdtp.c:session_cb()
Aug 13 05:12:26.789386 n bluetoothd[2816]: profiles/audio/avdtp.c:avdtp_parse_cmd() Received  GET_CAPABILITIES_CMD
Aug 13 05:12:26.789411 n bluetoothd[2816]: profiles/audio/a2dp.c:endpoint_getcap_ind() Sink 0x5dd9322f7790: Get_Capability_Ind
Aug 13 05:12:26.814139 n bluetoothd[2816]: profiles/audio/avdtp.c:session_cb()
Aug 13 05:12:26.814183 n bluetoothd[2816]: profiles/audio/avdtp.c:avdtp_parse_cmd() Received  GET_CAPABILITIES_CMD
Aug 13 05:12:26.814208 n bluetoothd[2816]: profiles/audio/a2dp.c:endpoint_getcap_ind() Source 0x5dd9322fc0b0: Get_Capability_Ind
Aug 13 05:12:26.843297 n bluetoothd[2816]: profiles/audio/avdtp.c:session_cb()
Aug 13 05:12:26.843331 n bluetoothd[2816]: profiles/audio/avdtp.c:avdtp_parse_cmd() Received  GET_CAPABILITIES_CMD
Aug 13 05:12:26.843346 n bluetoothd[2816]: profiles/audio/a2dp.c:endpoint_getcap_ind() Sink 0x5dd9322ff5c0: Get_Capability_Ind
Aug 13 05:12:26.864068 n bluetoothd[2816]: profiles/audio/avdtp.c:session_cb()
Aug 13 05:12:26.864094 n bluetoothd[2816]: profiles/audio/avdtp.c:avdtp_parse_cmd() Received  GET_CAPABILITIES_CMD
Aug 13 05:12:26.864109 n bluetoothd[2816]: profiles/audio/a2dp.c:endpoint_getcap_ind() Source 0x5dd9323001f0: Get_Capability_Ind
Aug 13 05:12:26.889172 n bluetoothd[2816]: profiles/audio/avdtp.c:session_cb()
Aug 13 05:12:26.889212 n bluetoothd[2816]: profiles/audio/avdtp.c:avdtp_parse_cmd() Received  GET_CAPABILITIES_CMD
Aug 13 05:12:26.889240 n bluetoothd[2816]: profiles/audio/a2dp.c:endpoint_getcap_ind() Source 0x5dd9322d6ee0: Get_Capability_Ind
Aug 13 05:12:26.914363 n bluetoothd[2816]: profiles/audio/avdtp.c:session_cb()
Aug 13 05:12:26.914405 n bluetoothd[2816]: profiles/audio/avdtp.c:avdtp_parse_cmd() Received  GET_CAPABILITIES_CMD
Aug 13 05:12:26.914427 n bluetoothd[2816]: profiles/audio/a2dp.c:endpoint_getcap_ind() Source 0x5dd9322f88c0: Get_Capability_Ind
Aug 13 05:12:26.938046 n bluetoothd[2816]: profiles/audio/avdtp.c:session_cb()
Aug 13 05:12:26.938067 n bluetoothd[2816]: profiles/audio/avdtp.c:avdtp_parse_cmd() Received SET_CONFIGURATION_CMD
Aug 13 05:12:26.938081 n bluetoothd[2816]: profiles/audio/a2dp.c:endpoint_setconf_ind() Source 0x5dd9322f88c0: Set_Configuration_Ind
Aug 13 05:12:26.938092 n bluetoothd[2816]: profiles/audio/avdtp.c:avdtp_ref() 0x5dd93230ac60: ref=2
Aug 13 05:12:26.938101 n bluetoothd[2816]: profiles/audio/avdtp.c:avdtp_unref() 0x5dd93230ac60: ref=1
Aug 13 05:12:26.938109 n bluetoothd[2816]: profiles/audio/a2dp.c:setup_ref() 0x5dd9322d3d70: ref=1
Aug 13 05:12:26.938117 n bluetoothd[2816]: profiles/audio/a2dp.c:setup_ref() 0x5dd9322d3d70: ref=2
Aug 13 05:12:26.938229 n bluetoothd[2816]: profiles/audio/media.c:media_endpoint_async_call() Calling SetConfiguration: name = :1.84 path = /MediaEndpoint/A2DPSource/aptx_hd
Aug 13 05:12:26.940188 n bluetoothd[2816]: profiles/audio/avdtp.c:avdtp_ref() 0x5dd93230ac60: ref=2
Aug 13 05:12:26.940206 n bluetoothd[2816]: profiles/audio/avdtp.c:avdtp_sep_set_state() stream state changed: IDLE -> CONFIGURED
Aug 13 05:12:26.940215 n bluetoothd[2816]: profiles/audio/a2dp.c:setup_unref() 0x5dd9322d3d70: ref=1
Aug 13 05:12:26.940223 n bluetoothd[2816]: profiles/audio/a2dp.c:setup_unref() 0x5dd9322d3d70: ref=0
Aug 13 05:12:26.940230 n bluetoothd[2816]: profiles/audio/a2dp.c:setup_free() 0x5dd9322d3d70
Aug 13 05:12:26.940238 n bluetoothd[2816]: profiles/audio/avdtp.c:avdtp_unref() 0x5dd93230ac60: ref=1
Aug 13 05:12:26.959693 n bluetoothd[2816]: profiles/audio/transport.c:media_owner_create() Owner created: sender=:1.84
Aug 13 05:12:26.959721 n bluetoothd[2816]: profiles/audio/transport.c:media_transport_resume() Transport /org/bluez/hci0/dev_AA:BB:CC:00:00:03/fd1 Owner :1.84
Aug 13 05:12:26.959731 n bluetoothd[2816]: profiles/audio/avdtp.c:avdtp_ref() 0x5dd93230ac60: ref=2
Aug 13 05:12:26.959739 n bluetoothd[2816]: profiles/audio/a2dp.c:a2dp_sep_lock() SEP 0x5dd9322f88c0 locked
Aug 13 05:12:26.959746 n bluetoothd[2816]: profiles/audio/avdtp.c:avdtp_ref() 0x5dd93230ac60: ref=3
Aug 13 05:12:26.959754 n bluetoothd[2816]: profiles/audio/a2dp.c:setup_ref() 0x5dd932310080: ref=1
Aug 13 05:12:26.959762 n bluetoothd[2816]: profiles/audio/transport.c:transport_set_state() State changed /org/bluez/hci0/dev_AA:BB:CC:00:00:03/fd1: TRANSPORT_STATE_IDLE -> TRANSPORT_STATE_REQUESTING
Aug 13 05:12:26.959774 n bluetoothd[2816]: profiles/audio/transport.c:media_request_create() Request created: method=Acquire id=5
Aug 13 05:12:26.959782 n bluetoothd[2816]: profiles/audio/transport.c:media_owner_add() Owner :1.84 Request Acquire
Aug 13 05:12:26.959790 n bluetoothd[2816]: profiles/audio/transport.c:media_transport_set_owner() Transport /org/bluez/hci0/dev_AA:BB:CC:00:00:03/fd1 Owner :1.84
Aug 13 05:12:26.962952 n bluetoothd[2816]: profiles/audio/avdtp.c:session_cb()
Aug 13 05:12:26.962970 n bluetoothd[2816]: profiles/audio/avdtp.c:avdtp_parse_cmd() Received OPEN_CMD
Aug 13 05:12:26.962982 n bluetoothd[2816]: profiles/audio/a2dp.c:open_ind() Source 0x5dd9322f88c0: Open_Ind
Aug 13 05:12:26.962993 n bluetoothd[2816]: profiles/audio/a2dp.c:setup_ref() 0x5dd932310080: ref=2
Aug 13 05:12:26.988127 n bluetoothd[2816]: profiles/audio/a2dp.c:confirm_cb() AVDTP: incoming connect from AA:BB:CC:00:00:02
Aug 13 05:12:26.997103 n bluetoothd[2816]: profiles/audio/avdtp.c:handle_transport_connect() Flushable packets enabled
Aug 13 05:12:26.997143 n bluetoothd[2816]: profiles/audio/avdtp.c:handle_transport_connect() sk 43, omtu 895, send buffer size 106496
Aug 13 05:12:26.997165 n bluetoothd[2816]: profiles/audio/avdtp.c:avdtp_sep_set_state() stream state changed: CONFIGURED -> OPEN
Aug 13 05:12:26.997187 n bluetoothd[2816]: src/service.c:change_state() 0x5dd9322df890: device AA:BB:CC:00:00:02 profile a2dp-sink state changed: disconnected -> connected (0)
Aug 13 05:12:26.997208 n bluetoothd[2816]: plugins/policy.c:service_cb() Added a2dp-sink reconnect 1
Aug 13 05:12:26.997223 n bluetoothd[2816]: profiles/audio/sink.c:sink_set_state() State changed /org/bluez/hci0/dev_AA:BB:CC:00:00:03: SINK_STATE_CONNECTING -> SINK_STATE_CONNECTED
Aug 13 05:12:26.997243 n bluetoothd[2816]: profiles/audio/transport.c:transport_update_playing() /org/bluez/hci0/dev_AA:BB:CC:00:00:03/fd1 State=TRANSPORT_STATE_REQUESTING Playing=0
Aug 13 05:12:26.997263 n bluetoothd[2816]: profiles/audio/a2dp.c:setup_unref() 0x5dd932310080: ref=1
Aug 13 05:12:28.539238 n bluetoothd[2816]: profiles/audio/player.c:media_player_set_status() stopped
Aug 13 05:12:28.639140 n bluetoothd[2816]: profiles/audio/avdtp.c:session_cb()
Aug 13 05:12:28.639175 n bluetoothd[2816]: profiles/audio/avdtp.c:avdtp_parse_resp() START request succeeded
Aug 13 05:12:28.639185 n bluetoothd[2816]: profiles/audio/a2dp.c:start_cfm() Source 0x5dd9322f88c0: Start_Cfm
Aug 13 05:12:28.639194 n bluetoothd[2816]: /org/bluez/hci0/dev_AA:BB:CC:00:00:03/fd1: fd(43) ready
Aug 13 05:12:28.639253 n bluetoothd[2816]: profiles/audio/transport.c:media_owner_remove() Owner :1.84 Request Acquire
Aug 13 05:12:28.639264 n bluetoothd[2816]: profiles/audio/transport.c:transport_set_state() State changed /org/bluez/hci0/dev_AA:BB:CC:00:00:03/fd1: TRANSPORT_STATE_REQUESTING -> TRANSPORT_STATE_ACTIVE
Aug 13 05:12:28.639283 n bluetoothd[2816]: profiles/audio/a2dp.c:setup_unref() 0x5dd932310080: ref=0
Aug 13 05:12:28.639293 n bluetoothd[2816]: profiles/audio/a2dp.c:setup_free() 0x5dd932310080
Aug 13 05:12:28.639304 n bluetoothd[2816]: profiles/audio/avdtp.c:avdtp_unref() 0x5dd93230ac60: ref=2
Aug 13 05:12:28.639315 n bluetoothd[2816]: profiles/audio/avdtp.c:avdtp_sep_set_state() stream state changed: OPEN -> STREAMING
Aug 13 05:12:28.639327 n bluetoothd[2816]: profiles/audio/sink.c:sink_set_state() State changed /org/bluez/hci0/dev_AA:BB:CC:00:00:03: SINK_STATE_CONNECTED -> SINK_STATE_PLAYING
Aug 13 05:12:28.639338 n bluetoothd[2816]: profiles/audio/transport.c:transport_update_playing() /org/bluez/hci0/dev_AA:BB:CC:00:00:03/fd1 State=TRANSPORT_STATE_ACTIVE Playing=1
Aug 13 05:12:28.639728 n bluetoothd[2816]: profiles/audio/transport.c:media_transport_set_volume() Transport /org/bluez/hci0/dev_AA:BB:CC:00:00:03/fd1 level 93
Aug 13 05:12:37.150196 n bluetoothd[2816]: src/shared/mgmt.c:can_read_data() [0x0000] event 0x000c
Aug 13 05:12:37.150220 n bluetoothd[2816]: src/adapter.c:dev_disconnected() Device AA:BB:CC:00:00:02 disconnected, reason 21
Aug 13 05:12:37.150238 n bluetoothd[2816]: src/adapter.c:adapter_remove_connection()
Aug 13 05:12:37.150273 n bluetoothd[2816]: plugins/policy.c:disconnect_cb() reason 21
Aug 13 05:12:37.150285 n bluetoothd[2816]: src/adapter.c:bonding_attempt_complete() hci0 bdaddr AA:BB:CC:00:00:02 type 0 status 0xe
Aug 13 05:12:37.150297 n bluetoothd[2816]: src/device.c:device_bonding_complete() bonding (nil) status 0x0e
Aug 13 05:12:37.150310 n bluetoothd[2816]: src/device.c:device_bonding_failed() status 14
Aug 13 05:12:37.150322 n bluetoothd[2816]: src/adapter.c:resume_discovery()
Aug 13 05:12:37.150353 n bluetoothd[2816]: src/profile.c:ext_io_disconnected() Unable to get io data for Hands-Free Voice gateway: getpeername: Transport endpoint is not connected (107)
Aug 13 05:12:37.150368 n bluetoothd[2816]: src/service.c:change_state() 0x5dd9322f9d60: device AA:BB:CC:00:00:02 profile Hands-Free Voice gateway state changed: connected -> disconnected (0)
Aug 13 05:12:37.150385 n bluetoothd[2816]: src/service.c:btd_service_unref() 0x5dd9322f9d60: ref=2
Aug 13 05:12:37.150402 n bluetoothd[2816]: profiles/audio/avdtp.c:session_cb()
Aug 13 05:12:37.150412 n bluetoothd[2816]: profiles/audio/avdtp.c:avdtp_ref() 0x5dd93230ac60: ref=3
Aug 13 05:12:37.150427 n bluetoothd[2816]: profiles/audio/avdtp.c:connection_lost() Disconnected from AA:BB:CC:00:00:02
Aug 13 05:12:37.150439 n bluetoothd[2816]: profiles/audio/a2dp.c:abort_cfm() Source 0x5dd9322f88c0: Abort_Cfm
Aug 13 05:12:37.150455 n bluetoothd[2816]: profiles/audio/avdtp.c:avdtp_sep_set_state() stream state changed: STREAMING -> IDLE
Aug 13 05:12:37.150538 n bluetoothd[2816]: profiles/audio/transport.c:media_transport_remove_owner() Transport /org/bluez/hci0/dev_AA:BB:CC:00:00:03/fd1 Owner :1.84
Aug 13 05:12:37.150564 n bluetoothd[2816]: profiles/audio/transport.c:media_owner_free() Owner :1.84
Aug 13 05:12:37.150584 n bluetoothd[2816]: profiles/audio/transport.c:media_transport_suspend() Transport /org/bluez/hci0/dev_AA:BB:CC:00:00:03/fd1 Owner
Aug 13 05:12:37.150602 n bluetoothd[2816]: profiles/audio/transport.c:transport_set_state() State changed /org/bluez/hci0/dev_AA:BB:CC:00:00:03/fd1: TRANSPORT_STATE_ACTIVE -> TRANSPORT_STATE_IDLE
Aug 13 05:12:37.150623 n bluetoothd[2816]: profiles/audio/a2dp.c:a2dp_sep_unlock() SEP 0x5dd9322f88c0 unlocked
Aug 13 05:12:37.150640 n bluetoothd[2816]: profiles/audio/avdtp.c:avdtp_unref() 0x5dd93230ac60: ref=2
Aug 13 05:12:37.150709 n bluetoothd[2816]: src/service.c:change_state() 0x5dd9322df890: device AA:BB:CC:00:00:02 profile a2dp-sink state changed: connected -> disconnected (0)
Aug 13 05:12:37.150728 n bluetoothd[2816]: plugins/policy.c:policy_disconnect() /org/bluez/hci0/dev_AA:BB:CC:00:00:03 profile avrcp-controller
Aug 13 05:12:37.150744 n bluetoothd[2816]: src/service.c:change_state() 0x5dd9322df790: device AA:BB:CC:00:00:02 profile avrcp-controller state changed: connected -> disconnecting (0)
Aug 13 05:12:37.150760 n bluetoothd[2816]: profiles/audio/avrcp.c:avrcp_disconnect() path /org/bluez/hci0/dev_AA:BB:CC:00:00:03
Aug 13 05:12:37.150778 n bluetoothd[2816]: src/service.c:change_state() 0x5dd9322df850: device AA:BB:CC:00:00:02 profile audio-avrcp-target state changed: connected -> disconnected (0)
Aug 13 05:12:37.150796 n bluetoothd[2816]: src/service.c:change_state() 0x5dd9322df790: device AA:BB:CC:00:00:02 profile avrcp-controller state changed: disconnecting -> disconnected (0)
Aug 13 05:12:37.150813 n bluetoothd[2816]: profiles/audio/avrcp.c:controller_destroy() 0x5dd932311e10
Aug 13 05:12:37.150828 n bluetoothd[2816]: profiles/audio/player.c:media_player_destroy() /org/bluez/hci0/dev_AA:BB:CC:00:00:03/player0
Aug 13 05:12:37.150884 n bluetoothd[2816]: profiles/audio/avrcp.c:target_destroy() 0x5dd9322e5440
Aug 13 05:12:37.150921 n bluetoothd[2816]: profiles/audio/avctp.c:avctp_set_state() AVCTP Disconnected
Aug 13 05:12:37.150966 n bluetoothd[2816]: profiles/audio/avctp.c:avctp_disconnected() AVCTP: closing uinput for AA:BB:CC:00:00:02
Aug 13 05:12:37.181103 n bluetoothd[2816]: profiles/audio/avdtp.c:avdtp_unref() 0x5dd93230ac60: ref=1
Aug 13 05:12:37.181152 n bluetoothd[2816]: profiles/audio/sink.c:sink_set_state() State changed /org/bluez/hci0/dev_AA:BB:CC:00:00:03: SINK_STATE_PLAYING -> SINK_STATE_DISCONNECTED
Aug 13 05:12:37.181165 n bluetoothd[2816]: profiles/audio/a2dp.c:channel_remove() chan 0x5dd932311a60
Aug 13 05:12:37.181298 n bluetoothd[2816]: profiles/audio/avdtp.c:avdtp_unref() 0x5dd93230ac60: ref=0
Aug 13 05:12:37.181316 n bluetoothd[2816]: profiles/audio/avdtp.c:avdtp_free() 0x5dd93230ac60
Aug 13 05:12:37.181460 n bluetoothd[2816]: src/battery.c:provided_battery_removed_cb() provided battery removed /org/freedesktop/pipewire/battery/org/bluez/hci0/dev_AA:BB:CC:00:00:03
Aug 13 05:12:37.181477 n bluetoothd[2816]: src/battery.c:btd_battery_unregister() path = /org/bluez/hci0/dev_AA:BB:CC:00:00:03
Aug 13 05:12:37.196032 n bluetoothd[2816]: src/shared/mgmt.c:can_read_data() [0x0000] event 0x0007
Aug 13 05:12:37.196051 n bluetoothd[2816]: src/adapter.c:dev_class_changed_callback() Class: 0x000000
Aug 13 05:12:37.196086 n bluetoothd[2816]: src/shared/mgmt.c:can_read_data() [0x0000] event 0x0006
Aug 13 05:12:37.196097 n bluetoothd[2816]: src/adapter.c:new_settings_callback() Settings: 0x00000ac0
Aug 13 05:12:37.196110 n bluetoothd[2816]: src/adapter.c:settings_changed() Changed settings: 0x00000001
Aug 13 05:12:37.196125 n bluetoothd[2816]: src/adapter.c:settings_changed() Pending settings: 0x00000000
Aug 13 05:12:37.196141 n bluetoothd[2816]: src/adapter.c:cancel_passive_scanning()
Aug 13 05:12:37.196159 n bluetoothd[2816]: src/adapter.c:adapter_stop() adapter /org/bluez/hci0 has been disabled
Aug 13 05:12:37.196276 n bluetoothd[2816]: src/rfkill.c:rfkill_event() RFKILL event idx 0 type 2 op 2 soft 1 hard 0
Aug 13 05:12:37.196350 n bluetoothd[2816]: src/rfkill.c:rfkill_event() RFKILL unblock for hci0
Aug 13 05:12:37.196362 n bluetoothd[2816]: src/adapter.c:adapter_set_power_state() off-blocked
Aug 13 05:12:46.781534 n bluetoothd[2816]: src/adapter.c:property_set_mode() sending Set Powered command for index 0
Aug 13 05:12:46.781582 n bluetoothd[2816]: src/shared/mgmt.c:send_request() [0x0000] command 0x0005
Aug 13 05:12:46.781602 n bluetoothd[2816]: src/rfkill.c:rfkill_event() RFKILL event idx 0 type 2 op 2 soft 0 hard 0
Aug 13 05:12:46.781670 n bluetoothd[2816]: src/rfkill.c:rfkill_event() RFKILL unblock for hci0
Aug 13 05:12:46.781727 n bluetoothd[2816]: src/adapter.c:adapter_set_power_state() off
Aug 13 05:12:46.781739 n bluetoothd[2816]: src/adapter.c:adapter_set_power_state() off-enabling
Aug 13 05:12:46.781749 n bluetoothd[2816]: src/adapter.c:set_mode() sending set mode command for index 0
Aug 13 05:12:47.066112 n bluetoothd[2816]: src/shared/mgmt.c:can_read_data() [0x0000] event 0x0007
Aug 13 05:12:47.066125 n bluetoothd[2816]: src/adapter.c:dev_class_changed_callback() Class: 0x7c010c
Aug 13 05:12:47.072120 n bluetoothd[2816]: src/shared/mgmt.c:can_read_data() [0x0000] command 0x0005 complete: 0x00
Aug 13 05:12:47.072137 n bluetoothd[2816]: src/adapter.c:property_set_mode_complete() Success (0x00)
Aug 13 05:12:47.072163 n bluetoothd[2816]: src/adapter.c:adapter_set_power_state() on
Aug 13 05:12:47.072176 n bluetoothd[2816]: src/adapter.c:new_settings_callback() Settings: 0x00000ac1
Aug 13 05:12:47.072186 n bluetoothd[2816]: src/adapter.c:settings_changed() Changed settings: 0x00000001
Aug 13 05:12:47.072196 n bluetoothd[2816]: src/adapter.c:settings_changed() Pending settings: 0x00000000
Aug 13 05:12:47.072208 n bluetoothd[2816]: src/adapter.c:adapter_start() adapter /org/bluez/hci0 has been enabled
Aug 13 05:12:47.072218 n bluetoothd[2816]: src/adapter.c:trigger_passive_scanning()
Aug 13 05:12:47.072261 n bluetoothd[2816]: src/shared/mgmt.c:send_request() [0x0000] command 0x0005
Aug 13 05:12:47.072278 n bluetoothd[2816]: src/shared/mgmt.c:can_read_data() [0x0000] command 0x0005 complete: 0x00
Aug 13 05:12:48.925217 n bluetoothd[2816]: src/shared/mgmt.c:can_read_data() [0x0000] event 0x000b
Aug 13 05:12:48.925244 n bluetoothd[2816]: src/adapter.c:connected_callback() hci0 device AA:BB:CC:00:00:02 connected eir_len 17
Aug 13 05:12:49.106122 n bluetoothd[2816]: src/profile.c:ext_confirm() incoming connect from AA:BB:CC:00:00:02
Aug 13 05:12:49.106197 n bluetoothd[2816]: src/service.c:btd_service_ref() 0x5dd9322f9d60: ref=3
Aug 13 05:12:49.106221 n bluetoothd[2816]: src/profile.c:ext_confirm() Hands-Free Voice gateway authorizing connection from AA:BB:CC:00:00:02
Aug 13 05:12:49.106284 n bluetoothd[2816]: src/profile.c:ext_auth() AA:BB:CC:00:00:02 authorized to connect to Hands-Free Voice gateway
Aug 13 05:12:49.106323 n bluetoothd[2816]: src/profile.c:ext_connect() Hands-Free Voice gateway connected to AA:BB:CC:00:00:02
Aug 13 05:12:49.106339 n bluetoothd[2816]: src/service.c:change_state() 0x5dd9322f9d60: device AA:BB:CC:00:00:02 profile Hands-Free Voice gateway state changed: disconnected -> connecting (0)
Aug 13 05:12:49.107313 n bluetoothd[2816]: src/service.c:change_state() 0x5dd9322f9d60: device AA:BB:CC:00:00:02 profile Hands-Free Voice gateway state changed: connecting -> connected (0)
Aug 13 05:12:49.107324 n bluetoothd[2816]: src/device.c:device_profile_connected() Hands-Free Voice gateway Success (0)
Aug 13 05:12:49.107334 n bluetoothd[2816]: plugins/policy.c:service_cb() Added Hands-Free Voice gateway reconnect 1
Aug 13 05:12:49.195687 n bluetoothd[2816]: src/battery.c:btd_battery_register() path = /org/bluez/hci0/dev_AA:BB:CC:00:00:03
Aug 13 05:12:49.195712 n bluetoothd[2816]: src/battery.c:btd_battery_register() registered Battery object: /org/bluez/hci0/dev_AA:BB:CC:00:00:03
Aug 13 05:12:49.195722 n bluetoothd[2816]: src/battery.c:provided_battery_added_cb() provided battery added /org/freedesktop/pipewire/battery/org/bluez/hci0/dev_AA:BB:CC:00:00:03
Aug 13 05:12:49.195732 n bluetoothd[2816]: src/battery.c:btd_battery_update() path = /org/bluez/hci0/dev_AA:BB:CC:00:00:03
Aug 13 05:12:49.405488 n bluetoothd[2816]: profiles/audio/a2dp.c:confirm_cb() AVDTP: incoming connect from AA:BB:CC:00:00:02
Aug 13 05:12:49.412333 n bluetoothd[2816]: profiles/audio/sink.c:sink_set_state() State changed /org/bluez/hci0/dev_AA:BB:CC:00:00:03: SINK_STATE_DISCONNECTED -> SINK_STATE_CONNECTING
Aug 13 05:12:49.412421 n bluetoothd[2816]: profiles/audio/avdtp.c:avdtp_connect_cb() AVDTP: connected signaling channel to AA:BB:CC:00:00:02
Aug 13 05:12:49.412435 n bluetoothd[2816]: profiles/audio/avdtp.c:avdtp_connect_cb() AVDTP imtu=672, omtu=895
Aug 13 05:12:49.412511 n bluetoothd[2816]: profiles/audio/avdtp.c:avdtp_register_remote_sep() seid 7 type 1 media 0 delay_reporting false
Aug 13 05:12:49.412553 n bluetoothd[2816]: profiles/audio/a2dp.c:register_remote_sep() Found remote SEP: /org/bluez/hci0/dev_AA:BB:CC:00:00:03/sep7
Aug 13 05:12:49.412569 n bluetoothd[2816]: profiles/audio/avdtp.c:avdtp_register_remote_sep() seid 6 type 1 media 0 delay_reporting false
Aug 13 05:12:49.412603 n bluetoothd[2816]: profiles/audio/a2dp.c:register_remote_sep() Found remote SEP: /org/bluez/hci0/dev_AA:BB:CC:00:00:03/sep6
Aug 13 05:12:49.412618 n bluetoothd[2816]: profiles/audio/avdtp.c:avdtp_register_remote_sep() seid 5 type 1 media 0 delay_reporting false
Aug 13 05:12:49.412641 n bluetoothd[2816]: profiles/audio/a2dp.c:register_remote_sep() Found remote SEP: /org/bluez/hci0/dev_AA:BB:CC:00:00:03/sep5
Aug 13 05:12:49.412656 n bluetoothd[2816]: profiles/audio/avdtp.c:avdtp_register_remote_sep() seid 4 type 1 media 0 delay_reporting false
Aug 13 05:12:49.412676 n bluetoothd[2816]: profiles/audio/a2dp.c:register_remote_sep() Found remote SEP: /org/bluez/hci0/dev_AA:BB:CC:00:00:03/sep4
Aug 13 05:12:49.412705 n bluetoothd[2816]: profiles/audio/avdtp.c:avdtp_register_remote_sep() seid 8 type 1 media 0 delay_reporting false
Aug 13 05:12:49.412734 n bluetoothd[2816]: profiles/audio/a2dp.c:register_remote_sep() Found remote SEP: /org/bluez/hci0/dev_AA:BB:CC:00:00:03/sep8
Aug 13 05:12:49.412749 n bluetoothd[2816]: profiles/audio/a2dp.c:load_remote_sep() LastUsed: lseid 3 rseid 7
Aug 13 05:12:49.412775 n bluetoothd[2816]: profiles/audio/avdtp.c:avdtp_ref() 0x5dd93230b7c0: ref=1
Aug 13 05:12:49.412787 n bluetoothd[2816]: profiles/audio/avdtp.c:set_disconnect_timer() timeout 1
Aug 13 05:12:49.455002 n bluetoothd[2816]: profiles/audio/avdtp.c:session_cb()
Aug 13 05:12:49.455021 n bluetoothd[2816]: profiles/audio/avdtp.c:avdtp_parse_cmd() Received DISCOVER_CMD
Aug 13 05:12:49.455075 n bluetoothd[2816]: profiles/audio/avctp.c:avctp_confirm_cb() AVCTP: incoming connect from AA:BB:CC:00:00:02
Aug 13 05:12:49.455089 n bluetoothd[2816]: profiles/audio/avctp.c:avctp_set_state() AVCTP Connecting
Aug 13 05:12:49.465995 n bluetoothd[2816]: profiles/audio/avdtp.c:session_cb()
Aug 13 05:12:49.466021 n bluetoothd[2816]: profiles/audio/avdtp.c:avdtp_parse_cmd() Received  GET_CAPABILITIES_CMD
Aug 13 05:12:49.466035 n bluetoothd[2816]: profiles/audio/a2dp.c:endpoint_getcap_ind() Source 0x5dd9322d6ee0: Get_Capability_Ind
Aug 13 05:12:49.474012 n bluetoothd[2816]: profiles/audio/avctp.c:avctp_connect_cb() AVCTP: connected to AA:BB:CC:00:00:02
Aug 13 05:12:49.474443 n bluetoothd[2816]: profiles/audio/avctp.c:init_uinput() AVRCP: uinput initialized for MOMENTUM 4
Aug 13 05:12:49.474481 n bluetoothd[2816]: profiles/audio/avrcp.c:controller_init() 0x5dd932311c00 version 0x0106
Aug 13 05:12:49.474504 n bluetoothd[2816]: src/service.c:change_state() 0x5dd9322df850: device AA:BB:CC:00:00:02 profile audio-avrcp-target state changed: disconnected -> connected (0)
Aug 13 05:12:49.474556 n bluetoothd[2816]: profiles/audio/player.c:media_player_controller_create() /org/bluez/hci0/dev_AA:BB:CC:00:00:03/player0
Aug 13 05:12:49.474586 n bluetoothd[2816]: profiles/audio/avrcp.c:target_init() 0x5dd932312a90 version 0x0106
Aug 13 05:12:49.474608 n bluetoothd[2816]: src/service.c:change_state() 0x5dd9322df790: device AA:BB:CC:00:00:02 profile avrcp-controller state changed: disconnected -> connected (0)
Aug 13 05:12:49.474631 n bluetoothd[2816]: profiles/audio/avctp.c:avctp_set_state() AVCTP Connected
Aug 13 05:12:49.474675 n bluetoothd[2816]: profiles/audio/avdtp.c:session_cb()
Aug 13 05:12:49.474691 n bluetoothd[2816]: profiles/audio/avdtp.c:avdtp_parse_cmd() Received  GET_CAPABILITIES_CMD
Aug 13 05:12:49.474702 n bluetoothd[2816]: profiles/audio/a2dp.c:endpoint_getcap_ind() Sink 0x5dd9322d0010: Get_Capability_Ind
Aug 13 05:12:49.482946 n bluetoothd[2816]: profiles/audio/avdtp.c:session_cb()
Aug 13 05:12:49.482959 n bluetoothd[2816]: profiles/audio/avdtp.c:avdtp_parse_cmd() Received  GET_CAPABILITIES_CMD
Aug 13 05:12:49.482967 n bluetoothd[2816]: profiles/audio/a2dp.c:endpoint_getcap_ind() Source 0x5dd9322f88c0: Get_Capability_Ind
Aug 13 05:12:49.504997 n bluetoothd[2816]: profiles/audio/avdtp.c:session_cb()
Aug 13 05:12:49.505021 n bluetoothd[2816]: profiles/audio/avdtp.c:avdtp_parse_cmd() Received  GET_CAPABILITIES_CMD
Aug 13 05:12:49.505033 n bluetoothd[2816]: profiles/audio/a2dp.c:endpoint_getcap_ind() Sink 0x5dd9322f8d40: Get_Capability_Ind
Aug 13 05:12:49.507064 n bluetoothd[2816]: profiles/audio/avrcp.c:handle_vendordep_pdu() AVRCP PDU 0x31, company 0x001958 len 0x0005
Aug 13 05:12:49.529987 n bluetoothd[2816]: profiles/audio/avdtp.c:session_cb()
Aug 13 05:12:49.530004 n bluetoothd[2816]: profiles/audio/avdtp.c:avdtp_parse_cmd() Received  GET_CAPABILITIES_CMD
Aug 13 05:12:49.530014 n bluetoothd[2816]: profiles/audio/a2dp.c:endpoint_getcap_ind() Source 0x5dd9322f2e80: Get_Capability_Ind
Aug 13 05:12:49.555994 n bluetoothd[2816]: profiles/audio/avdtp.c:session_cb()
Aug 13 05:12:49.556023 n bluetoothd[2816]: profiles/audio/avdtp.c:avdtp_parse_cmd() Received  GET_CAPABILITIES_CMD
Aug 13 05:12:49.556038 n bluetoothd[2816]: profiles/audio/a2dp.c:endpoint_getcap_ind() Sink 0x5dd9322f2040: Get_Capability_Ind
Aug 13 05:12:49.580553 n bluetoothd[2816]: profiles/audio/avdtp.c:session_cb()
Aug 13 05:12:49.580583 n bluetoothd[2816]: profiles/audio/avdtp.c:avdtp_parse_cmd() Received  GET_CAPABILITIES_CMD
Aug 13 05:12:49.580598 n bluetoothd[2816]: profiles/audio/a2dp.c:endpoint_getcap_ind() Source 0x5dd9322fab00: Get_Capability_Ind
Aug 13 05:12:49.605213 n bluetoothd[2816]: profiles/audio/avdtp.c:session_cb()
Aug 13 05:12:49.605252 n bluetoothd[2816]: profiles/audio/avdtp.c:avdtp_parse_cmd() Received  GET_CAPABILITIES_CMD
Aug 13 05:12:49.605273 n bluetoothd[2816]: profiles/audio/a2dp.c:endpoint_getcap_ind() Sink 0x5dd9322efb40: Get_Capability_Ind
Aug 13 05:12:49.630086 n bluetoothd[2816]: profiles/audio/avdtp.c:session_cb()
Aug 13 05:12:49.630120 n bluetoothd[2816]: profiles/audio/avdtp.c:avdtp_parse_cmd() Received  GET_CAPABILITIES_CMD
Aug 13 05:12:49.630142 n bluetoothd[2816]: profiles/audio/a2dp.c:endpoint_getcap_ind() Source 0x5dd9322ef400: Get_Capability_Ind
Aug 13 05:12:49.653288 n bluetoothd[2816]: profiles/audio/avdtp.c:session_cb()
Aug 13 05:12:49.653319 n bluetoothd[2816]: profiles/audio/avdtp.c:avdtp_parse_cmd() Received  GET_CAPABILITIES_CMD
Aug 13 05:12:49.653333 n bluetoothd[2816]: profiles/audio/a2dp.c:endpoint_getcap_ind() Source 0x5dd9322f0c00: Get_Capability_Ind
Aug 13 05:12:49.680139 n bluetoothd[2816]: profiles/audio/avdtp.c:session_cb()
Aug 13 05:12:49.680171 n bluetoothd[2816]: profiles/audio/avdtp.c:avdtp_parse_cmd() Received  GET_CAPABILITIES_CMD
Aug 13 05:12:49.680186 n bluetoothd[2816]: profiles/audio/a2dp.c:endpoint_getcap_ind() Source 0x5dd9322f3e70: Get_Capability_Ind
Aug 13 05:12:49.705084 n bluetoothd[2816]: profiles/audio/avdtp.c:session_cb()
Aug 13 05:12:49.705107 n bluetoothd[2816]: profiles/audio/avdtp.c:avdtp_parse_cmd() Received  GET_CAPABILITIES_CMD
Aug 13 05:12:49.705120 n bluetoothd[2816]: profiles/audio/a2dp.c:endpoint_getcap_ind() Source 0x5dd9322f4cb0: Get_Capability_Ind
Aug 13 05:12:49.728565 n bluetoothd[2816]: profiles/audio/avdtp.c:session_cb()
Aug 13 05:12:49.728593 n bluetoothd[2816]: profiles/audio/avdtp.c:avdtp_parse_cmd() Received  GET_CAPABILITIES_CMD
Aug 13 05:12:49.728609 n bluetoothd[2816]: profiles/audio/a2dp.c:endpoint_getcap_ind() Source 0x5dd9322f6580: Get_Capability_Ind
Aug 13 05:12:49.754994 n bluetoothd[2816]: profiles/audio/avdtp.c:session_cb()
Aug 13 05:12:49.755015 n bluetoothd[2816]: profiles/audio/avdtp.c:avdtp_parse_cmd() Received  GET_CAPABILITIES_CMD
Aug 13 05:12:49.755028 n bluetoothd[2816]: profiles/audio/a2dp.c:endpoint_getcap_ind() Source 0x5dd9322ebef0: Get_Capability_Ind
Aug 13 05:12:49.780009 n bluetoothd[2816]: profiles/audio/avdtp.c:session_cb()
Aug 13 05:12:49.780036 n bluetoothd[2816]: profiles/audio/avdtp.c:avdtp_parse_cmd() Received  GET_CAPABILITIES_CMD
Aug 13 05:12:49.780047 n bluetoothd[2816]: profiles/audio/a2dp.c:endpoint_getcap_ind() Source 0x5dd9322f3ae0: Get_Capability_Ind
Aug 13 05:12:49.805038 n bluetoothd[2816]: profiles/audio/avdtp.c:session_cb()
Aug 13 05:12:49.805063 n bluetoothd[2816]: profiles/audio/avdtp.c:avdtp_parse_cmd() Received  GET_CAPABILITIES_CMD
Aug 13 05:12:49.805085 n bluetoothd[2816]: profiles/audio/a2dp.c:endpoint_getcap_ind() Sink 0x5dd9322f7790: Get_Capability_Ind
Aug 13 05:12:49.830021 n bluetoothd[2816]: profiles/audio/avdtp.c:session_cb()
Aug 13 05:12:49.830046 n bluetoothd[2816]: profiles/audio/avdtp.c:avdtp_parse_cmd() Received  GET_CAPABILITIES_CMD
Aug 13 05:12:49.830061 n bluetoothd[2816]: profiles/audio/a2dp.c:endpoint_getcap_ind() Source 0x5dd9322fc0b0: Get_Capability_Ind
Aug 13 05:12:49.854999 n bluetoothd[2816]: profiles/audio/avdtp.c:session_cb()
Aug 13 05:12:49.855012 n bluetoothd[2816]: profiles/audio/avdtp.c:avdtp_parse_cmd() Received  GET_CAPABILITIES_CMD
Aug 13 05:12:49.855021 n bluetoothd[2816]: profiles/audio/a2dp.c:endpoint_getcap_ind() Sink 0x5dd9322ff5c0: Get_Capability_Ind
Aug 13 05:12:49.883336 n bluetoothd[2816]: profiles/audio/avdtp.c:session_cb()
Aug 13 05:12:49.883367 n bluetoothd[2816]: profiles/audio/avdtp.c:avdtp_parse_cmd() Received  GET_CAPABILITIES_CMD
Aug 13 05:12:49.883384 n bluetoothd[2816]: profiles/audio/a2dp.c:endpoint_getcap_ind() Source 0x5dd9323001f0: Get_Capability_Ind
Aug 13 05:12:49.906334 n bluetoothd[2816]: profiles/audio/avdtp.c:session_cb()
Aug 13 05:12:49.906368 n bluetoothd[2816]: profiles/audio/avdtp.c:avdtp_parse_cmd() Received  GET_CAPABILITIES_CMD
Aug 13 05:12:49.906382 n bluetoothd[2816]: profiles/audio/a2dp.c:endpoint_getcap_ind() Source 0x5dd9322d6ee0: Get_Capability_Ind
Aug 13 05:12:49.929998 n bluetoothd[2816]: profiles/audio/avdtp.c:session_cb()
Aug 13 05:12:49.930016 n bluetoothd[2816]: profiles/audio/avdtp.c:avdtp_parse_cmd() Received  GET_CAPABILITIES_CMD
Aug 13 05:12:49.930025 n bluetoothd[2816]: profiles/audio/a2dp.c:endpoint_getcap_ind() Source 0x5dd9322f88c0: Get_Capability_Ind
Aug 13 05:12:49.955010 n bluetoothd[2816]: profiles/audio/avdtp.c:session_cb()
Aug 13 05:12:49.955028 n bluetoothd[2816]: profiles/audio/avdtp.c:avdtp_parse_cmd() Received SET_CONFIGURATION_CMD
Aug 13 05:12:49.955038 n bluetoothd[2816]: profiles/audio/a2dp.c:endpoint_setconf_ind() Source 0x5dd9322f88c0: Set_Configuration_Ind
Aug 13 05:12:49.955050 n bluetoothd[2816]: profiles/audio/avdtp.c:avdtp_ref() 0x5dd93230b7c0: ref=2
Aug 13 05:12:49.955059 n bluetoothd[2816]: profiles/audio/avdtp.c:avdtp_unref() 0x5dd93230b7c0: ref=1
Aug 13 05:12:49.955064 n bluetoothd[2816]: profiles/audio/a2dp.c:setup_ref() 0x5dd93230cd70: ref=1
Aug 13 05:12:49.955070 n bluetoothd[2816]: profiles/audio/a2dp.c:setup_ref() 0x5dd93230cd70: ref=2
Aug 13 05:12:49.955180 n bluetoothd[2816]: profiles/audio/media.c:media_endpoint_async_call() Calling SetConfiguration: name = :1.84 path = /MediaEndpoint/A2DPSource/aptx_hd
Aug 13 05:12:49.957687 n bluetoothd[2816]: profiles/audio/avdtp.c:avdtp_ref() 0x5dd93230b7c0: ref=2
Aug 13 05:12:49.957702 n bluetoothd[2816]: profiles/audio/avdtp.c:avdtp_sep_set_state() stream state changed: IDLE -> CONFIGURED
Aug 13 05:12:49.957708 n bluetoothd[2816]: profiles/audio/a2dp.c:setup_unref() 0x5dd93230cd70: ref=1
Aug 13 05:12:49.957714 n bluetoothd[2816]: profiles/audio/a2dp.c:setup_unref() 0x5dd93230cd70: ref=0
Aug 13 05:12:49.957722 n bluetoothd[2816]: profiles/audio/a2dp.c:setup_free() 0x5dd93230cd70
Aug 13 05:12:49.957731 n bluetoothd[2816]: profiles/audio/avdtp.c:avdtp_unref() 0x5dd93230b7c0: ref=1
Aug 13 05:12:49.974836 n bluetoothd[2816]: profiles/audio/transport.c:media_owner_create() Owner created: sender=:1.84
Aug 13 05:12:49.974855 n bluetoothd[2816]: profiles/audio/transport.c:media_transport_resume() Transport /org/bluez/hci0/dev_AA:BB:CC:00:00:03/fd2 Owner :1.84
Aug 13 05:12:49.974864 n bluetoothd[2816]: profiles/audio/avdtp.c:avdtp_ref() 0x5dd93230b7c0: ref=2
Aug 13 05:12:49.974870 n bluetoothd[2816]: profiles/audio/a2dp.c:a2dp_sep_lock() SEP 0x5dd9322f88c0 locked
Aug 13 05:12:49.974876 n bluetoothd[2816]: profiles/audio/avdtp.c:avdtp_ref() 0x5dd93230b7c0: ref=3
Aug 13 05:12:49.974883 n bluetoothd[2816]: profiles/audio/a2dp.c:setup_ref() 0x5dd93230cd70: ref=1
Aug 13 05:12:49.974890 n bluetoothd[2816]: profiles/audio/transport.c:transport_set_state() State changed /org/bluez/hci0/dev_AA:BB:CC:00:00:03/fd2: TRANSPORT_STATE_IDLE -> TRANSPORT_STATE_REQUESTING
Aug 13 05:12:49.974897 n bluetoothd[2816]: profiles/audio/transport.c:media_request_create() Request created: method=Acquire id=6
Aug 13 05:12:49.974913 n bluetoothd[2816]: profiles/audio/transport.c:media_owner_add() Owner :1.84 Request Acquire
Aug 13 05:12:49.974921 n bluetoothd[2816]: profiles/audio/transport.c:media_transport_set_owner() Transport /org/bluez/hci0/dev_AA:BB:CC:00:00:03/fd2 Owner :1.84
Aug 13 05:12:49.980003 n bluetoothd[2816]: profiles/audio/avdtp.c:session_cb()
Aug 13 05:12:49.980019 n bluetoothd[2816]: profiles/audio/avdtp.c:avdtp_parse_cmd() Received OPEN_CMD
Aug 13 05:12:49.980028 n bluetoothd[2816]: profiles/audio/a2dp.c:open_ind() Source 0x5dd9322f88c0: Open_Ind
Aug 13 05:12:49.980035 n bluetoothd[2816]: profiles/audio/a2dp.c:setup_ref() 0x5dd93230cd70: ref=2
Aug 13 05:12:50.005137 n bluetoothd[2816]: profiles/audio/a2dp.c:confirm_cb() AVDTP: incoming connect from AA:BB:CC:00:00:02
Aug 13 05:12:50.017041 n bluetoothd[2816]: profiles/audio/avdtp.c:handle_transport_connect() Flushable packets enabled
Aug 13 05:12:50.017058 n bluetoothd[2816]: profiles/audio/avdtp.c:handle_transport_connect() sk 43, omtu 895, send buffer size 106496
Aug 13 05:12:50.017068 n bluetoothd[2816]: profiles/audio/avdtp.c:avdtp_sep_set_state() stream state changed: CONFIGURED -> OPEN
Aug 13 05:12:50.017084 n bluetoothd[2816]: src/service.c:change_state() 0x5dd9322df890: device AA:BB:CC:00:00:02 profile a2dp-sink state changed: disconnected -> connected (0)
Aug 13 05:12:50.017100 n bluetoothd[2816]: plugins/policy.c:service_cb() Added a2dp-sink reconnect 1
Aug 13 05:12:50.017111 n bluetoothd[2816]: profiles/audio/sink.c:sink_set_state() State changed /org/bluez/hci0/dev_AA:BB:CC:00:00:03: SINK_STATE_CONNECTING -> SINK_STATE_CONNECTED
Aug 13 05:12:50.017128 n bluetoothd[2816]: profiles/audio/transport.c:transport_update_playing() /org/bluez/hci0/dev_AA:BB:CC:00:00:03/fd2 State=TRANSPORT_STATE_REQUESTING Playing=0
Aug 13 05:12:50.017146 n bluetoothd[2816]: profiles/audio/a2dp.c:setup_unref() 0x5dd93230cd70: ref=1
Aug 13 05:12:51.555059 n bluetoothd[2816]: profiles/audio/player.c:media_player_set_status() stopped
Aug 13 05:12:51.630118 n bluetoothd[2816]: profiles/audio/avdtp.c:session_cb()
Aug 13 05:12:51.630150 n bluetoothd[2816]: profiles/audio/avdtp.c:avdtp_parse_resp() START request succeeded
Aug 13 05:12:51.630163 n bluetoothd[2816]: profiles/audio/a2dp.c:start_cfm() Source 0x5dd9322f88c0: Start_Cfm
Aug 13 05:12:51.630174 n bluetoothd[2816]: /org/bluez/hci0/dev_AA:BB:CC:00:00:03/fd2: fd(43) ready
Aug 13 05:12:51.630237 n bluetoothd[2816]: profiles/audio/transport.c:media_owner_remove() Owner :1.84 Request Acquire
Aug 13 05:12:51.630251 n bluetoothd[2816]: profiles/audio/transport.c:transport_set_state() State changed /org/bluez/hci0/dev_AA:BB:CC:00:00:03/fd2: TRANSPORT_STATE_REQUESTING -> TRANSPORT_STATE_ACTIVE
Aug 13 05:12:51.630271 n bluetoothd[2816]: profiles/audio/a2dp.c:setup_unref() 0x5dd93230cd70: ref=0
Aug 13 05:12:51.630282 n bluetoothd[2816]: profiles/audio/a2dp.c:setup_free() 0x5dd93230cd70
Aug 13 05:12:51.630292 n bluetoothd[2816]: profiles/audio/avdtp.c:avdtp_unref() 0x5dd93230b7c0: ref=2
Aug 13 05:12:51.630304 n bluetoothd[2816]: profiles/audio/avdtp.c:avdtp_sep_set_state() stream state changed: OPEN -> STREAMING
Aug 13 05:12:51.630316 n bluetoothd[2816]: profiles/audio/sink.c:sink_set_state() State changed /org/bluez/hci0/dev_AA:BB:CC:00:00:03: SINK_STATE_CONNECTED -> SINK_STATE_PLAYING
Aug 13 05:12:51.630332 n bluetoothd[2816]: profiles/audio/transport.c:transport_update_playing() /org/bluez/hci0/dev_AA:BB:CC:00:00:03/fd2 State=TRANSPORT_STATE_ACTIVE Playing=1
Aug 13 05:12:51.631027 n bluetoothd[2816]: profiles/audio/transport.c:media_transport_set_volume() Transport /org/bluez/hci0/dev_AA:BB:CC:00:00:03/fd2 level 93
Aug 13 05:12:59.665207 n bluetoothd[2816]: src/shared/mgmt.c:can_read_data() [0x0000] event 0x000c
Aug 13 05:12:59.665223 n bluetoothd[2816]: src/adapter.c:dev_disconnected() Device AA:BB:CC:00:00:02 disconnected, reason 21
Aug 13 05:12:59.665231 n bluetoothd[2816]: src/adapter.c:adapter_remove_connection()
Aug 13 05:12:59.665245 n bluetoothd[2816]: plugins/policy.c:disconnect_cb() reason 21
Aug 13 05:12:59.665253 n bluetoothd[2816]: src/adapter.c:bonding_attempt_complete() hci0 bdaddr AA:BB:CC:00:00:02 type 0 status 0xe
Aug 13 05:12:59.665261 n bluetoothd[2816]: src/device.c:device_bonding_complete() bonding (nil) status 0x0e
Aug 13 05:12:59.665268 n bluetoothd[2816]: src/device.c:device_bonding_failed() status 14
Aug 13 05:12:59.665275 n bluetoothd[2816]: src/adapter.c:resume_discovery()
Aug 13 05:12:59.665305 n bluetoothd[2816]: src/profile.c:ext_io_disconnected() Unable to get io data for Hands-Free Voice gateway: getpeername: Transport endpoint is not connected (107)
Aug 13 05:12:59.665317 n bluetoothd[2816]: src/service.c:change_state() 0x5dd9322f9d60: device AA:BB:CC:00:00:02 profile Hands-Free Voice gateway state changed: connected -> disconnected (0)
Aug 13 05:12:59.665332 n bluetoothd[2816]: src/service.c:btd_service_unref() 0x5dd9322f9d60: ref=2
Aug 13 05:12:59.665345 n bluetoothd[2816]: profiles/audio/avdtp.c:session_cb()
Aug 13 05:12:59.665354 n bluetoothd[2816]: profiles/audio/avdtp.c:avdtp_ref() 0x5dd93230b7c0: ref=3
Aug 13 05:12:59.665363 n bluetoothd[2816]: profiles/audio/avdtp.c:connection_lost() Disconnected from AA:BB:CC:00:00:02
Aug 13 05:12:59.665373 n bluetoothd[2816]: profiles/audio/a2dp.c:abort_cfm() Source 0x5dd9322f88c0: Abort_Cfm
Aug 13 05:12:59.665382 n bluetoothd[2816]: profiles/audio/avdtp.c:avdtp_sep_set_state() stream state changed: STREAMING -> IDLE
Aug 13 05:12:59.665454 n bluetoothd[2816]: profiles/audio/transport.c:media_transport_remove_owner() Transport /org/bluez/hci0/dev_AA:BB:CC:00:00:03/fd2 Owner :1.84
Aug 13 05:12:59.665473 n bluetoothd[2816]: profiles/audio/transport.c:media_owner_free() Owner :1.84
Aug 13 05:12:59.665483 n bluetoothd[2816]: profiles/audio/transport.c:media_transport_suspend() Transport /org/bluez/hci0/dev_AA:BB:CC:00:00:03/fd2 Owner
Aug 13 05:12:59.665492 n bluetoothd[2816]: profiles/audio/transport.c:transport_set_state() State changed /org/bluez/hci0/dev_AA:BB:CC:00:00:03/fd2: TRANSPORT_STATE_ACTIVE -> TRANSPORT_STATE_IDLE
Aug 13 05:12:59.665503 n bluetoothd[2816]: profiles/audio/a2dp.c:a2dp_sep_unlock() SEP 0x5dd9322f88c0 unlocked
Aug 13 05:12:59.665513 n bluetoothd[2816]: profiles/audio/avdtp.c:avdtp_unref() 0x5dd93230b7c0: ref=2
Aug 13 05:12:59.665549 n bluetoothd[2816]: src/service.c:change_state() 0x5dd9322df890: device AA:BB:CC:00:00:02 profile a2dp-sink state changed: connected -> disconnected (0)
Aug 13 05:12:59.665562 n bluetoothd[2816]: plugins/policy.c:policy_disconnect() /org/bluez/hci0/dev_AA:BB:CC:00:00:03 profile avrcp-controller
Aug 13 05:12:59.665572 n bluetoothd[2816]: src/service.c:change_state() 0x5dd9322df790: device AA:BB:CC:00:00:02 profile avrcp-controller state changed: connected -> disconnecting (0)
Aug 13 05:12:59.665581 n bluetoothd[2816]: profiles/audio/avrcp.c:avrcp_disconnect() path /org/bluez/hci0/dev_AA:BB:CC:00:00:03
Aug 13 05:12:59.665591 n bluetoothd[2816]: src/service.c:change_state() 0x5dd9322df850: device AA:BB:CC:00:00:02 profile audio-avrcp-target state changed: connected -> disconnected (0)
Aug 13 05:12:59.665600 n bluetoothd[2816]: src/service.c:change_state() 0x5dd9322df790: device AA:BB:CC:00:00:02 profile avrcp-controller state changed: disconnecting -> disconnected (0)
Aug 13 05:12:59.665610 n bluetoothd[2816]: profiles/audio/avrcp.c:controller_destroy() 0x5dd932311c00
Aug 13 05:12:59.665622 n bluetoothd[2816]: profiles/audio/player.c:media_player_destroy() /org/bluez/hci0/dev_AA:BB:CC:00:00:03/player0
Aug 13 05:12:59.665654 n bluetoothd[2816]: profiles/audio/avrcp.c:target_destroy() 0x5dd932312a90
Aug 13 05:12:59.665669 n bluetoothd[2816]: profiles/audio/avctp.c:avctp_set_state() AVCTP Disconnected
Aug 13 05:12:59.665692 n bluetoothd[2816]: profiles/audio/avctp.c:avctp_disconnected() AVCTP: closing uinput for AA:BB:CC:00:00:02
Aug 13 05:12:59.685121 n bluetoothd[2816]: profiles/audio/avdtp.c:avdtp_unref() 0x5dd93230b7c0: ref=1
Aug 13 05:12:59.685170 n bluetoothd[2816]: profiles/audio/sink.c:sink_set_state() State changed /org/bluez/hci0/dev_AA:BB:CC:00:00:03: SINK_STATE_PLAYING -> SINK_STATE_DISCONNECTED
Aug 13 05:12:59.685184 n bluetoothd[2816]: profiles/audio/a2dp.c:channel_remove() chan 0x5dd9322eb7c0
Aug 13 05:12:59.685314 n bluetoothd[2816]: profiles/audio/avdtp.c:avdtp_unref() 0x5dd93230b7c0: ref=0
Aug 13 05:12:59.685326 n bluetoothd[2816]: profiles/audio/avdtp.c:avdtp_free() 0x5dd93230b7c0
Aug 13 05:12:59.685444 n bluetoothd[2816]: src/battery.c:provided_battery_removed_cb() provided battery removed /org/freedesktop/pipewire/battery/org/bluez/hci0/dev_AA:BB:CC:00:00:03
Aug 13 05:12:59.685457 n bluetoothd[2816]: src/battery.c:btd_battery_unregister() path = /org/bluez/hci0/dev_AA:BB:CC:00:00:03
Aug 13 05:12:59.694017 n bluetoothd[2816]: src/shared/mgmt.c:can_read_data() [0x0000] event 0x0007
Aug 13 05:12:59.694035 n bluetoothd[2816]: src/adapter.c:dev_class_changed_callback() Class: 0x000000
Aug 13 05:12:59.694067 n bluetoothd[2816]: src/shared/mgmt.c:can_read_data() [0x0000] event 0x0006
Aug 13 05:12:59.694078 n bluetoothd[2816]: src/adapter.c:new_settings_callback() Settings: 0x00000ac0
Aug 13 05:12:59.694090 n bluetoothd[2816]: src/adapter.c:settings_changed() Changed settings: 0x00000001
Aug 13 05:12:59.694105 n bluetoothd[2816]: src/adapter.c:settings_changed() Pending settings: 0x00000000
Aug 13 05:12:59.694119 n bluetoothd[2816]: src/adapter.c:cancel_passive_scanning()
Aug 13 05:12:59.694134 n bluetoothd[2816]: src/adapter.c:adapter_stop() adapter /org/bluez/hci0 has been disabled
Aug 13 05:12:59.694277 n bluetoothd[2816]: src/rfkill.c:rfkill_event() RFKILL event idx 0 type 2 op 2 soft 1 hard 0
Aug 13 05:12:59.694334 n bluetoothd[2816]: src/rfkill.c:rfkill_event() RFKILL unblock for hci0
Aug 13 05:12:59.694345 n bluetoothd[2816]: src/adapter.c:adapter_set_power_state() off-blocked
Aug 13 05:13:08.897730 n bluetoothd[2816]: src/adapter.c:property_set_mode() sending Set Powered command for index 0
Aug 13 05:13:08.897790 n bluetoothd[2816]: src/shared/mgmt.c:send_request() [0x0000] command 0x0005
Aug 13 05:13:08.897815 n bluetoothd[2816]: src/rfkill.c:rfkill_event() RFKILL event idx 0 type 2 op 2 soft 0 hard 0
Aug 13 05:13:08.897880 n bluetoothd[2816]: src/rfkill.c:rfkill_event() RFKILL unblock for hci0
Aug 13 05:13:08.897947 n bluetoothd[2816]: src/adapter.c:adapter_set_power_state() off
Aug 13 05:13:08.897961 n bluetoothd[2816]: src/adapter.c:adapter_set_power_state() off-enabling
Aug 13 05:13:08.897972 n bluetoothd[2816]: src/adapter.c:set_mode() sending set mode command for index 0
Aug 13 05:13:09.183195 n bluetoothd[2816]: src/shared/mgmt.c:can_read_data() [0x0000] event 0x0007
Aug 13 05:13:09.183220 n bluetoothd[2816]: src/adapter.c:dev_class_changed_callback() Class: 0x7c010c
Aug 13 05:13:09.189173 n bluetoothd[2816]: src/shared/mgmt.c:can_read_data() [0x0000] command 0x0005 complete: 0x00
Aug 13 05:13:09.189192 n bluetoothd[2816]: src/adapter.c:property_set_mode_complete() Success (0x00)
Aug 13 05:13:09.189232 n bluetoothd[2816]: src/adapter.c:adapter_set_power_state() on
Aug 13 05:13:09.189251 n bluetoothd[2816]: src/adapter.c:new_settings_callback() Settings: 0x00000ac1
Aug 13 05:13:09.189266 n bluetoothd[2816]: src/adapter.c:settings_changed() Changed settings: 0x00000001
Aug 13 05:13:09.189281 n bluetoothd[2816]: src/adapter.c:settings_changed() Pending settings: 0x00000000
Aug 13 05:13:09.189300 n bluetoothd[2816]: src/adapter.c:adapter_start() adapter /org/bluez/hci0 has been enabled
Aug 13 05:13:09.189314 n bluetoothd[2816]: src/adapter.c:trigger_passive_scanning()
Aug 13 05:13:09.189376 n bluetoothd[2816]: src/shared/mgmt.c:send_request() [0x0000] command 0x0005
Aug 13 05:13:09.189413 n bluetoothd[2816]: src/shared/mgmt.c:can_read_data() [0x0000] command 0x0005 complete: 0x00
Aug 13 05:13:12.037242 n bluetoothd[2816]: src/shared/mgmt.c:can_read_data() [0x0000] event 0x000b
Aug 13 05:13:12.037270 n bluetoothd[2816]: src/adapter.c:connected_callback() hci0 device AA:BB:CC:00:00:02 connected eir_len 17
Aug 13 05:13:12.220066 n bluetoothd[2816]: src/profile.c:ext_confirm() incoming connect from AA:BB:CC:00:00:02
Aug 13 05:13:12.220167 n bluetoothd[2816]: src/service.c:btd_service_ref() 0x5dd9322f9d60: ref=3
Aug 13 05:13:12.220196 n bluetoothd[2816]: src/profile.c:ext_confirm() Hands-Free Voice gateway authorizing connection from AA:BB:CC:00:00:02
Aug 13 05:13:12.220278 n bluetoothd[2816]: src/profile.c:ext_auth() AA:BB:CC:00:00:02 authorized to connect to Hands-Free Voice gateway
Aug 13 05:13:12.220327 n bluetoothd[2816]: src/profile.c:ext_connect() Hands-Free Voice gateway connected to AA:BB:CC:00:00:02
Aug 13 05:13:12.220349 n bluetoothd[2816]: src/service.c:change_state() 0x5dd9322f9d60: device AA:BB:CC:00:00:02 profile Hands-Free Voice gateway state changed: disconnected -> connecting (0)
Aug 13 05:13:12.220905 n bluetoothd[2816]: src/service.c:change_state() 0x5dd9322f9d60: device AA:BB:CC:00:00:02 profile Hands-Free Voice gateway state changed: connecting -> connected (0)
Aug 13 05:13:12.220920 n bluetoothd[2816]: src/device.c:device_profile_connected() Hands-Free Voice gateway Success (0)
Aug 13 05:13:12.220933 n bluetoothd[2816]: plugins/policy.c:service_cb() Added Hands-Free Voice gateway reconnect 1
Aug 13 05:13:12.297161 n bluetoothd[2816]: src/battery.c:btd_battery_register() path = /org/bluez/hci0/dev_AA:BB:CC:00:00:03
Aug 13 05:13:12.297192 n bluetoothd[2816]: src/battery.c:btd_battery_register() registered Battery object: /org/bluez/hci0/dev_AA:BB:CC:00:00:03
Aug 13 05:13:12.297204 n bluetoothd[2816]: src/battery.c:provided_battery_added_cb() provided battery added /org/freedesktop/pipewire/battery/org/bluez/hci0/dev_AA:BB:CC:00:00:03
Aug 13 05:13:12.297216 n bluetoothd[2816]: src/battery.c:btd_battery_update() path = /org/bluez/hci0/dev_AA:BB:CC:00:00:03
Aug 13 05:13:12.496061 n bluetoothd[2816]: profiles/audio/a2dp.c:confirm_cb() AVDTP: incoming connect from AA:BB:CC:00:00:02
Aug 13 05:13:12.503952 n bluetoothd[2816]: profiles/audio/sink.c:sink_set_state() State changed /org/bluez/hci0/dev_AA:BB:CC:00:00:03: SINK_STATE_DISCONNECTED -> SINK_STATE_CONNECTING
Aug 13 05:13:12.504013 n bluetoothd[2816]: profiles/audio/avdtp.c:avdtp_connect_cb() AVDTP: connected signaling channel to AA:BB:CC:00:00:02
Aug 13 05:13:12.504022 n bluetoothd[2816]: profiles/audio/avdtp.c:avdtp_connect_cb() AVDTP imtu=672, omtu=895
Aug 13 05:13:12.504071 n bluetoothd[2816]: profiles/audio/avdtp.c:avdtp_register_remote_sep() seid 7 type 1 media 0 delay_reporting false
Aug 13 05:13:12.504093 n bluetoothd[2816]: profiles/audio/a2dp.c:register_remote_sep() Found remote SEP: /org/bluez/hci0/dev_AA:BB:CC:00:00:03/sep7
Aug 13 05:13:12.504102 n bluetoothd[2816]: profiles/audio/avdtp.c:avdtp_register_remote_sep() seid 6 type 1 media 0 delay_reporting false
Aug 13 05:13:12.504114 n bluetoothd[2816]: profiles/audio/a2dp.c:register_remote_sep() Found remote SEP: /org/bluez/hci0/dev_AA:BB:CC:00:00:03/sep6
Aug 13 05:13:12.504123 n bluetoothd[2816]: profiles/audio/avdtp.c:avdtp_register_remote_sep() seid 5 type 1 media 0 delay_reporting false
Aug 13 05:13:12.504136 n bluetoothd[2816]: profiles/audio/a2dp.c:register_remote_sep() Found remote SEP: /org/bluez/hci0/dev_AA:BB:CC:00:00:03/sep5
Aug 13 05:13:12.504147 n bluetoothd[2816]: profiles/audio/avdtp.c:avdtp_register_remote_sep() seid 4 type 1 media 0 delay_reporting false
Aug 13 05:13:12.504158 n bluetoothd[2816]: profiles/audio/a2dp.c:register_remote_sep() Found remote SEP: /org/bluez/hci0/dev_AA:BB:CC:00:00:03/sep4
Aug 13 05:13:12.504168 n bluetoothd[2816]: profiles/audio/avdtp.c:avdtp_register_remote_sep() seid 8 type 1 media 0 delay_reporting false
Aug 13 05:13:12.504179 n bluetoothd[2816]: profiles/audio/a2dp.c:register_remote_sep() Found remote SEP: /org/bluez/hci0/dev_AA:BB:CC:00:00:03/sep8
Aug 13 05:13:12.504187 n bluetoothd[2816]: profiles/audio/a2dp.c:load_remote_sep() LastUsed: lseid 3 rseid 7
Aug 13 05:13:12.504200 n bluetoothd[2816]: profiles/audio/avdtp.c:avdtp_ref() 0x5dd93230b7c0: ref=1
Aug 13 05:13:12.504207 n bluetoothd[2816]: profiles/audio/avdtp.c:set_disconnect_timer() timeout 1
Aug 13 05:13:12.546519 n bluetoothd[2816]: profiles/audio/avctp.c:avctp_confirm_cb() AVCTP: incoming connect from AA:BB:CC:00:00:02
Aug 13 05:13:12.546545 n bluetoothd[2816]: profiles/audio/avctp.c:avctp_set_state() AVCTP Connecting
Aug 13 05:13:12.546594 n bluetoothd[2816]: profiles/audio/avdtp.c:session_cb()
Aug 13 05:13:12.546624 n bluetoothd[2816]: profiles/audio/avdtp.c:avdtp_parse_cmd() Received DISCOVER_CMD
Aug 13 05:13:12.556001 n bluetoothd[2816]: profiles/audio/avdtp.c:session_cb()
Aug 13 05:13:12.556015 n bluetoothd[2816]: profiles/audio/avdtp.c:avdtp_parse_cmd() Received  GET_CAPABILITIES_CMD
Aug 13 05:13:12.556023 n bluetoothd[2816]: profiles/audio/a2dp.c:endpoint_getcap_ind() Source 0x5dd9322d6ee0: Get_Capability_Ind
Aug 13 05:13:12.565031 n bluetoothd[2816]: profiles/audio/avdtp.c:session_cb()
Aug 13 05:13:12.565055 n bluetoothd[2816]: profiles/audio/avdtp.c:avdtp_parse_cmd() Received  GET_CAPABILITIES_CMD
Aug 13 05:13:12.565070 n bluetoothd[2816]: profiles/audio/a2dp.c:endpoint_getcap_ind() Sink 0x5dd9322d0010: Get_Capability_Ind
Aug 13 05:13:12.569066 n bluetoothd[2816]: profiles/audio/avctp.c:avctp_connect_cb() AVCTP: connected to AA:BB:CC:00:00:02
Aug 13 05:13:12.569363 n bluetoothd[2816]: profiles/audio/avctp.c:init_uinput() AVRCP: uinput initialized for MOMENTUM 4
Aug 13 05:13:12.569382 n bluetoothd[2816]: profiles/audio/avrcp.c:controller_init() 0x5dd932310de0 version 0x0106
Aug 13 05:13:12.569391 n bluetoothd[2816]: src/service.c:change_state() 0x5dd9322df850: device AA:BB:CC:00:00:02 profile audio-avrcp-target state changed: disconnected -> connected (0)
Aug 13 05:13:12.569419 n bluetoothd[2816]: profiles/audio/player.c:media_player_controller_create() /org/bluez/hci0/dev_AA:BB:CC:00:00:03/player0
Aug 13 05:13:12.569432 n bluetoothd[2816]: profiles/audio/avrcp.c:target_init() 0x5dd932306d80 version 0x0106
Aug 13 05:13:12.569438 n bluetoothd[2816]: src/service.c:change_state() 0x5dd9322df790: device AA:BB:CC:00:00:02 profile avrcp-controller state changed: disconnected -> connected (0)
Aug 13 05:13:12.569448 n bluetoothd[2816]: profiles/audio/avctp.c:avctp_set_state() AVCTP Connected
Aug 13 05:13:12.571944 n bluetoothd[2816]: profiles/audio/avdtp.c:session_cb()
Aug 13 05:13:12.571955 n bluetoothd[2816]: profiles/audio/avdtp.c:avdtp_parse_cmd() Received  GET_CAPABILITIES_CMD
Aug 13 05:13:12.571963 n bluetoothd[2816]: profiles/audio/a2dp.c:endpoint_getcap_ind() Source 0x5dd9322f88c0: Get_Capability_Ind
Aug 13 05:13:12.596078 n bluetoothd[2816]: profiles/audio/avdtp.c:session_cb()
Aug 13 05:13:12.596109 n bluetoothd[2816]: profiles/audio/avdtp.c:avdtp_parse_cmd() Received  GET_CAPABILITIES_CMD
Aug 13 05:13:12.596126 n bluetoothd[2816]: profiles/audio/a2dp.c:endpoint_getcap_ind() Sink 0x5dd9322f8d40: Get_Capability_Ind
Aug 13 05:13:12.598981 n bluetoothd[2816]: profiles/audio/avrcp.c:handle_vendordep_pdu() AVRCP PDU 0x31, company 0x001958 len 0x0005
Aug 13 05:13:12.621990 n bluetoothd[2816]: profiles/audio/avdtp.c:session_cb()
Aug 13 05:13:12.622008 n bluetoothd[2816]: profiles/audio/avdtp.c:avdtp_parse_cmd() Received  GET_CAPABILITIES_CMD
Aug 13 05:13:12.622017 n bluetoothd[2816]: profiles/audio/a2dp.c:endpoint_getcap_ind() Source 0x5dd9322f2e80: Get_Capability_Ind
Aug 13 05:13:12.645962 n bluetoothd[2816]: profiles/audio/avdtp.c:session_cb()
Aug 13 05:13:12.645974 n bluetoothd[2816]: profiles/audio/avdtp.c:avdtp_parse_cmd() Received  GET_CAPABILITIES_CMD
Aug 13 05:13:12.645982 n bluetoothd[2816]: profiles/audio/a2dp.c:endpoint_getcap_ind() Sink 0x5dd9322f2040: Get_Capability_Ind
Aug 13 05:13:12.670998 n bluetoothd[2816]: profiles/audio/avdtp.c:session_cb()
Aug 13 05:13:12.671020 n bluetoothd[2816]: profiles/audio/avdtp.c:avdtp_parse_cmd() Received  GET_CAPABILITIES_CMD
Aug 13 05:13:12.671035 n bluetoothd[2816]: profiles/audio/a2dp.c:endpoint_getcap_ind() Source 0x5dd9322fab00: Get_Capability_Ind
Aug 13 05:13:12.696013 n bluetoothd[2816]: profiles/audio/avdtp.c:session_cb()
Aug 13 05:13:12.696038 n bluetoothd[2816]: profiles/audio/avdtp.c:avdtp_parse_cmd() Received  GET_CAPABILITIES_CMD
Aug 13 05:13:12.696054 n bluetoothd[2816]: profiles/audio/a2dp.c:endpoint_getcap_ind() Sink 0x5dd9322efb40: Get_Capability_Ind
Aug 13 05:13:12.721977 n bluetoothd[2816]: profiles/audio/avdtp.c:session_cb()
Aug 13 05:13:12.721994 n bluetoothd[2816]: profiles/audio/avdtp.c:avdtp_parse_cmd() Received  GET_CAPABILITIES_CMD
Aug 13 05:13:12.722004 n bluetoothd[2816]: profiles/audio/a2dp.c:endpoint_getcap_ind() Source 0x5dd9322ef400: Get_Capability_Ind
Aug 13 05:13:12.746057 n bluetoothd[2816]: profiles/audio/avdtp.c:session_cb()
Aug 13 05:13:12.746090 n bluetoothd[2816]: profiles/audio/avdtp.c:avdtp_parse_cmd() Received  GET_CAPABILITIES_CMD
Aug 13 05:13:12.746103 n bluetoothd[2816]: profiles/audio/a2dp.c:endpoint_getcap_ind() Source 0x5dd9322f0c00: Get_Capability_Ind
Aug 13 05:13:12.771117 n bluetoothd[2816]: profiles/audio/avdtp.c:session_cb()
Aug 13 05:13:12.771148 n bluetoothd[2816]: profiles/audio/avdtp.c:avdtp_parse_cmd() Received  GET_CAPABILITIES_CMD
Aug 13 05:13:12.771162 n bluetoothd[2816]: profiles/audio/a2dp.c:endpoint_getcap_ind() Source 0x5dd9322f3e70: Get_Capability_Ind
Aug 13 05:13:12.796046 n bluetoothd[2816]: profiles/audio/avdtp.c:session_cb()
Aug 13 05:13:12.796072 n bluetoothd[2816]: profiles/audio/avdtp.c:avdtp_parse_cmd() Received  GET_CAPABILITIES_CMD
Aug 13 05:13:12.796087 n bluetoothd[2816]: profiles/audio/a2dp.c:endpoint_getcap_ind() Source 0x5dd9322f4cb0: Get_Capability_Ind
Aug 13 05:13:12.821005 n bluetoothd[2816]: profiles/audio/avdtp.c:session_cb()
Aug 13 05:13:12.821023 n bluetoothd[2816]: profiles/audio/avdtp.c:avdtp_parse_cmd() Received  GET_CAPABILITIES_CMD
Aug 13 05:13:12.821034 n bluetoothd[2816]: profiles/audio/a2dp.c:endpoint_getcap_ind() Source 0x5dd9322f6580: Get_Capability_Ind
Aug 13 05:13:12.846024 n bluetoothd[2816]: profiles/audio/avdtp.c:session_cb()
Aug 13 05:13:12.846047 n bluetoothd[2816]: profiles/audio/avdtp.c:avdtp_parse_cmd() Received  GET_CAPABILITIES_CMD
Aug 13 05:13:12.846061 n bluetoothd[2816]: profiles/audio/a2dp.c:endpoint_getcap_ind() Source 0x5dd9322ebef0: Get_Capability_Ind
Aug 13 05:13:12.871010 n bluetoothd[2816]: profiles/audio/avdtp.c:session_cb()
Aug 13 05:13:12.871034 n bluetoothd[2816]: profiles/audio/avdtp.c:avdtp_parse_cmd() Received  GET_CAPABILITIES_CMD
Aug 13 05:13:12.871047 n bluetoothd[2816]: profiles/audio/a2dp.c:endpoint_getcap_ind() Source 0x5dd9322f3ae0: Get_Capability_Ind
Aug 13 05:13:12.895979 n bluetoothd[2816]: profiles/audio/avdtp.c:session_cb()
Aug 13 05:13:12.895995 n bluetoothd[2816]: profiles/audio/avdtp.c:avdtp_parse_cmd() Received  GET_CAPABILITIES_CMD
Aug 13 05:13:12.896004 n bluetoothd[2816]: profiles/audio/a2dp.c:endpoint_getcap_ind() Sink 0x5dd9322f7790: Get_Capability_Ind
Aug 13 05:13:12.923045 n bluetoothd[2816]: profiles/audio/avdtp.c:session_cb()
Aug 13 05:13:12.923072 n bluetoothd[2816]: profiles/audio/avdtp.c:avdtp_parse_cmd() Received  GET_CAPABILITIES_CMD
Aug 13 05:13:12.923089 n bluetoothd[2816]: profiles/audio/a2dp.c:endpoint_getcap_ind() Source 0x5dd9322fc0b0: Get_Capability_Ind
Aug 13 05:13:12.946169 n bluetoothd[2816]: profiles/audio/avdtp.c:session_cb()
Aug 13 05:13:12.946200 n bluetoothd[2816]: profiles/audio/avdtp.c:avdtp_parse_cmd() Received  GET_CAPABILITIES_CMD
Aug 13 05:13:12.946217 n bluetoothd[2816]: profiles/audio/a2dp.c:endpoint_getcap_ind() Sink 0x5dd9322ff5c0: Get_Capability_Ind
Aug 13 05:13:12.971046 n bluetoothd[2816]: profiles/audio/avdtp.c:session_cb()
Aug 13 05:13:12.971081 n bluetoothd[2816]: profiles/audio/avdtp.c:avdtp_parse_cmd() Received  GET_CAPABILITIES_CMD
Aug 13 05:13:12.971099 n bluetoothd[2816]: profiles/audio/a2dp.c:endpoint_getcap_ind() Source 0x5dd9323001f0: Get_Capability_Ind
Aug 13 05:13:12.996023 n bluetoothd[2816]: profiles/audio/avdtp.c:session_cb()
Aug 13 05:13:12.996048 n bluetoothd[2816]: profiles/audio/avdtp.c:avdtp_parse_cmd() Received  GET_CAPABILITIES_CMD
Aug 13 05:13:12.996069 n bluetoothd[2816]: profiles/audio/a2dp.c:endpoint_getcap_ind() Source 0x5dd9322d6ee0: Get_Capability_Ind
Aug 13 05:13:13.021004 n bluetoothd[2816]: profiles/audio/avdtp.c:session_cb()
Aug 13 05:13:13.021026 n bluetoothd[2816]: profiles/audio/avdtp.c:avdtp_parse_cmd() Received  GET_CAPABILITIES_CMD
Aug 13 05:13:13.021037 n bluetoothd[2816]: profiles/audio/a2dp.c:endpoint_getcap_ind() Source 0x5dd9322f88c0: Get_Capability_Ind
Aug 13 05:13:13.046054 n bluetoothd[2816]: profiles/audio/avdtp.c:session_cb()
Aug 13 05:13:13.046077 n bluetoothd[2816]: profiles/audio/avdtp.c:avdtp_parse_cmd() Received SET_CONFIGURATION_CMD
Aug 13 05:13:13.046092 n bluetoothd[2816]: profiles/audio/a2dp.c:endpoint_setconf_ind() Source 0x5dd9322f88c0: Set_Configuration_Ind
Aug 13 05:13:13.046106 n bluetoothd[2816]: profiles/audio/avdtp.c:avdtp_ref() 0x5dd93230b7c0: ref=2
Aug 13 05:13:13.046122 n bluetoothd[2816]: profiles/audio/avdtp.c:avdtp_unref() 0x5dd93230b7c0: ref=1
Aug 13 05:13:13.046131 n bluetoothd[2816]: profiles/audio/a2dp.c:setup_ref() 0x5dd9323010d0: ref=1
Aug 13 05:13:13.046137 n bluetoothd[2816]: profiles/audio/a2dp.c:setup_ref() 0x5dd9323010d0: ref=2
Aug 13 05:13:13.046228 n bluetoothd[2816]: profiles/audio/media.c:media_endpoint_async_call() Calling SetConfiguration: name = :1.84 path = /MediaEndpoint/A2DPSource/aptx_hd
Aug 13 05:13:13.048127 n bluetoothd[2816]: profiles/audio/avdtp.c:avdtp_ref() 0x5dd93230b7c0: ref=2
Aug 13 05:13:13.048142 n bluetoothd[2816]: profiles/audio/avdtp.c:avdtp_sep_set_state() stream state changed: IDLE -> CONFIGURED
Aug 13 05:13:13.048150 n bluetoothd[2816]: profiles/audio/a2dp.c:setup_unref() 0x5dd9323010d0: ref=1
Aug 13 05:13:13.048158 n bluetoothd[2816]: profiles/audio/a2dp.c:setup_unref() 0x5dd9323010d0: ref=0
Aug 13 05:13:13.048166 n bluetoothd[2816]: profiles/audio/a2dp.c:setup_free() 0x5dd9323010d0
Aug 13 05:13:13.048171 n bluetoothd[2816]: profiles/audio/avdtp.c:avdtp_unref() 0x5dd93230b7c0: ref=1
Aug 13 05:13:13.066421 n bluetoothd[2816]: profiles/audio/transport.c:media_owner_create() Owner created: sender=:1.84
Aug 13 05:13:13.066445 n bluetoothd[2816]: profiles/audio/transport.c:media_transport_resume() Transport /org/bluez/hci0/dev_AA:BB:CC:00:00:03/fd3 Owner :1.84
Aug 13 05:13:13.066456 n bluetoothd[2816]: profiles/audio/avdtp.c:avdtp_ref() 0x5dd93230b7c0: ref=2
Aug 13 05:13:13.066462 n bluetoothd[2816]: profiles/audio/a2dp.c:a2dp_sep_lock() SEP 0x5dd9322f88c0 locked
Aug 13 05:13:13.066469 n bluetoothd[2816]: profiles/audio/avdtp.c:avdtp_ref() 0x5dd93230b7c0: ref=3
Aug 13 05:13:13.066477 n bluetoothd[2816]: profiles/audio/a2dp.c:setup_ref() 0x5dd9323010d0: ref=1
Aug 13 05:13:13.066483 n bluetoothd[2816]: profiles/audio/transport.c:transport_set_state() State changed /org/bluez/hci0/dev_AA:BB:CC:00:00:03/fd3: TRANSPORT_STATE_IDLE -> TRANSPORT_STATE_REQUESTING
Aug 13 05:13:13.066491 n bluetoothd[2816]: profiles/audio/transport.c:media_request_create() Request created: method=Acquire id=7
Aug 13 05:13:13.066497 n bluetoothd[2816]: profiles/audio/transport.c:media_owner_add() Owner :1.84 Request Acquire
Aug 13 05:13:13.066502 n bluetoothd[2816]: profiles/audio/transport.c:media_transport_set_owner() Transport /org/bluez/hci0/dev_AA:BB:CC:00:00:03/fd3 Owner :1.84
Aug 13 05:13:13.070961 n bluetoothd[2816]: profiles/audio/avdtp.c:session_cb()
Aug 13 05:13:13.070974 n bluetoothd[2816]: profiles/audio/avdtp.c:avdtp_parse_cmd() Received OPEN_CMD
Aug 13 05:13:13.070984 n bluetoothd[2816]: profiles/audio/a2dp.c:open_ind() Source 0x5dd9322f88c0: Open_Ind
Aug 13 05:13:13.070989 n bluetoothd[2816]: profiles/audio/a2dp.c:setup_ref() 0x5dd9323010d0: ref=2
Aug 13 05:13:13.096090 n bluetoothd[2816]: profiles/audio/a2dp.c:confirm_cb() AVDTP: incoming connect from AA:BB:CC:00:00:02
Aug 13 05:13:13.105006 n bluetoothd[2816]: profiles/audio/avdtp.c:handle_transport_connect() Flushable packets enabled
Aug 13 05:13:13.105025 n bluetoothd[2816]: profiles/audio/avdtp.c:handle_transport_connect() sk 43, omtu 895, send buffer size 106496
Aug 13 05:13:13.105036 n bluetoothd[2816]: profiles/audio/avdtp.c:avdtp_sep_set_state() stream state changed: CONFIGURED -> OPEN
Aug 13 05:13:13.105054 n bluetoothd[2816]: src/service.c:change_state() 0x5dd9322df890: device AA:BB:CC:00:00:02 profile a2dp-sink state changed: disconnected -> connected (0)
Aug 13 05:13:13.105069 n bluetoothd[2816]: plugins/policy.c:service_cb() Added a2dp-sink reconnect 1
Aug 13 05:13:13.105102 n bluetoothd[2816]: profiles/audio/sink.c:sink_set_state() State changed /org/bluez/hci0/dev_AA:BB:CC:00:00:03: SINK_STATE_CONNECTING -> SINK_STATE_CONNECTED
Aug 13 05:13:13.105115 n bluetoothd[2816]: profiles/audio/transport.c:transport_update_playing() /org/bluez/hci0/dev_AA:BB:CC:00:00:03/fd3 State=TRANSPORT_STATE_REQUESTING Playing=0
Aug 13 05:13:13.105127 n bluetoothd[2816]: profiles/audio/a2dp.c:setup_unref() 0x5dd9323010d0: ref=1
Aug 13 05:13:14.646087 n bluetoothd[2816]: profiles/audio/avdtp.c:session_cb()
Aug 13 05:13:14.646113 n bluetoothd[2816]: profiles/audio/avdtp.c:avdtp_parse_resp() START request succeeded
Aug 13 05:13:14.646122 n bluetoothd[2816]: profiles/audio/a2dp.c:start_cfm() Source 0x5dd9322f88c0: Start_Cfm
Aug 13 05:13:14.646130 n bluetoothd[2816]: /org/bluez/hci0/dev_AA:BB:CC:00:00:03/fd3: fd(43) ready
Aug 13 05:13:14.646183 n bluetoothd[2816]: profiles/audio/transport.c:media_owner_remove() Owner :1.84 Request Acquire
Aug 13 05:13:14.646195 n bluetoothd[2816]: profiles/audio/transport.c:transport_set_state() State changed /org/bluez/hci0/dev_AA:BB:CC:00:00:03/fd3: TRANSPORT_STATE_REQUESTING -> TRANSPORT_STATE_ACTIVE
Aug 13 05:13:14.646211 n bluetoothd[2816]: profiles/audio/a2dp.c:setup_unref() 0x5dd9323010d0: ref=0
Aug 13 05:13:14.646218 n bluetoothd[2816]: profiles/audio/a2dp.c:setup_free() 0x5dd9323010d0
Aug 13 05:13:14.646224 n bluetoothd[2816]: profiles/audio/avdtp.c:avdtp_unref() 0x5dd93230b7c0: ref=2
Aug 13 05:13:14.646233 n bluetoothd[2816]: profiles/audio/avdtp.c:avdtp_sep_set_state() stream state changed: OPEN -> STREAMING
Aug 13 05:13:14.646243 n bluetoothd[2816]: profiles/audio/sink.c:sink_set_state() State changed /org/bluez/hci0/dev_AA:BB:CC:00:00:03: SINK_STATE_CONNECTED -> SINK_STATE_PLAYING
Aug 13 05:13:14.646252 n bluetoothd[2816]: profiles/audio/transport.c:transport_update_playing() /org/bluez/hci0/dev_AA:BB:CC:00:00:03/fd3 State=TRANSPORT_STATE_ACTIVE Playing=1
Aug 13 05:13:14.646266 n bluetoothd[2816]: profiles/audio/player.c:media_player_set_status() stopped
Aug 13 05:13:28.803022 n bluetoothd[2816]: src/agent.c:add_default_agent() Default agent set to :1.119 /org/gnome/bluetooth/settings
Aug 13 05:13:28.803049 n bluetoothd[2816]: src/adapter.c:set_mode() sending set mode command for index 0
Aug 13 05:13:28.803064 n bluetoothd[2816]: src/agent.c:agent_ref() 0x5dd9323005d0: ref=1
Aug 13 05:13:28.803074 n bluetoothd[2816]: src/agent.c:register_agent() agent :1.119
Aug 13 05:13:28.803148 n bluetoothd[2816]: src/shared/mgmt.c:send_request() [0x0000] command 0x0009
Aug 13 05:13:28.803166 n bluetoothd[2816]: src/shared/mgmt.c:can_read_data() [0x0000] command 0x0009 complete: 0x00
Aug 13 05:13:28.803173 n bluetoothd[2816]: src/adapter.c:new_settings_callback() Settings: 0x00000ad1
Aug 13 05:13:28.803178 n bluetoothd[2816]: src/adapter.c:settings_changed() Changed settings: 0x00000010
Aug 13 05:13:28.803187 n bluetoothd[2816]: src/adapter.c:settings_changed() Pending settings: 0x00000000
Aug 13 05:13:28.803219 n bluetoothd[2816]: src/shared/mgmt.c:send_request() [0x0000] command 0x0018
Aug 13 05:13:28.803238 n bluetoothd[2816]: src/shared/mgmt.c:can_read_data() [0x0000] command 0x0018 complete: 0x00
Aug 13 05:13:28.805215 n bluetoothd[2816]: src/adapter.c:set_discovery_filter() sender :1.119
Aug 13 05:13:28.805229 n bluetoothd[2816]: src/adapter.c:parse_discovery_filter_dict() filtered discovery params: transport: 7 rssi: 32767 pathloss: 32767  duplicate data: false discoverable true pattern (null)
Aug 13 05:13:28.805243 n bluetoothd[2816]: src/adapter.c:set_discovery_filter() successfully pre-set filter
Aug 13 05:13:28.805559 n bluetoothd[2816]: src/adapter.c:start_discovery() sender :1.119
Aug 13 05:13:28.805577 n bluetoothd[2816]: src/adapter.c:update_discovery_filter()
Aug 13 05:13:28.805584 n bluetoothd[2816]: src/adapter.c:discovery_filter_to_mgmt_cp()
Aug 13 05:13:28.805590 n bluetoothd[2816]: src/adapter.c:set_discoverable() sending set mode command for index 0
Aug 13 05:13:28.805596 n bluetoothd[2816]: src/adapter.c:set_mode() sending set mode command for index 0
Aug 13 05:13:28.805607 n bluetoothd[2816]: src/adapter.c:trigger_start_discovery()
Aug 13 05:13:28.805616 n bluetoothd[2816]: src/adapter.c:cancel_passive_scanning()
Aug 13 05:13:28.805656 n bluetoothd[2816]: src/shared/mgmt.c:send_request() [0x0000] command 0x0007
Aug 13 05:13:28.805676 n bluetoothd[2816]: src/adapter.c:start_discovery_timeout()
Aug 13 05:13:28.805684 n bluetoothd[2816]: src/adapter.c:start_discovery_timeout() adapter->current_discovery_filter == 0
Aug 13 05:13:28.805701 n bluetoothd[2816]: src/shared/mgmt.c:can_read_data() [0x0000] command 0x0007 complete: 0x00
Aug 13 05:13:28.805707 n bluetoothd[2816]: src/adapter.c:new_settings_callback() Settings: 0x00000ad3
Aug 13 05:13:28.805713 n bluetoothd[2816]: src/adapter.c:settings_changed() Changed settings: 0x00000002
Aug 13 05:13:28.805718 n bluetoothd[2816]: src/adapter.c:settings_changed() Pending settings: 0x00000000
Aug 13 05:13:28.805743 n bluetoothd[2816]: src/shared/mgmt.c:send_request() [0x0000] command 0x0006
Aug 13 05:13:28.812228 n bluetoothd[2816]: src/shared/mgmt.c:can_read_data() [0x0000] command 0x0006 complete: 0x00
Aug 13 05:13:28.812245 n bluetoothd[2816]: src/adapter.c:new_settings_callback() Settings: 0x00000adb
Aug 13 05:13:28.812254 n bluetoothd[2816]: src/adapter.c:settings_changed() Changed settings: 0x00000008
Aug 13 05:13:28.812263 n bluetoothd[2816]: src/adapter.c:settings_changed() Pending settings: 0x00000000
Aug 13 05:13:28.812312 n bluetoothd[2816]: src/shared/mgmt.c:send_request() [0x0000] command 0x0023
Aug 13 05:13:28.822210 n bluetoothd[2816]: src/shared/mgmt.c:can_read_data() [0x0000] event 0x0013
Aug 13 05:13:28.822227 n bluetoothd[2816]: src/adapter.c:discovering_callback() hci0 type 7 discovering 1 method 0
Aug 13 05:13:28.822254 n bluetoothd[2816]: src/shared/mgmt.c:can_read_data() [0x0000] command 0x0023 complete: 0x00
Aug 13 05:13:28.822265 n bluetoothd[2816]: src/adapter.c:start_discovery_complete() status 0x00
Aug 13 05:13:28.870194 n bluetoothd[2816]: src/shared/mgmt.c:can_read_data() [0x0000] event 0x0012
Aug 13 05:13:28.870210 n bluetoothd[2816]: src/adapter.c:device_found_callback() hci0 addr AA:BB:CC:00:00:02, rssi -48 flags 0x0000 eir_len 19
Aug 13 05:13:28.921208 n bluetoothd[2816]: src/shared/mgmt.c:can_read_data() [0x0000] event 0x0012
Aug 13 05:13:28.921224 n bluetoothd[2816]: src/adapter.c:device_found_callback() hci0 addr AA:BB:CC:00:00:14, rssi -75 flags 0x0000 eir_len 29
Aug 13 05:13:28.921240 n bluetoothd[2816]: src/device.c:device_create() dst AA:BB:CC:00:00:14
Aug 13 05:13:28.921248 n bluetoothd[2816]: src/device.c:device_new() address AA:BB:CC:00:00:14
Aug 13 05:13:28.921262 n bluetoothd[2816]: src/device.c:device_new() Creating device /org/bluez/hci0/dev_AA:BB:CC:00:00:15
Aug 13 05:13:28.921287 n bluetoothd[2816]: src/device.c:device_set_legacy() legacy 0
Aug 13 05:13:28.921295 n bluetoothd[2816]: src/device.c:device_set_rssi_with_delta() rssi -75
Aug 13 05:13:28.921335 n bluetoothd[2816]: src/device.c:device_set_flags() flags 2
Aug 13 05:13:34.271279 n bluetoothd[2816]: src/shared/mgmt.c:can_read_data() [0x0000] event 0x0012
Aug 13 05:13:34.271295 n bluetoothd[2816]: src/adapter.c:device_found_callback() hci0 addr AA:BB:CC:00:00:02, rssi -51 flags 0x0000 eir_len 19
Aug 13 05:13:35.382033 n bluetoothd[2816]: src/service.c:change_state() 0x5dd9322df790: device AA:BB:CC:00:00:02 profile avrcp-controller state changed: connected -> disconnecting (0)
Aug 13 05:13:35.382052 n bluetoothd[2816]: profiles/audio/avrcp.c:avrcp_disconnect() path /org/bluez/hci0/dev_AA:BB:CC:00:00:03
Aug 13 05:13:35.382065 n bluetoothd[2816]: src/service.c:change_state() 0x5dd9322df850: device AA:BB:CC:00:00:02 profile audio-avrcp-target state changed: connected -> disconnected (0)
Aug 13 05:13:35.382077 n bluetoothd[2816]: src/service.c:change_state() 0x5dd9322df790: device AA:BB:CC:00:00:02 profile avrcp-controller state changed: disconnecting -> disconnected (0)
Aug 13 05:13:35.382085 n bluetoothd[2816]: profiles/audio/avrcp.c:controller_destroy() 0x5dd932310de0
Aug 13 05:13:35.382097 n bluetoothd[2816]: profiles/audio/player.c:media_player_destroy() /org/bluez/hci0/dev_AA:BB:CC:00:00:03/player0
Aug 13 05:13:35.382143 n bluetoothd[2816]: profiles/audio/avrcp.c:target_destroy() 0x5dd932306d80
Aug 13 05:13:35.382155 n bluetoothd[2816]: profiles/audio/avctp.c:avctp_set_state() AVCTP Disconnected
Aug 13 05:13:35.382182 n bluetoothd[2816]: profiles/audio/avctp.c:avctp_disconnected() AVCTP: closing uinput for AA:BB:CC:00:00:02
Aug 13 05:13:35.403034 n bluetoothd[2816]: src/service.c:change_state() 0x5dd9322df890: device AA:BB:CC:00:00:02 profile a2dp-sink state changed: connected -> disconnecting (0)
Aug 13 05:13:35.403057 n bluetoothd[2816]: profiles/audio/a2dp.c:a2dp_sink_disconnect() path /org/bluez/hci0/dev_AA:BB:CC:00:00:03
Aug 13 05:13:35.403084 n bluetoothd[2816]: src/service.c:change_state() 0x5dd9322f9d60: device AA:BB:CC:00:00:02 profile Hands-Free Voice gateway state changed: connected -> disconnecting (0)
Aug 13 05:13:35.404356 n bluetoothd[2816]: src/profile.c:ext_io_disconnected() Hands-Free Voice gateway disconnected from AA:BB:CC:00:00:02
Aug 13 05:13:35.404369 n bluetoothd[2816]: src/service.c:change_state() 0x5dd9322f9d60: device AA:BB:CC:00:00:02 profile Hands-Free Voice gateway state changed: disconnecting -> disconnected (0)
Aug 13 05:13:35.404391 n bluetoothd[2816]: src/service.c:btd_service_unref() 0x5dd9322f9d60: ref=2
Aug 13 05:13:35.404422 n bluetoothd[2816]: src/battery.c:provided_battery_removed_cb() provided battery removed /org/freedesktop/pipewire/battery/org/bluez/hci0/dev_AA:BB:CC:00:00:03
Aug 13 05:13:35.404430 n bluetoothd[2816]: src/battery.c:btd_battery_unregister() path = /org/bluez/hci0/dev_AA:BB:CC:00:00:03
Aug 13 05:13:35.509806 n bluetoothd[2816]: profiles/audio/avdtp.c:session_cb()
Aug 13 05:13:35.509842 n bluetoothd[2816]: profiles/audio/avdtp.c:avdtp_parse_resp() CLOSE request succeeded
Aug 13 05:13:35.509855 n bluetoothd[2816]: profiles/audio/avdtp.c:avdtp_sep_set_state() stream state changed: STREAMING -> CLOSING
Aug 13 05:13:35.509918 n bluetoothd[2816]: profiles/audio/a2dp.c:close_cfm() Source 0x5dd9322f88c0: Close_Cfm
Aug 13 05:13:35.509932 n bluetoothd[2816]: profiles/audio/avdtp.c:avdtp_sep_set_state() stream state changed: CLOSING -> IDLE
Aug 13 05:13:35.510007 n bluetoothd[2816]: profiles/audio/transport.c:media_transport_remove_owner() Transport /org/bluez/hci0/dev_AA:BB:CC:00:00:03/fd3 Owner :1.84
Aug 13 05:13:35.510037 n bluetoothd[2816]: profiles/audio/transport.c:media_owner_free() Owner :1.84
Aug 13 05:13:35.510047 n bluetoothd[2816]: profiles/audio/transport.c:media_transport_suspend() Transport /org/bluez/hci0/dev_AA:BB:CC:00:00:03/fd3 Owner
Aug 13 05:13:35.510068 n bluetoothd[2816]: profiles/audio/transport.c:transport_set_state() State changed /org/bluez/hci0/dev_AA:BB:CC:00:00:03/fd3: TRANSPORT_STATE_ACTIVE -> TRANSPORT_STATE_IDLE
Aug 13 05:13:35.510091 n bluetoothd[2816]: profiles/audio/a2dp.c:a2dp_sep_unlock() SEP 0x5dd9322f88c0 unlocked
Aug 13 05:13:35.510104 n bluetoothd[2816]: profiles/audio/avdtp.c:avdtp_unref() 0x5dd93230b7c0: ref=1
Aug 13 05:13:35.510165 n bluetoothd[2816]: src/service.c:change_state() 0x5dd9322df890: device AA:BB:CC:00:00:02 profile a2dp-sink state changed: disconnecting -> disconnected (0)
Aug 13 05:13:35.510181 n bluetoothd[2816]: profiles/audio/avdtp.c:avdtp_unref() 0x5dd93230b7c0: ref=0
Aug 13 05:13:35.510192 n bluetoothd[2816]: profiles/audio/avdtp.c:avdtp_ref() 0x5dd93230b7c0: ref=1
Aug 13 05:13:35.510203 n bluetoothd[2816]: profiles/audio/avdtp.c:set_disconnect_timer() timeout 0
Aug 13 05:13:35.510250 n bluetoothd[2816]: profiles/audio/avdtp.c:avdtp_ref() 0x5dd93230b7c0: ref=2
Aug 13 05:13:35.510263 n bluetoothd[2816]: profiles/audio/avdtp.c:connection_lost() Disconnected from AA:BB:CC:00:00:02
Aug 13 05:13:35.510280 n bluetoothd[2816]: profiles/audio/sink.c:sink_set_state() State changed /org/bluez/hci0/dev_AA:BB:CC:00:00:03: SINK_STATE_PLAYING -> SINK_STATE_DISCONNECTED
Aug 13 05:13:35.510293 n bluetoothd[2816]: profiles/audio/a2dp.c:channel_remove() chan 0x5dd9322e6270
Aug 13 05:13:35.510389 n bluetoothd[2816]: profiles/audio/avdtp.c:avdtp_unref() 0x5dd93230b7c0: ref=1
Aug 13 05:13:35.510397 n bluetoothd[2816]: profiles/audio/avdtp.c:avdtp_unref() 0x5dd93230b7c0: ref=0
Aug 13 05:13:35.510404 n bluetoothd[2816]: profiles/audio/avdtp.c:avdtp_free() 0x5dd93230b7c0
Aug 13 05:13:36.268444 n bluetoothd[2816]: src/shared/mgmt.c:can_read_data() [0x0000] event 0x000c
Aug 13 05:13:36.268470 n bluetoothd[2816]: src/adapter.c:dev_disconnected() Device AA:BB:CC:00:00:02 disconnected, reason 3
Aug 13 05:13:36.268484 n bluetoothd[2816]: src/adapter.c:adapter_remove_connection()
Aug 13 05:13:36.268542 n bluetoothd[2816]: plugins/policy.c:disconnect_cb() reason 3
Aug 13 05:13:36.268555 n bluetoothd[2816]: src/adapter.c:bonding_attempt_complete() hci0 bdaddr AA:BB:CC:00:00:02 type 0 status 0xe
Aug 13 05:13:36.268568 n bluetoothd[2816]: src/device.c:device_bonding_complete() bonding (nil) status 0x0e
Aug 13 05:13:36.268580 n bluetoothd[2816]: src/device.c:device_bonding_failed() status 14
Aug 13 05:13:36.268591 n bluetoothd[2816]: src/adapter.c:resume_discovery()
Aug 13 05:13:36.268602 n bluetoothd[2816]: src/adapter.c:trigger_start_discovery()
Aug 13 05:13:36.268613 n bluetoothd[2816]: src/adapter.c:cancel_passive_scanning()
Aug 13 05:13:37.712318 n bluetoothd[2816]: src/shared/mgmt.c:can_read_data() [0x0000] event 0x000b
Aug 13 05:13:37.712338 n bluetoothd[2816]: src/adapter.c:connected_callback() hci0 device AA:BB:CC:00:00:02 connected eir_len 17
Aug 13 05:13:39.399288 n bluetoothd[2816]: src/shared/mgmt.c:can_read_data() [0x0000] event 0x0013
Aug 13 05:13:39.399308 n bluetoothd[2816]: src/adapter.c:discovering_callback() hci0 type 7 discovering 0 method 0
Aug 13 05:13:39.399316 n bluetoothd[2816]: src/adapter.c:trigger_start_discovery()
Aug 13 05:13:39.399322 n bluetoothd[2816]: src/adapter.c:cancel_passive_scanning()
Aug 13 05:13:39.402158 n bluetoothd[2816]: src/profile.c:ext_confirm() incoming connect from AA:BB:CC:00:00:02
Aug 13 05:13:39.402233 n bluetoothd[2816]: src/service.c:btd_service_ref() 0x5dd9322f9d60: ref=3
Aug 13 05:13:39.402266 n bluetoothd[2816]: src/profile.c:ext_confirm() Hands-Free Voice gateway authorizing connection from AA:BB:CC:00:00:02
Aug 13 05:13:39.402368 n bluetoothd[2816]: src/profile.c:ext_auth() AA:BB:CC:00:00:02 authorized to connect to Hands-Free Voice gateway
Aug 13 05:13:39.402414 n bluetoothd[2816]: src/profile.c:ext_connect() Hands-Free Voice gateway connected to AA:BB:CC:00:00:02
Aug 13 05:13:39.402435 n bluetoothd[2816]: src/service.c:change_state() 0x5dd9322f9d60: device AA:BB:CC:00:00:02 profile Hands-Free Voice gateway state changed: disconnected -> connecting (0)
Aug 13 05:13:39.403376 n bluetoothd[2816]: src/service.c:change_state() 0x5dd9322f9d60: device AA:BB:CC:00:00:02 profile Hands-Free Voice gateway state changed: connecting -> connected (0)
Aug 13 05:13:39.403400 n bluetoothd[2816]: src/device.c:device_profile_connected() Hands-Free Voice gateway Success (0)
Aug 13 05:13:39.403413 n bluetoothd[2816]: plugins/policy.c:service_cb() Added Hands-Free Voice gateway reconnect 1
Aug 13 05:13:39.495662 n bluetoothd[2816]: src/battery.c:btd_battery_register() path = /org/bluez/hci0/dev_AA:BB:CC:00:00:03
Aug 13 05:13:39.495691 n bluetoothd[2816]: src/battery.c:btd_battery_register() registered Battery object: /org/bluez/hci0/dev_AA:BB:CC:00:00:03
Aug 13 05:13:39.495704 n bluetoothd[2816]: src/battery.c:provided_battery_added_cb() provided battery added /org/freedesktop/pipewire/battery/org/bluez/hci0/dev_AA:BB:CC:00:00:03
Aug 13 05:13:39.495716 n bluetoothd[2816]: src/battery.c:btd_battery_update() path = /org/bluez/hci0/dev_AA:BB:CC:00:00:03
Aug 13 05:13:39.694855 n bluetoothd[2816]: profiles/audio/a2dp.c:confirm_cb() AVDTP: incoming connect from AA:BB:CC:00:00:02
Aug 13 05:13:39.703990 n bluetoothd[2816]: profiles/audio/sink.c:sink_set_state() State changed /org/bluez/hci0/dev_AA:BB:CC:00:00:03: SINK_STATE_DISCONNECTED -> SINK_STATE_CONNECTING
Aug 13 05:13:39.704047 n bluetoothd[2816]: profiles/audio/avdtp.c:avdtp_connect_cb() AVDTP: connected signaling channel to AA:BB:CC:00:00:02
Aug 13 05:13:39.704061 n bluetoothd[2816]: profiles/audio/avdtp.c:avdtp_connect_cb() AVDTP imtu=672, omtu=895
Aug 13 05:13:39.704132 n bluetoothd[2816]: profiles/audio/avdtp.c:avdtp_register_remote_sep() seid 7 type 1 media 0 delay_reporting false
Aug 13 05:13:39.704218 n bluetoothd[2816]: profiles/audio/a2dp.c:register_remote_sep() Found remote SEP: /org/bluez/hci0/dev_AA:BB:CC:00:00:03/sep7
Aug 13 05:13:39.704237 n bluetoothd[2816]: profiles/audio/avdtp.c:avdtp_register_remote_sep() seid 6 type 1 media 0 delay_reporting false
Aug 13 05:13:39.704265 n bluetoothd[2816]: profiles/audio/a2dp.c:register_remote_sep() Found remote SEP: /org/bluez/hci0/dev_AA:BB:CC:00:00:03/sep6
Aug 13 05:13:39.704283 n bluetoothd[2816]: profiles/audio/avdtp.c:avdtp_register_remote_sep() seid 5 type 1 media 0 delay_reporting false
Aug 13 05:13:39.704309 n bluetoothd[2816]: profiles/audio/a2dp.c:register_remote_sep() Found remote SEP: /org/bluez/hci0/dev_AA:BB:CC:00:00:03/sep5
Aug 13 05:13:39.704326 n bluetoothd[2816]: profiles/audio/avdtp.c:avdtp_register_remote_sep() seid 4 type 1 media 0 delay_reporting false
Aug 13 05:13:39.704352 n bluetoothd[2816]: profiles/audio/a2dp.c:register_remote_sep() Found remote SEP: /org/bluez/hci0/dev_AA:BB:CC:00:00:03/sep4
Aug 13 05:13:39.704387 n bluetoothd[2816]: profiles/audio/avdtp.c:avdtp_register_remote_sep() seid 8 type 1 media 0 delay_reporting false
Aug 13 05:13:39.704415 n bluetoothd[2816]: profiles/audio/a2dp.c:register_remote_sep() Found remote SEP: /org/bluez/hci0/dev_AA:BB:CC:00:00:03/sep8
Aug 13 05:13:39.704431 n bluetoothd[2816]: profiles/audio/a2dp.c:load_remote_sep() LastUsed: lseid 3 rseid 7
Aug 13 05:13:39.704456 n bluetoothd[2816]: profiles/audio/avdtp.c:avdtp_ref() 0x5dd9322fce80: ref=1
Aug 13 05:13:39.704469 n bluetoothd[2816]: profiles/audio/avdtp.c:set_disconnect_timer() timeout 1
Aug 13 05:13:39.744148 n bluetoothd[2816]: profiles/audio/avdtp.c:session_cb()
Aug 13 05:13:39.744177 n bluetoothd[2816]: profiles/audio/avdtp.c:avdtp_parse_cmd() Received DISCOVER_CMD
Aug 13 05:13:39.744277 n bluetoothd[2816]: profiles/audio/avctp.c:avctp_confirm_cb() AVCTP: incoming connect from AA:BB:CC:00:00:02
Aug 13 05:13:39.744295 n bluetoothd[2816]: profiles/audio/avctp.c:avctp_set_state() AVCTP Connecting
Aug 13 05:13:39.754073 n bluetoothd[2816]: profiles/audio/avdtp.c:session_cb()
Aug 13 05:13:39.754099 n bluetoothd[2816]: profiles/audio/avdtp.c:avdtp_parse_cmd() Received  GET_CAPABILITIES_CMD
Aug 13 05:13:39.754116 n bluetoothd[2816]: profiles/audio/a2dp.c:endpoint_getcap_ind() Source 0x5dd9322d6ee0: Get_Capability_Ind
Aug 13 05:13:39.761069 n bluetoothd[2816]: profiles/audio/avdtp.c:session_cb()
Aug 13 05:13:39.761099 n bluetoothd[2816]: profiles/audio/avdtp.c:avdtp_parse_cmd() Received  GET_CAPABILITIES_CMD
Aug 13 05:13:39.761118 n bluetoothd[2816]: profiles/audio/a2dp.c:endpoint_getcap_ind() Sink 0x5dd9322d0010: Get_Capability_Ind
Aug 13 05:13:39.764988 n bluetoothd[2816]: profiles/audio/avctp.c:avctp_connect_cb() AVCTP: connected to AA:BB:CC:00:00:02
Aug 13 05:13:39.765264 n bluetoothd[2816]: profiles/audio/avctp.c:init_uinput() AVRCP: uinput initialized for MOMENTUM 4
Aug 13 05:13:39.765294 n bluetoothd[2816]: profiles/audio/avrcp.c:controller_init() 0x5dd932301420 version 0x0106
Aug 13 05:13:39.765310 n bluetoothd[2816]: src/service.c:change_state() 0x5dd9322df850: device AA:BB:CC:00:00:02 profile audio-avrcp-target state changed: disconnected -> connected (0)
Aug 13 05:13:39.765353 n bluetoothd[2816]: profiles/audio/player.c:media_player_controller_create() /org/bluez/hci0/dev_AA:BB:CC:00:00:03/player0
Aug 13 05:13:39.765377 n bluetoothd[2816]: profiles/audio/avrcp.c:target_init() 0x5dd932312cf0 version 0x0106
Aug 13 05:13:39.765399 n bluetoothd[2816]: src/service.c:change_state() 0x5dd9322df790: device AA:BB:CC:00:00:02 profile avrcp-controller state changed: disconnected -> connected (0)
Aug 13 05:13:39.765421 n bluetoothd[2816]: profiles/audio/avctp.c:avctp_set_state() AVCTP Connected
Aug 13 05:13:39.769946 n bluetoothd[2816]: profiles/audio/avdtp.c:session_cb()
Aug 13 05:13:39.769959 n bluetoothd[2816]: profiles/audio/avdtp.c:avdtp_parse_cmd() Received  GET_CAPABILITIES_CMD
Aug 13 05:13:39.769968 n bluetoothd[2816]: profiles/audio/a2dp.c:endpoint_getcap_ind() Source 0x5dd9322f88c0: Get_Capability_Ind
Aug 13 05:13:39.803980 n bluetoothd[2816]: profiles/audio/avdtp.c:session_cb()
Aug 13 05:13:39.803999 n bluetoothd[2816]: profiles/audio/avdtp.c:avdtp_parse_cmd() Received  GET_CAPABILITIES_CMD
Aug 13 05:13:39.804009 n bluetoothd[2816]: profiles/audio/a2dp.c:endpoint_getcap_ind() Sink 0x5dd9322f8d40: Get_Capability_Ind
Aug 13 05:13:39.805943 n bluetoothd[2816]: profiles/audio/avrcp.c:handle_vendordep_pdu() AVRCP PDU 0x31, company 0x001958 len 0x0005
Aug 13 05:13:39.819966 n bluetoothd[2816]: profiles/audio/avdtp.c:session_cb()
Aug 13 05:13:39.819986 n bluetoothd[2816]: profiles/audio/avdtp.c:avdtp_parse_cmd() Received  GET_CAPABILITIES_CMD
Aug 13 05:13:39.819998 n bluetoothd[2816]: profiles/audio/a2dp.c:endpoint_getcap_ind() Source 0x5dd9322f2e80: Get_Capability_Ind
Aug 13 05:13:39.843984 n bluetoothd[2816]: profiles/audio/avdtp.c:session_cb()
Aug 13 05:13:39.843998 n bluetoothd[2816]: profiles/audio/avdtp.c:avdtp_parse_cmd() Received  GET_CAPABILITIES_CMD
Aug 13 05:13:39.844013 n bluetoothd[2816]: profiles/audio/a2dp.c:endpoint_getcap_ind() Sink 0x5dd9322f2040: Get_Capability_Ind
Aug 13 05:13:39.869050 n bluetoothd[2816]: profiles/audio/avdtp.c:session_cb()
Aug 13 05:13:39.869076 n bluetoothd[2816]: profiles/audio/avdtp.c:avdtp_parse_cmd() Received  GET_CAPABILITIES_CMD
Aug 13 05:13:39.869089 n bluetoothd[2816]: profiles/audio/a2dp.c:endpoint_getcap_ind() Source 0x5dd9322fab00: Get_Capability_Ind
Aug 13 05:13:39.892407 n bluetoothd[2816]: profiles/audio/avdtp.c:session_cb()
Aug 13 05:13:39.892440 n bluetoothd[2816]: profiles/audio/avdtp.c:avdtp_parse_cmd() Received  GET_CAPABILITIES_CMD
Aug 13 05:13:39.892455 n bluetoothd[2816]: profiles/audio/a2dp.c:endpoint_getcap_ind() Sink 0x5dd9322efb40: Get_Capability_Ind
Aug 13 05:13:39.919036 n bluetoothd[2816]: profiles/audio/avdtp.c:session_cb()
Aug 13 05:13:39.919058 n bluetoothd[2816]: profiles/audio/avdtp.c:avdtp_parse_cmd() Received  GET_CAPABILITIES_CMD
Aug 13 05:13:39.919067 n bluetoothd[2816]: profiles/audio/a2dp.c:endpoint_getcap_ind() Source 0x5dd9322ef400: Get_Capability_Ind
Aug 13 05:13:39.944330 n bluetoothd[2816]: profiles/audio/avdtp.c:session_cb()
Aug 13 05:13:39.944363 n bluetoothd[2816]: profiles/audio/avdtp.c:avdtp_parse_cmd() Received  GET_CAPABILITIES_CMD
Aug 13 05:13:39.944378 n bluetoothd[2816]: profiles/audio/a2dp.c:endpoint_getcap_ind() Source 0x5dd9322f0c00: Get_Capability_Ind
Aug 13 05:13:39.969165 n bluetoothd[2816]: profiles/audio/avdtp.c:session_cb()
Aug 13 05:13:39.969198 n bluetoothd[2816]: profiles/audio/avdtp.c:avdtp_parse_cmd() Received  GET_CAPABILITIES_CMD
Aug 13 05:13:39.969213 n bluetoothd[2816]: profiles/audio/a2dp.c:endpoint_getcap_ind() Source 0x5dd9322f3e70: Get_Capability_Ind
Aug 13 05:13:39.995329 n bluetoothd[2816]: profiles/audio/avdtp.c:session_cb()
Aug 13 05:13:39.995378 n bluetoothd[2816]: profiles/audio/avdtp.c:avdtp_parse_cmd() Received  GET_CAPABILITIES_CMD
Aug 13 05:13:39.995394 n bluetoothd[2816]: profiles/audio/a2dp.c:endpoint_getcap_ind() Source 0x5dd9322f4cb0: Get_Capability_Ind
Aug 13 05:13:40.017589 n bluetoothd[2816]: profiles/audio/avdtp.c:session_cb()
Aug 13 05:13:40.017609 n bluetoothd[2816]: profiles/audio/avdtp.c:avdtp_parse_cmd() Received  GET_CAPABILITIES_CMD
Aug 13 05:13:40.017620 n bluetoothd[2816]: profiles/audio/a2dp.c:endpoint_getcap_ind() Source 0x5dd9322f6580: Get_Capability_Ind
Aug 13 05:13:40.044151 n bluetoothd[2816]: profiles/audio/avdtp.c:session_cb()
Aug 13 05:13:40.044185 n bluetoothd[2816]: profiles/audio/avdtp.c:avdtp_parse_cmd() Received  GET_CAPABILITIES_CMD
Aug 13 05:13:40.044201 n bluetoothd[2816]: profiles/audio/a2dp.c:endpoint_getcap_ind() Source 0x5dd9322ebef0: Get_Capability_Ind
Aug 13 05:13:40.070040 n bluetoothd[2816]: profiles/audio/avdtp.c:session_cb()
Aug 13 05:13:40.070063 n bluetoothd[2816]: profiles/audio/avdtp.c:avdtp_parse_cmd() Received  GET_CAPABILITIES_CMD
Aug 13 05:13:40.070075 n bluetoothd[2816]: profiles/audio/a2dp.c:endpoint_getcap_ind() Source 0x5dd9322f3ae0: Get_Capability_Ind
Aug 13 05:13:40.094083 n bluetoothd[2816]: profiles/audio/avdtp.c:session_cb()
Aug 13 05:13:40.094127 n bluetoothd[2816]: profiles/audio/avdtp.c:avdtp_parse_cmd() Received  GET_CAPABILITIES_CMD
Aug 13 05:13:40.094143 n bluetoothd[2816]: profiles/audio/a2dp.c:endpoint_getcap_ind() Sink 0x5dd9322f7790: Get_Capability_Ind
Aug 13 05:13:40.120119 n bluetoothd[2816]: profiles/audio/avdtp.c:session_cb()
Aug 13 05:13:40.120138 n bluetoothd[2816]: profiles/audio/avdtp.c:avdtp_parse_cmd() Received  GET_CAPABILITIES_CMD
Aug 13 05:13:40.120149 n bluetoothd[2816]: profiles/audio/a2dp.c:endpoint_getcap_ind() Source 0x5dd9322fc0b0: Get_Capability_Ind
Aug 13 05:13:40.144147 n bluetoothd[2816]: profiles/audio/avdtp.c:session_cb()
Aug 13 05:13:40.144178 n bluetoothd[2816]: profiles/audio/avdtp.c:avdtp_parse_cmd() Received  GET_CAPABILITIES_CMD
Aug 13 05:13:40.144195 n bluetoothd[2816]: profiles/audio/a2dp.c:endpoint_getcap_ind() Sink 0x5dd9322ff5c0: Get_Capability_Ind
Aug 13 05:13:40.170143 n bluetoothd[2816]: profiles/audio/avdtp.c:session_cb()
Aug 13 05:13:40.170177 n bluetoothd[2816]: profiles/audio/avdtp.c:avdtp_parse_cmd() Received  GET_CAPABILITIES_CMD
Aug 13 05:13:40.170192 n bluetoothd[2816]: profiles/audio/a2dp.c:endpoint_getcap_ind() Source 0x5dd9323001f0: Get_Capability_Ind
Aug 13 05:13:40.194137 n bluetoothd[2816]: profiles/audio/avdtp.c:session_cb()
Aug 13 05:13:40.194168 n bluetoothd[2816]: profiles/audio/avdtp.c:avdtp_parse_cmd() Received  GET_CAPABILITIES_CMD
Aug 13 05:13:40.194182 n bluetoothd[2816]: profiles/audio/a2dp.c:endpoint_getcap_ind() Source 0x5dd9322d6ee0: Get_Capability_Ind
Aug 13 05:13:40.220137 n bluetoothd[2816]: profiles/audio/avdtp.c:session_cb()
Aug 13 05:13:40.220174 n bluetoothd[2816]: profiles/audio/avdtp.c:avdtp_parse_cmd() Received  GET_CAPABILITIES_CMD
Aug 13 05:13:40.220188 n bluetoothd[2816]: profiles/audio/a2dp.c:endpoint_getcap_ind() Source 0x5dd9322f88c0: Get_Capability_Ind
Aug 13 05:13:40.244043 n bluetoothd[2816]: profiles/audio/avdtp.c:session_cb()
Aug 13 05:13:40.244061 n bluetoothd[2816]: profiles/audio/avdtp.c:avdtp_parse_cmd() Received SET_CONFIGURATION_CMD
Aug 13 05:13:40.244072 n bluetoothd[2816]: profiles/audio/a2dp.c:endpoint_setconf_ind() Source 0x5dd9322f88c0: Set_Configuration_Ind
Aug 13 05:13:40.244081 n bluetoothd[2816]: profiles/audio/avdtp.c:avdtp_ref() 0x5dd9322fce80: ref=2
Aug 13 05:13:40.244090 n bluetoothd[2816]: profiles/audio/avdtp.c:avdtp_unref() 0x5dd9322fce80: ref=1
Aug 13 05:13:40.244099 n bluetoothd[2816]: profiles/audio/a2dp.c:setup_ref() 0x5dd9322fd940: ref=1
Aug 13 05:13:40.244105 n bluetoothd[2816]: profiles/audio/a2dp.c:setup_ref() 0x5dd9322fd940: ref=2
Aug 13 05:13:40.244203 n bluetoothd[2816]: profiles/audio/media.c:media_endpoint_async_call() Calling SetConfiguration: name = :1.84 path = /MediaEndpoint/A2DPSource/aptx_hd
Aug 13 05:13:40.246451 n bluetoothd[2816]: profiles/audio/avdtp.c:avdtp_ref() 0x5dd9322fce80: ref=2
Aug 13 05:13:40.246465 n bluetoothd[2816]: profiles/audio/avdtp.c:avdtp_sep_set_state() stream state changed: IDLE -> CONFIGURED
Aug 13 05:13:40.246471 n bluetoothd[2816]: profiles/audio/a2dp.c:setup_unref() 0x5dd9322fd940: ref=1
Aug 13 05:13:40.246476 n bluetoothd[2816]: profiles/audio/a2dp.c:setup_unref() 0x5dd9322fd940: ref=0
Aug 13 05:13:40.246482 n bluetoothd[2816]: profiles/audio/a2dp.c:setup_free() 0x5dd9322fd940
Aug 13 05:13:40.246489 n bluetoothd[2816]: profiles/audio/avdtp.c:avdtp_unref() 0x5dd9322fce80: ref=1
Aug 13 05:13:40.268989 n bluetoothd[2816]: profiles/audio/avdtp.c:session_cb()
Aug 13 05:13:40.269009 n bluetoothd[2816]: profiles/audio/avdtp.c:avdtp_parse_cmd() Received OPEN_CMD
Aug 13 05:13:40.269021 n bluetoothd[2816]: profiles/audio/a2dp.c:open_ind() Source 0x5dd9322f88c0: Open_Ind
Aug 13 05:13:40.269029 n bluetoothd[2816]: profiles/audio/avdtp.c:avdtp_ref() 0x5dd9322fce80: ref=2
Aug 13 05:13:40.269037 n bluetoothd[2816]: profiles/audio/a2dp.c:setup_ref() 0x5dd9322fd940: ref=1
Aug 13 05:13:40.294427 n bluetoothd[2816]: profiles/audio/a2dp.c:confirm_cb() AVDTP: incoming connect from AA:BB:CC:00:00:02
Aug 13 05:13:40.303983 n bluetoothd[2816]: profiles/audio/avdtp.c:handle_transport_connect() Flushable packets enabled
Aug 13 05:13:40.303994 n bluetoothd[2816]: profiles/audio/avdtp.c:handle_transport_connect() sk 43, omtu 895, send buffer size 106496
Aug 13 05:13:40.304000 n bluetoothd[2816]: profiles/audio/avdtp.c:avdtp_sep_set_state() stream state changed: CONFIGURED -> OPEN
Aug 13 05:13:40.304007 n bluetoothd[2816]: src/service.c:change_state() 0x5dd9322df890: device AA:BB:CC:00:00:02 profile a2dp-sink state changed: disconnected -> connected (0)
Aug 13 05:13:40.304014 n bluetoothd[2816]: plugins/policy.c:service_cb() Added a2dp-sink reconnect 1
Aug 13 05:13:40.304021 n bluetoothd[2816]: profiles/audio/sink.c:sink_set_state() State changed /org/bluez/hci0/dev_AA:BB:CC:00:00:03: SINK_STATE_CONNECTING -> SINK_STATE_CONNECTED
Aug 13 05:13:40.304028 n bluetoothd[2816]: profiles/audio/transport.c:transport_update_playing() /org/bluez/hci0/dev_AA:BB:CC:00:00:03/fd4 State=TRANSPORT_STATE_IDLE Playing=0
Aug 13 05:13:40.304035 n bluetoothd[2816]: profiles/audio/a2dp.c:setup_unref() 0x5dd9322fd940: ref=0
Aug 13 05:13:40.304040 n bluetoothd[2816]: profiles/audio/a2dp.c:setup_free() 0x5dd9322fd940
Aug 13 05:13:40.304045 n bluetoothd[2816]: profiles/audio/avdtp.c:avdtp_unref() 0x5dd9322fce80: ref=1
Aug 13 05:13:41.844029 n bluetoothd[2816]: profiles/audio/player.c:media_player_set_status() stopped
Aug 13 05:13:44.609817 n bluetoothd[2816]: src/adapter.c:start_discovery_timeout()
Aug 13 05:13:44.609840 n bluetoothd[2816]: src/adapter.c:start_discovery_timeout() adapter->current_discovery_filter == 0
Aug 13 05:13:44.609918 n bluetoothd[2816]: src/shared/mgmt.c:send_request() [0x0000] command 0x0023
Aug 13 05:13:44.620210 n bluetoothd[2816]: src/shared/mgmt.c:can_read_data() [0x0000] event 0x0013
Aug 13 05:13:44.620227 n bluetoothd[2816]: src/adapter.c:discovering_callback() hci0 type 7 discovering 1 method 0
Aug 13 05:13:44.620258 n bluetoothd[2816]: src/shared/mgmt.c:can_read_data() [0x0000] command 0x0023 complete: 0x00
Aug 13 05:13:44.620277 n bluetoothd[2816]: src/adapter.c:start_discovery_complete() status 0x00
Aug 13 05:13:44.654216 n bluetoothd[2816]: src/shared/mgmt.c:can_read_data() [0x0000] event 0x0012
Aug 13 05:13:44.654225 n bluetoothd[2816]: src/adapter.c:device_found_callback() hci0 addr AA:BB:CC:00:00:14, rssi -80 flags 0x0000 eir_len 29
Aug 13 05:13:44.654240 n bluetoothd[2816]: src/device.c:device_set_legacy() legacy 0
Aug 13 05:13:44.654251 n bluetoothd[2816]: src/device.c:device_set_flags() flags 2
Aug 13 05:13:44.718221 n bluetoothd[2816]: src/shared/mgmt.c:can_read_data() [0x0000] event 0x0012
Aug 13 05:13:44.718231 n bluetoothd[2816]: src/adapter.c:device_found_callback() hci0 addr AA:BB:CC:00:00:02, rssi -57 flags 0x0000 eir_len 19
Aug 13 05:13:45.657647 n bluetoothd[2816]: src/shared/mgmt.c:can_read_data() [0x0000] event 0x0012
Aug 13 05:13:45.657674 n bluetoothd[2816]: src/adapter.c:device_found_callback() hci0 addr AA:BB:CC:00:00:16, rssi -79 flags 0x0000 eir_len 14
Aug 13 05:13:45.657701 n bluetoothd[2816]: src/device.c:device_create() dst AA:BB:CC:00:00:16
Aug 13 05:13:45.657713 n bluetoothd[2816]: src/device.c:device_new() address AA:BB:CC:00:00:16
Aug 13 05:13:45.657732 n bluetoothd[2816]: src/device.c:device_new() Creating device /org/bluez/hci0/dev_AA:BB:CC:00:00:17
Aug 13 05:13:45.657775 n bluetoothd[2816]: src/device.c:device_store_cached_name() Can't store name for private addressed device /org/bluez/hci0/dev_AA:BB:CC:00:00:17
Aug 13 05:13:45.657788 n bluetoothd[2816]: src/device.c:device_set_legacy() legacy 0
Aug 13 05:13:45.657800 n bluetoothd[2816]: src/device.c:device_set_rssi_with_delta() rssi -79
Aug 13 05:13:45.657812 n bluetoothd[2816]: src/device.c:btd_device_device_set_name() /org/bluez/hci0/dev_AA:BB:CC:00:00:17 NKCCX
Aug 13 05:13:45.657880 n bluetoothd[2816]: src/device.c:device_set_flags() flags 2
Aug 13 05:13:46.607654 n bluetoothd[2816]: src/shared/mgmt.c:can_read_data() [0x0000] event 0x0012
Aug 13 05:13:46.607681 n bluetoothd[2816]: src/adapter.c:device_found_callback() hci0 addr AA:BB:CC:00:00:02, rssi -58 flags 0x0000 eir_len 19
Aug 13 05:13:46.607846 n bluetoothd[2816]: src/shared/mgmt.c:can_read_data() [0x0000] event 0x0012
Aug 13 05:13:46.607860 n bluetoothd[2816]: src/adapter.c:device_found_callback() hci0 addr AA:BB:CC:00:00:12, rssi -88 flags 0x0004 eir_len 28
Aug 13 05:13:47.298645 n bluetoothd[2816]: src/service.c:change_state() 0x5dd9322df790: device AA:BB:CC:00:00:02 profile avrcp-controller state changed: connected -> disconnecting (0)
Aug 13 05:13:47.298666 n bluetoothd[2816]: profiles/audio/avrcp.c:avrcp_disconnect() path /org/bluez/hci0/dev_AA:BB:CC:00:00:03
Aug 13 05:13:47.298676 n bluetoothd[2816]: src/service.c:change_state() 0x5dd9322df850: device AA:BB:CC:00:00:02 profile audio-avrcp-target state changed: connected -> disconnected (0)
Aug 13 05:13:47.298684 n bluetoothd[2816]: src/service.c:change_state() 0x5dd9322df790: device AA:BB:CC:00:00:02 profile avrcp-controller state changed: disconnecting -> disconnected (0)
Aug 13 05:13:47.298692 n bluetoothd[2816]: profiles/audio/avrcp.c:controller_destroy() 0x5dd932301420
Aug 13 05:13:47.298700 n bluetoothd[2816]: profiles/audio/player.c:media_player_destroy() /org/bluez/hci0/dev_AA:BB:CC:00:00:03/player0
Aug 13 05:13:47.298749 n bluetoothd[2816]: profiles/audio/avrcp.c:target_destroy() 0x5dd932312cf0
Aug 13 05:13:47.298762 n bluetoothd[2816]: profiles/audio/avctp.c:avctp_set_state() AVCTP Disconnected
Aug 13 05:13:47.298800 n bluetoothd[2816]: profiles/audio/avctp.c:avctp_disconnected() AVCTP: closing uinput for AA:BB:CC:00:00:02
Aug 13 05:13:47.317044 n bluetoothd[2816]: src/service.c:change_state() 0x5dd9322df890: device AA:BB:CC:00:00:02 profile a2dp-sink state changed: connected -> disconnecting (0)
Aug 13 05:13:47.317065 n bluetoothd[2816]: profiles/audio/a2dp.c:a2dp_sink_disconnect() path /org/bluez/hci0/dev_AA:BB:CC:00:00:03
Aug 13 05:13:47.317093 n bluetoothd[2816]: src/service.c:change_state() 0x5dd9322f9d60: device AA:BB:CC:00:00:02 profile Hands-Free Voice gateway state changed: connected -> disconnecting (0)
Aug 13 05:13:47.318368 n bluetoothd[2816]: src/profile.c:ext_io_disconnected() Hands-Free Voice gateway disconnected from AA:BB:CC:00:00:02
Aug 13 05:13:47.318378 n bluetoothd[2816]: src/service.c:change_state() 0x5dd9322f9d60: device AA:BB:CC:00:00:02 profile Hands-Free Voice gateway state changed: disconnecting -> disconnected (0)
Aug 13 05:13:47.318395 n bluetoothd[2816]: src/service.c:btd_service_unref() 0x5dd9322f9d60: ref=2
Aug 13 05:13:47.318429 n bluetoothd[2816]: src/battery.c:provided_battery_removed_cb() provided battery removed /org/freedesktop/pipewire/battery/org/bluez/hci0/dev_AA:BB:CC:00:00:03
Aug 13 05:13:47.318438 n bluetoothd[2816]: src/battery.c:btd_battery_unregister() path = /org/bluez/hci0/dev_AA:BB:CC:00:00:03
Aug 13 05:13:47.396085 n bluetoothd[2816]: profiles/audio/avdtp.c:session_cb()
Aug 13 05:13:47.396117 n bluetoothd[2816]: profiles/audio/avdtp.c:avdtp_parse_resp() CLOSE request succeeded
Aug 13 05:13:47.396131 n bluetoothd[2816]: profiles/audio/avdtp.c:avdtp_sep_set_state() stream state changed: OPEN -> CLOSING
Aug 13 05:13:47.396192 n bluetoothd[2816]: profiles/audio/a2dp.c:close_cfm() Source 0x5dd9322f88c0: Close_Cfm
Aug 13 05:13:47.396209 n bluetoothd[2816]: profiles/audio/avdtp.c:avdtp_sep_set_state() stream state changed: CLOSING -> IDLE
Aug 13 05:13:47.396312 n bluetoothd[2816]: src/service.c:change_state() 0x5dd9322df890: device AA:BB:CC:00:00:02 profile a2dp-sink state changed: disconnecting -> disconnected (0)
Aug 13 05:13:47.396335 n bluetoothd[2816]: profiles/audio/avdtp.c:avdtp_unref() 0x5dd9322fce80: ref=0
Aug 13 05:13:47.396353 n bluetoothd[2816]: profiles/audio/avdtp.c:avdtp_ref() 0x5dd9322fce80: ref=1
Aug 13 05:13:47.396372 n bluetoothd[2816]: profiles/audio/avdtp.c:set_disconnect_timer() timeout 0
Aug 13 05:13:47.396439 n bluetoothd[2816]: profiles/audio/avdtp.c:avdtp_ref() 0x5dd9322fce80: ref=2
Aug 13 05:13:47.396460 n bluetoothd[2816]: profiles/audio/avdtp.c:connection_lost() Disconnected from AA:BB:CC:00:00:02
Aug 13 05:13:47.396478 n bluetoothd[2816]: profiles/audio/sink.c:sink_set_state() State changed /org/bluez/hci0/dev_AA:BB:CC:00:00:03: SINK_STATE_CONNECTED -> SINK_STATE_DISCONNECTED
Aug 13 05:13:47.396501 n bluetoothd[2816]: profiles/audio/a2dp.c:channel_remove() chan 0x5dd9322edf00
Aug 13 05:13:47.396651 n bluetoothd[2816]: profiles/audio/avdtp.c:avdtp_unref() 0x5dd9322fce80: ref=1
Aug 13 05:13:47.396665 n bluetoothd[2816]: profiles/audio/avdtp.c:avdtp_unref() 0x5dd9322fce80: ref=0
Aug 13 05:13:47.396675 n bluetoothd[2816]: profiles/audio/avdtp.c:avdtp_free() 0x5dd9322fce80
Aug 13 05:13:47.614382 n bluetoothd[2816]: src/shared/mgmt.c:can_read_data() [0x0000] event 0x000c
Aug 13 05:13:47.614406 n bluetoothd[2816]: src/adapter.c:dev_disconnected() Device AA:BB:CC:00:00:02 disconnected, reason 3
Aug 13 05:13:47.614415 n bluetoothd[2816]: src/adapter.c:adapter_remove_connection()
Aug 13 05:13:47.614462 n bluetoothd[2816]: plugins/policy.c:disconnect_cb() reason 3
Aug 13 05:13:47.614472 n bluetoothd[2816]: src/adapter.c:bonding_attempt_complete() hci0 bdaddr AA:BB:CC:00:00:02 type 0 status 0xe
Aug 13 05:13:47.614480 n bluetoothd[2816]: src/device.c:device_bonding_complete() bonding (nil) status 0x0e
Aug 13 05:13:47.614488 n bluetoothd[2816]: src/device.c:device_bonding_failed() status 14
Aug 13 05:13:47.614495 n bluetoothd[2816]: src/adapter.c:resume_discovery()
Aug 13 05:13:47.614503 n bluetoothd[2816]: src/adapter.c:trigger_start_discovery()
Aug 13 05:13:47.614510 n bluetoothd[2816]: src/adapter.c:cancel_passive_scanning()
Aug 13 05:13:48.710683 n bluetoothd[2816]: src/shared/mgmt.c:can_read_data() [0x0000] event 0x0012
Aug 13 05:13:48.710710 n bluetoothd[2816]: src/adapter.c:device_found_callback() hci0 addr AA:BB:CC:00:00:18, rssi -92 flags 0x0004 eir_len 8
Aug 13 05:13:50.143363 n bluetoothd[2816]: src/shared/mgmt.c:can_read_data() [0x0000] event 0x0012
Aug 13 05:13:50.143401 n bluetoothd[2816]: src/adapter.c:device_found_callback() hci0 addr AA:BB:CC:00:00:02, rssi -60 flags 0x0000 eir_len 19
Aug 13 05:13:52.612332 n bluetoothd[2816]: src/adapter.c:start_discovery_timeout()
Aug 13 05:13:52.612363 n bluetoothd[2816]: src/adapter.c:start_discovery_timeout() adapter->current_discovery_filter == 0
Aug 13 05:13:54.716144 n bluetoothd[2816]: src/adapter.c:stop_discovery() sender :1.119
Aug 13 05:13:54.716164 n bluetoothd[2816]: src/adapter.c:set_discoverable() sending set mode command for index 0
Aug 13 05:13:54.716171 n bluetoothd[2816]: src/adapter.c:set_mode() sending set mode command for index 0
Aug 13 05:13:54.716187 n bluetoothd[2816]: src/device.c:connect_profiles() /org/bluez/hci0/dev_AA:BB:CC:00:00:03 (all), client :1.119
Aug 13 05:13:54.716273 n bluetoothd[2816]: src/service.c:btd_service_ref() 0x5dd9322f9d60: ref=3
Aug 13 05:13:54.716289 n bluetoothd[2816]: src/service.c:change_state() 0x5dd9322f9d60: device AA:BB:CC:00:00:02 profile Hands-Free Voice gateway state changed: disconnected -> connecting (0)
Aug 13 05:13:54.716322 n bluetoothd[2816]: src/shared/mgmt.c:send_request() [0x0000] command 0x0007
Aug 13 05:13:54.719339 n bluetoothd[2816]: src/shared/mgmt.c:can_read_data() [0x0000] event 0x0013
Aug 13 05:13:54.719359 n bluetoothd[2816]: src/adapter.c:discovering_callback() hci0 type 7 discovering 0 method 0
Aug 13 05:13:54.719369 n bluetoothd[2816]: src/adapter.c:trigger_start_discovery()
Aug 13 05:13:54.719377 n bluetoothd[2816]: src/adapter.c:cancel_passive_scanning()
Aug 13 05:13:54.925289 n bluetoothd[2816]: src/shared/mgmt.c:can_read_data() [0x0000] command 0x0007 complete: 0x00
Aug 13 05:13:54.925304 n bluetoothd[2816]: src/adapter.c:new_settings_callback() Settings: 0x00000ad1
Aug 13 05:13:54.925311 n bluetoothd[2816]: src/adapter.c:settings_changed() Changed settings: 0x0000000a
Aug 13 05:13:54.925317 n bluetoothd[2816]: src/adapter.c:settings_changed() Pending settings: 0x00000000
Aug 13 05:13:54.931461 n bluetoothd[2816]: src/shared/mgmt.c:send_request() [0x0000] command 0x0024
Aug 13 05:13:54.931484 n bluetoothd[2816]: src/shared/mgmt.c:can_read_data() [0x0000] command 0x0024 complete: 0x0b
Aug 13 05:13:54.931491 n bluetoothd[2816]: src/adapter.c:stop_discovery_complete() status 0x0b
Aug 13 05:13:54.931527 n bluetoothd[2816]: src/adapter.c:discovery_remove() owner :1.119
Aug 13 05:13:54.931535 n bluetoothd[2816]: src/device.c:device_set_rssi_with_delta() rssi 0
Aug 13 05:13:54.931543 n bluetoothd[2816]: src/device.c:device_set_rssi_with_delta() rssi 0
Aug 13 05:13:54.960265 n bluetoothd[2816]: src/shared/mgmt.c:can_read_data() [0x0000] event 0x000b
Aug 13 05:13:54.960292 n bluetoothd[2816]: src/adapter.c:connected_callback() hci0 device AA:BB:CC:00:00:02 connected eir_len 12
Aug 13 05:13:55.197105 n bluetoothd[2816]: src/profile.c:ext_connect() Hands-Free Voice gateway connected to AA:BB:CC:00:00:02
Aug 13 05:13:55.198004 n bluetoothd[2816]: src/service.c:change_state() 0x5dd9322f9d60: device AA:BB:CC:00:00:02 profile Hands-Free Voice gateway state changed: connecting -> connected (0)
Aug 13 05:13:55.198018 n bluetoothd[2816]: src/device.c:device_profile_connected() Hands-Free Voice gateway Success (0)
Aug 13 05:13:55.198026 n bluetoothd[2816]: profiles/audio/a2dp.c:a2dp_sink_connect() path /org/bluez/hci0/dev_AA:BB:CC:00:00:03
Aug 13 05:13:55.198040 n bluetoothd[2816]: profiles/audio/avdtp.c:avdtp_ref() 0x5dd93230e2b0: ref=1
Aug 13 05:13:55.198047 n bluetoothd[2816]: profiles/audio/avdtp.c:avdtp_ref() 0x5dd93230e2b0: ref=2
Aug 13 05:13:55.198054 n bluetoothd[2816]: profiles/audio/a2dp.c:setup_ref() 0x5dd932309000: ref=1
Aug 13 05:13:55.198112 n bluetoothd[2816]: profiles/audio/sink.c:sink_set_state() State changed /org/bluez/hci0/dev_AA:BB:CC:00:00:03: SINK_STATE_DISCONNECTED -> SINK_STATE_CONNECTING
Aug 13 05:13:55.198127 n bluetoothd[2816]: profiles/audio/sink.c:sink_connect() stream creation in progress
Aug 13 05:13:55.198141 n bluetoothd[2816]: src/service.c:change_state() 0x5dd9322df890: device AA:BB:CC:00:00:02 profile a2dp-sink state changed: disconnected -> connecting (0)
Aug 13 05:13:55.198153 n bluetoothd[2816]: plugins/policy.c:policy_connect() /org/bluez/hci0/dev_AA:BB:CC:00:00:03 profile a2dp-sink
Aug 13 05:13:55.198160 n bluetoothd[2816]: plugins/policy.c:service_cb() Added Hands-Free Voice gateway reconnect 1
Aug 13 05:13:55.220976 n bluetoothd[2816]: profiles/audio/avdtp.c:avdtp_connect_cb() AVDTP: connected signaling channel to AA:BB:CC:00:00:02
Aug 13 05:13:55.220992 n bluetoothd[2816]: profiles/audio/avdtp.c:avdtp_connect_cb() AVDTP imtu=672, omtu=895
Aug 13 05:13:55.221082 n bluetoothd[2816]: profiles/audio/avdtp.c:avdtp_register_remote_sep() seid 7 type 1 media 0 delay_reporting false
Aug 13 05:13:55.221113 n bluetoothd[2816]: profiles/audio/a2dp.c:register_remote_sep() Found remote SEP: /org/bluez/hci0/dev_AA:BB:CC:00:00:03/sep7
Aug 13 05:13:55.221125 n bluetoothd[2816]: profiles/audio/avdtp.c:avdtp_register_remote_sep() seid 6 type 1 media 0 delay_reporting false
Aug 13 05:13:55.221144 n bluetoothd[2816]: profiles/audio/a2dp.c:register_remote_sep() Found remote SEP: /org/bluez/hci0/dev_AA:BB:CC:00:00:03/sep6
Aug 13 05:13:55.221162 n bluetoothd[2816]: profiles/audio/avdtp.c:avdtp_register_remote_sep() seid 5 type 1 media 0 delay_reporting false
Aug 13 05:13:55.221179 n bluetoothd[2816]: profiles/audio/a2dp.c:register_remote_sep() Found remote SEP: /org/bluez/hci0/dev_AA:BB:CC:00:00:03/sep5
Aug 13 05:13:55.221194 n bluetoothd[2816]: profiles/audio/avdtp.c:avdtp_register_remote_sep() seid 4 type 1 media 0 delay_reporting false
Aug 13 05:13:55.221215 n bluetoothd[2816]: profiles/audio/a2dp.c:register_remote_sep() Found remote SEP: /org/bluez/hci0/dev_AA:BB:CC:00:00:03/sep4
Aug 13 05:13:55.221237 n bluetoothd[2816]: profiles/audio/avdtp.c:avdtp_register_remote_sep() seid 8 type 1 media 0 delay_reporting false
Aug 13 05:13:55.221258 n bluetoothd[2816]: profiles/audio/a2dp.c:register_remote_sep() Found remote SEP: /org/bluez/hci0/dev_AA:BB:CC:00:00:03/sep8
Aug 13 05:13:55.221270 n bluetoothd[2816]: profiles/audio/a2dp.c:load_remote_sep() LastUsed: lseid 3 rseid 7
Aug 13 05:13:55.244955 n bluetoothd[2816]: profiles/audio/avdtp.c:session_cb()
Aug 13 05:13:55.244980 n bluetoothd[2816]: profiles/audio/avdtp.c:avdtp_parse_resp() DISCOVER request succeeded
Aug 13 05:13:55.244990 n bluetoothd[2816]: profiles/audio/avdtp.c:avdtp_discover_resp() seid 7 type 1 media 0 in use 0
Aug 13 05:13:55.245000 n bluetoothd[2816]: profiles/audio/avdtp.c:avdtp_discover_resp() seid 6 type 1 media 0 in use 0
Aug 13 05:13:55.245009 n bluetoothd[2816]: profiles/audio/avdtp.c:avdtp_discover_resp() seid 5 type 1 media 0 in use 0
Aug 13 05:13:55.245020 n bluetoothd[2816]: profiles/audio/avdtp.c:avdtp_discover_resp() seid 4 type 1 media 0 in use 0
Aug 13 05:13:55.245035 n bluetoothd[2816]: profiles/audio/avdtp.c:avdtp_discover_resp() seid 8 type 1 media 0 in use 0
Aug 13 05:13:55.245044 n bluetoothd[2816]: profiles/audio/a2dp.c:discover_cb() version 0x0103 err (nil)
Aug 13 05:13:55.250700 n bluetoothd[2816]: profiles/audio/sink.c:discovery_complete() Discovery complete
Aug 13 05:13:55.250713 n bluetoothd[2816]: profiles/audio/a2dp.c:endpoint_match_codec_ind() vendor 0x000000d7 codec 0x0024
Aug 13 05:13:55.250723 n bluetoothd[2816]: profiles/audio/a2dp.c:endpoint_match_codec_ind() vendor 0x0000004f codec 0x0001
Aug 13 05:13:55.250733 n bluetoothd[2816]: profiles/audio/a2dp.c:setup_ref() 0x5dd932309000: ref=2
Aug 13 05:13:55.250741 n bluetoothd[2816]: profiles/audio/a2dp.c:endpoint_match_codec_ind() vendor 0x000000d7 codec 0x0024
Aug 13 05:13:55.250747 n bluetoothd[2816]: profiles/audio/a2dp.c:setup_ref() 0x5dd932309000: ref=3
Aug 13 05:13:55.250778 n bluetoothd[2816]: profiles/audio/media.c:media_endpoint_async_call() Calling SelectConfiguration: name = :1.84 path = /MediaEndpoint/A2DPSource/aptx_hd
Aug 13 05:13:55.250794 n bluetoothd[2816]: profiles/audio/a2dp.c:setup_unref() 0x5dd932309000: ref=2
Aug 13 05:13:55.251042 n bluetoothd[2816]: profiles/audio/a2dp.c:a2dp_config() a2dp_config: selected SEP 0x5dd9322f88c0
Aug 13 05:13:55.251055 n bluetoothd[2816]: profiles/audio/a2dp.c:setup_ref() 0x5dd932309000: ref=3
Aug 13 05:13:55.251068 n bluetoothd[2816]: profiles/audio/a2dp.c:endpoint_match_codec_ind() vendor 0x000000d7 codec 0x0024
Aug 13 05:13:55.251080 n bluetoothd[2816]: profiles/audio/avdtp.c:avdtp_set_configuration() 0x5dd93230e2b0: int_seid=3, acp_seid=7
Aug 13 05:13:55.251098 n bluetoothd[2816]: profiles/audio/a2dp.c:setup_unref() 0x5dd932309000: ref=2
Aug 13 05:13:55.251110 n bluetoothd[2816]: profiles/audio/a2dp.c:setup_unref() 0x5dd932309000: ref=1
Aug 13 05:13:55.272166 n bluetoothd[2816]: profiles/audio/avdtp.c:session_cb()
Aug 13 05:13:55.272201 n bluetoothd[2816]: profiles/audio/avdtp.c:avdtp_parse_resp() SET_CONFIGURATION request succeeded
Aug 13 05:13:55.272219 n bluetoothd[2816]: profiles/audio/a2dp.c:setconf_cfm() Source 0x5dd9322f88c0: Set_Configuration_Cfm
Aug 13 05:13:55.272245 n bluetoothd[2816]: profiles/audio/a2dp.c:setup_ref() 0x5dd932309000: ref=2
Aug 13 05:13:55.272387 n bluetoothd[2816]: profiles/audio/media.c:media_endpoint_async_call() Calling SetConfiguration: name = :1.84 path = /MediaEndpoint/A2DPSource/aptx_hd
Aug 13 05:13:55.272424 n bluetoothd[2816]: profiles/audio/avdtp.c:avdtp_sep_set_state() stream state changed: IDLE -> CONFIGURED
Aug 13 05:13:55.273628 n bluetoothd[2816]: profiles/audio/a2dp.c:setup_unref() 0x5dd932309000: ref=1
Aug 13 05:13:55.449010 n bluetoothd[2816]: profiles/audio/avdtp.c:session_cb()
Aug 13 05:13:55.449031 n bluetoothd[2816]: profiles/audio/avdtp.c:avdtp_parse_resp() OPEN request succeeded
Aug 13 05:13:55.468979 n bluetoothd[2816]: profiles/audio/avdtp.c:avdtp_connect_cb() AVDTP: connected transport channel to AA:BB:CC:00:00:02
Aug 13 05:13:55.468996 n bluetoothd[2816]: profiles/audio/avdtp.c:handle_transport_connect() Flushable packets enabled
Aug 13 05:13:55.469004 n bluetoothd[2816]: profiles/audio/avdtp.c:handle_transport_connect() sk 42, omtu 895, send buffer size 106496
Aug 13 05:13:55.469011 n bluetoothd[2816]: profiles/audio/a2dp.c:open_cfm() Source 0x5dd9322f88c0: Open_Cfm
Aug 13 05:13:55.469020 n bluetoothd[2816]: profiles/audio/a2dp.c:setup_unref() 0x5dd932309000: ref=0
Aug 13 05:13:55.469027 n bluetoothd[2816]: profiles/audio/a2dp.c:setup_free() 0x5dd932309000
Aug 13 05:13:55.469034 n bluetoothd[2816]: profiles/audio/avdtp.c:avdtp_unref() 0x5dd93230e2b0: ref=1
Aug 13 05:13:55.469042 n bluetoothd[2816]: profiles/audio/avdtp.c:avdtp_sep_set_state() stream state changed: CONFIGURED -> OPEN
Aug 13 05:13:55.469052 n bluetoothd[2816]: src/service.c:change_state() 0x5dd9322df890: device AA:BB:CC:00:00:02 profile a2dp-sink state changed: connecting -> connected (0)
Aug 13 05:13:55.469061 n bluetoothd[2816]: src/device.c:device_profile_connected() a2dp-sink Success (0)
Aug 13 05:13:55.469071 n bluetoothd[2816]: src/device.c:device_profile_connected() returning response to :1.119
Aug 13 05:13:55.469122 n bluetoothd[2816]: plugins/policy.c:policy_connect() /org/bluez/hci0/dev_AA:BB:CC:00:00:03 profile avrcp-controller
Aug 13 05:13:55.469130 n bluetoothd[2816]: profiles/audio/avrcp.c:avrcp_connect() path /org/bluez/hci0/dev_AA:BB:CC:00:00:03
Aug 13 05:13:55.469140 n bluetoothd[2816]: profiles/audio/avctp.c:avctp_set_state() AVCTP Connecting
Aug 13 05:13:55.469195 n bluetoothd[2816]: src/service.c:change_state() 0x5dd9322df790: device AA:BB:CC:00:00:02 profile avrcp-controller state changed: disconnected -> connecting (0)
Aug 13 05:13:55.469209 n bluetoothd[2816]: plugins/policy.c:service_cb() Added a2dp-sink reconnect 1
Aug 13 05:13:55.469226 n bluetoothd[2816]: profiles/audio/sink.c:sink_set_state() State changed /org/bluez/hci0/dev_AA:BB:CC:00:00:03: SINK_STATE_CONNECTING -> SINK_STATE_CONNECTED
Aug 13 05:13:55.469235 n bluetoothd[2816]: profiles/audio/transport.c:transport_update_playing() /org/bluez/hci0/dev_AA:BB:CC:00:00:03/sep7/fd5 State=TRANSPORT_STATE_IDLE Playing=0
Aug 13 05:13:55.469613 n bluetoothd[2816]: src/adapter.c:set_discovery_filter() sender :1.119
Aug 13 05:13:55.469624 n bluetoothd[2816]: src/adapter.c:parse_discovery_filter_dict() filtered discovery params: transport: 7 rssi: 32767 pathloss: 32767  duplicate data: false discoverable true pattern (null)
Aug 13 05:13:55.469817 n bluetoothd[2816]: src/adapter.c:start_discovery() sender :1.119
Aug 13 05:13:55.469826 n bluetoothd[2816]: src/adapter.c:update_discovery_filter()
Aug 13 05:13:55.469833 n bluetoothd[2816]: src/adapter.c:discovery_filter_to_mgmt_cp()
Aug 13 05:13:55.469841 n bluetoothd[2816]: src/adapter.c:set_discoverable() sending set mode command for index 0
Aug 13 05:13:55.469848 n bluetoothd[2816]: src/adapter.c:set_mode() sending set mode command for index 0
Aug 13 05:13:55.469858 n bluetoothd[2816]: src/adapter.c:update_discovery_filter() filters were equal, deciding to not restart the scan.
Aug 13 05:13:55.469898 n bluetoothd[2816]: src/shared/mgmt.c:send_request() [0x0000] command 0x0007
Aug 13 05:13:55.469938 n bluetoothd[2816]: src/shared/mgmt.c:can_read_data() [0x0000] command 0x0007 complete: 0x00
Aug 13 05:13:55.469945 n bluetoothd[2816]: src/adapter.c:new_settings_callback() Settings: 0x00000ad3
Aug 13 05:13:55.469950 n bluetoothd[2816]: src/adapter.c:settings_changed() Changed settings: 0x00000002
Aug 13 05:13:55.469958 n bluetoothd[2816]: src/adapter.c:settings_changed() Pending settings: 0x00000000
Aug 13 05:13:55.469987 n bluetoothd[2816]: src/shared/mgmt.c:send_request() [0x0000] command 0x0006
Aug 13 05:13:55.478230 n bluetoothd[2816]: src/shared/mgmt.c:can_read_data() [0x0000] command 0x0006 complete: 0x00
Aug 13 05:13:55.478244 n bluetoothd[2816]: src/adapter.c:new_settings_callback() Settings: 0x00000adb
Aug 13 05:13:55.478253 n bluetoothd[2816]: src/adapter.c:settings_changed() Changed settings: 0x00000008
Aug 13 05:13:55.478264 n bluetoothd[2816]: src/adapter.c:settings_changed() Pending settings: 0x00000000
Aug 13 05:13:55.494978 n bluetoothd[2816]: profiles/audio/avctp.c:avctp_connect_cb() AVCTP: connected to AA:BB:CC:00:00:02
Aug 13 05:13:55.495439 n bluetoothd[2816]: profiles/audio/avctp.c:init_uinput() AVRCP: uinput initialized for MOMENTUM 4
Aug 13 05:13:55.495477 n bluetoothd[2816]: profiles/audio/avrcp.c:controller_init() 0x5dd932306f30 version 0x0106
Aug 13 05:13:55.495500 n bluetoothd[2816]: src/service.c:change_state() 0x5dd9322df850: device AA:BB:CC:00:00:02 profile audio-avrcp-target state changed: disconnected -> connected (0)
Aug 13 05:13:55.495552 n bluetoothd[2816]: profiles/audio/player.c:media_player_controller_create() /org/bluez/hci0/dev_AA:BB:CC:00:00:03/player0
Aug 13 05:13:55.495580 n bluetoothd[2816]: profiles/audio/avrcp.c:target_init() 0x5dd93230f0c0 version 0x0106
Aug 13 05:13:55.495601 n bluetoothd[2816]: src/service.c:change_state() 0x5dd9322df790: device AA:BB:CC:00:00:02 profile avrcp-controller state changed: connecting -> connected (0)
Aug 13 05:13:55.495622 n bluetoothd[2816]: src/device.c:device_profile_connected() avrcp-controller Success (0)
Aug 13 05:13:55.495646 n bluetoothd[2816]: profiles/audio/avctp.c:avctp_set_state() AVCTP Connected
Aug 13 05:13:55.506393 n bluetoothd[2816]: src/battery.c:btd_battery_register() path = /org/bluez/hci0/dev_AA:BB:CC:00:00:03
Aug 13 05:13:55.506415 n bluetoothd[2816]: src/battery.c:btd_battery_register() registered Battery object: /org/bluez/hci0/dev_AA:BB:CC:00:00:03
Aug 13 05:13:55.506424 n bluetoothd[2816]: src/battery.c:provided_battery_added_cb() provided battery added /org/freedesktop/pipewire/battery/org/bluez/hci0/dev_AA:BB:CC:00:00:03
Aug 13 05:13:55.506435 n bluetoothd[2816]: src/battery.c:btd_battery_update() path = /org/bluez/hci0/dev_AA:BB:CC:00:00:03
Aug 13 05:13:55.550960 n bluetoothd[2816]: profiles/audio/avrcp.c:handle_vendordep_pdu() AVRCP PDU 0x31, company 0x001958 len 0x0005
Aug 13 05:13:55.596060 n bluetoothd[2816]: src/device.c:search_cb() AA:BB:CC:00:00:02: No service update
Aug 13 05:13:55.596077 n bluetoothd[2816]: src/device.c:device_svc_resolved() /org/bluez/hci0/dev_AA:BB:CC:00:00:03 err 0
Aug 13 05:13:57.479066 n bluetoothd[2816]: src/agent.c:unregister_agent() agent :1.119
Aug 13 05:13:57.479081 n bluetoothd[2816]: src/agent.c:agent_disconnect() Agent :1.119 disconnected
Aug 13 05:13:57.479096 n bluetoothd[2816]: src/agent.c:remove_default_agent() Default agent cleared
Aug 13 05:13:57.479102 n bluetoothd[2816]: src/adapter.c:set_mode() sending set mode command for index 0
Aug 13 05:13:57.479110 n bluetoothd[2816]: src/agent.c:agent_destroy() agent :1.119
Aug 13 05:13:57.479116 n bluetoothd[2816]: src/agent.c:agent_unref() 0x5dd9323005d0: ref=0
Aug 13 05:13:57.479156 n bluetoothd[2816]: src/shared/mgmt.c:send_request() [0x0000] command 0x0009
Aug 13 05:13:57.479172 n bluetoothd[2816]: src/shared/mgmt.c:can_read_data() [0x0000] command 0x0009 complete: 0x00
Aug 13 05:13:57.479177 n bluetoothd[2816]: src/adapter.c:new_settings_callback() Settings: 0x00000acb
Aug 13 05:13:57.479183 n bluetoothd[2816]: src/adapter.c:settings_changed() Changed settings: 0x00000010
Aug 13 05:13:57.479188 n bluetoothd[2816]: src/adapter.c:settings_changed() Pending settings: 0x00000000
Aug 13 05:13:57.480024 n bluetoothd[2816]: src/adapter.c:stop_discovery() sender :1.119
Aug 13 05:13:57.480035 n bluetoothd[2816]: src/adapter.c:set_discoverable() sending set mode command for index 0
Aug 13 05:13:57.480040 n bluetoothd[2816]: src/adapter.c:set_mode() sending set mode command for index 0
Aug 13 05:13:57.480048 n bluetoothd[2816]: src/adapter.c:discovery_remove() owner :1.119
Aug 13 05:13:57.480059 n bluetoothd[2816]: src/adapter.c:trigger_passive_scanning()
Aug 13 05:13:57.480125 n bluetoothd[2816]: src/shared/mgmt.c:send_request() [0x0000] command 0x0007
Aug 13 05:13:57.483273 n bluetoothd[2816]: src/shared/mgmt.c:can_read_data() [0x0000] command 0x0007 complete: 0x00
Aug 13 05:13:57.483288 n bluetoothd[2816]: src/adapter.c:new_settings_callback() Settings: 0x00000ac1
Aug 13 05:13:57.483301 n bluetoothd[2816]: src/adapter.c:settings_changed() Changed settings: 0x0000000a
Aug 13 05:13:57.483314 n bluetoothd[2816]: src/adapter.c:settings_changed() Pending settings: 0x00000000
Aug 13 05:13:57.501350 n bluetoothd[2816]: profiles/audio/transport.c:media_owner_create() Owner created: sender=:1.84
Aug 13 05:13:57.501374 n bluetoothd[2816]: profiles/audio/transport.c:media_transport_resume() Transport /org/bluez/hci0/dev_AA:BB:CC:00:00:03/sep7/fd5 Owner :1.84
Aug 13 05:13:57.501387 n bluetoothd[2816]: profiles/audio/avdtp.c:avdtp_ref() 0x5dd93230e2b0: ref=2
Aug 13 05:13:57.501398 n bluetoothd[2816]: profiles/audio/a2dp.c:a2dp_sep_lock() SEP 0x5dd9322f88c0 locked
Aug 13 05:13:57.501407 n bluetoothd[2816]: profiles/audio/avdtp.c:avdtp_ref() 0x5dd93230e2b0: ref=3
Aug 13 05:13:57.501416 n bluetoothd[2816]: profiles/audio/a2dp.c:setup_ref() 0x5dd9323011f0: ref=1
Aug 13 05:13:57.501443 n bluetoothd[2816]: profiles/audio/transport.c:transport_set_state() State changed /org/bluez/hci0/dev_AA:BB:CC:00:00:03/sep7/fd5: TRANSPORT_STATE_IDLE -> TRANSPORT_STATE_REQUESTING
Aug 13 05:13:57.501456 n bluetoothd[2816]: profiles/audio/transport.c:media_request_create() Request created: method=Acquire id=11
Aug 13 05:13:57.501467 n bluetoothd[2816]: profiles/audio/transport.c:media_owner_add() Owner :1.84 Request Acquire
Aug 13 05:13:57.501476 n bluetoothd[2816]: profiles/audio/transport.c:media_transport_set_owner() Transport /org/bluez/hci0/dev_AA:BB:CC:00:00:03/sep7/fd5 Owner :1.84
Aug 13 05:13:57.528994 n bluetoothd[2816]: profiles/audio/avdtp.c:session_cb()
Aug 13 05:13:57.529021 n bluetoothd[2816]: profiles/audio/avdtp.c:avdtp_parse_resp() START request succeeded
Aug 13 05:13:57.529033 n bluetoothd[2816]: profiles/audio/a2dp.c:start_cfm() Source 0x5dd9322f88c0: Start_Cfm
Aug 13 05:13:57.529043 n bluetoothd[2816]: /org/bluez/hci0/dev_AA:BB:CC:00:00:03/sep7/fd5: fd(42) ready
Aug 13 05:13:57.529098 n bluetoothd[2816]: profiles/audio/transport.c:media_owner_remove() Owner :1.84 Request Acquire
Aug 13 05:13:57.529111 n bluetoothd[2816]: profiles/audio/transport.c:transport_set_state() State changed /org/bluez/hci0/dev_AA:BB:CC:00:00:03/sep7/fd5: TRANSPORT_STATE_REQUESTING -> TRANSPORT_STATE_ACTIVE
Aug 13 05:13:57.529127 n bluetoothd[2816]: profiles/audio/a2dp.c:setup_unref() 0x5dd9323011f0: ref=0
Aug 13 05:13:57.529138 n bluetoothd[2816]: profiles/audio/a2dp.c:setup_free() 0x5dd9323011f0
Aug 13 05:13:57.529147 n bluetoothd[2816]: profiles/audio/avdtp.c:avdtp_unref() 0x5dd93230e2b0: ref=2
Aug 13 05:13:57.529156 n bluetoothd[2816]: profiles/audio/avdtp.c:avdtp_sep_set_state() stream state changed: OPEN -> STREAMING
Aug 13 05:13:57.529167 n bluetoothd[2816]: profiles/audio/sink.c:sink_set_state() State changed /org/bluez/hci0/dev_AA:BB:CC:00:00:03: SINK_STATE_CONNECTED -> SINK_STATE_PLAYING
Aug 13 05:13:57.529176 n bluetoothd[2816]: profiles/audio/transport.c:transport_update_playing() /org/bluez/hci0/dev_AA:BB:CC:00:00:03/sep7/fd5 State=TRANSPORT_STATE_ACTIVE Playing=1
Aug 13 05:13:57.945030 n bluetoothd[2816]: profiles/audio/player.c:media_player_set_status() stopped
Aug 13 05:14:14.623680 n bluetoothd[2816]: src/device.c:device_remove() Removing device /org/bluez/hci0/dev_AA:BB:CC:00:00:15
Aug 13 05:14:14.623738 n bluetoothd[2816]: src/device.c:btd_device_unref() Freeing device /org/bluez/hci0/dev_AA:BB:CC:00:00:15
Aug 13 05:14:14.623759 n bluetoothd[2816]: src/device.c:device_free() 0x5dd9322fcaa0
Aug 13 05:14:15.611129 n bluetoothd[2816]: src/device.c:device_remove() Removing device /org/bluez/hci0/dev_AA:BB:CC:00:00:17
Aug 13 05:14:15.611220 n bluetoothd[2816]: src/device.c:btd_device_unref() Freeing device /org/bluez/hci0/dev_AA:BB:CC:00:00:17
Aug 13 05:14:15.611244 n bluetoothd[2816]: src/device.c:device_free() 0x5dd9322fe290
Aug 13 05:14:16.684324 n bluetoothd[2816]: profiles/audio/transport.c:transport_set_state() State changed /org/bluez/hci0/dev_AA:BB:CC:00:00:03/sep7/fd5: TRANSPORT_STATE_ACTIVE -> TRANSPORT_STATE_SUSPENDING
Aug 13 05:14:16.684345 n bluetoothd[2816]: profiles/audio/transport.c:media_transport_suspend() Transport /org/bluez/hci0/dev_AA:BB:CC:00:00:03/sep7/fd5 Owner :1.84
Aug 13 05:14:16.684355 n bluetoothd[2816]: profiles/audio/avdtp.c:avdtp_ref() 0x5dd93230e2b0: ref=3
Aug 13 05:14:16.684365 n bluetoothd[2816]: profiles/audio/a2dp.c:setup_ref() 0x5dd9322e63d0: ref=1
Aug 13 05:14:16.684386 n bluetoothd[2816]: profiles/audio/transport.c:media_request_create() Request created: method=Release id=12
Aug 13 05:14:16.684394 n bluetoothd[2816]: profiles/audio/transport.c:media_owner_add() Owner :1.84 Request Release
Aug 13 05:14:16.695002 n bluetoothd[2816]: profiles/audio/avdtp.c:session_cb()
Aug 13 05:14:16.695026 n bluetoothd[2816]: profiles/audio/avdtp.c:avdtp_parse_resp() SUSPEND request succeeded
Aug 13 05:14:16.695038 n bluetoothd[2816]: profiles/audio/avdtp.c:avdtp_sep_set_state() stream state changed: STREAMING -> OPEN
Aug 13 05:14:16.695049 n bluetoothd[2816]: profiles/audio/sink.c:sink_set_state() State changed /org/bluez/hci0/dev_AA:BB:CC:00:00:03: SINK_STATE_PLAYING -> SINK_STATE_CONNECTED
Aug 13 05:14:16.695063 n bluetoothd[2816]: profiles/audio/transport.c:transport_update_playing() /org/bluez/hci0/dev_AA:BB:CC:00:00:03/sep7/fd5 State=TRANSPORT_STATE_SUSPENDING Playing=0
Aug 13 05:14:16.695072 n bluetoothd[2816]: profiles/audio/a2dp.c:suspend_cfm() Source 0x5dd9322f88c0: Suspend_Cfm
Aug 13 05:14:16.695085 n bluetoothd[2816]: profiles/audio/transport.c:media_request_reply() Request Release Reply Success
Aug 13 05:14:16.695113 n bluetoothd[2816]: profiles/audio/transport.c:media_owner_remove() Owner :1.84 Request Release
Aug 13 05:14:16.695125 n bluetoothd[2816]: profiles/audio/a2dp.c:a2dp_sep_unlock() SEP 0x5dd9322f88c0 unlocked
Aug 13 05:14:16.695134 n bluetoothd[2816]: profiles/audio/transport.c:transport_set_state() State changed /org/bluez/hci0/dev_AA:BB:CC:00:00:03/sep7/fd5: TRANSPORT_STATE_SUSPENDING -> TRANSPORT_STATE_IDLE
Aug 13 05:14:16.695150 n bluetoothd[2816]: profiles/audio/transport.c:media_transport_remove_owner() Transport /org/bluez/hci0/dev_AA:BB:CC:00:00:03/sep7/fd5 Owner :1.84
Aug 13 05:14:16.695167 n bluetoothd[2816]: profiles/audio/transport.c:media_owner_free() Owner :1.84
Aug 13 05:14:16.695177 n bluetoothd[2816]: profiles/audio/a2dp.c:setup_unref() 0x5dd9322e63d0: ref=0
Aug 13 05:14:16.695185 n bluetoothd[2816]: profiles/audio/a2dp.c:setup_free() 0x5dd9322e63d0
Aug 13 05:14:16.695194 n bluetoothd[2816]: profiles/audio/avdtp.c:avdtp_unref() 0x5dd93230e2b0: ref=2
Aug 13 05:14:46.835277 n bluetoothd[2816]: src/agent.c:add_default_agent() Default agent set to :1.119 /org/gnome/bluetooth/settings
Aug 13 05:14:46.835292 n bluetoothd[2816]: src/adapter.c:set_mode() sending set mode command for index 0
Aug 13 05:14:46.835301 n bluetoothd[2816]: src/agent.c:agent_ref() 0x5dd9322fdeb0: ref=1
Aug 13 05:14:46.835306 n bluetoothd[2816]: src/agent.c:register_agent() agent :1.119
Aug 13 05:14:46.835351 n bluetoothd[2816]: src/shared/mgmt.c:send_request() [0x0000] command 0x0009
Aug 13 05:14:46.835366 n bluetoothd[2816]: src/shared/mgmt.c:can_read_data() [0x0000] command 0x0009 complete: 0x00
Aug 13 05:14:46.835373 n bluetoothd[2816]: src/adapter.c:new_settings_callback() Settings: 0x00000ad1
Aug 13 05:14:46.835378 n bluetoothd[2816]: src/adapter.c:settings_changed() Changed settings: 0x00000010
Aug 13 05:14:46.835383 n bluetoothd[2816]: src/adapter.c:settings_changed() Pending settings: 0x00000000
Aug 13 05:14:46.835415 n bluetoothd[2816]: src/shared/mgmt.c:send_request() [0x0000] command 0x0018
Aug 13 05:14:46.835428 n bluetoothd[2816]: src/shared/mgmt.c:can_read_data() [0x0000] command 0x0018 complete: 0x00
Aug 13 05:14:46.837206 n bluetoothd[2816]: src/adapter.c:set_discovery_filter() sender :1.119
Aug 13 05:14:46.837223 n bluetoothd[2816]: src/adapter.c:parse_discovery_filter_dict() filtered discovery params: transport: 7 rssi: 32767 pathloss: 32767  duplicate data: false discoverable true pattern (null)
Aug 13 05:14:46.837648 n bluetoothd[2816]: src/adapter.c:start_discovery() sender :1.119
Aug 13 05:14:46.837660 n bluetoothd[2816]: src/adapter.c:update_discovery_filter()
Aug 13 05:14:46.837667 n bluetoothd[2816]: src/adapter.c:discovery_filter_to_mgmt_cp()
Aug 13 05:14:46.837675 n bluetoothd[2816]: src/adapter.c:set_discoverable() sending set mode command for index 0
Aug 13 05:14:46.837685 n bluetoothd[2816]: src/adapter.c:set_mode() sending set mode command for index 0
Aug 13 05:14:46.837698 n bluetoothd[2816]: src/adapter.c:trigger_start_discovery()
Aug 13 05:14:46.837705 n bluetoothd[2816]: src/adapter.c:cancel_passive_scanning()
Aug 13 05:14:46.837744 n bluetoothd[2816]: src/shared/mgmt.c:send_request() [0x0000] command 0x0007
Aug 13 05:14:46.837760 n bluetoothd[2816]: src/adapter.c:start_discovery_timeout()
Aug 13 05:14:46.837767 n bluetoothd[2816]: src/adapter.c:start_discovery_timeout() adapter->current_discovery_filter == 0
Aug 13 05:14:46.837785 n bluetoothd[2816]: src/shared/mgmt.c:can_read_data() [0x0000] command 0x0007 complete: 0x00
Aug 13 05:14:46.837792 n bluetoothd[2816]: src/adapter.c:new_settings_callback() Settings: 0x00000ad3
Aug 13 05:14:46.837799 n bluetoothd[2816]: src/adapter.c:settings_changed() Changed settings: 0x00000002
Aug 13 05:14:46.837806 n bluetoothd[2816]: src/adapter.c:settings_changed() Pending settings: 0x00000000
Aug 13 05:14:46.837834 n bluetoothd[2816]: src/shared/mgmt.c:send_request() [0x0000] command 0x0006
Aug 13 05:14:48.892442 n bluetoothd[2816]: src/shared/mgmt.c:can_read_data() [0x0000] command 0x06 status: 0x05
Aug 13 05:14:48.892474 n bluetoothd[2816]: Failed to set mode: Authentication Failed (0x05)
Aug 13 05:14:48.892545 n bluetoothd[2816]: src/shared/mgmt.c:send_request() [0x0000] command 0x0023
Aug 13 05:14:52.989466 n bluetoothd[2816]: src/shared/mgmt.c:can_read_data() [0x0000] command 0x0023 complete: 0x05
Aug 13 05:14:52.989492 n bluetoothd[2816]: src/adapter.c:start_discovery_complete() status 0x05
Aug 13 05:14:52.989574 n bluetoothd[2816]: src/adapter.c:discovery_remove() owner :1.119
Aug 13 05:14:56.772119 n bluetoothd[2816]: src/shared/mgmt.c:can_read_data() [0x0000] event 0x0007
Aug 13 05:14:56.772137 n bluetoothd[2816]: src/adapter.c:dev_class_changed_callback() Class: 0x000000
Aug 13 05:14:56.772159 n bluetoothd[2816]: profiles/audio/avdtp.c:session_cb()
Aug 13 05:14:56.772175 n bluetoothd[2816]: profiles/audio/avdtp.c:avdtp_ref() 0x5dd93230e2b0: ref=3
Aug 13 05:14:56.772185 n bluetoothd[2816]: profiles/audio/avdtp.c:connection_lost() Disconnected from AA:BB:CC:00:00:02
Aug 13 05:14:56.772196 n bluetoothd[2816]: profiles/audio/a2dp.c:abort_cfm() Source 0x5dd9322f88c0: Abort_Cfm
Aug 13 05:14:56.772206 n bluetoothd[2816]: profiles/audio/avdtp.c:avdtp_sep_set_state() stream state changed: OPEN -> IDLE
Aug 13 05:14:56.772280 n bluetoothd[2816]: profiles/audio/avdtp.c:avdtp_unref() 0x5dd93230e2b0: ref=2
Aug 13 05:14:56.772321 n bluetoothd[2816]: src/service.c:change_state() 0x5dd9322df890: device AA:BB:CC:00:00:02 profile a2dp-sink state changed: connected -> disconnected (0)
Aug 13 05:14:56.772338 n bluetoothd[2816]: plugins/policy.c:policy_disconnect() /org/bluez/hci0/dev_AA:BB:CC:00:00:03 profile avrcp-controller
Aug 13 05:14:56.772347 n bluetoothd[2816]: src/service.c:change_state() 0x5dd9322df790: device AA:BB:CC:00:00:02 profile avrcp-controller state changed: connected -> disconnecting (0)
Aug 13 05:14:56.772358 n bluetoothd[2816]: profiles/audio/avrcp.c:avrcp_disconnect() path /org/bluez/hci0/dev_AA:BB:CC:00:00:03
Aug 13 05:14:56.772370 n bluetoothd[2816]: src/service.c:change_state() 0x5dd9322df850: device AA:BB:CC:00:00:02 profile audio-avrcp-target state changed: connected -> disconnected (0)
Aug 13 05:14:56.772380 n bluetoothd[2816]: src/service.c:change_state() 0x5dd9322df790: device AA:BB:CC:00:00:02 profile avrcp-controller state changed: disconnecting -> disconnected (0)
Aug 13 05:14:56.772390 n bluetoothd[2816]: profiles/audio/avrcp.c:controller_destroy() 0x5dd932306f30
Aug 13 05:14:56.772401 n bluetoothd[2816]: profiles/audio/player.c:media_player_destroy() /org/bluez/hci0/dev_AA:BB:CC:00:00:03/player0
Aug 13 05:14:56.772435 n bluetoothd[2816]: profiles/audio/avrcp.c:target_destroy() 0x5dd93230f0c0
Aug 13 05:14:56.772449 n bluetoothd[2816]: profiles/audio/avctp.c:avctp_set_state() AVCTP Disconnected
Aug 13 05:14:56.772473 n bluetoothd[2816]: profiles/audio/avctp.c:avctp_disconnected() AVCTP: closing uinput for AA:BB:CC:00:00:02
Aug 13 05:14:56.796053 n bluetoothd[2816]: profiles/audio/avdtp.c:avdtp_unref() 0x5dd93230e2b0: ref=1
Aug 13 05:14:56.796123 n bluetoothd[2816]: profiles/audio/sink.c:sink_set_state() State changed /org/bluez/hci0/dev_AA:BB:CC:00:00:03: SINK_STATE_CONNECTED -> SINK_STATE_DISCONNECTED
Aug 13 05:14:56.796145 n bluetoothd[2816]: profiles/audio/a2dp.c:channel_remove() chan 0x5dd93230d970
Aug 13 05:14:56.796327 n bluetoothd[2816]: profiles/audio/avdtp.c:avdtp_unref() 0x5dd93230e2b0: ref=0
Aug 13 05:14:56.796346 n bluetoothd[2816]: profiles/audio/avdtp.c:avdtp_free() 0x5dd93230e2b0
Aug 13 05:14:56.796448 n bluetoothd[2816]: src/shared/mgmt.c:can_read_data() [0x0000] event 0x0006
Aug 13 05:14:56.796466 n bluetoothd[2816]: src/adapter.c:new_settings_callback() Settings: 0x00000ada
Aug 13 05:14:56.796481 n bluetoothd[2816]: src/adapter.c:settings_changed() Changed settings: 0x00000009
Aug 13 05:14:56.796497 n bluetoothd[2816]: src/adapter.c:settings_changed() Pending settings: 0x00000000
Aug 13 05:14:56.796516 n bluetoothd[2816]: src/adapter.c:cancel_passive_scanning()
Aug 13 05:14:56.796538 n bluetoothd[2816]: src/adapter.c:discovery_free() 0x5dd932301880
Aug 13 05:14:56.796573 n bluetoothd[2816]: src/adapter.c:set_discoverable() sending set mode command for index 0
Aug 13 05:14:56.796590 n bluetoothd[2816]: src/adapter.c:set_mode() sending set mode command for index 0
Aug 13 05:14:56.796611 n bluetoothd[2816]: src/adapter.c:adapter_remove_connection()
Aug 13 05:14:56.796633 n bluetoothd[2816]: src/adapter.c:adapter_remove_connection()
Aug 13 05:14:56.796650 n bluetoothd[2816]: No matching connection for device
Aug 13 05:14:56.796678 n bluetoothd[2816]: src/adapter.c:adapter_stop() adapter /org/bluez/hci0 has been disabled
Aug 13 05:14:56.802396 n bluetoothd[2816]: src/rfkill.c:rfkill_event() RFKILL event idx 0 type 2 op 2 soft 1 hard 0
Aug 13 05:14:56.802434 n bluetoothd[2816]: src/rfkill.c:rfkill_event() RFKILL unblock for hci0
Aug 13 05:14:56.802442 n bluetoothd[2816]: src/adapter.c:adapter_set_power_state() off-blocked
Aug 13 05:14:56.802463 n bluetoothd[2816]: src/profile.c:ext_io_disconnected() Unable to get io data for Hands-Free Voice gateway: getpeername: Transport endpoint is not connected (107)
Aug 13 05:14:56.802472 n bluetoothd[2816]: src/service.c:change_state() 0x5dd9322f9d60: device AA:BB:CC:00:00:02 profile Hands-Free Voice gateway state changed: connected -> disconnected (0)
Aug 13 05:14:56.802489 n bluetoothd[2816]: src/service.c:btd_service_unref() 0x5dd9322f9d60: ref=2
Aug 13 05:14:56.802530 n bluetoothd[2816]: src/shared/mgmt.c:send_request() [0x0000] command 0x0007
Aug 13 05:14:56.802547 n bluetoothd[2816]: src/shared/mgmt.c:can_read_data() [0x0000] command 0x0007 complete: 0x00
Aug 13 05:14:56.802554 n bluetoothd[2816]: src/adapter.c:new_settings_callback() Settings: 0x00000ad0
Aug 13 05:14:56.802560 n bluetoothd[2816]: src/adapter.c:settings_changed() Changed settings: 0x0000000a
Aug 13 05:14:56.802566 n bluetoothd[2816]: src/adapter.c:settings_changed() Pending settings: 0x00000000
Aug 13 05:14:56.804627 n bluetoothd[2816]: src/battery.c:provided_battery_removed_cb() provided battery removed /org/freedesktop/pipewire/battery/org/bluez/hci0/dev_AA:BB:CC:00:00:03
Aug 13 05:14:56.804636 n bluetoothd[2816]: src/battery.c:btd_battery_unregister() path = /org/bluez/hci0/dev_AA:BB:CC:00:00:03
Aug 13 05:14:57.781707 n bluetoothd[2816]: src/rfkill.c:rfkill_event() RFKILL event idx 0 type 2 op 2 soft 0 hard 0
Aug 13 05:14:57.781762 n bluetoothd[2816]: src/rfkill.c:rfkill_event() RFKILL unblock for hci0
Aug 13 05:14:57.781804 n bluetoothd[2816]: src/adapter.c:adapter_set_power_state() off
Aug 13 05:14:57.781815 n bluetoothd[2816]: src/adapter.c:adapter_set_power_state() off-enabling
Aug 13 05:14:57.781823 n bluetoothd[2816]: src/adapter.c:set_mode() sending set mode command for index 0
Aug 13 05:14:57.781859 n bluetoothd[2816]: src/shared/mgmt.c:send_request() [0x0000] command 0x0005
Aug 13 05:14:59.836459 n bluetoothd[2816]: src/shared/mgmt.c:can_read_data() [0x0000] command 0x05 status: 0x05
Aug 13 05:14:59.836477 n bluetoothd[2816]: Failed to set mode: Authentication Failed (0x05)
Aug 13 05:14:59.836492 n bluetoothd[2816]: src/adapter.c:adapter_set_power_state() on
Aug 13 05:15:01.170656 n bluetoothd[2816]: src/adapter.c:property_set_mode() sending Set Powered command for index 0
Aug 13 05:15:01.170675 n bluetoothd[2816]: src/adapter.c:adapter_set_power_state() off-enabling
Aug 13 05:15:01.170716 n bluetoothd[2816]: src/shared/mgmt.c:send_request() [0x0000] command 0x0005
Aug 13 05:15:03.228617 n bluetoothd[2816]: src/shared/mgmt.c:can_read_data() [0x0000] command 0x05 status: 0x05
Aug 13 05:15:03.228662 n bluetoothd[2816]: src/adapter.c:property_set_mode_complete() Authentication Failed (0x05)
Aug 13 05:15:03.228672 n bluetoothd[2816]: Failed to set mode: Authentication Failed (0x05)
Aug 13 05:15:03.228720 n bluetoothd[2816]: src/adapter.c:adapter_set_power_state() on
