Aug 13 03:00:14.088215 n kernel: xhci_hcd 0000:03:00.3: xHCI Host Controller
Aug 13 03:00:14.088338 n kernel: xhci_hcd 0000:03:00.3: new USB bus registered, assigned bus number 1
Aug 13 03:00:14.088460 n kernel: xhci_hcd 0000:03:00.3: hcc params 0x0268ffe5 hci version 0x110 quirks 0x0000020000000010
Aug 13 03:00:14.088589 n kernel: xhci_hcd 0000:03:00.3: xHCI Host Controller
Aug 13 03:00:14.088712 n kernel: xhci_hcd 0000:03:00.3: new USB bus registered, assigned bus number 2
Aug 13 03:00:14.088834 n kernel: xhci_hcd 0000:03:00.3: Host supports USB 3.1 Enhanced SuperSpeed
Aug 13 03:00:14.089359 n kernel: usb usb1: Product: xHCI Host Controller
Aug 13 03:00:14.089513 n kernel: usb usb1: Manufacturer: Linux 7.0.0-28-generic xhci-hcd
Aug 13 03:00:14.090616 n kernel: usb usb2: Product: xHCI Host Controller
Aug 13 03:00:14.090757 n kernel: usb usb2: Manufacturer: Linux 7.0.0-28-generic xhci-hcd
Aug 13 03:00:14.091369 n kernel: xhci_hcd 0000:03:00.4: xHCI Host Controller
Aug 13 03:00:14.091498 n kernel: xhci_hcd 0000:03:00.4: new USB bus registered, assigned bus number 3
Aug 13 03:00:14.091626 n kernel: xhci_hcd 0000:03:00.4: hcc params 0x0268ffe5 hci version 0x110 quirks 0x0000020000000010
Aug 13 03:00:14.091752 n kernel: xhci_hcd 0000:03:00.4: xHCI Host Controller
Aug 13 03:00:14.091877 n kernel: xhci_hcd 0000:03:00.4: new USB bus registered, assigned bus number 4
Aug 13 03:00:14.091998 n kernel: xhci_hcd 0000:03:00.4: Host supports USB 3.1 Enhanced SuperSpeed
Aug 13 03:00:14.092469 n kernel: usb usb3: Product: xHCI Host Controller
Aug 13 03:00:14.092611 n kernel: usb usb3: Manufacturer: Linux 7.0.0-28-generic xhci-hcd
Aug 13 03:00:14.093690 n kernel: usb usb4: Product: xHCI Host Controller
Aug 13 03:00:14.093824 n kernel: usb usb4: Manufacturer: Linux 7.0.0-28-generic xhci-hcd
Aug 13 03:00:14.095839 n kernel: usb 1-2: new full-speed USB device number 2 using xhci_hcd
Aug 13 03:00:14.096019 n kernel: usb 3-3: new full-speed USB device number 2 using xhci_hcd
Aug 13 03:00:14.096188 n kernel: usb 3-3: New USB device found, idVendor=13d3, idProduct=3503, bcdDevice= 0.01
Aug 13 03:00:14.096334 n kernel: usb 3-3: New USB device strings: Mfr=0, Product=0, SerialNumber=0
Aug 13 03:00:14.096484 n kernel: usb 1-2: New USB device found, idVendor=32c2, idProduct=0066, bcdDevice=42.8a
Aug 13 03:00:14.096647 n kernel: usb 1-2: New USB device strings: Mfr=0, Product=1, SerialNumber=0
Aug 13 03:00:14.096812 n kernel: usb 1-2: Product: 2.4G Wireless
Aug 13 03:00:14.096982 n kernel: usb 3-4: new full-speed USB device number 3 using xhci_hcd
Aug 13 03:00:14.097174 n kernel: usb 1-3: new high-speed USB device number 3 using xhci_hcd
Aug 13 03:00:14.098186 n kernel: usb 1-3: New USB device found, idVendor=0bda, idProduct=0129, bcdDevice=39.60
Aug 13 03:00:14.098333 n kernel: usb 1-3: New USB device strings: Mfr=1, Product=2, SerialNumber=3
Aug 13 03:00:14.098474 n kernel: usb 1-3: Product: USB2.0-CRW
Aug 13 03:00:14.098613 n kernel: usb 1-3: Manufacturer: Generic
Aug 13 03:00:14.098750 n kernel: usb 1-3: SerialNumber: 20100201396000000
Aug 13 03:00:14.098892 n kernel: usb 3-4: New USB device found, idVendor=2808, idProduct=c652, bcdDevice=20.03
Aug 13 03:00:14.099182 n kernel: usb 3-4: New USB device strings: Mfr=1, Product=2, SerialNumber=0
Aug 13 03:00:14.099400 n kernel: usb 3-4: Product: FocalTech Fingerprint Device
Aug 13 03:00:14.099592 n kernel: usb 3-4: Manufacturer: FocalTech
Aug 13 03:00:14.099804 n kernel: usb 1-4: new high-speed USB device number 4 using xhci_hcd
Aug 13 03:00:14.099978 n kernel: usb 1-4: New USB device found, idVendor=32e6, idProduct=9211, bcdDevice= 0.00
Aug 13 03:00:14.100129 n kernel: usb 1-4: New USB device strings: Mfr=1, Product=2, SerialNumber=3
Aug 13 03:00:14.100277 n kernel: usb 1-4: Product: icspring camera
Aug 13 03:00:14.100417 n kernel: usb 1-4: Manufacturer: icSpring
Aug 13 03:00:14.100555 n kernel: usb 1-4: SerialNumber: 241112113001
Aug 13 03:00:14.987181 n kernel: Bluetooth: Core ver 2.22
Aug 13 03:00:14.987193 n kernel: NET: Registered PF_BLUETOOTH protocol family
Aug 13 03:00:14.987205 n kernel: Bluetooth: HCI device and connection manager initialized
Aug 13 03:00:14.987217 n kernel: Bluetooth: HCI socket layer initialized
Aug 13 03:00:14.987229 n kernel: Bluetooth: L2CAP socket layer initialized
Aug 13 03:00:14.987239 n kernel: Bluetooth: SCO socket layer initialized
Aug 13 03:00:14.987413 n kernel: usbcore: registered new interface driver btusb
Aug 13 03:00:25.850018 n kernel: Bluetooth: BNEP (Ethernet Emulation) ver 1.3
Aug 13 03:00:25.850071 n kernel: Bluetooth: BNEP filters: protocol multicast
Aug 13 03:00:25.850099 n kernel: Bluetooth: BNEP socket layer initialized
Aug 13 03:00:25.852050 n kernel: Bluetooth: MGMT ver 1.23
Aug 13 03:00:25.852067 n kernel: hci0: 
Aug 13 03:00:25.852078 n kernel: hci0: entry 000000006dd50ec0
Aug 13 03:00:25.871068 n kernel: hci0: 
Aug 13 03:00:25.871076 n kernel: hci0: entry 00000000027ddcf6
Aug 13 03:00:25.871086 n kernel: hci0: 
Aug 13 03:00:25.871095 n kernel: hci0: 
Aug 13 03:00:25.883049 n kernel: Bluetooth: RFCOMM TTY layer initialized
Aug 13 03:00:25.883059 n kernel: Bluetooth: RFCOMM socket layer initialized
Aug 13 03:00:25.883068 n kernel: Bluetooth: RFCOMM ver 1.11
Aug 13 03:00:25.884118 n kernel: hci0: 
Aug 13 03:00:25.884133 n kernel: hci0: entry 000000003a45966b
Aug 13 03:00:25.884149 n kernel: hci0: 
Aug 13 03:00:25.884171 n kernel: hci0: 
Aug 13 03:00:25.887037 n kernel: hci0: 
Aug 13 03:00:25.887051 n kernel: hci0: entry 00000000f2085e64
Aug 13 03:00:25.887070 n kernel: hci0: 
Aug 13 03:00:25.887078 n kernel: hci0: 
Aug 13 03:00:25.887096 n kernel: hci0: 
Aug 13 03:00:25.887104 n kernel: hci0: entry 000000005292065a
Aug 13 03:00:25.887115 n kernel: hci0: 
Aug 13 03:00:25.887123 n kernel: hci0: 
Aug 13 03:00:25.887156 n kernel: hci0: 
Aug 13 03:00:25.887164 n kernel: hci0: entry 00000000f4e851a0
Aug 13 03:00:25.887175 n kernel: hci0: 
Aug 13 03:00:25.887185 n kernel: hci0
Aug 13 03:00:25.983208 n kernel: hci0
Aug 13 03:00:25.983231 n kernel: hci0
Aug 13 03:00:25.983254 n kernel: hci0
Aug 13 03:00:25.983277 n kernel: hci0: 
Aug 13 03:00:25.983293 n kernel: hci0: 
Aug 13 03:00:25.983316 n kernel: hci0: Opcode 0x0c03
Aug 13 03:00:25.983342 n kernel: hci0: opcode 0x0c03 plen 0
Aug 13 03:00:25.983368 n kernel: hci0: skb len 3
Aug 13 03:00:25.983392 n kernel: hci0: length 1
Aug 13 03:00:25.983412 n kernel: hci0 cmd_cnt 1 cmd queued 1
Aug 13 03:00:25.983429 n kernel: hci0: skb 00000000a23825c5
Aug 13 03:00:26.042162 n kernel: hci0: result 0x00
Aug 13 03:00:26.042200 n kernel: hci0: end: err 0
Aug 13 03:00:26.042214 n kernel: hci0: Opcode 0x1003
Aug 13 03:00:26.042237 n kernel: hci0: opcode 0x1003 plen 0
Aug 13 03:00:26.042247 n kernel: hci0: skb len 3
Aug 13 03:00:26.042257 n kernel: hci0: length 1
Aug 13 03:00:26.042266 n kernel: hci0 cmd_cnt 1 cmd queued 1
Aug 13 03:00:26.042284 n kernel: hci0: skb 000000001f5448de
Aug 13 03:00:26.045158 n kernel: hci0: result 0x00
Aug 13 03:00:26.045170 n kernel: hci0: end: err 0
Aug 13 03:00:26.045181 n kernel: hci0: Opcode 0x1001
Aug 13 03:00:26.045191 n kernel: hci0: opcode 0x1001 plen 0
Aug 13 03:00:26.045228 n kernel: hci0: skb len 3
Aug 13 03:00:26.045238 n kernel: hci0: length 1
Aug 13 03:00:26.045258 n kernel: hci0 cmd_cnt 1 cmd queued 1
Aug 13 03:00:26.045267 n kernel: hci0: skb 00000000036d7233
Aug 13 03:00:26.048205 n kernel: hci0: result 0x00
Aug 13 03:00:26.048257 n kernel: hci0: end: err 0
Aug 13 03:00:26.048275 n kernel: hci0: Opcode 0x1009
Aug 13 03:00:26.048309 n kernel: hci0: opcode 0x1009 plen 0
Aug 13 03:00:26.048339 n kernel: hci0: skb len 3
Aug 13 03:00:26.048368 n kernel: hci0: length 1
Aug 13 03:00:26.048383 n kernel: hci0 cmd_cnt 1 cmd queued 1
Aug 13 03:00:26.048393 n kernel: hci0: skb 0000000064054c36
Aug 13 03:00:26.050555 n kernel: hci0: result 0x00
Aug 13 03:00:26.050582 n kernel: hci0: end: err 0
Aug 13 03:00:26.050606 n kernel: hci0: 
Aug 13 03:00:26.050638 n kernel: hci0: Opcode 0x1002
Aug 13 03:00:26.050675 n kernel: hci0: opcode 0x1002 plen 0
Aug 13 03:00:26.050704 n kernel: hci0: skb len 3
Aug 13 03:00:26.050725 n kernel: hci0: length 1
Aug 13 03:00:26.050740 n kernel: hci0 cmd_cnt 1 cmd queued 1
Aug 13 03:00:26.050756 n kernel: hci0: skb 0000000001671418
Aug 13 03:00:26.058113 n kernel: hci0: result 0x00
Aug 13 03:00:26.058125 n kernel: hci0: end: err 0
Aug 13 03:00:26.058135 n kernel: hci0: Opcode 0x0c56
Aug 13 03:00:26.058144 n kernel: hci0: opcode 0x0c56 plen 1
Aug 13 03:00:26.058153 n kernel: hci0: skb len 4
Aug 13 03:00:26.058162 n kernel: hci0: length 1
Aug 13 03:00:26.058171 n kernel: hci0 cmd_cnt 1 cmd queued 1
Aug 13 03:00:26.058181 n kernel: hci0: skb 00000000b7b60a88
Aug 13 03:00:26.061134 n kernel: hci0: result 0x00
Aug 13 03:00:26.061145 n kernel: hci0: end: err 0
Aug 13 03:00:26.061155 n kernel: hci0: Opcode 0x0c45
Aug 13 03:00:26.061165 n kernel: hci0: opcode 0x0c45 plen 1
Aug 13 03:00:26.061174 n kernel: hci0: skb len 4
Aug 13 03:00:26.061183 n kernel: hci0: length 1
Aug 13 03:00:26.061217 n kernel: hci0 cmd_cnt 1 cmd queued 1
Aug 13 03:00:26.061232 n kernel: hci0: skb 00000000353aae21
Aug 13 03:00:26.064161 n kernel: hci0: result 0x00
Aug 13 03:00:26.064173 n kernel: hci0: end: err 0
Aug 13 03:00:26.064183 n kernel: hci0: Opcode 0x0c58
Aug 13 03:00:26.064193 n kernel: hci0: opcode 0x0c58 plen 0
Aug 13 03:00:26.064202 n kernel: hci0: skb len 3
Aug 13 03:00:26.064212 n kernel: hci0: length 1
Aug 13 03:00:26.064221 n kernel: hci0 cmd_cnt 1 cmd queued 1
Aug 13 03:00:26.064231 n kernel: hci0: skb 00000000f03765f6
Aug 13 03:00:26.067134 n kernel: hci0: result 0x00
Aug 13 03:00:26.067145 n kernel: hci0: end: err 0
Aug 13 03:00:26.067155 n kernel: hci0: Opcode 0x1004
Aug 13 03:00:26.067184 n kernel: hci0: opcode 0x1004 plen 1
Aug 13 03:00:26.067206 n kernel: hci0: skb len 4
Aug 13 03:00:26.067215 n kernel: hci0: length 1
Aug 13 03:00:26.067224 n kernel: hci0 cmd_cnt 1 cmd queued 1
Aug 13 03:00:26.067238 n kernel: hci0: skb 000000000d6bd8b3
Aug 13 03:00:26.070581 n kernel: hci0: result 0x00
Aug 13 03:00:26.070656 n kernel: hci0: end: err 0
Aug 13 03:00:26.070683 n kernel: hci0: Opcode 0x1005
Aug 13 03:00:26.070706 n kernel: hci0: opcode 0x1005 plen 0
Aug 13 03:00:26.070728 n kernel: hci0: skb len 3
Aug 13 03:00:26.070744 n kernel: hci0: length 1
Aug 13 03:00:26.070760 n kernel: hci0 cmd_cnt 1 cmd queued 1
Aug 13 03:00:26.070781 n kernel: hci0: skb 00000000875b6533
Aug 13 03:00:26.074166 n kernel: hci0: result 0x00
Aug 13 03:00:26.074190 n kernel: hci0: end: err 0
Aug 13 03:00:26.074206 n kernel: hci0: Opcode 0x0c23
Aug 13 03:00:26.074220 n kernel: hci0: opcode 0x0c23 plen 0
Aug 13 03:00:26.074235 n kernel: hci0: skb len 3
Aug 13 03:00:26.074244 n kernel: hci0: length 1
Aug 13 03:00:26.074252 n kernel: hci0 cmd_cnt 1 cmd queued 1
Aug 13 03:00:26.074261 n kernel: hci0: skb 0000000038202913
Aug 13 03:00:26.077137 n kernel: hci0: result 0x00
Aug 13 03:00:26.077176 n kernel: hci0: end: err 0
Aug 13 03:00:26.077186 n kernel: hci0: Opcode 0x0c14
Aug 13 03:00:26.077195 n kernel: hci0: opcode 0x0c14 plen 0
Aug 13 03:00:26.077204 n kernel: hci0: skb len 3
Aug 13 03:00:26.077214 n kernel: hci0: length 1
Aug 13 03:00:26.077223 n kernel: hci0 cmd_cnt 1 cmd queued 1
Aug 13 03:00:26.077233 n kernel: hci0: skb 000000004447454d
Aug 13 03:00:26.095206 n kernel: hci0: result 0x00
Aug 13 03:00:26.095226 n kernel: hci0: end: err 0
Aug 13 03:00:26.095242 n kernel: hci0: Opcode 0x0c25
Aug 13 03:00:26.095262 n kernel: hci0: opcode 0x0c25 plen 0
Aug 13 03:00:26.095272 n kernel: hci0: skb len 3
Aug 13 03:00:26.095282 n kernel: hci0: length 1
Aug 13 03:00:26.095292 n kernel: hci0 cmd_cnt 1 cmd queued 1
Aug 13 03:00:26.095301 n kernel: hci0: skb 00000000e0263631
Aug 13 03:00:26.098194 n kernel: hci0: result 0x00
Aug 13 03:00:26.098209 n kernel: hci0: end: err 0
Aug 13 03:00:26.098221 n kernel: hci0: Opcode 0x0c38
Aug 13 03:00:26.098242 n kernel: hci0: opcode 0x0c38 plen 0
Aug 13 03:00:26.098257 n kernel: hci0: skb len 3
Aug 13 03:00:26.098271 n kernel: hci0: length 1
Aug 13 03:00:26.098285 n kernel: hci0 cmd_cnt 1 cmd queued 1
Aug 13 03:00:26.098301 n kernel: hci0: skb 000000006cdac1f2
Aug 13 03:00:26.101169 n kernel: hci0: result 0x00
Aug 13 03:00:26.101189 n kernel: hci0: end: err 0
Aug 13 03:00:26.101210 n kernel: hci0: Opcode 0x0c39
Aug 13 03:00:26.101219 n kernel: hci0: opcode 0x0c39 plen 0
Aug 13 03:00:26.101229 n kernel: hci0: skb len 3
Aug 13 03:00:26.101239 n kernel: hci0: length 1
Aug 13 03:00:26.101248 n kernel: hci0 cmd_cnt 1 cmd queued 1
Aug 13 03:00:26.101257 n kernel: hci0: skb 000000009a438c3e
Aug 13 03:00:26.104141 n kernel: hci0: result 0x00
Aug 13 03:00:26.104153 n kernel: hci0: end: err 0
Aug 13 03:00:26.104162 n kernel: hci0: Opcode 0x0c16
Aug 13 03:00:26.104173 n kernel: hci0: opcode 0x0c16 plen 2
Aug 13 03:00:26.104182 n kernel: hci0: skb len 5
Aug 13 03:00:26.104191 n kernel: hci0: length 1
Aug 13 03:00:26.104200 n kernel: hci0 cmd_cnt 1 cmd queued 1
Aug 13 03:00:26.104209 n kernel: hci0: skb 0000000018d345ca
Aug 13 03:00:26.107137 n kernel: hci0: result 0x00
Aug 13 03:00:26.107147 n kernel: hci0: end: err 0
Aug 13 03:00:26.107159 n kernel: hci0: Opcode 0x2003
Aug 13 03:00:26.107169 n kernel: hci0: opcode 0x2003 plen 0
Aug 13 03:00:26.107200 n kernel: hci0: skb len 3
Aug 13 03:00:26.107210 n kernel: hci0: length 1
Aug 13 03:00:26.107221 n kernel: hci0 cmd_cnt 1 cmd queued 1
Aug 13 03:00:26.107235 n kernel: hci0: skb 000000002cd37292
Aug 13 03:00:26.109478 n kernel: hci0: result 0x00
Aug 13 03:00:26.109503 n kernel: hci0: end: err 0
Aug 13 03:00:26.109564 n kernel: hci0: Opcode 0x2002
Aug 13 03:00:26.109580 n kernel: hci0: opcode 0x2002 plen 0
Aug 13 03:00:26.109603 n kernel: hci0: skb len 3
Aug 13 03:00:26.109636 n kernel: hci0: length 1
Aug 13 03:00:26.109653 n kernel: hci0 cmd_cnt 1 cmd queued 1
Aug 13 03:00:26.109668 n kernel: hci0: skb 00000000b00001b3
Aug 13 03:00:26.113123 n kernel: hci0: result 0x00
Aug 13 03:00:26.113134 n kernel: hci0: end: err 0
Aug 13 03:00:26.113144 n kernel: hci0: Opcode 0x201c
Aug 13 03:00:26.113178 n kernel: hci0: opcode 0x201c plen 0
Aug 13 03:00:26.113198 n kernel: hci0: skb len 3
Aug 13 03:00:26.113215 n kernel: hci0: length 1
Aug 13 03:00:26.113224 n kernel: hci0 cmd_cnt 1 cmd queued 1
Aug 13 03:00:26.113233 n kernel: hci0: skb 000000006d0a0293
Aug 13 03:00:26.115231 n kernel: hci0: result 0x00
Aug 13 03:00:26.115257 n kernel: hci0: end: err 0
Aug 13 03:00:26.115273 n kernel: hci0: 
Aug 13 03:00:26.115290 n kernel: hci0: Opcode 0x0c01
Aug 13 03:00:26.115306 n kernel: hci0: opcode 0x0c01 plen 8
Aug 13 03:00:26.115343 n kernel: hci0: skb len 11
Aug 13 03:00:26.115359 n kernel: hci0: length 1
Aug 13 03:00:26.115378 n kernel: hci0 cmd_cnt 1 cmd queued 1
Aug 13 03:00:26.115409 n kernel: hci0: skb 000000002db948f5
Aug 13 03:00:26.119166 n kernel: hci0: result 0x00
Aug 13 03:00:26.119209 n kernel: hci0: end: err 0
Aug 13 03:00:26.119220 n kernel: hci0: Opcode 0x0c0d
Aug 13 03:00:26.119230 n kernel: hci0: opcode 0x0c0d plen 7
Aug 13 03:00:26.119245 n kernel: hci0: skb len 10
Aug 13 03:00:26.119255 n kernel: hci0: length 1
Aug 13 03:00:26.119267 n kernel: hci0 cmd_cnt 1 cmd queued 1
Aug 13 03:00:26.119282 n kernel: hci0: skb 000000007953541a
Aug 13 03:00:26.121193 n kernel: hci0: result 0x00
Aug 13 03:00:26.121208 n kernel: hci0: end: err 0
Aug 13 03:00:26.121217 n kernel: hci0: Opcode 0x080f
Aug 13 03:00:26.121236 n kernel: hci0: opcode 0x080f plen 2
Aug 13 03:00:26.121254 n kernel: hci0: skb len 5
Aug 13 03:00:26.121264 n kernel: hci0: length 1
Aug 13 03:00:26.121275 n kernel: hci0 cmd_cnt 1 cmd queued 1
Aug 13 03:00:26.121289 n kernel: hci0: skb 00000000d49d0398
Aug 13 03:00:26.125161 n kernel: hci0: result 0x00
Aug 13 03:00:26.125179 n kernel: hci0: end: err 0
Aug 13 03:00:26.125195 n kernel: hci0: Opcode 0x0c1b
Aug 13 03:00:26.125219 n kernel: hci0: opcode 0x0c1b plen 0
Aug 13 03:00:26.125233 n kernel: hci0: skb len 3
Aug 13 03:00:26.125249 n kernel: hci0: length 1
Aug 13 03:00:26.125258 n kernel: hci0 cmd_cnt 1 cmd queued 1
Aug 13 03:00:26.125266 n kernel: hci0: skb 0000000013de19f0
Aug 13 03:00:26.127210 n kernel: hci0: result 0x00
Aug 13 03:00:26.127234 n kernel: hci0: end: err 0
Aug 13 03:00:26.127259 n kernel: hci0: Opcode 0x0c46
Aug 13 03:00:26.127277 n kernel: hci0: opcode 0x0c46 plen 0
Aug 13 03:00:26.127308 n kernel: hci0: skb len 3
Aug 13 03:00:26.127325 n kernel: hci0: length 1
Aug 13 03:00:26.127352 n kernel: hci0 cmd_cnt 1 cmd queued 1
Aug 13 03:00:26.127369 n kernel: hci0: skb 00000000a3d88977
Aug 13 03:00:26.131157 n kernel: hci0: result 0x00
Aug 13 03:00:26.131180 n kernel: hci0: end: err 0
Aug 13 03:00:26.131190 n kernel: hci0: Opcode 0x1004
Aug 13 03:00:26.131200 n kernel: hci0: opcode 0x1004 plen 1
Aug 13 03:00:26.131218 n kernel: hci0: skb len 4
Aug 13 03:00:26.131235 n kernel: hci0: length 1
Aug 13 03:00:26.131249 n kernel: hci0 cmd_cnt 1 cmd queued 1
Aug 13 03:00:26.131258 n kernel: hci0: skb 00000000a0d028ae
Aug 13 03:00:26.135178 n kernel: hci0: result 0x00
Aug 13 03:00:26.135200 n kernel: hci0: end: err 0
Aug 13 03:00:26.135209 n kernel: hci0: Opcode 0x2001
Aug 13 03:00:26.135227 n kernel: hci0: opcode 0x2001 plen 8
Aug 13 03:00:26.135236 n kernel: hci0: skb len 11
Aug 13 03:00:26.135245 n kernel: hci0: length 1
Aug 13 03:00:26.135255 n kernel: hci0 cmd_cnt 1 cmd queued 1
Aug 13 03:00:26.135263 n kernel: hci0: skb 00000000097a87e2
Aug 13 03:00:26.138181 n kernel: hci0: result 0x00
Aug 13 03:00:26.138201 n kernel: hci0: end: err 0
Aug 13 03:00:26.138220 n kernel: hci0: Opcode 0x2007
Aug 13 03:00:26.138229 n kernel: hci0: opcode 0x2007 plen 0
Aug 13 03:00:26.138238 n kernel: hci0: skb len 3
Aug 13 03:00:26.138252 n kernel: hci0: length 1
Aug 13 03:00:26.138261 n kernel: hci0 cmd_cnt 1 cmd queued 1
Aug 13 03:00:26.138271 n kernel: hci0: skb 00000000f468fddb
Aug 13 03:00:26.140222 n kernel: hci0: result 0x00
Aug 13 03:00:26.140254 n kernel: hci0: end: err 0
Aug 13 03:00:26.140276 n kernel: hci0: Opcode 0x200f
Aug 13 03:00:26.140285 n kernel: hci0: opcode 0x200f plen 0
Aug 13 03:00:26.140297 n kernel: hci0: skb len 3
Aug 13 03:00:26.140307 n kernel: hci0: length 1
Aug 13 03:00:26.140388 n kernel: hci0 cmd_cnt 1 cmd queued 1
Aug 13 03:00:26.140398 n kernel: hci0: skb 00000000e17a37f4
Aug 13 03:00:26.144141 n kernel: hci0: result 0x00
Aug 13 03:00:26.144152 n kernel: hci0: end: err 0
Aug 13 03:00:26.144162 n kernel: hci0: Opcode 0x2010
Aug 13 03:00:26.144198 n kernel: hci0: opcode 0x2010 plen 0
Aug 13 03:00:26.144207 n kernel: hci0: skb len 3
Aug 13 03:00:26.144217 n kernel: hci0: length 1
Aug 13 03:00:26.144226 n kernel: hci0 cmd_cnt 1 cmd queued 1
Aug 13 03:00:26.144236 n kernel: hci0: skb 0000000013de19f0
Aug 13 03:00:26.147142 n kernel: hci0: result 0x00
Aug 13 03:00:26.147178 n kernel: hci0: end: err 0
Aug 13 03:00:26.147189 n kernel: hci0: Opcode 0x202a
Aug 13 03:00:26.147203 n kernel: hci0: opcode 0x202a plen 0
Aug 13 03:00:26.147212 n kernel: hci0: skb len 3
Aug 13 03:00:26.147228 n kernel: hci0: length 1
Aug 13 03:00:26.147245 n kernel: hci0 cmd_cnt 1 cmd queued 1
Aug 13 03:00:26.147254 n kernel: hci0: skb 00000000d49d0398
Aug 13 03:00:26.149125 n kernel: hci0: result 0x00
Aug 13 03:00:26.149144 n kernel: hci0: end: err 0
Aug 13 03:00:26.149161 n kernel: hci0: Opcode 0x2029
Aug 13 03:00:26.149195 n kernel: hci0: opcode 0x2029 plen 0
Aug 13 03:00:26.149222 n kernel: hci0: skb len 3
Aug 13 03:00:26.149239 n kernel: hci0: length 1
Aug 13 03:00:26.149259 n kernel: hci0 cmd_cnt 1 cmd queued 1
Aug 13 03:00:26.149286 n kernel: hci0: skb 000000007953541a
Aug 13 03:00:26.153152 n kernel: hci0: result 0x00
Aug 13 03:00:26.153174 n kernel: hci0: end: err 0
Aug 13 03:00:26.153213 n kernel: hci0: Opcode 0x202e
Aug 13 03:00:26.153233 n kernel: hci0: opcode 0x202e plen 2
Aug 13 03:00:26.153242 n kernel: hci0: skb len 5
Aug 13 03:00:26.153251 n kernel: hci0: length 1
Aug 13 03:00:26.153261 n kernel: hci0 cmd_cnt 1 cmd queued 1
Aug 13 03:00:26.153270 n kernel: hci0: skb 000000002db948f5
Aug 13 03:00:26.155587 n kernel: hci0: result 0x00
Aug 13 03:00:26.155636 n kernel: hci0: end: err 0
Aug 13 03:00:26.155653 n kernel: hci0: Opcode 0x0c6d
Aug 13 03:00:26.155669 n kernel: hci0: opcode 0x0c6d plen 2
Aug 13 03:00:26.155684 n kernel: hci0: skb len 5
Aug 13 03:00:26.155714 n kernel: hci0: length 1
Aug 13 03:00:26.155737 n kernel: hci0 cmd_cnt 1 cmd queued 1
Aug 13 03:00:26.155760 n kernel: hci0: skb 000000006d0a0293
Aug 13 03:00:26.158167 n kernel: hci0: result 0x00
Aug 13 03:00:26.158186 n kernel: hci0: end: err 0
Aug 13 03:00:26.158207 n kernel: hci0: 
Aug 13 03:00:26.158248 n kernel: hci0: Opcode 0x0c12
Aug 13 03:00:26.158286 n kernel: hci0: opcode 0x0c12 plen 7
Aug 13 03:00:26.158318 n kernel: hci0: skb len 10
Aug 13 03:00:26.158334 n kernel: hci0: length 1
Aug 13 03:00:26.158350 n kernel: hci0 cmd_cnt 1 cmd queued 1
Aug 13 03:00:26.158366 n kernel: hci0: skb 00000000b00001b3
Aug 13 03:00:26.162185 n kernel: hci0: result 0x00
Aug 13 03:00:26.162200 n kernel: hci0: end: err 0
Aug 13 03:00:26.162210 n kernel: hci0: Opcode 0x0c77
Aug 13 03:00:26.162219 n kernel: hci0: opcode 0x0c77 plen 0
Aug 13 03:00:26.162228 n kernel: hci0: skb len 3
Aug 13 03:00:26.162259 n kernel: hci0: length 1
Aug 13 03:00:26.162271 n kernel: hci0 cmd_cnt 1 cmd queued 1
Aug 13 03:00:26.162281 n kernel: hci0: skb 000000002cd37292
Aug 13 03:00:26.164566 n kernel: hci0: result 0x00
Aug 13 03:00:26.164590 n kernel: hci0: end: err 0
Aug 13 03:00:26.164609 n kernel: hci0: Opcode 0x0c7a
Aug 13 03:00:26.164643 n kernel: hci0: opcode 0x0c7a plen 1
Aug 13 03:00:26.164659 n kernel: hci0: skb len 4
Aug 13 03:00:26.164691 n kernel: hci0: length 1
Aug 13 03:00:26.164707 n kernel: hci0 cmd_cnt 1 cmd queued 1
Aug 13 03:00:26.164722 n kernel: hci0: skb 0000000018d345ca
Aug 13 03:00:26.167192 n kernel: hci0: result 0x00
Aug 13 03:00:26.167227 n kernel: hci0: end: err 0
Aug 13 03:00:26.167253 n kernel: hci0: 
Aug 13 03:00:26.167263 n kernel: hci0: Opcode 0x0c13
Aug 13 03:00:26.167272 n kernel: hci0: opcode 0x0c13 plen 248
Aug 13 03:00:26.167281 n kernel: hci0: skb len 251
Aug 13 03:00:26.167299 n kernel: hci0: length 1
Aug 13 03:00:26.167308 n kernel: hci0 cmd_cnt 1 cmd queued 1
Aug 13 03:00:26.167317 n kernel: hci0: skb 000000009a438c3e
Aug 13 03:00:26.171156 n kernel: hci0: result 0x00
Aug 13 03:00:26.171177 n kernel: hci0: end: err 0
Aug 13 03:00:26.171197 n kernel: hci0: 
Aug 13 03:00:26.171214 n kernel: hci0: Opcode 0x0c52
Aug 13 03:00:26.171258 n kernel: hci0: opcode 0x0c52 plen 241
Aug 13 03:00:26.171273 n kernel: hci0: skb len 244
Aug 13 03:00:26.171283 n kernel: hci0: length 1
Aug 13 03:00:26.171294 n kernel: hci0 cmd_cnt 1 cmd queued 1
Aug 13 03:00:26.171308 n kernel: hci0: skb 000000006cdac1f2
Aug 13 03:00:26.174093 n kernel: hci0: result 0x00
Aug 13 03:00:26.174110 n kernel: hci0: end: err 0
Aug 13 03:00:26.174127 n kernel: hci0: entry 0000000000b006cb
Aug 13 03:00:26.174143 n kernel: hci0: ADV monitoring is off
Aug 13 03:00:26.174159 n kernel: hci0: stopping background scanning
Aug 13 03:00:26.174167 n kernel: hci0: 
Aug 13 03:00:26.174183 n kernel: hci0: 
Aug 13 03:00:26.174194 n kernel: hci0: entry 00000000e8157205
Aug 13 03:00:26.174201 n kernel: hci0: 
Aug 13 03:00:26.174208 n kernel: hci0: Opcode 0x0c24
Aug 13 03:00:26.174215 n kernel: hci0: opcode 0x0c24 plen 3
Aug 13 03:00:26.174222 n kernel: hci0: skb len 6
Aug 13 03:00:26.174229 n kernel: hci0: length 1
Aug 13 03:00:26.174236 n kernel: hci0 cmd_cnt 1 cmd queued 1
Aug 13 03:00:26.174243 n kernel: hci0: skb 000000006d2a03c2
Aug 13 03:00:26.177212 n kernel: hci0: result 0x00
Aug 13 03:00:26.177280 n kernel: hci0: end: err 0
Aug 13 03:00:26.177354 n kernel: hci0: 
Aug 13 03:00:26.177390 n kernel: hci0: entry 0000000038f7371d
Aug 13 03:00:26.177425 n kernel: hci0: 
Aug 13 03:00:26.177460 n kernel: hci0: 
Aug 13 03:00:26.177477 n kernel: hci0: Opcode 0x0c52
Aug 13 03:00:26.177493 n kernel: hci0: opcode 0x0c52 plen 241
Aug 13 03:00:26.177510 n kernel: hci0: skb len 244
Aug 13 03:00:26.177525 n kernel: hci0: length 1
Aug 13 03:00:26.177541 n kernel: hci0 cmd_cnt 1 cmd queued 1
Aug 13 03:00:26.177565 n kernel: hci0: skb 0000000042dd0676
Aug 13 03:00:26.180051 n kernel: hci0: result 0x00
Aug 13 03:00:26.180063 n kernel: hci0: end: err 0
Aug 13 03:00:26.180078 n kernel: hci0: 
Aug 13 03:00:26.180097 n kernel: hci0: entry 00000000e49958ad
Aug 13 03:00:26.180107 n kernel: hci0: 
Aug 13 03:00:26.180114 n kernel: hci0: 
Aug 13 03:00:26.180120 n kernel: hci0: Opcode 0x0c52
Aug 13 03:00:26.180127 n kernel: hci0: opcode 0x0c52 plen 241
Aug 13 03:00:26.180134 n kernel: hci0: skb len 244
Aug 13 03:00:26.180144 n kernel: hci0: length 1
Aug 13 03:00:26.180150 n kernel: hci0 cmd_cnt 1 cmd queued 1
Aug 13 03:00:26.180158 n kernel: hci0: skb 000000000901552e
Aug 13 03:00:26.183050 n kernel: hci0: result 0x00
Aug 13 03:00:26.183072 n kernel: hci0: end: err 0
Aug 13 03:00:26.183134 n kernel: hci0: 
Aug 13 03:00:26.183148 n kernel: hci0: entry 000000006616ac47
Aug 13 03:00:26.183170 n kernel: hci0: Opcode 0x0c1a
Aug 13 03:00:26.183185 n kernel: hci0: opcode 0x0c1a plen 1
Aug 13 03:00:26.183200 n kernel: hci0: skb len 4
Aug 13 03:00:26.183214 n kernel: hci0: length 1
Aug 13 03:00:26.183234 n kernel: hci0 cmd_cnt 1 cmd queued 1
Aug 13 03:00:26.183248 n kernel: hci0: skb 00000000da97bd43
Aug 13 03:00:26.184049 n kernel: hci0 key for AA:BB:CC:00:00:01 type 4
Aug 13 03:00:26.184060 n kernel: hci0 key for AA:BB:CC:00:00:02 type 4
Aug 13 03:00:26.184070 n kernel: hci0 key for AA:BB:CC:00:00:03 type 4
Aug 13 03:00:26.186045 n kernel: hci0: result 0x00
Aug 13 03:00:26.186056 n kernel: hci0: end: err 0
Aug 13 03:00:26.186069 n kernel: hci0: entry 00000000c5629834
Aug 13 03:00:26.186079 n kernel: hci0: entry 00000000cb775b32
Aug 13 03:00:26.186088 n kernel: hci0: entry 00000000410897c8
Aug 13 03:00:26.186102 n kernel: hci0: 
Aug 13 03:00:26.186111 n kernel: hci0: 
Aug 13 03:00:26.186120 n kernel: hci0: 
Aug 13 03:00:26.186139 n kernel: hci0: 
Aug 13 03:00:26.186148 n kernel: hci0: entry 00000000eea72b58
Aug 13 03:00:26.186158 n kernel: hci0: 
Aug 13 03:00:26.186167 n kernel: hci0: Opcode 0x0c52
Aug 13 03:00:26.186176 n kernel: hci0: opcode 0x0c52 plen 241
Aug 13 03:00:26.186186 n kernel: hci0: skb len 244
Aug 13 03:00:26.186196 n kernel: hci0: length 1
Aug 13 03:00:26.186211 n kernel: hci0 cmd_cnt 1 cmd queued 1
Aug 13 03:00:26.186231 n kernel: hci0: skb 00000000467fa227
Aug 13 03:00:26.189042 n kernel: hci0: result 0x00
Aug 13 03:00:26.189052 n kernel: hci0: end: err 0
Aug 13 03:00:26.189065 n kernel: hci0: entry 00000000280d1f99
Aug 13 03:00:26.189088 n kernel: hci0: 
Aug 13 03:00:26.189101 n kernel: hci0: 
Aug 13 03:00:26.189123 n kernel: hci0: 
Aug 13 03:00:26.189133 n kernel: hci0: entry 000000006e70b487
Aug 13 03:00:26.189147 n kernel: hci0: Opcode 0x0c13
Aug 13 03:00:26.189157 n kernel: hci0: opcode 0x0c13 plen 248
Aug 13 03:00:26.189167 n kernel: hci0: skb len 251
Aug 13 03:00:26.189177 n kernel: hci0: length 1
Aug 13 03:00:26.189186 n kernel: hci0 cmd_cnt 1 cmd queued 1
Aug 13 03:00:26.189196 n kernel: hci0: skb 0000000072a94f91
Aug 13 03:00:26.192035 n kernel: hci0: result 0x00
Aug 13 03:00:26.192045 n kernel: hci0: end: err 0
Aug 13 03:00:26.192059 n kernel: hci0: 
Aug 13 03:00:26.192069 n kernel: hci0: Opcode 0x0c52
Aug 13 03:00:26.192082 n kernel: hci0: opcode 0x0c52 plen 241
Aug 13 03:00:26.192092 n kernel: hci0: skb len 244
Aug 13 03:00:26.192111 n kernel: hci0: length 1
Aug 13 03:00:26.192121 n kernel: hci0 cmd_cnt 1 cmd queued 1
Aug 13 03:00:26.192131 n kernel: hci0: skb 000000009a8cff2c
Aug 13 03:00:26.195039 n kernel: hci0: result 0x00
Aug 13 03:00:26.195049 n kernel: hci0: end: err 0
Aug 13 03:00:26.195086 n kernel: hci0: 
Aug 13 03:00:26.195099 n kernel: hci0: entry 00000000a04d749a
Aug 13 03:00:26.195112 n kernel: hci0: 
Aug 13 03:00:26.195125 n kernel: hci0: Opcode 0x0c24
Aug 13 03:00:26.195133 n kernel: hci0: opcode 0x0c24 plen 3
Aug 13 03:00:26.195146 n kernel: hci0: skb len 6
Aug 13 03:00:26.195158 n kernel: hci0: length 1
Aug 13 03:00:26.195175 n kernel: hci0 cmd_cnt 1 cmd queued 1
Aug 13 03:00:26.195188 n kernel: hci0: skb 000000004a8f27e2
Aug 13 03:00:26.198041 n kernel: hci0: result 0x00
Aug 13 03:00:26.198057 n kernel: hci0: end: err 0
Aug 13 03:00:26.198072 n kernel: hci0: 
Aug 13 03:00:26.198086 n kernel: hci0: Opcode 0x0c52
Aug 13 03:00:26.198100 n kernel: hci0: opcode 0x0c52 plen 241
Aug 13 03:00:26.198123 n kernel: hci0: skb len 244
Aug 13 03:00:26.198151 n kernel: hci0: length 1
Aug 13 03:00:26.198194 n kernel: hci0 cmd_cnt 1 cmd queued 1
Aug 13 03:00:26.198228 n kernel: hci0: skb 000000009c2054cb
Aug 13 03:00:26.201030 n kernel: hci0: result 0x00
Aug 13 03:00:26.201043 n kernel: hci0: end: err 0
Aug 13 03:00:26.201067 n kernel: hci0: 
Aug 13 03:00:26.201079 n kernel: hci0: entry 0000000078494dd1
Aug 13 03:00:26.201094 n kernel: hci0: 
Aug 13 03:00:26.201115 n kernel: hci0: Opcode 0x0c24
Aug 13 03:00:26.201128 n kernel: hci0: opcode 0x0c24 plen 3
Aug 13 03:00:26.201140 n kernel: hci0: skb len 6
Aug 13 03:00:26.201152 n kernel: hci0: length 1
Aug 13 03:00:26.201168 n kernel: hci0 cmd_cnt 1 cmd queued 1
Aug 13 03:00:26.201180 n kernel: hci0: skb 00000000e224efcc
Aug 13 03:00:26.204035 n kernel: hci0: result 0x00
Aug 13 03:00:26.204049 n kernel: hci0: end: err 0
Aug 13 03:00:26.204063 n kernel: hci0: 
Aug 13 03:00:26.204078 n kernel: hci0: Opcode 0x0c52
Aug 13 03:00:26.204099 n kernel: hci0: opcode 0x0c52 plen 241
Aug 13 03:00:26.204117 n kernel: hci0: skb len 244
Aug 13 03:00:26.204145 n kernel: hci0: length 1
Aug 13 03:00:26.204171 n kernel: hci0 cmd_cnt 1 cmd queued 1
Aug 13 03:00:26.204198 n kernel: hci0: skb 000000009da545b7
Aug 13 03:00:26.207035 n kernel: hci0: result 0x00
Aug 13 03:00:26.207049 n kernel: hci0: end: err 0
Aug 13 03:00:26.207078 n kernel: hci0: 
Aug 13 03:00:26.207092 n kernel: hci0: entry 000000006e70b487
Aug 13 03:00:26.207106 n kernel: hci0: Opcode 0x0c13
Aug 13 03:00:26.207121 n kernel: hci0: opcode 0x0c13 plen 248
Aug 13 03:00:26.207145 n kernel: hci0: skb len 251
Aug 13 03:00:26.207160 n kernel: hci0: length 1
Aug 13 03:00:26.207170 n kernel: hci0 cmd_cnt 1 cmd queued 1
Aug 13 03:00:26.207185 n kernel: hci0: skb 000000009da545b7
Aug 13 03:00:26.210047 n kernel: hci0: result 0x00
Aug 13 03:00:26.210060 n kernel: hci0: end: err 0
Aug 13 03:00:26.210072 n kernel: hci0: 
Aug 13 03:00:26.210085 n kernel: hci0: Opcode 0x0c52
Aug 13 03:00:26.210098 n kernel: hci0: opcode 0x0c52 plen 241
Aug 13 03:00:26.210110 n kernel: hci0: skb len 244
Aug 13 03:00:26.210123 n kernel: hci0: length 1
Aug 13 03:00:26.210136 n kernel: hci0 cmd_cnt 1 cmd queued 1
Aug 13 03:00:26.210148 n kernel: hci0: skb 00000000489e1b1c
Aug 13 03:00:26.213047 n kernel: hci0: result 0x00
Aug 13 03:00:26.213060 n kernel: hci0: end: err 0
Aug 13 03:00:26.213097 n kernel: hci0: 
Aug 13 03:00:26.213110 n kernel: hci0: entry 0000000078494dd1
Aug 13 03:00:26.213128 n kernel: hci0: 
Aug 13 03:00:26.213141 n kernel: hci0: Opcode 0x0c24
Aug 13 03:00:26.213153 n kernel: hci0: opcode 0x0c24 plen 3
Aug 13 03:00:26.213166 n kernel: hci0: skb len 6
Aug 13 03:00:26.213179 n kernel: hci0: length 1
Aug 13 03:00:26.213199 n kernel: hci0 cmd_cnt 1 cmd queued 1
Aug 13 03:00:26.213220 n kernel: hci0: skb 00000000f563ffe2
Aug 13 03:00:26.216047 n kernel: hci0: result 0x00
Aug 13 03:00:26.216061 n kernel: hci0: end: err 0
Aug 13 03:00:26.216074 n kernel: hci0: 
Aug 13 03:00:26.216086 n kernel: hci0: Opcode 0x0c52
Aug 13 03:00:26.216099 n kernel: hci0: opcode 0x0c52 plen 241
Aug 13 03:00:26.216113 n kernel: hci0: skb len 244
Aug 13 03:00:26.216135 n kernel: hci0: length 1
Aug 13 03:00:26.216156 n kernel: hci0 cmd_cnt 1 cmd queued 1
Aug 13 03:00:26.216179 n kernel: hci0: skb 00000000321a5c32
Aug 13 03:00:26.219062 n kernel: hci0: result 0x00
Aug 13 03:00:26.219086 n kernel: hci0: end: err 0
Aug 13 03:00:26.219114 n kernel: hci0: 
Aug 13 03:00:26.219127 n kernel: hci0: entry 00000000410897c8
Aug 13 03:00:26.219141 n kernel: hci0: 
Aug 13 03:00:26.219153 n kernel: hci0: Opcode 0x0c24
Aug 13 03:00:26.219166 n kernel: hci0: opcode 0x0c24 plen 3
Aug 13 03:00:26.219178 n kernel: hci0: skb len 6
Aug 13 03:00:26.219204 n kernel: hci0: length 1
Aug 13 03:00:26.219217 n kernel: hci0 cmd_cnt 1 cmd queued 1
Aug 13 03:00:26.219229 n kernel: hci0: skb 0000000055264f84
Aug 13 03:00:26.222040 n kernel: hci0: result 0x00
Aug 13 03:00:26.222054 n kernel: hci0: end: err 0
Aug 13 03:00:26.222067 n kernel: hci0: 
Aug 13 03:00:26.222079 n kernel: hci0: Opcode 0x0c52
Aug 13 03:00:26.222092 n kernel: hci0: opcode 0x0c52 plen 241
Aug 13 03:00:26.222105 n kernel: hci0: skb len 244
Aug 13 03:00:26.222130 n kernel: hci0: length 1
Aug 13 03:00:26.222144 n kernel: hci0 cmd_cnt 1 cmd queued 1
Aug 13 03:00:26.222161 n kernel: hci0: skb 000000003c11ef7d
Aug 13 03:00:26.225036 n kernel: hci0: result 0x00
Aug 13 03:00:26.225049 n kernel: hci0: end: err 0
Aug 13 03:00:34.112059 n kernel: hci0: 
Aug 13 03:00:34.112075 n kernel: hci0: entry 000000000c732ae5
Aug 13 03:00:34.112088 n kernel: hci0: 
Aug 13 03:00:34.112097 n kernel: hci0: Opcode 0x0c24
Aug 13 03:00:34.112107 n kernel: hci0: opcode 0x0c24 plen 3
Aug 13 03:00:34.112116 n kernel: hci0: skb len 6
Aug 13 03:00:34.112125 n kernel: hci0: length 1
Aug 13 03:00:34.112134 n kernel: hci0 cmd_cnt 1 cmd queued 1
Aug 13 03:00:34.112143 n kernel: hci0: skb 000000001eae2047
Aug 13 03:00:34.210055 n kernel: hci0
Aug 13 03:00:34.210067 n kernel: hci0
Aug 13 03:00:34.210076 n kernel: hci0
Aug 13 03:00:34.214082 n kernel: hci0: result 0x00
Aug 13 03:00:34.214096 n kernel: hci0: end: err 0
Aug 13 03:00:34.214108 n kernel: hci0: 
Aug 13 03:00:34.214121 n kernel: hci0: Opcode 0x0c52
Aug 13 03:00:34.214134 n kernel: hci0: opcode 0x0c52 plen 241
Aug 13 03:00:34.214146 n kernel: hci0: skb len 244
Aug 13 03:00:34.214158 n kernel: hci0: length 1
Aug 13 03:00:34.214170 n kernel: hci0 cmd_cnt 1 cmd queued 1
Aug 13 03:00:34.214183 n kernel: hci0: skb 00000000466ce479
Aug 13 03:00:34.217042 n kernel: hci0: result 0x00
Aug 13 03:00:34.217057 n kernel: hci0: end: err 0
Aug 13 03:00:34.217086 n kernel: hci0: 
Aug 13 03:00:34.217100 n kernel: hci0: entry 000000005e358893
Aug 13 03:00:34.217114 n kernel: hci0: 
Aug 13 03:00:34.217128 n kernel: hci0: Opcode 0x0c24
Aug 13 03:00:34.217141 n kernel: hci0: opcode 0x0c24 plen 3
Aug 13 03:00:34.217155 n kernel: hci0: skb len 6
Aug 13 03:00:34.217169 n kernel: hci0: length 1
Aug 13 03:00:34.217182 n kernel: hci0 cmd_cnt 1 cmd queued 1
Aug 13 03:00:34.217196 n kernel: hci0: skb 00000000d98a82c2
Aug 13 03:00:34.220034 n kernel: hci0: result 0x00
Aug 13 03:00:34.220043 n kernel: hci0: end: err 0
Aug 13 03:00:34.220051 n kernel: hci0: 
Aug 13 03:00:34.220059 n kernel: hci0: Opcode 0x0c52
Aug 13 03:00:34.220067 n kernel: hci0: opcode 0x0c52 plen 241
Aug 13 03:00:34.220075 n kernel: hci0: skb len 244
Aug 13 03:00:34.220083 n kernel: hci0: length 1
Aug 13 03:00:34.220090 n kernel: hci0 cmd_cnt 1 cmd queued 1
Aug 13 03:00:34.220098 n kernel: hci0: skb 000000003c11ef7d
Aug 13 03:00:34.223040 n kernel: hci0: result 0x00
Aug 13 03:00:34.223056 n kernel: hci0: end: err 0
Aug 13 03:00:34.223084 n kernel: hci0: 
Aug 13 03:00:34.223097 n kernel: hci0: entry 000000003b670f06
Aug 13 03:00:34.223113 n kernel: hci0: 
Aug 13 03:00:34.223126 n kernel: hci0: Opcode 0x0c24
Aug 13 03:00:34.223141 n kernel: hci0: opcode 0x0c24 plen 3
Aug 13 03:00:34.223157 n kernel: hci0: skb len 6
Aug 13 03:00:34.223170 n kernel: hci0: length 1
Aug 13 03:00:34.223180 n kernel: hci0 cmd_cnt 1 cmd queued 1
Aug 13 03:00:34.223189 n kernel: hci0: skb 000000008571999c
Aug 13 03:00:34.226045 n kernel: hci0: result 0x00
Aug 13 03:00:34.226061 n kernel: hci0: end: err 0
Aug 13 03:00:34.226075 n kernel: hci0: 
Aug 13 03:00:34.226086 n kernel: hci0: Opcode 0x0c52
Aug 13 03:00:34.226095 n kernel: hci0: opcode 0x0c52 plen 241
Aug 13 03:00:34.226105 n kernel: hci0: skb len 244
Aug 13 03:00:34.226114 n kernel: hci0: length 1
Aug 13 03:00:34.226123 n kernel: hci0 cmd_cnt 1 cmd queued 1
Aug 13 03:00:34.226132 n kernel: hci0: skb 000000006cdac1f2
Aug 13 03:00:34.229098 n kernel: hci0: result 0x00
Aug 13 03:00:34.229112 n kernel: hci0: end: err 0
Aug 13 03:00:34.229134 n kernel: hci0: 
Aug 13 03:00:34.229142 n kernel: hci0: entry 000000001e72fc80
Aug 13 03:00:34.229150 n kernel: hci0: 
Aug 13 03:00:34.229157 n kernel: hci0: Opcode 0x0c24
Aug 13 03:00:34.229165 n kernel: hci0: opcode 0x0c24 plen 3
Aug 13 03:00:34.229173 n kernel: hci0: skb len 6
Aug 13 03:00:34.229181 n kernel: hci0: length 1
Aug 13 03:00:34.229188 n kernel: hci0 cmd_cnt 1 cmd queued 1
Aug 13 03:00:34.229196 n kernel: hci0: skb 00000000c0710c40
Aug 13 03:00:34.232038 n kernel: hci0: result 0x00
Aug 13 03:00:34.232048 n kernel: hci0: end: err 0
Aug 13 03:00:34.232058 n kernel: hci0: 
Aug 13 03:00:34.232067 n kernel: hci0: Opcode 0x0c52
Aug 13 03:00:34.232077 n kernel: hci0: opcode 0x0c52 plen 241
Aug 13 03:00:34.232086 n kernel: hci0: skb len 244
Aug 13 03:00:34.232096 n kernel: hci0: length 1
Aug 13 03:00:34.232111 n kernel: hci0 cmd_cnt 1 cmd queued 1
Aug 13 03:00:34.232127 n kernel: hci0: skb 000000002e53a41c
Aug 13 03:00:34.235036 n kernel: hci0: result 0x00
Aug 13 03:00:34.235045 n kernel: hci0: end: err 0
Aug 13 03:00:34.235060 n kernel: hci0: 
Aug 13 03:00:34.235067 n kernel: hci0: entry 00000000e722d29a
Aug 13 03:00:34.235074 n kernel: hci0: 
Aug 13 03:00:34.235082 n kernel: hci0: Opcode 0x0c24
Aug 13 03:00:34.235090 n kernel: hci0: opcode 0x0c24 plen 3
Aug 13 03:00:34.235097 n kernel: hci0: skb len 6
Aug 13 03:00:34.235104 n kernel: hci0: length 1
Aug 13 03:00:34.235111 n kernel: hci0 cmd_cnt 1 cmd queued 1
Aug 13 03:00:34.235118 n kernel: hci0: skb 000000001f40be34
Aug 13 03:00:34.238240 n kernel: hci0: result 0x00
Aug 13 03:00:34.238250 n kernel: hci0: end: err 0
Aug 13 03:00:34.238259 n kernel: hci0: 
Aug 13 03:00:34.238268 n kernel: hci0: Opcode 0x0c52
Aug 13 03:00:34.238277 n kernel: hci0: opcode 0x0c52 plen 241
Aug 13 03:00:34.238287 n kernel: hci0: skb len 244
Aug 13 03:00:34.238295 n kernel: hci0: length 1
Aug 13 03:00:34.238305 n kernel: hci0 cmd_cnt 1 cmd queued 1
Aug 13 03:00:34.238313 n kernel: hci0: skb 00000000d5bcf39a
Aug 13 03:00:34.241040 n kernel: hci0: result 0x00
Aug 13 03:00:34.241051 n kernel: hci0: end: err 0
Aug 13 03:00:34.241075 n kernel: hci0: 
Aug 13 03:00:34.241089 n kernel: hci0: entry 00000000e08f1de9
Aug 13 03:00:34.241099 n kernel: hci0: 
Aug 13 03:00:34.241108 n kernel: hci0: Opcode 0x0c24
Aug 13 03:00:34.241117 n kernel: hci0: opcode 0x0c24 plen 3
Aug 13 03:00:34.241126 n kernel: hci0: skb len 6
Aug 13 03:00:34.241135 n kernel: hci0: length 1
Aug 13 03:00:34.241144 n kernel: hci0 cmd_cnt 1 cmd queued 1
Aug 13 03:00:34.241152 n kernel: hci0: skb 00000000f5418fed
Aug 13 03:00:34.244036 n kernel: hci0: result 0x00
Aug 13 03:00:34.244052 n kernel: hci0: end: err 0
Aug 13 03:00:34.244068 n kernel: hci0: 
Aug 13 03:00:34.244083 n kernel: hci0: Opcode 0x0c52
Aug 13 03:00:34.244099 n kernel: hci0: opcode 0x0c52 plen 241
Aug 13 03:00:34.244114 n kernel: hci0: skb len 244
Aug 13 03:00:34.244130 n kernel: hci0: length 1
Aug 13 03:00:34.244144 n kernel: hci0 cmd_cnt 1 cmd queued 1
Aug 13 03:00:34.244153 n kernel: hci0: skb 000000008b8c9f0d
Aug 13 03:00:34.247035 n kernel: hci0: result 0x00
Aug 13 03:00:34.247048 n kernel: hci0: end: err 0
Aug 13 03:00:34.247072 n kernel: hci0: 
Aug 13 03:00:34.247083 n kernel: hci0: entry 0000000051dd3d54
Aug 13 03:00:34.247094 n kernel: hci0: 
Aug 13 03:00:34.247105 n kernel: hci0: Opcode 0x0c24
Aug 13 03:00:34.247117 n kernel: hci0: opcode 0x0c24 plen 3
Aug 13 03:00:34.247129 n kernel: hci0: skb len 6
Aug 13 03:00:34.247140 n kernel: hci0: length 1
Aug 13 03:00:34.247152 n kernel: hci0 cmd_cnt 1 cmd queued 1
Aug 13 03:00:34.247187 n kernel: hci0: skb 00000000f736ddaa
Aug 13 03:00:34.250040 n kernel: hci0: result 0x00
Aug 13 03:00:34.250051 n kernel: hci0: end: err 0
Aug 13 03:00:34.250060 n kernel: hci0: 
Aug 13 03:00:34.250069 n kernel: hci0: Opcode 0x0c52
Aug 13 03:00:34.250078 n kernel: hci0: opcode 0x0c52 plen 241
Aug 13 03:00:34.250087 n kernel: hci0: skb len 244
Aug 13 03:00:34.250096 n kernel: hci0: length 1
Aug 13 03:00:34.250105 n kernel: hci0 cmd_cnt 1 cmd queued 1
Aug 13 03:00:34.250114 n kernel: hci0: skb 000000009915340c
Aug 13 03:00:34.253027 n kernel: hci0: result 0x00
Aug 13 03:00:34.253039 n kernel: hci0: end: err 0
Aug 13 03:00:34.253063 n kernel: hci0: 
Aug 13 03:00:34.253074 n kernel: hci0: entry 000000002f258d0c
Aug 13 03:00:34.253086 n kernel: hci0: 
Aug 13 03:00:34.253098 n kernel: hci0: Opcode 0x0c24
Aug 13 03:00:34.253109 n kernel: hci0: opcode 0x0c24 plen 3
Aug 13 03:00:34.253116 n kernel: hci0: skb len 6
Aug 13 03:00:34.253124 n kernel: hci0: length 1
Aug 13 03:00:34.253131 n kernel: hci0 cmd_cnt 1 cmd queued 1
Aug 13 03:00:34.253138 n kernel: hci0: skb 00000000c8212216
Aug 13 03:00:34.256028 n kernel: hci0: result 0x00
Aug 13 03:00:34.256035 n kernel: hci0: end: err 0
Aug 13 03:00:34.256043 n kernel: hci0: 
Aug 13 03:00:34.256050 n kernel: hci0: Opcode 0x0c52
Aug 13 03:00:34.256058 n kernel: hci0: opcode 0x0c52 plen 241
Aug 13 03:00:34.256066 n kernel: hci0: skb len 244
Aug 13 03:00:34.256074 n kernel: hci0: length 1
Aug 13 03:00:34.256081 n kernel: hci0 cmd_cnt 1 cmd queued 1
Aug 13 03:00:34.256088 n kernel: hci0: skb 00000000d5bcf39a
Aug 13 03:00:34.259036 n kernel: hci0: result 0x00
Aug 13 03:00:34.259052 n kernel: hci0: end: err 0
Aug 13 03:01:45.407076 n kernel: hci0 cmd_cnt 1 cmd queued 1
Aug 13 03:01:45.407098 n kernel: hci0: skb 000000000a6cfe8a
Aug 13 03:01:45.507170 n kernel: hci0
Aug 13 03:01:45.507192 n kernel: hci0
Aug 13 03:01:45.507203 n kernel: hci0
Aug 13 03:02:50.455936 n kernel: hci0: 
Aug 13 03:02:50.455947 n kernel: hci0: entry 00000000f7756154
Aug 13 03:02:50.455962 n kernel: hci0: ADV monitoring is off
Aug 13 03:02:50.455999 n kernel: hci0: stopping background scanning
Aug 13 03:02:50.456022 n kernel: hci0: 
Aug 13 03:02:50.456032 n kernel: hci0: entry 00000000910c1f86
Aug 13 03:02:50.456045 n kernel: hci0: Opcode 0x0c3a
Aug 13 03:02:50.456058 n kernel: hci0: opcode 0x0c3a plen 4
Aug 13 03:02:50.456069 n kernel: hci0: skb len 7
Aug 13 03:02:50.456081 n kernel: hci0: length 1
Aug 13 03:02:50.456094 n kernel: hci0 cmd_cnt 1 cmd queued 1
Aug 13 03:02:50.456104 n kernel: hci0: skb 0000000026c6ce94
Aug 13 03:02:50.554027 n kernel: hci0
Aug 13 03:02:50.554042 n kernel: hci0
Aug 13 03:02:50.554059 n kernel: hci0
Aug 13 03:02:50.557933 n kernel: hci0: result 0x00
Aug 13 03:02:50.557952 n kernel: hci0: end: err 0
Aug 13 03:02:50.557966 n kernel: hci0: Opcode 0x0c1a
Aug 13 03:02:50.557979 n kernel: hci0: opcode 0x0c1a plen 1
Aug 13 03:02:50.557999 n kernel: hci0: skb len 4
Aug 13 03:02:50.558018 n kernel: hci0: length 1
Aug 13 03:02:50.558027 n kernel: hci0 cmd_cnt 1 cmd queued 1
Aug 13 03:02:50.558041 n kernel: hci0: skb 00000000bb97cf4e
Aug 13 03:02:50.560942 n kernel: hci0: result 0x00
Aug 13 03:02:50.560957 n kernel: hci0: end: err 0
Aug 13 03:02:50.560965 n kernel: hci0: 
Aug 13 03:02:50.560991 n kernel: hci0: state 0 -> 1
Aug 13 03:02:50.561008 n kernel: hci0: 
Aug 13 03:02:50.561018 n kernel: hci0: entry 00000000695a98c2
Aug 13 03:02:50.561029 n kernel: hci0: type 7
Aug 13 03:02:50.561043 n kernel: hci0: 
Aug 13 03:02:50.561051 n kernel: hci0: cancelling interleave scan
Aug 13 03:02:50.561060 n kernel: hci0: Opcode 0x2005
Aug 13 03:02:50.561073 n kernel: hci0: opcode 0x2005 plen 6
Aug 13 03:02:50.561088 n kernel: hci0: skb len 9
Aug 13 03:02:50.561102 n kernel: hci0: length 1
Aug 13 03:02:50.561113 n kernel: hci0 cmd_cnt 1 cmd queued 1
Aug 13 03:02:50.561124 n kernel: hci0: skb 00000000fbe0fa67
Aug 13 03:02:50.563929 n kernel: hci0: result 0x00
Aug 13 03:02:50.563938 n kernel: hci0: end: err 0
Aug 13 03:02:50.563951 n kernel: hci0: Opcode 0x200b
Aug 13 03:02:50.563962 n kernel: hci0: opcode 0x200b plen 7
Aug 13 03:02:50.563975 n kernel: hci0: skb len 10
Aug 13 03:02:50.563989 n kernel: hci0: length 1
Aug 13 03:02:50.563998 n kernel: hci0 cmd_cnt 1 cmd queued 1
Aug 13 03:02:50.564010 n kernel: hci0: skb 00000000ae6478e9
Aug 13 03:02:50.565926 n kernel: Bluetooth: hci0: unexpected event for opcode 0x2005
Aug 13 03:02:50.567935 n kernel: hci0: result 0x00
Aug 13 03:02:50.567949 n kernel: hci0: end: err 0
Aug 13 03:02:50.567959 n kernel: hci0: Opcode 0x200c
Aug 13 03:02:50.567985 n kernel: hci0: opcode 0x200c plen 2
Aug 13 03:02:50.567996 n kernel: hci0: skb len 5
Aug 13 03:02:50.568016 n kernel: hci0: length 1
Aug 13 03:02:50.568029 n kernel: hci0 cmd_cnt 1 cmd queued 1
Aug 13 03:02:50.568044 n kernel: hci0: skb 0000000095cac4df
Aug 13 03:02:50.570919 n kernel: hci0: state 1 -> 2
Aug 13 03:02:50.570988 n kernel: hci0: result 0x00
Aug 13 03:02:50.571001 n kernel: hci0: end: err 0
Aug 13 03:02:50.571018 n kernel: hci0: timeout 5120 ms
Aug 13 03:02:50.571048 n kernel: hci0: 
Aug 13 03:02:50.571066 n kernel: hci0: entry 00000000c705cda7
Aug 13 03:02:50.571087 n kernel: hci0: 
Aug 13 03:02:50.571103 n kernel: hci0: 
Aug 13 03:02:50.571120 n kernel: hci0: Opcode 0x0c52
Aug 13 03:02:50.571140 n kernel: hci0: opcode 0x0c52 plen 241
Aug 13 03:02:50.571153 n kernel: hci0: skb len 244
Aug 13 03:02:50.571166 n kernel: hci0: length 1
Aug 13 03:02:50.571178 n kernel: hci0 cmd_cnt 1 cmd queued 1
Aug 13 03:02:50.571191 n kernel: hci0: skb 00000000e9b70054
Aug 13 03:02:50.573991 n kernel: hci0: result 0x00
Aug 13 03:02:50.574010 n kernel: hci0: end: err 0
Aug 13 03:02:50.574039 n kernel: hci0: 
Aug 13 03:02:50.574051 n kernel: hci0: entry 000000001927d465
Aug 13 03:02:50.574068 n kernel: hci0: 
Aug 13 03:02:50.574086 n kernel: hci0: 
Aug 13 03:02:50.574103 n kernel: hci0: Opcode 0x0c52
Aug 13 03:02:50.574120 n kernel: hci0: opcode 0x0c52 plen 241
Aug 13 03:02:50.574132 n kernel: hci0: skb len 244
Aug 13 03:02:50.574148 n kernel: hci0: length 1
Aug 13 03:02:50.574164 n kernel: hci0 cmd_cnt 1 cmd queued 1
Aug 13 03:02:50.574180 n kernel: hci0: skb 00000000ea443075
Aug 13 03:02:50.576934 n kernel: hci0: result 0x00
Aug 13 03:02:50.576950 n kernel: hci0: end: err 0
Aug 13 03:02:50.576973 n kernel: hci0: 
Aug 13 03:02:50.576985 n kernel: hci0: entry 00000000343e6005
Aug 13 03:02:50.576996 n kernel: hci0: 
Aug 13 03:02:50.577009 n kernel: hci0: Opcode 0x0c24
Aug 13 03:02:50.577017 n kernel: hci0: opcode 0x0c24 plen 3
Aug 13 03:02:50.577026 n kernel: hci0: skb len 6
Aug 13 03:02:50.577038 n kernel: hci0: length 1
Aug 13 03:02:50.577049 n kernel: hci0 cmd_cnt 1 cmd queued 1
Aug 13 03:02:50.577061 n kernel: hci0: skb 000000009c2054cb
Aug 13 03:02:50.579933 n kernel: hci0: result 0x00
Aug 13 03:02:50.579941 n kernel: hci0: end: err 0
Aug 13 03:02:50.579951 n kernel: hci0: 
Aug 13 03:02:50.579960 n kernel: hci0: Opcode 0x0c52
Aug 13 03:02:50.579971 n kernel: hci0: opcode 0x0c52 plen 241
Aug 13 03:02:50.579980 n kernel: hci0: skb len 244
Aug 13 03:02:50.579987 n kernel: hci0: length 1
Aug 13 03:02:50.579997 n kernel: hci0 cmd_cnt 1 cmd queued 1
Aug 13 03:02:50.580003 n kernel: hci0: skb 00000000ab428e80
Aug 13 03:02:50.582992 n kernel: hci0: result 0x00
Aug 13 03:02:50.583028 n kernel: hci0: end: err 0
Aug 13 03:02:50.583064 n kernel: hci0: 
Aug 13 03:02:50.583076 n kernel: hci0: entry 0000000066ef8c9b
Aug 13 03:02:50.583100 n kernel: hci0: 
Aug 13 03:02:50.583118 n kernel: hci0: 
Aug 13 03:02:50.583136 n kernel: hci0: Opcode 0x0c52
Aug 13 03:02:50.583153 n kernel: hci0: opcode 0x0c52 plen 241
Aug 13 03:02:50.583169 n kernel: hci0: skb len 244
Aug 13 03:02:50.583187 n kernel: hci0: length 1
Aug 13 03:02:50.583199 n kernel: hci0 cmd_cnt 1 cmd queued 1
Aug 13 03:02:50.583212 n kernel: hci0: skb 0000000088bf69b3
Aug 13 03:02:50.585946 n kernel: hci0: result 0x00
Aug 13 03:02:50.585960 n kernel: hci0: end: err 0
Aug 13 03:02:50.585982 n kernel: hci0: 
Aug 13 03:02:50.585991 n kernel: hci0: entry 00000000ed9f5976
Aug 13 03:02:50.586004 n kernel: hci0: 
Aug 13 03:02:50.586016 n kernel: hci0: 
Aug 13 03:02:50.586025 n kernel: hci0: Opcode 0x0c52
Aug 13 03:02:50.586034 n kernel: hci0: opcode 0x0c52 plen 241
Aug 13 03:02:50.586045 n kernel: hci0: skb len 244
Aug 13 03:02:50.586057 n kernel: hci0: length 1
Aug 13 03:02:50.586071 n kernel: hci0 cmd_cnt 1 cmd queued 1
Aug 13 03:02:50.586083 n kernel: hci0: skb 000000005e664519
Aug 13 03:02:50.588959 n kernel: hci0: result 0x00
Aug 13 03:02:50.588986 n kernel: hci0: end: err 0
Aug 13 03:02:50.589018 n kernel: hci0: 
Aug 13 03:02:50.589032 n kernel: hci0: entry 000000000c7ae4b8
Aug 13 03:02:50.589049 n kernel: hci0: 
Aug 13 03:02:50.589061 n kernel: hci0: 
Aug 13 03:02:50.589079 n kernel: hci0: Opcode 0x0c52
Aug 13 03:02:50.589091 n kernel: hci0: opcode 0x0c52 plen 241
Aug 13 03:02:50.589103 n kernel: hci0: skb len 244
Aug 13 03:02:50.589119 n kernel: hci0: length 1
Aug 13 03:02:50.589131 n kernel: hci0 cmd_cnt 1 cmd queued 1
Aug 13 03:02:50.589146 n kernel: hci0: skb 00000000ca062dbc
Aug 13 03:02:50.591961 n kernel: hci0: result 0x00
Aug 13 03:02:50.591988 n kernel: hci0: end: err 0
Aug 13 03:02:50.592020 n kernel: hci0: 
Aug 13 03:02:50.592038 n kernel: hci0: entry 00000000fa43f302
Aug 13 03:02:50.592060 n kernel: hci0: 
Aug 13 03:02:50.592076 n kernel: hci0: 
Aug 13 03:02:50.592089 n kernel: hci0: Opcode 0x0c52
Aug 13 03:02:50.592101 n kernel: hci0: opcode 0x0c52 plen 241
Aug 13 03:02:50.592118 n kernel: hci0: skb len 244
Aug 13 03:02:50.592134 n kernel: hci0: length 1
Aug 13 03:02:50.592151 n kernel: hci0 cmd_cnt 1 cmd queued 1
Aug 13 03:02:50.592164 n kernel: hci0: skb 00000000de477f95
Aug 13 03:02:50.594937 n kernel: hci0: result 0x00
Aug 13 03:02:50.594953 n kernel: hci0: end: err 0
Aug 13 03:02:56.063958 n kernel: hci0: 
Aug 13 03:02:56.066779 n kernel: hci0: 
Aug 13 03:02:56.066807 n kernel: hci0: entry 0000000033078203
Aug 13 03:02:56.066844 n kernel: hci0: Opcode 0x200c
Aug 13 03:02:56.066865 n kernel: hci0: opcode 0x200c plen 2
Aug 13 03:02:56.066885 n kernel: hci0: skb len 5
Aug 13 03:02:56.066911 n kernel: hci0: length 1
Aug 13 03:02:56.066940 n kernel: hci0 cmd_cnt 1 cmd queued 1
Aug 13 03:02:56.066955 n kernel: hci0: skb 000000007f8d00e9
Aug 13 03:02:56.066994 n kernel: hci0: result 0x00
Aug 13 03:02:56.067009 n kernel: hci0: 
Aug 13 03:02:56.067023 n kernel: hci0: end: err 0
Aug 13 03:02:56.067039 n kernel: hci0: entry 000000002a52f754
Aug 13 03:02:56.067059 n kernel: hci0: 
Aug 13 03:02:56.067068 n kernel: hci0: Opcode 0x0401
Aug 13 03:02:56.067083 n kernel: hci0: opcode 0x0401 plen 5
Aug 13 03:02:56.067095 n kernel: hci0: skb len 8
Aug 13 03:02:56.067110 n kernel: hci0: length 1
Aug 13 03:02:56.067123 n kernel: hci0 cmd_cnt 1 cmd queued 1
Aug 13 03:02:56.067132 n kernel: hci0: skb 00000000d9236ccc
Aug 13 03:02:56.068976 n kernel: hci0: result 0x00
Aug 13 03:02:56.068989 n kernel: hci0: end: err 0
Aug 13 03:02:56.068998 n kernel: hci0: entry 000000006a0f9b2d
Aug 13 03:02:56.069012 n kernel: hci0: 
Aug 13 03:02:56.069020 n kernel: hci0: 
Aug 13 03:02:56.903948 n kernel: hci0: dst AA:BB:CC:00:00:01
Aug 13 03:02:56.903964 n kernel: hci0: dst AA:BB:CC:00:00:01 handle 0x0f00
Aug 13 03:02:56.903978 n kernel: hci0 evt 1
Aug 13 03:02:56.903993 n kernel: hci0 hcon 00000000fd205ea8
Aug 13 03:02:56.904006 n kernel: hci0: 
Aug 13 03:02:56.904015 n kernel: hci0: entry 000000003f66be35
Aug 13 03:02:56.904030 n kernel: hci0: Opcode 0x0402
Aug 13 03:02:56.904048 n kernel: hci0: opcode 0x0402 plen 0
Aug 13 03:02:56.904059 n kernel: hci0: skb len 3
Aug 13 03:02:56.904071 n kernel: hci0: length 1
Aug 13 03:02:56.904086 n kernel: hci0 cmd_cnt 1 cmd queued 1
Aug 13 03:02:56.904095 n kernel: hci0: skb 00000000a1bab1bb
Aug 13 03:02:56.906909 n kernel: hci0: state 2 -> 0
Aug 13 03:02:56.906947 n kernel: hci0: result 0x00
Aug 13 03:02:56.906960 n kernel: hci0: end: err 0
Aug 13 03:02:56.906983 n kernel: hci0: Opcode 0x0405
Aug 13 03:02:56.906995 n kernel: hci0: opcode 0x0405 plen 13
Aug 13 03:02:56.907012 n kernel: hci0: skb len 16
Aug 13 03:02:56.907022 n kernel: hci0: length 1
Aug 13 03:02:56.907031 n kernel: hci0 cmd_cnt 1 cmd queued 1
Aug 13 03:02:56.907040 n kernel: hci0: skb 000000009915340c
Aug 13 03:02:56.979122 n kernel: hci0: hcon 00000000fd205ea8 handle 0x0002
Aug 13 03:02:56.979145 n kernel: hci0 opcode 0x041b plen 2
Aug 13 03:02:56.979162 n kernel: hci0: skb len 5
Aug 13 03:02:56.979173 n kernel: hci0: result 0x00
Aug 13 03:02:56.979217 n kernel: hci0 cmd_cnt 1 cmd queued 1
Aug 13 03:02:56.979231 n kernel: hci0: skb 00000000e4436748
Aug 13 03:02:56.979244 n kernel: hci0: end: err 0
Aug 13 03:02:56.979253 n kernel: hci0: entry 0000000044f5e1a4
Aug 13 03:02:56.979269 n kernel: hci0: Opcode 0x0c1a
Aug 13 03:02:56.979278 n kernel: hci0: opcode 0x0c1a plen 1
Aug 13 03:02:56.979291 n kernel: hci0: skb len 4
Aug 13 03:02:56.979300 n kernel: hci0: length 1
Aug 13 03:02:56.979312 n kernel: hci0 cmd_cnt 0 cmd queued 1
Aug 13 03:02:56.989933 n kernel: hci0 cmd_cnt 1 cmd queued 1
Aug 13 03:02:56.990028 n kernel: hci0: skb 00000000afd1be68
Aug 13 03:02:56.993940 n kernel: hci0: result 0x00
Aug 13 03:02:56.993954 n kernel: hci0: end: err 0
Aug 13 03:02:56.993971 n kernel: hci0: ADV monitoring is off
Aug 13 03:02:56.993990 n kernel: hci0: stopping background scanning
Aug 13 03:02:56.994005 n kernel: hci0: entry 00000000b5a08b6c
Aug 13 03:02:56.994033 n kernel: hci0: ADV monitoring is off
Aug 13 03:02:56.994053 n kernel: hci0: stopping background scanning
Aug 13 03:02:56.994067 n kernel: hci0: entry 000000001aee63d2
Aug 13 03:02:56.994084 n kernel: hci0: 
Aug 13 03:02:56.998914 n kernel: hci0 opcode 0x041c plen 3
Aug 13 03:02:56.998954 n kernel: hci0: skb len 6
Aug 13 03:02:56.998968 n kernel: hci0 cmd_cnt 1 cmd queued 1
Aug 13 03:02:56.998987 n kernel: hci0: skb 00000000302197eb
Aug 13 03:02:57.005953 n kernel: hci0 opcode 0x0419 plen 10
Aug 13 03:02:57.005981 n kernel: hci0: skb len 13
Aug 13 03:02:57.006006 n kernel: hci0 cmd_cnt 1 cmd queued 1
Aug 13 03:02:57.006025 n kernel: hci0: skb 000000006d84a7c8
Aug 13 03:02:57.120020 n kernel: hci0 opcode 0x0411 plen 2
Aug 13 03:02:57.120038 n kernel: hci0: skb len 5
Aug 13 03:02:57.120050 n kernel: hci0 cmd_cnt 1 cmd queued 1
Aug 13 03:02:57.120066 n kernel: hci0: skb 00000000322e9d8f
Aug 13 03:02:57.123936 n kernel: hci0 opcode 0x040b plen 22
Aug 13 03:02:57.123963 n kernel: hci0: skb len 25
Aug 13 03:02:57.123997 n kernel: hci0 cmd_cnt 1 cmd queued 1
Aug 13 03:02:57.124023 n kernel: hci0: skb 000000000c1f4239
Aug 13 03:02:57.217051 n kernel: hci0 opcode 0x0413 plen 3
Aug 13 03:02:57.217200 n kernel: hci0: skb len 6
Aug 13 03:02:57.217245 n kernel: hci0 cmd_cnt 1 cmd queued 1
Aug 13 03:02:57.217271 n kernel: hci0: skb 000000000a6cfe8a
Aug 13 03:02:57.314070 n kernel: hci0 opcode 0x1408 plen 2
Aug 13 03:02:57.314118 n kernel: hci0: skb len 5
Aug 13 03:02:57.314149 n kernel: hci0 cmd_cnt 1 cmd queued 1
Aug 13 03:02:57.314178 n kernel: hci0: skb 0000000088bf69b3
Aug 13 03:02:57.401961 n kernel: hci0 cmd_cnt 1 cmd queued 1
Aug 13 03:02:57.401979 n kernel: hci0: skb 00000000e4436748
Aug 13 03:02:57.681926 n kernel: hci0: 
Aug 13 03:02:57.681939 n kernel: hci0: entry 0000000026ce3d76
Aug 13 03:02:57.681946 n kernel: hci0: ADV monitoring is off
Aug 13 03:02:57.681953 n kernel: hci0: stopping background scanning
Aug 13 03:02:57.681971 n kernel: hci0: 
Aug 13 03:02:57.681978 n kernel: hci0: entry 00000000fa37db8c
Aug 13 03:02:57.681988 n kernel: hci0: Opcode 0x0c3a
Aug 13 03:02:57.681999 n kernel: hci0: opcode 0x0c3a plen 4
Aug 13 03:02:57.682006 n kernel: hci0: skb len 7
Aug 13 03:02:57.682013 n kernel: hci0: length 1
Aug 13 03:02:57.682020 n kernel: hci0 cmd_cnt 1 cmd queued 1
Aug 13 03:02:57.682030 n kernel: hci0: skb 00000000322e9d8f
Aug 13 03:02:57.685935 n kernel: hci0: result 0x00
Aug 13 03:02:57.685952 n kernel: hci0: end: err 0
Aug 13 03:02:57.685959 n kernel: hci0: Opcode 0x0c1a
Aug 13 03:02:57.685967 n kernel: hci0: opcode 0x0c1a plen 1
Aug 13 03:02:57.685974 n kernel: hci0: skb len 4
Aug 13 03:02:57.685981 n kernel: hci0: length 1
Aug 13 03:02:57.685991 n kernel: hci0 cmd_cnt 1 cmd queued 1
Aug 13 03:02:57.685998 n kernel: hci0: skb 000000001b0dcf73
Aug 13 03:02:57.691940 n kernel: hci0: result 0x00
Aug 13 03:02:57.691950 n kernel: hci0: end: err 0
Aug 13 03:02:57.691959 n kernel: hci0: 
Aug 13 03:03:02.208929 n kernel: hci0: 
Aug 13 03:03:02.208947 n kernel: hci0: entry 00000000e1a55729
Aug 13 03:03:02.208962 n kernel: hci0: Opcode 0x0c1a
Aug 13 03:03:02.208980 n kernel: hci0: opcode 0x0c1a plen 1
Aug 13 03:03:02.208992 n kernel: hci0: skb len 4
Aug 13 03:03:02.209008 n kernel: hci0: length 1
Aug 13 03:03:02.209022 n kernel: hci0 cmd_cnt 1 cmd queued 1
Aug 13 03:03:02.209032 n kernel: hci0: skb 00000000ad6a5097
Aug 13 03:03:02.211926 n kernel: hci0: result 0x00
Aug 13 03:03:02.211935 n kernel: hci0: end: err 0
Aug 13 03:03:02.211944 n kernel: hci0: ADV monitoring is off
Aug 13 03:03:02.211952 n kernel: hci0: stopping background scanning
Aug 13 03:03:13.652094 n kernel: hci0 opcode 0x0804 plen 2
Aug 13 03:03:13.652124 n kernel: hci0: skb len 5
Aug 13 03:03:13.652135 n kernel: hci0 cmd_cnt 1 cmd queued 1
Aug 13 03:03:13.652153 n kernel: hci0: skb 000000004bc33023
Aug 13 05:12:18.665948 n kernel: 00000000dfe65253 name hci0 blocked 1
Aug 13 05:12:18.666055 n kernel: hci0 00000000dfe65253
Aug 13 05:12:18.666078 n kernel: hci0: Opcode 0x0c1a
Aug 13 05:12:18.666099 n kernel: hci0: opcode 0x0c1a plen 1
Aug 13 05:12:18.666116 n kernel: hci0: skb len 4
Aug 13 05:12:18.666131 n kernel: hci0: length 1
Aug 13 05:12:18.666161 n kernel: hci0 cmd_cnt 1 cmd queued 1
Aug 13 05:12:18.666178 n kernel: hci0: skb 0000000075a9cfb1
Aug 13 05:12:18.669072 n kernel: hci0: result 0x00
Aug 13 05:12:18.669107 n kernel: hci0: end: err 0
Aug 13 05:12:18.669138 n kernel: hci0: state 0
Aug 13 05:12:18.669175 n kernel: hci0: Opcode 0x0406
Aug 13 05:12:18.669223 n kernel: hci0: opcode 0x0406 plen 3
Aug 13 05:12:18.669267 n kernel: hci0: skb len 6
Aug 13 05:12:18.669308 n kernel: hci0: length 1
Aug 13 05:12:18.669339 n kernel: hci0 cmd_cnt 1 cmd queued 1
Aug 13 05:12:18.669370 n kernel: hci0: skb 000000006abe5e7d
Aug 13 05:12:18.672515 n kernel: hci0: result 0x00
Aug 13 05:12:18.672527 n kernel: hci0: end: err 0
Aug 13 05:12:18.672539 n kernel: hci0: status 0x15
Aug 13 05:12:18.672551 n kernel: hci0 hcon 00000000fd205ea8 chan 00000000b4f58ee0
Aug 13 05:12:18.672579 n kernel: hci0: handle 0x02 reason 0x13
Aug 13 05:12:18.672595 n kernel: hci0: 
Aug 13 05:12:18.672608 n kernel: hci0: entry 000000009e304094
Aug 13 05:12:18.681912 n kernel: hci0 hcon 00000000fd205ea8 handle 2
Aug 13 05:12:18.681954 n kernel: hci0: hcon 00000000fd205ea8
Aug 13 05:12:18.691954 n kernel: hci0 evt 2
Aug 13 05:12:18.691971 n kernel: hci0: 
Aug 13 05:12:18.700919 n kernel: hci0: err 0x13
Aug 13 05:12:18.700953 n kernel: hci0: cancelling interleave scan
Aug 13 05:12:18.700989 n kernel: hdev hci0
Aug 13 05:12:18.701002 n kernel: hci0
Aug 13 05:12:18.701021 n kernel: hci0
Aug 13 05:12:21.652912 n kernel: 00000000dfe65253 name hci0 blocked 0
Aug 13 05:12:21.652964 n kernel: hci0: 
Aug 13 05:12:21.652975 n kernel: hci0: entry 00000000fb29f5d9
Aug 13 05:12:21.652986 n kernel: hci0: 
Aug 13 05:12:21.652998 n kernel: hci0
Aug 13 05:12:21.749047 n kernel: hci0
Aug 13 05:12:21.749062 n kernel: hci0
Aug 13 05:12:21.749071 n kernel: hci0
Aug 13 05:12:21.749085 n kernel: hci0: 
Aug 13 05:12:21.749106 n kernel: hci0: 
Aug 13 05:12:21.749118 n kernel: hci0: Opcode 0x0c03
Aug 13 05:12:21.749138 n kernel: hci0: opcode 0x0c03 plen 0
Aug 13 05:12:21.749154 n kernel: hci0: skb len 3
Aug 13 05:12:21.749170 n kernel: hci0: length 1
Aug 13 05:12:21.749183 n kernel: hci0 cmd_cnt 1 cmd queued 1
Aug 13 05:12:21.749192 n kernel: hci0: skb 00000000b44472c6
Aug 13 05:12:21.806041 n kernel: hci0: result 0x00
Aug 13 05:12:21.806058 n kernel: hci0: end: err 0
Aug 13 05:12:21.806071 n kernel: hci0: Opcode 0x1003
Aug 13 05:12:21.806096 n kernel: hci0: opcode 0x1003 plen 0
Aug 13 05:12:21.806114 n kernel: hci0: skb len 3
Aug 13 05:12:21.806123 n kernel: hci0: length 1
Aug 13 05:12:21.806133 n kernel: hci0 cmd_cnt 1 cmd queued 1
Aug 13 05:12:21.806145 n kernel: hci0: skb 00000000ac1748ca
Aug 13 05:12:21.809023 n kernel: hci0: result 0x00
Aug 13 05:12:21.809040 n kernel: hci0: end: err 0
Aug 13 05:12:21.809054 n kernel: hci0: Opcode 0x1001
Aug 13 05:12:21.809069 n kernel: hci0: opcode 0x1001 plen 0
Aug 13 05:12:21.809089 n kernel: hci0: skb len 3
Aug 13 05:12:21.809103 n kernel: hci0: length 1
Aug 13 05:12:21.809117 n kernel: hci0 cmd_cnt 1 cmd queued 1
Aug 13 05:12:21.809126 n kernel: hci0: skb 000000004fd1ec6a
Aug 13 05:12:21.812027 n kernel: hci0: result 0x00
Aug 13 05:12:21.812043 n kernel: hci0: end: err 0
Aug 13 05:12:21.812058 n kernel: hci0: Opcode 0x1009
Aug 13 05:12:21.812081 n kernel: hci0: opcode 0x1009 plen 0
Aug 13 05:12:21.812103 n kernel: hci0: skb len 3
Aug 13 05:12:21.812115 n kernel: hci0: length 1
Aug 13 05:12:21.812129 n kernel: hci0 cmd_cnt 1 cmd queued 1
Aug 13 05:12:21.812141 n kernel: hci0: skb 00000000d4f07894
Aug 13 05:12:21.815071 n kernel: hci0: result 0x00
Aug 13 05:12:21.815085 n kernel: hci0: end: err 0
Aug 13 05:12:21.815092 n kernel: hci0: 
Aug 13 05:12:21.815104 n kernel: hci0: Opcode 0x1002
Aug 13 05:12:21.815115 n kernel: hci0: opcode 0x1002 plen 0
Aug 13 05:12:21.815126 n kernel: hci0: skb len 3
Aug 13 05:12:21.815142 n kernel: hci0: length 1
Aug 13 05:12:21.815150 n kernel: hci0 cmd_cnt 1 cmd queued 1
Aug 13 05:12:21.815161 n kernel: hci0: skb 00000000d817752f
Aug 13 05:12:21.822051 n kernel: hci0: result 0x00
Aug 13 05:12:21.822065 n kernel: hci0: end: err 0
Aug 13 05:12:21.822077 n kernel: hci0: Opcode 0x0c56
Aug 13 05:12:21.822094 n kernel: hci0: opcode 0x0c56 plen 1
Aug 13 05:12:21.822113 n kernel: hci0: skb len 4
Aug 13 05:12:21.822129 n kernel: hci0: length 1
Aug 13 05:12:21.822139 n kernel: hci0 cmd_cnt 1 cmd queued 1
Aug 13 05:12:21.822150 n kernel: hci0: skb 00000000a60ab26d
Aug 13 05:12:21.825058 n kernel: hci0: result 0x00
Aug 13 05:12:21.825073 n kernel: hci0: end: err 0
Aug 13 05:12:21.825085 n kernel: hci0: Opcode 0x0c45
Aug 13 05:12:21.825097 n kernel: hci0: opcode 0x0c45 plen 1
Aug 13 05:12:21.825108 n kernel: hci0: skb len 4
Aug 13 05:12:21.825118 n kernel: hci0: length 1
Aug 13 05:12:21.825126 n kernel: hci0 cmd_cnt 1 cmd queued 1
Aug 13 05:12:21.825137 n kernel: hci0: skb 00000000ec40cfb7
Aug 13 05:12:21.828013 n kernel: hci0: result 0x00
Aug 13 05:12:21.828027 n kernel: hci0: end: err 0
Aug 13 05:12:21.828039 n kernel: hci0: Opcode 0x0c58
Aug 13 05:12:21.828052 n kernel: hci0: opcode 0x0c58 plen 0
Aug 13 05:12:21.828065 n kernel: hci0: skb len 3
Aug 13 05:12:21.828080 n kernel: hci0: length 1
Aug 13 05:12:21.828097 n kernel: hci0 cmd_cnt 1 cmd queued 1
Aug 13 05:12:21.828105 n kernel: hci0: skb 00000000868dd6a4
Aug 13 05:12:21.831009 n kernel: hci0: result 0x00
Aug 13 05:12:21.831024 n kernel: hci0: end: err 0
Aug 13 05:12:21.831035 n kernel: hci0: Opcode 0x1004
Aug 13 05:12:21.831052 n kernel: hci0: opcode 0x1004 plen 1
Aug 13 05:12:21.831063 n kernel: hci0: skb len 4
Aug 13 05:12:21.831072 n kernel: hci0: length 1
Aug 13 05:12:21.831087 n kernel: hci0 cmd_cnt 1 cmd queued 1
Aug 13 05:12:21.831102 n kernel: hci0: skb 000000000dedf71e
Aug 13 05:12:21.835051 n kernel: hci0: result 0x00
Aug 13 05:12:21.835060 n kernel: hci0: end: err 0
Aug 13 05:12:21.835073 n kernel: hci0: Opcode 0x1005
Aug 13 05:12:21.835080 n kernel: hci0: opcode 0x1005 plen 0
Aug 13 05:12:21.835087 n kernel: hci0: skb len 3
Aug 13 05:12:21.835095 n kernel: hci0: length 1
Aug 13 05:12:21.835103 n kernel: hci0 cmd_cnt 1 cmd queued 1
Aug 13 05:12:21.835121 n kernel: hci0: skb 000000000d7264b1
Aug 13 05:12:21.838010 n kernel: hci0: result 0x00
Aug 13 05:12:21.838026 n kernel: hci0: end: err 0
Aug 13 05:12:21.838037 n kernel: hci0: Opcode 0x0c23
Aug 13 05:12:21.838052 n kernel: hci0: opcode 0x0c23 plen 0
Aug 13 05:12:21.838073 n kernel: hci0: skb len 3
Aug 13 05:12:21.838084 n kernel: hci0: length 1
Aug 13 05:12:21.838096 n kernel: hci0 cmd_cnt 1 cmd queued 1
Aug 13 05:12:21.838107 n kernel: hci0: skb 000000007b086263
Aug 13 05:12:21.841064 n kernel: hci0: result 0x00
Aug 13 05:12:21.841085 n kernel: hci0: end: err 0
Aug 13 05:12:21.841097 n kernel: hci0: Opcode 0x0c14
Aug 13 05:12:21.841105 n kernel: hci0: opcode 0x0c14 plen 0
Aug 13 05:12:21.841121 n kernel: hci0: skb len 3
Aug 13 05:12:21.841133 n kernel: hci0: length 1
Aug 13 05:12:21.841140 n kernel: hci0 cmd_cnt 1 cmd queued 1
Aug 13 05:12:21.841155 n kernel: hci0: skb 000000005fd5b5c9
Aug 13 05:12:21.859075 n kernel: hci0: result 0x00
Aug 13 05:12:21.859098 n kernel: hci0: end: err 0
Aug 13 05:12:21.859113 n kernel: hci0: Opcode 0x0c25
Aug 13 05:12:21.859130 n kernel: hci0: opcode 0x0c25 plen 0
Aug 13 05:12:21.859148 n kernel: hci0: skb len 3
Aug 13 05:12:21.859166 n kernel: hci0: length 1
Aug 13 05:12:21.859181 n kernel: hci0 cmd_cnt 1 cmd queued 1
Aug 13 05:12:21.859191 n kernel: hci0: skb 00000000cedeb5c7
Aug 13 05:12:21.862081 n kernel: hci0: result 0x00
Aug 13 05:12:21.862093 n kernel: hci0: end: err 0
Aug 13 05:12:21.862108 n kernel: hci0: Opcode 0x0c38
Aug 13 05:12:21.862126 n kernel: hci0: opcode 0x0c38 plen 0
Aug 13 05:12:21.862144 n kernel: hci0: skb len 3
Aug 13 05:12:21.862155 n kernel: hci0: length 1
Aug 13 05:12:21.862164 n kernel: hci0 cmd_cnt 1 cmd queued 1
Aug 13 05:12:21.862172 n kernel: hci0: skb 00000000759e1bcf
Aug 13 05:12:21.865086 n kernel: hci0: result 0x00
Aug 13 05:12:21.865103 n kernel: hci0: end: err 0
Aug 13 05:12:21.865117 n kernel: hci0: Opcode 0x0c39
Aug 13 05:12:21.865138 n kernel: hci0: opcode 0x0c39 plen 0
Aug 13 05:12:21.865151 n kernel: hci0: skb len 3
Aug 13 05:12:21.865161 n kernel: hci0: length 1
Aug 13 05:12:21.865173 n kernel: hci0 cmd_cnt 1 cmd queued 1
Aug 13 05:12:21.865186 n kernel: hci0: skb 000000005f6388f0
Aug 13 05:12:21.868090 n kernel: hci0: result 0x00
Aug 13 05:12:21.868109 n kernel: hci0: end: err 0
Aug 13 05:12:21.868117 n kernel: hci0: Opcode 0x0c16
Aug 13 05:12:21.868130 n kernel: hci0: opcode 0x0c16 plen 2
Aug 13 05:12:21.868143 n kernel: hci0: skb len 5
Aug 13 05:12:21.868156 n kernel: hci0: length 1
Aug 13 05:12:21.868174 n kernel: hci0 cmd_cnt 1 cmd queued 1
Aug 13 05:12:21.868189 n kernel: hci0: skb 000000003f8c40bd
Aug 13 05:12:21.871071 n kernel: hci0: result 0x00
Aug 13 05:12:21.871089 n kernel: hci0: end: err 0
Aug 13 05:12:21.871099 n kernel: hci0: Opcode 0x2003
Aug 13 05:12:21.871116 n kernel: hci0: opcode 0x2003 plen 0
Aug 13 05:12:21.871129 n kernel: hci0: skb len 3
Aug 13 05:12:21.871139 n kernel: hci0: length 1
Aug 13 05:12:21.871148 n kernel: hci0 cmd_cnt 1 cmd queued 1
Aug 13 05:12:21.871156 n kernel: hci0: skb 00000000be08d06c
Aug 13 05:12:21.874100 n kernel: hci0: result 0x00
Aug 13 05:12:21.874141 n kernel: hci0: end: err 0
Aug 13 05:12:21.874157 n kernel: hci0: Opcode 0x2002
Aug 13 05:12:21.874181 n kernel: hci0: opcode 0x2002 plen 0
Aug 13 05:12:21.874195 n kernel: hci0: skb len 3
Aug 13 05:12:21.874203 n kernel: hci0: length 1
Aug 13 05:12:21.874210 n kernel: hci0 cmd_cnt 1 cmd queued 1
Aug 13 05:12:21.874227 n kernel: hci0: skb 00000000fa38e1c9
Aug 13 05:12:21.877069 n kernel: hci0: result 0x00
Aug 13 05:12:21.877096 n kernel: hci0: end: err 0
Aug 13 05:12:21.877117 n kernel: hci0: Opcode 0x201c
Aug 13 05:12:21.877128 n kernel: hci0: opcode 0x201c plen 0
Aug 13 05:12:21.877147 n kernel: hci0: skb len 3
Aug 13 05:12:21.877158 n kernel: hci0: length 1
Aug 13 05:12:21.877169 n kernel: hci0 cmd_cnt 1 cmd queued 1
Aug 13 05:12:21.877184 n kernel: hci0: skb 00000000a39124a5
Aug 13 05:12:21.880065 n kernel: hci0: result 0x00
Aug 13 05:12:21.880096 n kernel: hci0: end: err 0
Aug 13 05:12:21.880111 n kernel: hci0: 
Aug 13 05:12:21.880126 n kernel: hci0: Opcode 0x0c01
Aug 13 05:12:21.880163 n kernel: hci0: opcode 0x0c01 plen 8
Aug 13 05:12:21.880184 n kernel: hci0: skb len 11
Aug 13 05:12:21.880194 n kernel: hci0: length 1
Aug 13 05:12:21.880202 n kernel: hci0 cmd_cnt 1 cmd queued 1
Aug 13 05:12:21.880211 n kernel: hci0: skb 0000000091da4dc5
Aug 13 05:12:21.883116 n kernel: hci0: result 0x00
Aug 13 05:12:21.883139 n kernel: hci0: end: err 0
Aug 13 05:12:21.883150 n kernel: hci0: Opcode 0x0c0d
Aug 13 05:12:21.883161 n kernel: hci0: opcode 0x0c0d plen 7
Aug 13 05:12:21.883178 n kernel: hci0: skb len 10
Aug 13 05:12:21.883188 n kernel: hci0: length 1
Aug 13 05:12:21.883202 n kernel: hci0 cmd_cnt 1 cmd queued 1
Aug 13 05:12:21.883215 n kernel: hci0: skb 0000000020f92319
Aug 13 05:12:21.886008 n kernel: hci0: result 0x00
Aug 13 05:12:21.886023 n kernel: hci0: end: err 0
Aug 13 05:12:21.886043 n kernel: hci0: Opcode 0x080f
Aug 13 05:12:21.886058 n kernel: hci0: opcode 0x080f plen 2
Aug 13 05:12:21.886066 n kernel: hci0: skb len 5
Aug 13 05:12:21.886077 n kernel: hci0: length 1
Aug 13 05:12:21.886089 n kernel: hci0 cmd_cnt 1 cmd queued 1
Aug 13 05:12:21.886103 n kernel: hci0: skb 000000001683811b
Aug 13 05:12:21.889096 n kernel: hci0: result 0x00
Aug 13 05:12:21.889164 n kernel: hci0: end: err 0
Aug 13 05:12:21.889185 n kernel: hci0: Opcode 0x0c1b
Aug 13 05:12:21.889216 n kernel: hci0: opcode 0x0c1b plen 0
Aug 13 05:12:21.889228 n kernel: hci0: skb len 3
Aug 13 05:12:21.889241 n kernel: hci0: length 1
Aug 13 05:12:21.889256 n kernel: hci0 cmd_cnt 1 cmd queued 1
Aug 13 05:12:21.889265 n kernel: hci0: skb 00000000bec5d928
Aug 13 05:12:21.892142 n kernel: hci0: result 0x00
Aug 13 05:12:21.892163 n kernel: hci0: end: err 0
Aug 13 05:12:21.892189 n kernel: hci0: Opcode 0x0c46
Aug 13 05:12:21.892208 n kernel: hci0: opcode 0x0c46 plen 0
Aug 13 05:12:21.892229 n kernel: hci0: skb len 3
Aug 13 05:12:21.892237 n kernel: hci0: length 1
Aug 13 05:12:21.892244 n kernel: hci0 cmd_cnt 1 cmd queued 1
Aug 13 05:12:21.892254 n kernel: hci0: skb 00000000de6bc062
Aug 13 05:12:21.895122 n kernel: hci0: result 0x00
Aug 13 05:12:21.895177 n kernel: hci0: end: err 0
Aug 13 05:12:21.895206 n kernel: hci0: Opcode 0x1004
Aug 13 05:12:21.895224 n kernel: hci0: opcode 0x1004 plen 1
Aug 13 05:12:21.895233 n kernel: hci0: skb len 4
Aug 13 05:12:21.895242 n kernel: hci0: length 1
Aug 13 05:12:21.895259 n kernel: hci0 cmd_cnt 1 cmd queued 1
Aug 13 05:12:21.895274 n kernel: hci0: skb 00000000489e1b1c
Aug 13 05:12:21.899112 n kernel: hci0: result 0x00
Aug 13 05:12:21.899154 n kernel: hci0: end: err 0
Aug 13 05:12:21.899187 n kernel: hci0: Opcode 0x2001
Aug 13 05:12:21.899220 n kernel: hci0: opcode 0x2001 plen 8
Aug 13 05:12:21.899245 n kernel: hci0: skb len 11
Aug 13 05:12:21.899268 n kernel: hci0: length 1
Aug 13 05:12:21.899284 n kernel: hci0 cmd_cnt 1 cmd queued 1
Aug 13 05:12:21.899306 n kernel: hci0: skb 000000006cfb23c2
Aug 13 05:12:21.902135 n kernel: hci0: result 0x00
Aug 13 05:12:21.902176 n kernel: hci0: end: err 0
Aug 13 05:12:21.902202 n kernel: hci0: Opcode 0x2007
Aug 13 05:12:21.902216 n kernel: hci0: opcode 0x2007 plen 0
Aug 13 05:12:21.902238 n kernel: hci0: skb len 3
Aug 13 05:12:21.902247 n kernel: hci0: length 1
Aug 13 05:12:21.902261 n kernel: hci0 cmd_cnt 1 cmd queued 1
Aug 13 05:12:21.902273 n kernel: hci0: skb 00000000f575ca5a
Aug 13 05:12:21.905056 n kernel: hci0: result 0x00
Aug 13 05:12:21.905072 n kernel: hci0: end: err 0
Aug 13 05:12:21.905093 n kernel: hci0: Opcode 0x200f
Aug 13 05:12:21.905115 n kernel: hci0: opcode 0x200f plen 0
Aug 13 05:12:21.905124 n kernel: hci0: skb len 3
Aug 13 05:12:21.905139 n kernel: hci0: length 1
Aug 13 05:12:21.905154 n kernel: hci0 cmd_cnt 1 cmd queued 1
Aug 13 05:12:21.905168 n kernel: hci0: skb 0000000077832ce4
Aug 13 05:12:21.908021 n kernel: hci0: result 0x00
Aug 13 05:12:21.908060 n kernel: hci0: end: err 0
Aug 13 05:12:21.908077 n kernel: hci0: Opcode 0x2010
Aug 13 05:12:21.908091 n kernel: hci0: opcode 0x2010 plen 0
Aug 13 05:12:21.908101 n kernel: hci0: skb len 3
Aug 13 05:12:21.908110 n kernel: hci0: length 1
Aug 13 05:12:21.908120 n kernel: hci0 cmd_cnt 1 cmd queued 1
Aug 13 05:12:21.908129 n kernel: hci0: skb 000000003784de7c
Aug 13 05:12:21.911053 n kernel: hci0: result 0x00
Aug 13 05:12:21.911074 n kernel: hci0: end: err 0
Aug 13 05:12:21.911105 n kernel: hci0: Opcode 0x202a
Aug 13 05:12:21.911132 n kernel: hci0: opcode 0x202a plen 0
Aug 13 05:12:21.911152 n kernel: hci0: skb len 3
Aug 13 05:12:21.911173 n kernel: hci0: length 1
Aug 13 05:12:21.911187 n kernel: hci0 cmd_cnt 1 cmd queued 1
Aug 13 05:12:21.911203 n kernel: hci0: skb 00000000a8e6324c
Aug 13 05:12:21.914116 n kernel: hci0: result 0x00
Aug 13 05:12:21.914148 n kernel: hci0: end: err 0
Aug 13 05:12:21.914169 n kernel: hci0: Opcode 0x2029
Aug 13 05:12:21.914206 n kernel: hci0: opcode 0x2029 plen 0
Aug 13 05:12:21.914224 n kernel: hci0: skb len 3
Aug 13 05:12:21.914234 n kernel: hci0: length 1
Aug 13 05:12:21.914243 n kernel: hci0 cmd_cnt 1 cmd queued 1
Aug 13 05:12:21.914258 n kernel: hci0: skb 00000000fa015be1
Aug 13 05:12:21.917016 n kernel: hci0: result 0x00
Aug 13 05:12:21.917061 n kernel: hci0: end: err 0
Aug 13 05:12:21.917072 n kernel: hci0: Opcode 0x202e
Aug 13 05:12:21.917092 n kernel: hci0: opcode 0x202e plen 2
Aug 13 05:12:21.917109 n kernel: hci0: skb len 5
Aug 13 05:12:21.917118 n kernel: hci0: length 1
Aug 13 05:12:21.917128 n kernel: hci0 cmd_cnt 1 cmd queued 1
Aug 13 05:12:21.917143 n kernel: hci0: skb 000000007a1a7e75
Aug 13 05:12:21.920098 n kernel: hci0: result 0x00
Aug 13 05:12:21.920140 n kernel: hci0: end: err 0
Aug 13 05:12:21.920178 n kernel: hci0: Opcode 0x0c6d
Aug 13 05:12:21.920207 n kernel: hci0: opcode 0x0c6d plen 2
Aug 13 05:12:21.920242 n kernel: hci0: skb len 5
Aug 13 05:12:21.920259 n kernel: hci0: length 1
Aug 13 05:12:21.920275 n kernel: hci0 cmd_cnt 1 cmd queued 1
Aug 13 05:12:21.920296 n kernel: hci0: skb 00000000c95a212d
Aug 13 05:12:21.923030 n kernel: hci0: result 0x00
Aug 13 05:12:21.923067 n kernel: hci0: end: err 0
Aug 13 05:12:21.923090 n kernel: hci0: 
Aug 13 05:12:21.923099 n kernel: hci0: Opcode 0x0c12
Aug 13 05:12:21.923118 n kernel: hci0: opcode 0x0c12 plen 7
Aug 13 05:12:21.923131 n kernel: hci0: skb len 10
Aug 13 05:12:21.923143 n kernel: hci0: length 1
Aug 13 05:12:21.923155 n kernel: hci0 cmd_cnt 1 cmd queued 1
Aug 13 05:12:21.923164 n kernel: hci0: skb 00000000d817752f
Aug 13 05:12:21.926117 n kernel: hci0: result 0x00
Aug 13 05:12:21.926147 n kernel: hci0: end: err 0
Aug 13 05:12:21.926174 n kernel: hci0: Opcode 0x0c77
Aug 13 05:12:21.926213 n kernel: hci0: opcode 0x0c77 plen 0
Aug 13 05:12:21.926229 n kernel: hci0: skb len 3
Aug 13 05:12:21.926252 n kernel: hci0: length 1
Aug 13 05:12:21.926267 n kernel: hci0 cmd_cnt 1 cmd queued 1
Aug 13 05:12:21.926281 n kernel: hci0: skb 00000000a60ab26d
Aug 13 05:12:21.929106 n kernel: hci0: result 0x00
Aug 13 05:12:21.929144 n kernel: hci0: end: err 0
Aug 13 05:12:21.929181 n kernel: hci0: Opcode 0x0c7a
Aug 13 05:12:21.929223 n kernel: hci0: opcode 0x0c7a plen 1
Aug 13 05:12:21.929234 n kernel: hci0: skb len 4
Aug 13 05:12:21.929243 n kernel: hci0: length 1
Aug 13 05:12:21.929252 n kernel: hci0 cmd_cnt 1 cmd queued 1
Aug 13 05:12:21.929267 n kernel: hci0: skb 00000000ec40cfb7
Aug 13 05:12:21.932037 n kernel: hci0: result 0x00
Aug 13 05:12:21.932059 n kernel: hci0: end: err 0
Aug 13 05:12:21.932074 n kernel: hci0: Opcode 0x0c1a
Aug 13 05:12:21.932085 n kernel: hci0: opcode 0x0c1a plen 1
Aug 13 05:12:21.932094 n kernel: hci0: skb len 4
Aug 13 05:12:21.932107 n kernel: hci0: length 1
Aug 13 05:12:21.932121 n kernel: hci0 cmd_cnt 1 cmd queued 1
Aug 13 05:12:21.932143 n kernel: hci0: skb 00000000868dd6a4
Aug 13 05:12:21.935126 n kernel: hci0: result 0x00
Aug 13 05:12:21.935154 n kernel: hci0: end: err 0
Aug 13 05:12:21.935203 n kernel: hci0: 
Aug 13 05:12:21.935222 n kernel: hci0: Opcode 0x0c24
Aug 13 05:12:21.935240 n kernel: hci0: opcode 0x0c24 plen 3
Aug 13 05:12:21.935255 n kernel: hci0: skb len 6
Aug 13 05:12:21.935264 n kernel: hci0: length 1
Aug 13 05:12:21.935279 n kernel: hci0 cmd_cnt 1 cmd queued 1
Aug 13 05:12:21.935288 n kernel: hci0: skb 000000000dedf71e
Aug 13 05:12:21.938045 n kernel: hci0: result 0x00
Aug 13 05:12:21.938101 n kernel: hci0: end: err 0
Aug 13 05:12:21.938137 n kernel: hci0: Opcode 0x0c13
Aug 13 05:12:21.938158 n kernel: hci0: opcode 0x0c13 plen 248
Aug 13 05:12:21.938186 n kernel: hci0: skb len 251
Aug 13 05:12:21.938213 n kernel: hci0: length 1
Aug 13 05:12:21.938238 n kernel: hci0 cmd_cnt 1 cmd queued 1
Aug 13 05:12:21.938254 n kernel: hci0: skb 000000000d7264b1
Aug 13 05:12:21.941065 n kernel: hci0: result 0x00
Aug 13 05:12:21.941096 n kernel: hci0: end: err 0
Aug 13 05:12:21.941130 n kernel: hci0: 
Aug 13 05:12:21.941147 n kernel: hci0: Opcode 0x0c52
Aug 13 05:12:21.941170 n kernel: hci0: opcode 0x0c52 plen 241
Aug 13 05:12:21.941179 n kernel: hci0: skb len 244
Aug 13 05:12:21.941188 n kernel: hci0: length 1
Aug 13 05:12:21.941201 n kernel: hci0 cmd_cnt 1 cmd queued 1
Aug 13 05:12:21.941214 n kernel: hci0: skb 000000001683811b
Aug 13 05:12:21.944017 n kernel: hci0: result 0x00
Aug 13 05:12:21.944062 n kernel: hci0: end: err 0
Aug 13 05:12:21.944082 n kernel: hci0: entry 0000000000ee8da9
Aug 13 05:12:21.944113 n kernel: hci0: ADV monitoring is off
Aug 13 05:12:21.944141 n kernel: hci0: stopping background scanning
Aug 13 05:12:21.944160 n kernel: hci0: 
Aug 13 05:12:25.643016 n kernel: hci0
Aug 13 05:12:25.643043 n kernel: hci0
Aug 13 05:12:25.643055 n kernel: hci0
Aug 13 05:12:25.645103 n kernel: hci0: dst AA:BB:CC:00:00:01
Aug 13 05:12:25.645160 n kernel: hci0: dst AA:BB:CC:00:00:01 handle 0x0f00
Aug 13 05:12:25.645204 n kernel: hci0 evt 1
Aug 13 05:12:25.645239 n kernel: hci0 opcode 0x0409 plen 7
Aug 13 05:12:25.645269 n kernel: hci0: skb len 10
Aug 13 05:12:25.645286 n kernel: hci0 cmd_cnt 1 cmd queued 1
Aug 13 05:12:25.645305 n kernel: hci0: skb 00000000e5a80595
Aug 13 05:12:25.911951 n kernel: hci0: hcon 00000000847e4efc handle 0x0001
Aug 13 05:12:25.912040 n kernel: hci0 opcode 0x041b plen 2
Aug 13 05:12:25.912059 n kernel: hci0: skb len 5
Aug 13 05:12:25.912070 n kernel: hci0: 
Aug 13 05:12:25.912080 n kernel: hci0: entry 00000000fb29f5d9
Aug 13 05:12:25.912096 n kernel: hci0 cmd_cnt 1 cmd queued 1
Aug 13 05:12:25.912106 n kernel: hci0: skb 00000000be5d0603
Aug 13 05:12:25.928911 n kernel: hci0 opcode 0x041c plen 3
Aug 13 05:12:25.928931 n kernel: hci0: skb len 6
Aug 13 05:12:25.928980 n kernel: hci0 cmd_cnt 1 cmd queued 1
Aug 13 05:12:25.928991 n kernel: hci0: skb 00000000e101ce54
Aug 13 05:12:25.935938 n kernel: hci0 opcode 0x0419 plen 10
Aug 13 05:12:25.935961 n kernel: hci0: skb len 13
Aug 13 05:12:25.935969 n kernel: hci0 hcon 00000000847e4efc
Aug 13 05:12:25.935976 n kernel: hci0 cmd_cnt 1 cmd queued 1
Aug 13 05:12:25.935987 n kernel: hci0: skb 00000000f389373b
Aug 13 05:12:26.012961 n kernel: hci0 opcode 0x040b plen 22
Aug 13 05:12:26.013046 n kernel: hci0: skb len 25
Aug 13 05:12:26.013070 n kernel: hci0 cmd_cnt 1 cmd queued 1
Aug 13 05:12:26.013110 n kernel: hci0: skb 00000000509d8517
Aug 13 05:12:26.113069 n kernel: hci0 opcode 0x1408 plen 2
Aug 13 05:12:26.113153 n kernel: hci0: skb len 5
Aug 13 05:12:26.113180 n kernel: hci0 cmd_cnt 1 cmd queued 1
Aug 13 05:12:26.113198 n kernel: hci0: skb 000000007016ba45
Aug 13 05:12:37.143953 n kernel: 00000000dfe65253 name hci0 blocked 1
Aug 13 05:12:37.145344 n kernel: hci0 00000000dfe65253
Aug 13 05:12:37.145366 n kernel: hci0: Opcode 0x0c1a
Aug 13 05:12:37.145384 n kernel: hci0: opcode 0x0c1a plen 1
Aug 13 05:12:37.145397 n kernel: hci0: skb len 4
Aug 13 05:12:37.145412 n kernel: hci0: length 1
Aug 13 05:12:37.145429 n kernel: hci0 cmd_cnt 1 cmd queued 1
Aug 13 05:12:37.145440 n kernel: hci0: skb 00000000c8bd908e
Aug 13 05:12:37.148004 n kernel: hci0: result 0x00
Aug 13 05:12:37.148109 n kernel: hci0: end: err 0
Aug 13 05:12:37.148126 n kernel: hci0: state 0
Aug 13 05:12:37.148137 n kernel: hci0: Opcode 0x0406
Aug 13 05:12:37.148154 n kernel: hci0: opcode 0x0406 plen 3
Aug 13 05:12:37.148169 n kernel: hci0: skb len 6
Aug 13 05:12:37.148190 n kernel: hci0: length 1
Aug 13 05:12:37.148200 n kernel: hci0 cmd_cnt 1 cmd queued 1
Aug 13 05:12:37.148214 n kernel: hci0: skb 000000008d0e80d0
Aug 13 05:12:37.152386 n kernel: hci0: result 0x00
Aug 13 05:12:37.152398 n kernel: hci0: end: err 0
Aug 13 05:12:37.152414 n kernel: hci0: status 0x15
Aug 13 05:12:37.152429 n kernel: hci0 hcon 00000000847e4efc chan 00000000891bca77
Aug 13 05:12:37.152466 n kernel: hci0: handle 0x01 reason 0x13
Aug 13 05:12:37.152489 n kernel: hci0: 
Aug 13 05:12:37.152511 n kernel: hci0: entry 00000000115163d0
Aug 13 05:12:37.164934 n kernel: hci0 hcon 00000000847e4efc handle 1
Aug 13 05:12:37.164990 n kernel: hci0: hcon 00000000847e4efc
Aug 13 05:12:37.181988 n kernel: hci0 evt 2
Aug 13 05:12:37.182016 n kernel: hci0: 
Aug 13 05:12:37.196928 n kernel: hci0: err 0x13
Aug 13 05:12:37.196983 n kernel: hci0: cancelling interleave scan
Aug 13 05:12:37.197034 n kernel: hdev hci0
Aug 13 05:12:37.197053 n kernel: hci0
Aug 13 05:12:37.197079 n kernel: hci0
Aug 13 05:12:46.781954 n kernel: 00000000dfe65253 name hci0 blocked 0
Aug 13 05:12:46.782003 n kernel: hci0: 
Aug 13 05:12:46.782019 n kernel: hci0: entry 000000000a52acd6
Aug 13 05:12:46.782037 n kernel: hci0: 
Aug 13 05:12:46.782051 n kernel: hci0
Aug 13 05:12:46.878108 n kernel: hci0
Aug 13 05:12:46.878132 n kernel: hci0
Aug 13 05:12:46.878175 n kernel: hci0
Aug 13 05:12:46.878190 n kernel: hci0: 
Aug 13 05:12:46.878210 n kernel: hci0: 
Aug 13 05:12:46.878233 n kernel: hci0: Opcode 0x0c03
Aug 13 05:12:46.878255 n kernel: hci0: opcode 0x0c03 plen 0
Aug 13 05:12:46.878276 n kernel: hci0: skb len 3
Aug 13 05:12:46.878311 n kernel: hci0: length 1
Aug 13 05:12:46.878334 n kernel: hci0 cmd_cnt 1 cmd queued 1
Aug 13 05:12:46.878356 n kernel: hci0: skb 000000005cbea878
Aug 13 05:12:46.935061 n kernel: hci0: result 0x00
Aug 13 05:12:46.935101 n kernel: hci0: end: err 0
Aug 13 05:12:46.935130 n kernel: hci0: Opcode 0x1003
Aug 13 05:12:46.935153 n kernel: hci0: opcode 0x1003 plen 0
Aug 13 05:12:46.935184 n kernel: hci0: skb len 3
Aug 13 05:12:46.935209 n kernel: hci0: length 1
Aug 13 05:12:46.935231 n kernel: hci0 cmd_cnt 1 cmd queued 1
Aug 13 05:12:46.935246 n kernel: hci0: skb 00000000cea46583
Aug 13 05:12:46.938094 n kernel: hci0: result 0x00
Aug 13 05:12:46.938118 n kernel: hci0: end: err 0
Aug 13 05:12:46.938140 n kernel: hci0: Opcode 0x1001
Aug 13 05:12:46.938157 n kernel: hci0: opcode 0x1001 plen 0
Aug 13 05:12:46.938171 n kernel: hci0: skb len 3
Aug 13 05:12:46.938192 n kernel: hci0: length 1
Aug 13 05:12:46.938203 n kernel: hci0 cmd_cnt 1 cmd queued 1
Aug 13 05:12:46.938220 n kernel: hci0: skb 00000000915a8ef1
Aug 13 05:12:46.941107 n kernel: hci0: result 0x00
Aug 13 05:12:46.941141 n kernel: hci0: end: err 0
Aug 13 05:12:46.941161 n kernel: hci0: Opcode 0x1009
Aug 13 05:12:46.941177 n kernel: hci0: opcode 0x1009 plen 0
Aug 13 05:12:46.941188 n kernel: hci0: skb len 3
Aug 13 05:12:46.941209 n kernel: hci0: length 1
Aug 13 05:12:46.941220 n kernel: hci0 cmd_cnt 1 cmd queued 1
Aug 13 05:12:46.941237 n kernel: hci0: skb 00000000a2fcc5b6
Aug 13 05:12:46.944076 n kernel: hci0: result 0x00
Aug 13 05:12:46.944130 n kernel: hci0: end: err 0
Aug 13 05:12:46.944155 n kernel: hci0: 
Aug 13 05:12:46.944170 n kernel: hci0: Opcode 0x1002
Aug 13 05:12:46.944182 n kernel: hci0: opcode 0x1002 plen 0
Aug 13 05:12:46.944197 n kernel: hci0: skb len 3
Aug 13 05:12:46.944210 n kernel: hci0: length 1
Aug 13 05:12:46.944220 n kernel: hci0 cmd_cnt 1 cmd queued 1
Aug 13 05:12:46.944235 n kernel: hci0: skb 000000003ffe62ce
Aug 13 05:12:46.951103 n kernel: hci0: result 0x00
Aug 13 05:12:46.951120 n kernel: hci0: end: err 0
Aug 13 05:12:46.951135 n kernel: hci0: Opcode 0x0c56
Aug 13 05:12:46.951154 n kernel: hci0: opcode 0x0c56 plen 1
Aug 13 05:12:46.951166 n kernel: hci0: skb len 4
Aug 13 05:12:46.951186 n kernel: hci0: length 1
Aug 13 05:12:46.951200 n kernel: hci0 cmd_cnt 1 cmd queued 1
Aug 13 05:12:46.951214 n kernel: hci0: skb 00000000cea46583
Aug 13 05:12:46.953986 n kernel: hci0: result 0x00
Aug 13 05:12:46.954003 n kernel: hci0: end: err 0
Aug 13 05:12:46.954018 n kernel: hci0: Opcode 0x0c45
Aug 13 05:12:46.954033 n kernel: hci0: opcode 0x0c45 plen 1
Aug 13 05:12:46.954044 n kernel: hci0: skb len 4
Aug 13 05:12:46.954053 n kernel: hci0: length 1
Aug 13 05:12:46.954064 n kernel: hci0 cmd_cnt 1 cmd queued 1
Aug 13 05:12:46.954077 n kernel: hci0: skb 000000005cbea878
Aug 13 05:12:46.956971 n kernel: hci0: result 0x00
Aug 13 05:12:46.957001 n kernel: hci0: end: err 0
Aug 13 05:12:46.957019 n kernel: hci0: Opcode 0x0c58
Aug 13 05:12:46.957032 n kernel: hci0: opcode 0x0c58 plen 0
Aug 13 05:12:46.957048 n kernel: hci0: skb len 3
Aug 13 05:12:46.957062 n kernel: hci0: length 1
Aug 13 05:12:46.957075 n kernel: hci0 cmd_cnt 1 cmd queued 1
Aug 13 05:12:46.957090 n kernel: hci0: skb 0000000074f4cc98
Aug 13 05:12:46.960022 n kernel: hci0: result 0x00
Aug 13 05:12:46.960058 n kernel: hci0: end: err 0
Aug 13 05:12:46.960080 n kernel: hci0: Opcode 0x1004
Aug 13 05:12:46.960106 n kernel: hci0: opcode 0x1004 plen 1
Aug 13 05:12:46.960122 n kernel: hci0: skb len 4
Aug 13 05:12:46.960138 n kernel: hci0: length 1
Aug 13 05:12:46.960160 n kernel: hci0 cmd_cnt 1 cmd queued 1
Aug 13 05:12:46.960181 n kernel: hci0: skb 00000000c421f78a
Aug 13 05:12:46.964024 n kernel: hci0: result 0x00
Aug 13 05:12:46.964053 n kernel: hci0: end: err 0
Aug 13 05:12:46.964069 n kernel: hci0: Opcode 0x1005
Aug 13 05:12:46.964092 n kernel: hci0: opcode 0x1005 plen 0
Aug 13 05:12:46.964117 n kernel: hci0: skb len 3
Aug 13 05:12:46.964140 n kernel: hci0: length 1
Aug 13 05:12:46.964163 n kernel: hci0 cmd_cnt 1 cmd queued 1
Aug 13 05:12:46.964176 n kernel: hci0: skb 000000006afa088b
Aug 13 05:12:46.966999 n kernel: hci0: result 0x00
Aug 13 05:12:46.967044 n kernel: hci0: end: err 0
Aug 13 05:12:46.967067 n kernel: hci0: Opcode 0x0c23
Aug 13 05:12:46.967088 n kernel: hci0: opcode 0x0c23 plen 0
Aug 13 05:12:46.967112 n kernel: hci0: skb len 3
Aug 13 05:12:46.967127 n kernel: hci0: length 1
Aug 13 05:12:46.967143 n kernel: hci0 cmd_cnt 1 cmd queued 1
Aug 13 05:12:46.967164 n kernel: hci0: skb 000000009dd0368b
Aug 13 05:12:46.969946 n kernel: hci0: result 0x00
Aug 13 05:12:46.969967 n kernel: hci0: end: err 0
Aug 13 05:12:46.969987 n kernel: hci0: Opcode 0x0c14
Aug 13 05:12:46.970022 n kernel: hci0: opcode 0x0c14 plen 0
Aug 13 05:12:46.970044 n kernel: hci0: skb len 3
Aug 13 05:12:46.970065 n kernel: hci0: length 1
Aug 13 05:12:46.970086 n kernel: hci0 cmd_cnt 1 cmd queued 1
Aug 13 05:12:46.970108 n kernel: hci0: skb 000000003933d41b
Aug 13 05:12:46.987990 n kernel: hci0: result 0x00
Aug 13 05:12:46.988021 n kernel: hci0: end: err 0
Aug 13 05:12:46.988041 n kernel: hci0: Opcode 0x0c25
Aug 13 05:12:46.988057 n kernel: hci0: opcode 0x0c25 plen 0
Aug 13 05:12:46.988071 n kernel: hci0: skb len 3
Aug 13 05:12:46.988089 n kernel: hci0: length 1
Aug 13 05:12:46.988103 n kernel: hci0 cmd_cnt 1 cmd queued 1
Aug 13 05:12:46.988119 n kernel: hci0: skb 0000000073b69633
Aug 13 05:12:46.991002 n kernel: hci0: result 0x00
Aug 13 05:12:46.991027 n kernel: hci0: end: err 0
Aug 13 05:12:46.991053 n kernel: hci0: Opcode 0x0c38
Aug 13 05:12:46.991074 n kernel: hci0: opcode 0x0c38 plen 0
Aug 13 05:12:46.991096 n kernel: hci0: skb len 3
Aug 13 05:12:46.991112 n kernel: hci0: length 1
Aug 13 05:12:46.991135 n kernel: hci0 cmd_cnt 1 cmd queued 1
Aug 13 05:12:46.991158 n kernel: hci0: skb 000000003ffe62ce
Aug 13 05:12:46.993976 n kernel: hci0: result 0x00
Aug 13 05:12:46.994013 n kernel: hci0: end: err 0
Aug 13 05:12:46.994035 n kernel: hci0: Opcode 0x0c39
Aug 13 05:12:46.994058 n kernel: hci0: opcode 0x0c39 plen 0
Aug 13 05:12:46.994075 n kernel: hci0: skb len 3
Aug 13 05:12:46.994098 n kernel: hci0: length 1
Aug 13 05:12:46.994119 n kernel: hci0 cmd_cnt 1 cmd queued 1
Aug 13 05:12:46.994141 n kernel: hci0: skb 000000002a138aa6
Aug 13 05:12:46.996995 n kernel: hci0: result 0x00
Aug 13 05:12:46.997016 n kernel: hci0: end: err 0
Aug 13 05:12:46.997038 n kernel: hci0: Opcode 0x0c16
Aug 13 05:12:46.997059 n kernel: hci0: opcode 0x0c16 plen 2
Aug 13 05:12:46.997083 n kernel: hci0: skb len 5
Aug 13 05:12:46.997113 n kernel: hci0: length 1
Aug 13 05:12:46.997134 n kernel: hci0 cmd_cnt 1 cmd queued 1
Aug 13 05:12:46.997145 n kernel: hci0: skb 00000000a50f2230
Aug 13 05:12:46.999993 n kernel: hci0: result 0x00
Aug 13 05:12:47.000013 n kernel: hci0: end: err 0
Aug 13 05:12:47.000036 n kernel: hci0: Opcode 0x2003
Aug 13 05:12:47.000053 n kernel: hci0: opcode 0x2003 plen 0
Aug 13 05:12:47.000077 n kernel: hci0: skb len 3
Aug 13 05:12:47.000098 n kernel: hci0: length 1
Aug 13 05:12:47.000119 n kernel: hci0 cmd_cnt 1 cmd queued 1
Aug 13 05:12:47.000139 n kernel: hci0: skb 00000000f9a6c38f
Aug 13 05:12:47.002979 n kernel: hci0: result 0x00
Aug 13 05:12:47.003013 n kernel: hci0: end: err 0
Aug 13 05:12:47.003036 n kernel: hci0: Opcode 0x2002
Aug 13 05:12:47.003053 n kernel: hci0: opcode 0x2002 plen 0
Aug 13 05:12:47.003075 n kernel: hci0: skb len 3
Aug 13 05:12:47.003095 n kernel: hci0: length 1
Aug 13 05:12:47.003116 n kernel: hci0 cmd_cnt 1 cmd queued 1
Aug 13 05:12:47.003137 n kernel: hci0: skb 0000000026bc7daa
Aug 13 05:12:47.005995 n kernel: hci0: result 0x00
Aug 13 05:12:47.006016 n kernel: hci0: end: err 0
Aug 13 05:12:47.006037 n kernel: hci0: Opcode 0x201c
Aug 13 05:12:47.006059 n kernel: hci0: opcode 0x201c plen 0
Aug 13 05:12:47.006081 n kernel: hci0: skb len 3
Aug 13 05:12:47.006102 n kernel: hci0: length 1
Aug 13 05:12:47.006119 n kernel: hci0 cmd_cnt 1 cmd queued 1
Aug 13 05:12:47.006134 n kernel: hci0: skb 000000007df200b6
Aug 13 05:12:47.009008 n kernel: hci0: result 0x00
Aug 13 05:12:47.009034 n kernel: hci0: end: err 0
Aug 13 05:12:47.009051 n kernel: hci0: 
Aug 13 05:12:47.009072 n kernel: hci0: Opcode 0x0c01
Aug 13 05:12:47.009094 n kernel: hci0: opcode 0x0c01 plen 8
Aug 13 05:12:47.009115 n kernel: hci0: skb len 11
Aug 13 05:12:47.009140 n kernel: hci0: length 1
Aug 13 05:12:47.009156 n kernel: hci0 cmd_cnt 1 cmd queued 1
Aug 13 05:12:47.009177 n kernel: hci0: skb 000000004696e4a7
Aug 13 05:12:47.011961 n kernel: hci0: result 0x00
Aug 13 05:12:47.011984 n kernel: hci0: end: err 0
Aug 13 05:12:47.011999 n kernel: hci0: Opcode 0x0c0d
Aug 13 05:12:47.012014 n kernel: hci0: opcode 0x0c0d plen 7
Aug 13 05:12:47.012030 n kernel: hci0: skb len 10
Aug 13 05:12:47.012043 n kernel: hci0: length 1
Aug 13 05:12:47.012058 n kernel: hci0 cmd_cnt 1 cmd queued 1
Aug 13 05:12:47.012075 n kernel: hci0: skb 00000000c9c35a8d
Aug 13 05:12:47.014994 n kernel: hci0: result 0x00
Aug 13 05:12:47.015048 n kernel: hci0: end: err 0
Aug 13 05:12:47.015071 n kernel: hci0: Opcode 0x080f
Aug 13 05:12:47.015097 n kernel: hci0: opcode 0x080f plen 2
Aug 13 05:12:47.015119 n kernel: hci0: skb len 5
Aug 13 05:12:47.015141 n kernel: hci0: length 1
Aug 13 05:12:47.015156 n kernel: hci0 cmd_cnt 1 cmd queued 1
Aug 13 05:12:47.015172 n kernel: hci0: skb 00000000c540fb03
Aug 13 05:12:47.017992 n kernel: hci0: result 0x00
Aug 13 05:12:47.018036 n kernel: hci0: end: err 0
Aug 13 05:12:47.018059 n kernel: hci0: Opcode 0x0c1b
Aug 13 05:12:47.018075 n kernel: hci0: opcode 0x0c1b plen 0
Aug 13 05:12:47.018091 n kernel: hci0: skb len 3
Aug 13 05:12:47.018112 n kernel: hci0: length 1
Aug 13 05:12:47.018136 n kernel: hci0 cmd_cnt 1 cmd queued 1
Aug 13 05:12:47.018156 n kernel: hci0: skb 000000007597b625
Aug 13 05:12:47.020940 n kernel: hci0: result 0x00
Aug 13 05:12:47.020952 n kernel: hci0: end: err 0
Aug 13 05:12:47.020962 n kernel: hci0: Opcode 0x0c46
Aug 13 05:12:47.020973 n kernel: hci0: opcode 0x0c46 plen 0
Aug 13 05:12:47.020983 n kernel: hci0: skb len 3
Aug 13 05:12:47.020992 n kernel: hci0: length 1
Aug 13 05:12:47.021002 n kernel: hci0 cmd_cnt 1 cmd queued 1
Aug 13 05:12:47.021012 n kernel: hci0: skb 0000000084c6eb41
Aug 13 05:12:47.023976 n kernel: hci0: result 0x00
Aug 13 05:12:47.024010 n kernel: hci0: end: err 0
Aug 13 05:12:47.024034 n kernel: hci0: Opcode 0x1004
Aug 13 05:12:47.024056 n kernel: hci0: opcode 0x1004 plen 1
Aug 13 05:12:47.024078 n kernel: hci0: skb len 4
Aug 13 05:12:47.024099 n kernel: hci0: length 1
Aug 13 05:12:47.024121 n kernel: hci0 cmd_cnt 1 cmd queued 1
Aug 13 05:12:47.024137 n kernel: hci0: skb 00000000b914d44c
Aug 13 05:12:47.027951 n kernel: hci0: result 0x00
Aug 13 05:12:47.027965 n kernel: hci0: end: err 0
Aug 13 05:12:47.027977 n kernel: hci0: Opcode 0x2001
Aug 13 05:12:47.027990 n kernel: hci0: opcode 0x2001 plen 8
Aug 13 05:12:47.027999 n kernel: hci0: skb len 11
Aug 13 05:12:47.028010 n kernel: hci0: length 1
Aug 13 05:12:47.028021 n kernel: hci0 cmd_cnt 1 cmd queued 1
Aug 13 05:12:47.028030 n kernel: hci0: skb 000000005aadf5ea
Aug 13 05:12:47.030976 n kernel: hci0: result 0x00
Aug 13 05:12:47.030996 n kernel: hci0: end: err 0
Aug 13 05:12:47.031027 n kernel: hci0: Opcode 0x2007
Aug 13 05:12:47.031044 n kernel: hci0: opcode 0x2007 plen 0
Aug 13 05:12:47.031065 n kernel: hci0: skb len 3
Aug 13 05:12:47.031087 n kernel: hci0: length 1
Aug 13 05:12:47.031107 n kernel: hci0 cmd_cnt 1 cmd queued 1
Aug 13 05:12:47.031123 n kernel: hci0: skb 000000009c1f5ff6
Aug 13 05:12:47.033997 n kernel: hci0: result 0x00
Aug 13 05:12:47.034017 n kernel: hci0: end: err 0
Aug 13 05:12:47.034040 n kernel: hci0: Opcode 0x200f
Aug 13 05:12:47.034057 n kernel: hci0: opcode 0x200f plen 0
Aug 13 05:12:47.034074 n kernel: hci0: skb len 3
Aug 13 05:12:47.034097 n kernel: hci0: length 1
Aug 13 05:12:47.034113 n kernel: hci0 cmd_cnt 1 cmd queued 1
Aug 13 05:12:47.034135 n kernel: hci0: skb 0000000080498872
Aug 13 05:12:47.036945 n kernel: hci0: result 0x00
Aug 13 05:12:47.036964 n kernel: hci0: end: err 0
Aug 13 05:12:47.036977 n kernel: hci0: Opcode 0x2010
Aug 13 05:12:47.036991 n kernel: hci0: opcode 0x2010 plen 0
Aug 13 05:12:47.037004 n kernel: hci0: skb len 3
Aug 13 05:12:47.037012 n kernel: hci0: length 1
Aug 13 05:12:47.037024 n kernel: hci0 cmd_cnt 1 cmd queued 1
Aug 13 05:12:47.037032 n kernel: hci0: skb 0000000047d2cb9f
Aug 13 05:12:47.039992 n kernel: hci0: result 0x00
Aug 13 05:12:47.040018 n kernel: hci0: end: err 0
Aug 13 05:12:47.040040 n kernel: hci0: Opcode 0x202a
Aug 13 05:12:47.040062 n kernel: hci0: opcode 0x202a plen 0
Aug 13 05:12:47.040078 n kernel: hci0: skb len 3
Aug 13 05:12:47.040099 n kernel: hci0: length 1
Aug 13 05:12:47.040115 n kernel: hci0 cmd_cnt 1 cmd queued 1
Aug 13 05:12:47.040137 n kernel: hci0: skb 00000000e1e17e06
Aug 13 05:12:47.042991 n kernel: hci0: result 0x00
Aug 13 05:12:47.043035 n kernel: hci0: end: err 0
Aug 13 05:12:47.043052 n kernel: hci0: Opcode 0x2029
Aug 13 05:12:47.043068 n kernel: hci0: opcode 0x2029 plen 0
Aug 13 05:12:47.043089 n kernel: hci0: skb len 3
Aug 13 05:12:47.043105 n kernel: hci0: length 1
Aug 13 05:12:47.043126 n kernel: hci0 cmd_cnt 1 cmd queued 1
Aug 13 05:12:47.043147 n kernel: hci0: skb 000000005aadf5ea
Aug 13 05:12:47.046080 n kernel: hci0: result 0x00
Aug 13 05:12:47.046109 n kernel: hci0: end: err 0
Aug 13 05:12:47.046125 n kernel: hci0: Opcode 0x202e
Aug 13 05:12:47.046147 n kernel: hci0: opcode 0x202e plen 2
Aug 13 05:12:47.046163 n kernel: hci0: skb len 5
Aug 13 05:12:47.046179 n kernel: hci0: length 1
Aug 13 05:12:47.046195 n kernel: hci0 cmd_cnt 1 cmd queued 1
Aug 13 05:12:47.046215 n kernel: hci0: skb 00000000fa38e1c9
Aug 13 05:12:47.048960 n kernel: hci0: result 0x00
Aug 13 05:12:47.048974 n kernel: hci0: end: err 0
Aug 13 05:12:47.048983 n kernel: hci0: Opcode 0x0c6d
Aug 13 05:12:47.048995 n kernel: hci0: opcode 0x0c6d plen 2
Aug 13 05:12:47.049007 n kernel: hci0: skb len 5
Aug 13 05:12:47.049019 n kernel: hci0: length 1
Aug 13 05:12:47.049027 n kernel: hci0 cmd_cnt 1 cmd queued 1
Aug 13 05:12:47.049036 n kernel: hci0: skb 0000000084c6eb41
Aug 13 05:12:47.051950 n kernel: hci0: result 0x00
Aug 13 05:12:47.051972 n kernel: hci0: end: err 0
Aug 13 05:12:47.051992 n kernel: hci0: 
Aug 13 05:12:47.052018 n kernel: hci0: Opcode 0x0c12
Aug 13 05:12:47.052043 n kernel: hci0: opcode 0x0c12 plen 7
Aug 13 05:12:47.052059 n kernel: hci0: skb len 10
Aug 13 05:12:47.052069 n kernel: hci0: length 1
Aug 13 05:12:47.052078 n kernel: hci0 cmd_cnt 1 cmd queued 1
Aug 13 05:12:47.052088 n kernel: hci0: skb 00000000c540fb03
Aug 13 05:12:47.054954 n kernel: hci0: result 0x00
Aug 13 05:12:47.054978 n kernel: hci0: end: err 0
Aug 13 05:12:47.054990 n kernel: hci0: Opcode 0x0c77
Aug 13 05:12:47.055008 n kernel: hci0: opcode 0x0c77 plen 0
Aug 13 05:12:47.055022 n kernel: hci0: skb len 3
Aug 13 05:12:47.055036 n kernel: hci0: length 1
Aug 13 05:12:47.055045 n kernel: hci0 cmd_cnt 1 cmd queued 1
Aug 13 05:12:47.055056 n kernel: hci0: skb 000000004696e4a7
Aug 13 05:12:47.057936 n kernel: hci0: result 0x00
Aug 13 05:12:47.057954 n kernel: hci0: end: err 0
Aug 13 05:12:47.057969 n kernel: hci0: Opcode 0x0c7a
Aug 13 05:12:47.057986 n kernel: hci0: opcode 0x0c7a plen 1
Aug 13 05:12:47.058005 n kernel: hci0: skb len 4
Aug 13 05:12:47.058017 n kernel: hci0: length 1
Aug 13 05:12:47.058034 n kernel: hci0 cmd_cnt 1 cmd queued 1
Aug 13 05:12:47.058051 n kernel: hci0: skb 000000007df200b6
Aug 13 05:12:47.060929 n kernel: hci0: result 0x00
Aug 13 05:12:47.060941 n kernel: hci0: end: err 0
Aug 13 05:12:47.060961 n kernel: hci0: Opcode 0x0c1a
Aug 13 05:12:47.060978 n kernel: hci0: opcode 0x0c1a plen 1
Aug 13 05:12:47.060991 n kernel: hci0: skb len 4
Aug 13 05:12:47.061008 n kernel: hci0: length 1
Aug 13 05:12:47.061021 n kernel: hci0 cmd_cnt 1 cmd queued 1
Aug 13 05:12:47.061040 n kernel: hci0: skb 000000004312915e
Aug 13 05:12:47.063933 n kernel: hci0: result 0x00
Aug 13 05:12:47.063955 n kernel: hci0: end: err 0
Aug 13 05:12:47.063968 n kernel: hci0: 
Aug 13 05:12:47.063981 n kernel: hci0: Opcode 0x0c24
Aug 13 05:12:47.063998 n kernel: hci0: opcode 0x0c24 plen 3
Aug 13 05:12:47.064015 n kernel: hci0: skb len 6
Aug 13 05:12:47.064028 n kernel: hci0: length 1
Aug 13 05:12:47.064044 n kernel: hci0 cmd_cnt 1 cmd queued 1
Aug 13 05:12:47.064061 n kernel: hci0: skb 0000000091da4dc5
Aug 13 05:12:47.066979 n kernel: hci0: result 0x00
Aug 13 05:12:47.066997 n kernel: hci0: end: err 0
Aug 13 05:12:47.067013 n kernel: hci0: Opcode 0x0c13
Aug 13 05:12:47.067030 n kernel: hci0: opcode 0x0c13 plen 248
Aug 13 05:12:47.067052 n kernel: hci0: skb len 251
Aug 13 05:12:47.067075 n kernel: hci0: length 1
Aug 13 05:12:47.067097 n kernel: hci0 cmd_cnt 1 cmd queued 1
Aug 13 05:12:47.067113 n kernel: hci0: skb 00000000e1e17e06
Aug 13 05:12:47.069919 n kernel: hci0: result 0x00
Aug 13 05:12:47.069927 n kernel: hci0: end: err 0
Aug 13 05:12:47.069941 n kernel: hci0: 
Aug 13 05:12:47.069949 n kernel: hci0: Opcode 0x0c52
Aug 13 05:12:47.069958 n kernel: hci0: opcode 0x0c52 plen 241
Aug 13 05:12:47.069968 n kernel: hci0: skb len 244
Aug 13 05:12:47.069980 n kernel: hci0: length 1
Aug 13 05:12:47.069988 n kernel: hci0 cmd_cnt 1 cmd queued 1
Aug 13 05:12:47.069996 n kernel: hci0: skb 0000000095e22b33
Aug 13 05:12:47.072942 n kernel: hci0: result 0x00
Aug 13 05:12:47.072956 n kernel: hci0: end: err 0
Aug 13 05:12:47.072967 n kernel: hci0: entry 0000000095e83748
Aug 13 05:12:47.072982 n kernel: hci0: ADV monitoring is off
Aug 13 05:12:47.072999 n kernel: hci0: stopping background scanning
Aug 13 05:12:47.073008 n kernel: hci0: 
Aug 13 05:12:48.615105 n kernel: hci0: dst AA:BB:CC:00:00:01
Aug 13 05:12:48.615145 n kernel: hci0: dst AA:BB:CC:00:00:01 handle 0x0f00
Aug 13 05:12:48.615170 n kernel: hci0 evt 1
Aug 13 05:12:48.615186 n kernel: hci0 opcode 0x0409 plen 7
Aug 13 05:12:48.615202 n kernel: hci0: skb len 10
Aug 13 05:12:48.615221 n kernel: hci0 cmd_cnt 1 cmd queued 1
Aug 13 05:12:48.615245 n kernel: hci0: skb 00000000ac1748ca
Aug 13 05:12:48.879928 n kernel: hci0: hcon 000000009a266035 handle 0x0001
Aug 13 05:12:48.880031 n kernel: hci0 opcode 0x041b plen 2
Aug 13 05:12:48.880052 n kernel: hci0: skb len 5
Aug 13 05:12:48.880069 n kernel: hci0: 
Aug 13 05:12:48.880081 n kernel: hci0: entry 0000000053e234be
Aug 13 05:12:48.880091 n kernel: hci0 cmd_cnt 1 cmd queued 1
Aug 13 05:12:48.880100 n kernel: hci0: skb 00000000cedeb5c7
Aug 13 05:12:48.896924 n kernel: hci0 opcode 0x041c plen 3
Aug 13 05:12:48.896960 n kernel: hci0: skb len 6
Aug 13 05:12:48.896975 n kernel: hci0 cmd_cnt 1 cmd queued 1
Aug 13 05:12:48.896987 n kernel: hci0: skb 00000000e20b30c7
Aug 13 05:12:48.902951 n kernel: hci0 opcode 0x0419 plen 10
Aug 13 05:12:48.902965 n kernel: hci0: skb len 13
Aug 13 05:12:48.902974 n kernel: hci0 hcon 000000009a266035
Aug 13 05:12:48.902993 n kernel: hci0 cmd_cnt 1 cmd queued 1
Aug 13 05:12:48.903007 n kernel: hci0: skb 00000000de6bc062
Aug 13 05:12:49.004945 n kernel: hci0 opcode 0x040b plen 22
Aug 13 05:12:49.005017 n kernel: hci0: skb len 25
Aug 13 05:12:49.005071 n kernel: hci0 cmd_cnt 1 cmd queued 1
Aug 13 05:12:49.005091 n kernel: hci0: skb 00000000efd002c8
Aug 13 05:12:49.080046 n kernel: hci0 opcode 0x1408 plen 2
Aug 13 05:12:49.080101 n kernel: hci0: skb len 5
Aug 13 05:12:49.080120 n kernel: hci0 cmd_cnt 1 cmd queued 1
Aug 13 05:12:49.080145 n kernel: hci0: skb 000000003e325d11
Aug 13 05:12:59.658923 n kernel: 00000000dfe65253 name hci0 blocked 1
Aug 13 05:12:59.659002 n kernel: hci0 00000000dfe65253
Aug 13 05:12:59.659020 n kernel: hci0: Opcode 0x0c1a
Aug 13 05:12:59.659040 n kernel: hci0: opcode 0x0c1a plen 1
Aug 13 05:12:59.659054 n kernel: hci0: skb len 4
Aug 13 05:12:59.659064 n kernel: hci0: length 1
Aug 13 05:12:59.659079 n kernel: hci0 cmd_cnt 1 cmd queued 1
Aug 13 05:12:59.659088 n kernel: hci0: skb 0000000001887998
Aug 13 05:12:59.662934 n kernel: hci0: result 0x00
Aug 13 05:12:59.662954 n kernel: hci0: end: err 0
Aug 13 05:12:59.662971 n kernel: hci0: state 0
Aug 13 05:12:59.662984 n kernel: hci0: Opcode 0x0406
Aug 13 05:12:59.663001 n kernel: hci0: opcode 0x0406 plen 3
Aug 13 05:12:59.663023 n kernel: hci0: skb len 6
Aug 13 05:12:59.663035 n kernel: hci0: length 1
Aug 13 05:12:59.663052 n kernel: hci0 cmd_cnt 1 cmd queued 1
Aug 13 05:12:59.663070 n kernel: hci0: skb 00000000de6bc062
Aug 13 05:12:59.665989 n kernel: hci0: result 0x00
Aug 13 05:12:59.666018 n kernel: hci0: end: err 0
Aug 13 05:12:59.666036 n kernel: hci0: status 0x15
Aug 13 05:12:59.666054 n kernel: hci0 hcon 000000009a266035 chan 00000000b4f58ee0
Aug 13 05:12:59.666100 n kernel: hci0: handle 0x01 reason 0x13
Aug 13 05:12:59.666114 n kernel: hci0: 
Aug 13 05:12:59.666128 n kernel: hci0: entry 00000000664bbf5c
Aug 13 05:12:59.676922 n kernel: hci0 hcon 000000009a266035 handle 1
Aug 13 05:12:59.676952 n kernel: hci0: hcon 000000009a266035
Aug 13 05:12:59.685954 n kernel: hci0 evt 2
Aug 13 05:12:59.685970 n kernel: hci0: 
Aug 13 05:12:59.694916 n kernel: hci0: err 0x13
Aug 13 05:12:59.694950 n kernel: hci0: cancelling interleave scan
Aug 13 05:12:59.694976 n kernel: hdev hci0
Aug 13 05:12:59.694991 n kernel: hci0
Aug 13 05:12:59.695001 n kernel: hci0
Aug 13 05:13:08.898424 n kernel: 00000000dfe65253 name hci0 blocked 0
Aug 13 05:13:08.898453 n kernel: hci0: 
Aug 13 05:13:08.898462 n kernel: hci0: entry 000000002f80a166
Aug 13 05:13:08.898472 n kernel: hci0: 
Aug 13 05:13:08.898481 n kernel: hci0
Aug 13 05:13:08.993995 n kernel: hci0
Aug 13 05:13:08.994020 n kernel: hci0
Aug 13 05:13:08.994028 n kernel: hci0
Aug 13 05:13:08.994037 n kernel: hci0: 
Aug 13 05:13:08.994047 n kernel: hci0: 
Aug 13 05:13:08.994055 n kernel: hci0: Opcode 0x0c03
Aug 13 05:13:08.994064 n kernel: hci0: opcode 0x0c03 plen 0
Aug 13 05:13:08.994074 n kernel: hci0: skb len 3
Aug 13 05:13:08.994083 n kernel: hci0: length 1
Aug 13 05:13:08.994092 n kernel: hci0 cmd_cnt 1 cmd queued 1
Aug 13 05:13:08.994101 n kernel: hci0: skb 00000000e5a80595
Aug 13 05:13:09.052183 n kernel: hci0: result 0x00
Aug 13 05:13:09.052240 n kernel: hci0: end: err 0
Aug 13 05:13:09.052264 n kernel: hci0: Opcode 0x1003
Aug 13 05:13:09.052284 n kernel: hci0: opcode 0x1003 plen 0
Aug 13 05:13:09.052301 n kernel: hci0: skb len 3
Aug 13 05:13:09.052317 n kernel: hci0: length 1
Aug 13 05:13:09.052339 n kernel: hci0 cmd_cnt 1 cmd queued 1
Aug 13 05:13:09.052364 n kernel: hci0: skb 00000000efd002c8
Aug 13 05:13:09.054963 n kernel: hci0: result 0x00
Aug 13 05:13:09.054982 n kernel: hci0: end: err 0
Aug 13 05:13:09.054996 n kernel: hci0: Opcode 0x1001
Aug 13 05:13:09.055007 n kernel: hci0: opcode 0x1001 plen 0
Aug 13 05:13:09.055016 n kernel: hci0: skb len 3
Aug 13 05:13:09.055025 n kernel: hci0: length 1
Aug 13 05:13:09.055033 n kernel: hci0 cmd_cnt 1 cmd queued 1
Aug 13 05:13:09.055043 n kernel: hci0: skb 000000008da82d38
Aug 13 05:13:09.057980 n kernel: hci0: result 0x00
Aug 13 05:13:09.058027 n kernel: hci0: end: err 0
Aug 13 05:13:09.058044 n kernel: hci0: Opcode 0x1009
Aug 13 05:13:09.058069 n kernel: hci0: opcode 0x1009 plen 0
Aug 13 05:13:09.058085 n kernel: hci0: skb len 3
Aug 13 05:13:09.058101 n kernel: hci0: length 1
Aug 13 05:13:09.058116 n kernel: hci0 cmd_cnt 1 cmd queued 1
Aug 13 05:13:09.058132 n kernel: hci0: skb 00000000b571ee14
Aug 13 05:13:09.060988 n kernel: hci0: result 0x00
Aug 13 05:13:09.061009 n kernel: hci0: end: err 0
Aug 13 05:13:09.061027 n kernel: hci0: 
Aug 13 05:13:09.061044 n kernel: hci0: Opcode 0x1002
Aug 13 05:13:09.061060 n kernel: hci0: opcode 0x1002 plen 0
Aug 13 05:13:09.061076 n kernel: hci0: skb len 3
Aug 13 05:13:09.061092 n kernel: hci0: length 1
Aug 13 05:13:09.061123 n kernel: hci0 cmd_cnt 1 cmd queued 1
Aug 13 05:13:09.061139 n kernel: hci0: skb 000000005baac480
Aug 13 05:13:09.067981 n kernel: hci0: result 0x00
Aug 13 05:13:09.068004 n kernel: hci0: end: err 0
Aug 13 05:13:09.068035 n kernel: hci0: Opcode 0x0c56
Aug 13 05:13:09.068051 n kernel: hci0: opcode 0x0c56 plen 1
Aug 13 05:13:09.068074 n kernel: hci0: skb len 4
Aug 13 05:13:09.068090 n kernel: hci0: length 1
Aug 13 05:13:09.068106 n kernel: hci0 cmd_cnt 1 cmd queued 1
Aug 13 05:13:09.068121 n kernel: hci0: skb 00000000cea46583
Aug 13 05:13:09.070980 n kernel: hci0: result 0x00
Aug 13 05:13:09.071029 n kernel: hci0: end: err 0
Aug 13 05:13:09.071045 n kernel: hci0: Opcode 0x0c45
Aug 13 05:13:09.071071 n kernel: hci0: opcode 0x0c45 plen 1
Aug 13 05:13:09.071087 n kernel: hci0: skb len 4
Aug 13 05:13:09.071103 n kernel: hci0: length 1
Aug 13 05:13:09.071119 n kernel: hci0 cmd_cnt 1 cmd queued 1
Aug 13 05:13:09.071134 n kernel: hci0: skb 00000000123c9893
Aug 13 05:13:09.073945 n kernel: hci0: result 0x00
Aug 13 05:13:09.073958 n kernel: hci0: end: err 0
Aug 13 05:13:09.073976 n kernel: hci0: Opcode 0x0c58
Aug 13 05:13:09.073990 n kernel: hci0: opcode 0x0c58 plen 0
Aug 13 05:13:09.073999 n kernel: hci0: skb len 3
Aug 13 05:13:09.074013 n kernel: hci0: length 1
Aug 13 05:13:09.074022 n kernel: hci0 cmd_cnt 1 cmd queued 1
Aug 13 05:13:09.074034 n kernel: hci0: skb 00000000e2f0eaef
Aug 13 05:13:09.077085 n kernel: hci0: result 0x00
Aug 13 05:13:09.077109 n kernel: hci0: end: err 0
Aug 13 05:13:09.077128 n kernel: hci0: Opcode 0x1004
Aug 13 05:13:09.077141 n kernel: hci0: opcode 0x1004 plen 1
Aug 13 05:13:09.077154 n kernel: hci0: skb len 4
Aug 13 05:13:09.077167 n kernel: hci0: length 1
Aug 13 05:13:09.077179 n kernel: hci0 cmd_cnt 1 cmd queued 1
Aug 13 05:13:09.077192 n kernel: hci0: skb 00000000a9962d21
Aug 13 05:13:09.080924 n kernel: hci0: result 0x00
Aug 13 05:13:09.080933 n kernel: hci0: end: err 0
Aug 13 05:13:09.080949 n kernel: hci0: Opcode 0x1005
Aug 13 05:13:09.080960 n kernel: hci0: opcode 0x1005 plen 0
Aug 13 05:13:09.080968 n kernel: hci0: skb len 3
Aug 13 05:13:09.080977 n kernel: hci0: length 1
Aug 13 05:13:09.080985 n kernel: hci0 cmd_cnt 1 cmd queued 1
Aug 13 05:13:09.080998 n kernel: hci0: skb 00000000b85f6410
Aug 13 05:13:09.083936 n kernel: hci0: result 0x00
Aug 13 05:13:09.083949 n kernel: hci0: end: err 0
Aug 13 05:13:09.083962 n kernel: hci0: Opcode 0x0c23
Aug 13 05:13:09.083975 n kernel: hci0: opcode 0x0c23 plen 0
Aug 13 05:13:09.083990 n kernel: hci0: skb len 3
Aug 13 05:13:09.084017 n kernel: hci0: length 1
Aug 13 05:13:09.084029 n kernel: hci0 cmd_cnt 1 cmd queued 1
Aug 13 05:13:09.084042 n kernel: hci0: skb 00000000c904d539
Aug 13 05:13:09.086951 n kernel: hci0: result 0x00
Aug 13 05:13:09.086968 n kernel: hci0: end: err 0
Aug 13 05:13:09.086992 n kernel: hci0: Opcode 0x0c14
Aug 13 05:13:09.087010 n kernel: hci0: opcode 0x0c14 plen 0
Aug 13 05:13:09.087022 n kernel: hci0: skb len 3
Aug 13 05:13:09.087041 n kernel: hci0: length 1
Aug 13 05:13:09.087057 n kernel: hci0 cmd_cnt 1 cmd queued 1
Aug 13 05:13:09.087070 n kernel: hci0: skb 00000000e1d13b5b
Aug 13 05:13:09.104980 n kernel: hci0: result 0x00
Aug 13 05:13:09.105003 n kernel: hci0: end: err 0
Aug 13 05:13:09.105013 n kernel: hci0: Opcode 0x0c25
Aug 13 05:13:09.105022 n kernel: hci0: opcode 0x0c25 plen 0
Aug 13 05:13:09.105032 n kernel: hci0: skb len 3
Aug 13 05:13:09.105043 n kernel: hci0: length 1
Aug 13 05:13:09.105053 n kernel: hci0 cmd_cnt 1 cmd queued 1
Aug 13 05:13:09.105062 n kernel: hci0: skb 000000000037a2b4
Aug 13 05:13:09.107964 n kernel: hci0: result 0x00
Aug 13 05:13:09.107981 n kernel: hci0: end: err 0
Aug 13 05:13:09.108003 n kernel: hci0: Opcode 0x0c38
Aug 13 05:13:09.108024 n kernel: hci0: opcode 0x0c38 plen 0
Aug 13 05:13:09.108046 n kernel: hci0: skb len 3
Aug 13 05:13:09.108064 n kernel: hci0: length 1
Aug 13 05:13:09.108077 n kernel: hci0 cmd_cnt 1 cmd queued 1
Aug 13 05:13:09.108090 n kernel: hci0: skb 000000006abe5e7d
Aug 13 05:13:09.110930 n kernel: hci0: result 0x00
Aug 13 05:13:09.110942 n kernel: hci0: end: err 0
Aug 13 05:13:09.110963 n kernel: hci0: Opcode 0x0c39
Aug 13 05:13:09.110979 n kernel: hci0: opcode 0x0c39 plen 0
Aug 13 05:13:09.111001 n kernel: hci0: skb len 3
Aug 13 05:13:09.111014 n kernel: hci0: length 1
Aug 13 05:13:09.111026 n kernel: hci0 cmd_cnt 1 cmd queued 1
Aug 13 05:13:09.111038 n kernel: hci0: skb 00000000a64c64a8
Aug 13 05:13:09.113935 n kernel: hci0: result 0x00
Aug 13 05:13:09.113948 n kernel: hci0: end: err 0
Aug 13 05:13:09.113970 n kernel: hci0: Opcode 0x0c16
Aug 13 05:13:09.113988 n kernel: hci0: opcode 0x0c16 plen 2
Aug 13 05:13:09.114006 n kernel: hci0: skb len 5
Aug 13 05:13:09.114049 n kernel: hci0: length 1
Aug 13 05:13:09.114064 n kernel: hci0 cmd_cnt 1 cmd queued 1
Aug 13 05:13:09.114083 n kernel: hci0: skb 00000000882c3b43
Aug 13 05:13:09.116949 n kernel: hci0: result 0x00
Aug 13 05:13:09.116989 n kernel: hci0: end: err 0
Aug 13 05:13:09.117047 n kernel: hci0: Opcode 0x2003
Aug 13 05:13:09.117070 n kernel: hci0: opcode 0x2003 plen 0
Aug 13 05:13:09.117091 n kernel: hci0: skb len 3
Aug 13 05:13:09.117105 n kernel: hci0: length 1
Aug 13 05:13:09.117117 n kernel: hci0 cmd_cnt 1 cmd queued 1
Aug 13 05:13:09.117134 n kernel: hci0: skb 00000000e4bccf40
Aug 13 05:13:09.119948 n kernel: hci0: result 0x00
Aug 13 05:13:09.119960 n kernel: hci0: end: err 0
Aug 13 05:13:09.119968 n kernel: hci0: Opcode 0x2002
Aug 13 05:13:09.119976 n kernel: hci0: opcode 0x2002 plen 0
Aug 13 05:13:09.119989 n kernel: hci0: skb len 3
Aug 13 05:13:09.119996 n kernel: hci0: length 1
Aug 13 05:13:09.120007 n kernel: hci0 cmd_cnt 1 cmd queued 1
Aug 13 05:13:09.120014 n kernel: hci0: skb 000000003f13d58b
Aug 13 05:13:09.122938 n kernel: hci0: result 0x00
Aug 13 05:13:09.122948 n kernel: hci0: end: err 0
Aug 13 05:13:09.122961 n kernel: hci0: Opcode 0x201c
Aug 13 05:13:09.122970 n kernel: hci0: opcode 0x201c plen 0
Aug 13 05:13:09.122979 n kernel: hci0: skb len 3
Aug 13 05:13:09.122987 n kernel: hci0: length 1
Aug 13 05:13:09.122995 n kernel: hci0 cmd_cnt 1 cmd queued 1
Aug 13 05:13:09.123004 n kernel: hci0: skb 00000000c0981f41
Aug 13 05:13:09.125934 n kernel: hci0: result 0x00
Aug 13 05:13:09.125947 n kernel: hci0: end: err 0
Aug 13 05:13:09.125969 n kernel: hci0: 
Aug 13 05:13:09.125987 n kernel: hci0: Opcode 0x0c01
Aug 13 05:13:09.126000 n kernel: hci0: opcode 0x0c01 plen 8
Aug 13 05:13:09.126017 n kernel: hci0: skb len 11
Aug 13 05:13:09.126031 n kernel: hci0: length 1
Aug 13 05:13:09.126044 n kernel: hci0 cmd_cnt 1 cmd queued 1
Aug 13 05:13:09.126062 n kernel: hci0: skb 00000000efd002c8
Aug 13 05:13:09.128944 n kernel: hci0: result 0x00
Aug 13 05:13:09.128958 n kernel: hci0: end: err 0
Aug 13 05:13:09.128978 n kernel: hci0: Opcode 0x0c0d
Aug 13 05:13:09.128991 n kernel: hci0: opcode 0x0c0d plen 7
Aug 13 05:13:09.129006 n kernel: hci0: skb len 10
Aug 13 05:13:09.129031 n kernel: hci0: length 1
Aug 13 05:13:09.129044 n kernel: hci0 cmd_cnt 1 cmd queued 1
Aug 13 05:13:09.129056 n kernel: hci0: skb 00000000e5a80595
Aug 13 05:13:09.131922 n kernel: hci0: result 0x00
Aug 13 05:13:09.131938 n kernel: hci0: end: err 0
Aug 13 05:13:09.131952 n kernel: hci0: Opcode 0x080f
Aug 13 05:13:09.131960 n kernel: hci0: opcode 0x080f plen 2
Aug 13 05:13:09.131969 n kernel: hci0: skb len 5
Aug 13 05:13:09.131983 n kernel: hci0: length 1
Aug 13 05:13:09.131994 n kernel: hci0 cmd_cnt 1 cmd queued 1
Aug 13 05:13:09.132003 n kernel: hci0: skb 000000001c9c9c73
Aug 13 05:13:09.134945 n kernel: hci0: result 0x00
Aug 13 05:13:09.134959 n kernel: hci0: end: err 0
Aug 13 05:13:09.134972 n kernel: hci0: Opcode 0x0c1b
Aug 13 05:13:09.134984 n kernel: hci0: opcode 0x0c1b plen 0
Aug 13 05:13:09.134997 n kernel: hci0: skb len 3
Aug 13 05:13:09.135010 n kernel: hci0: length 1
Aug 13 05:13:09.135028 n kernel: hci0 cmd_cnt 1 cmd queued 1
Aug 13 05:13:09.135046 n kernel: hci0: skb 000000007c5bf84f
Aug 13 05:13:09.137943 n kernel: hci0: result 0x00
Aug 13 05:13:09.137966 n kernel: hci0: end: err 0
Aug 13 05:13:09.137979 n kernel: hci0: Opcode 0x0c46
Aug 13 05:13:09.138003 n kernel: hci0: opcode 0x0c46 plen 0
Aug 13 05:13:09.138016 n kernel: hci0: skb len 3
Aug 13 05:13:09.138033 n kernel: hci0: length 1
Aug 13 05:13:09.138097 n kernel: hci0 cmd_cnt 1 cmd queued 1
Aug 13 05:13:09.138116 n kernel: hci0: skb 000000009d5f668c
Aug 13 05:13:09.141000 n kernel: hci0: result 0x00
Aug 13 05:13:09.141026 n kernel: hci0: end: err 0
Aug 13 05:13:09.141043 n kernel: hci0: Opcode 0x1004
Aug 13 05:13:09.141060 n kernel: hci0: opcode 0x1004 plen 1
Aug 13 05:13:09.141076 n kernel: hci0: skb len 4
Aug 13 05:13:09.141093 n kernel: hci0: length 1
Aug 13 05:13:09.141109 n kernel: hci0 cmd_cnt 1 cmd queued 1
Aug 13 05:13:09.141125 n kernel: hci0: skb 000000002b107599
Aug 13 05:13:09.144977 n kernel: hci0: result 0x00
Aug 13 05:13:09.144997 n kernel: hci0: end: err 0
Aug 13 05:13:09.145043 n kernel: hci0: Opcode 0x2001
Aug 13 05:13:09.145059 n kernel: hci0: opcode 0x2001 plen 8
Aug 13 05:13:09.145075 n kernel: hci0: skb len 11
Aug 13 05:13:09.145091 n kernel: hci0: length 1
Aug 13 05:13:09.145118 n kernel: hci0 cmd_cnt 1 cmd queued 1
Aug 13 05:13:09.145134 n kernel: hci0: skb 00000000b9557aa4
Aug 13 05:13:09.147946 n kernel: hci0: result 0x00
Aug 13 05:13:09.147957 n kernel: hci0: end: err 0
Aug 13 05:13:09.147973 n kernel: hci0: Opcode 0x2007
Aug 13 05:13:09.147983 n kernel: hci0: opcode 0x2007 plen 0
Aug 13 05:13:09.147992 n kernel: hci0: skb len 3
Aug 13 05:13:09.148000 n kernel: hci0: length 1
Aug 13 05:13:09.148009 n kernel: hci0 cmd_cnt 1 cmd queued 1
Aug 13 05:13:09.148017 n kernel: hci0: skb 0000000028bfed1a
Aug 13 05:13:09.150984 n kernel: hci0: result 0x00
Aug 13 05:13:09.151007 n kernel: hci0: end: err 0
Aug 13 05:13:09.151026 n kernel: hci0: Opcode 0x200f
Aug 13 05:13:09.151057 n kernel: hci0: opcode 0x200f plen 0
Aug 13 05:13:09.151080 n kernel: hci0: skb len 3
Aug 13 05:13:09.151096 n kernel: hci0: length 1
Aug 13 05:13:09.151126 n kernel: hci0 cmd_cnt 1 cmd queued 1
Aug 13 05:13:09.151142 n kernel: hci0: skb 00000000f52778ba
Aug 13 05:13:09.153968 n kernel: hci0: result 0x00
Aug 13 05:13:09.153988 n kernel: hci0: end: err 0
Aug 13 05:13:09.154004 n kernel: hci0: Opcode 0x2010
Aug 13 05:13:09.154020 n kernel: hci0: opcode 0x2010 plen 0
Aug 13 05:13:09.154037 n kernel: hci0: skb len 3
Aug 13 05:13:09.154053 n kernel: hci0: length 1
Aug 13 05:13:09.154084 n kernel: hci0 cmd_cnt 1 cmd queued 1
Aug 13 05:13:09.154108 n kernel: hci0: skb 0000000006910d46
Aug 13 05:13:09.156939 n kernel: hci0: result 0x00
Aug 13 05:13:09.156952 n kernel: hci0: end: err 0
Aug 13 05:13:09.156975 n kernel: hci0: Opcode 0x202a
Aug 13 05:13:09.156988 n kernel: hci0: opcode 0x202a plen 0
Aug 13 05:13:09.157003 n kernel: hci0: skb len 3
Aug 13 05:13:09.157025 n kernel: hci0: length 1
Aug 13 05:13:09.157037 n kernel: hci0 cmd_cnt 1 cmd queued 1
Aug 13 05:13:09.157055 n kernel: hci0: skb 000000004b4857d2
Aug 13 05:13:09.159935 n kernel: hci0: result 0x00
Aug 13 05:13:09.159948 n kernel: hci0: end: err 0
Aug 13 05:13:09.159960 n kernel: hci0: Opcode 0x2029
Aug 13 05:13:09.159973 n kernel: hci0: opcode 0x2029 plen 0
Aug 13 05:13:09.159986 n kernel: hci0: skb len 3
Aug 13 05:13:09.159998 n kernel: hci0: length 1
Aug 13 05:13:09.160011 n kernel: hci0 cmd_cnt 1 cmd queued 1
Aug 13 05:13:09.160034 n kernel: hci0: skb 00000000ef8cbc3d
Aug 13 05:13:09.162926 n kernel: hci0: result 0x00
Aug 13 05:13:09.162933 n kernel: hci0: end: err 0
Aug 13 05:13:09.162946 n kernel: hci0: Opcode 0x202e
Aug 13 05:13:09.162953 n kernel: hci0: opcode 0x202e plen 2
Aug 13 05:13:09.162960 n kernel: hci0: skb len 5
Aug 13 05:13:09.162975 n kernel: hci0: length 1
Aug 13 05:13:09.162982 n kernel: hci0 cmd_cnt 1 cmd queued 1
Aug 13 05:13:09.162989 n kernel: hci0: skb 00000000f4b138ec
Aug 13 05:13:09.165935 n kernel: hci0: result 0x00
Aug 13 05:13:09.165948 n kernel: hci0: end: err 0
Aug 13 05:13:09.165972 n kernel: hci0: Opcode 0x0c6d
Aug 13 05:13:09.165985 n kernel: hci0: opcode 0x0c6d plen 2
Aug 13 05:13:09.166004 n kernel: hci0: skb len 5
Aug 13 05:13:09.166016 n kernel: hci0: length 1
Aug 13 05:13:09.166029 n kernel: hci0 cmd_cnt 1 cmd queued 1
Aug 13 05:13:09.166042 n kernel: hci0: skb 000000005deec493
Aug 13 05:13:09.168935 n kernel: hci0: result 0x00
Aug 13 05:13:09.168961 n kernel: hci0: end: err 0
Aug 13 05:13:09.168977 n kernel: hci0: 
Aug 13 05:13:09.169000 n kernel: hci0: Opcode 0x0c12
Aug 13 05:13:09.169016 n kernel: hci0: opcode 0x0c12 plen 7
Aug 13 05:13:09.169041 n kernel: hci0: skb len 10
Aug 13 05:13:09.169057 n kernel: hci0: length 1
Aug 13 05:13:09.169072 n kernel: hci0 cmd_cnt 1 cmd queued 1
Aug 13 05:13:09.169088 n kernel: hci0: skb 000000009c83bc16
Aug 13 05:13:09.171964 n kernel: hci0: result 0x00
Aug 13 05:13:09.171981 n kernel: hci0: end: err 0
Aug 13 05:13:09.171997 n kernel: hci0: Opcode 0x0c77
Aug 13 05:13:09.172033 n kernel: hci0: opcode 0x0c77 plen 0
Aug 13 05:13:09.172056 n kernel: hci0: skb len 3
Aug 13 05:13:09.172077 n kernel: hci0: length 1
Aug 13 05:13:09.172093 n kernel: hci0 cmd_cnt 1 cmd queued 1
Aug 13 05:13:09.172115 n kernel: hci0: skb 00000000f61d4e4e
Aug 13 05:13:09.174978 n kernel: hci0: result 0x00
Aug 13 05:13:09.174998 n kernel: hci0: end: err 0
Aug 13 05:13:09.175017 n kernel: hci0: Opcode 0x0c7a
Aug 13 05:13:09.175037 n kernel: hci0: opcode 0x0c7a plen 1
Aug 13 05:13:09.175081 n kernel: hci0: skb len 4
Aug 13 05:13:09.175099 n kernel: hci0: length 1
Aug 13 05:13:09.175114 n kernel: hci0 cmd_cnt 1 cmd queued 1
Aug 13 05:13:09.175130 n kernel: hci0: skb 0000000014c09ae4
Aug 13 05:13:09.177993 n kernel: hci0: result 0x00
Aug 13 05:13:09.178040 n kernel: hci0: end: err 0
Aug 13 05:13:09.178057 n kernel: hci0: Opcode 0x0c1a
Aug 13 05:13:09.178079 n kernel: hci0: opcode 0x0c1a plen 1
Aug 13 05:13:09.178096 n kernel: hci0: skb len 4
Aug 13 05:13:09.178111 n kernel: hci0: length 1
Aug 13 05:13:09.178127 n kernel: hci0 cmd_cnt 1 cmd queued 1
Aug 13 05:13:09.178143 n kernel: hci0: skb 00000000d4dd9f6d
Aug 13 05:13:09.180978 n kernel: hci0: result 0x00
Aug 13 05:13:09.180997 n kernel: hci0: end: err 0
Aug 13 05:13:09.181017 n kernel: hci0: 
Aug 13 05:13:09.181054 n kernel: hci0: Opcode 0x0c24
Aug 13 05:13:09.181080 n kernel: hci0: opcode 0x0c24 plen 3
Aug 13 05:13:09.181097 n kernel: hci0: skb len 6
Aug 13 05:13:09.181113 n kernel: hci0: length 1
Aug 13 05:13:09.181129 n kernel: hci0 cmd_cnt 1 cmd queued 1
Aug 13 05:13:09.181144 n kernel: hci0: skb 00000000a798af0b
Aug 13 05:13:09.183946 n kernel: hci0: result 0x00
Aug 13 05:13:09.183963 n kernel: hci0: end: err 0
Aug 13 05:13:09.183970 n kernel: hci0: Opcode 0x0c13
Aug 13 05:13:09.183977 n kernel: hci0: opcode 0x0c13 plen 248
Aug 13 05:13:09.183988 n kernel: hci0: skb len 251
Aug 13 05:13:09.183995 n kernel: hci0: length 1
Aug 13 05:13:09.184002 n kernel: hci0 cmd_cnt 1 cmd queued 1
Aug 13 05:13:09.184012 n kernel: hci0: skb 00000000bad2882c
Aug 13 05:13:09.186976 n kernel: hci0: result 0x00
Aug 13 05:13:09.186987 n kernel: hci0: end: err 0
Aug 13 05:13:09.186996 n kernel: hci0: 
Aug 13 05:13:09.187005 n kernel: hci0: Opcode 0x0c52
Aug 13 05:13:09.187017 n kernel: hci0: opcode 0x0c52 plen 241
Aug 13 05:13:09.187028 n kernel: hci0: skb len 244
Aug 13 05:13:09.187037 n kernel: hci0: length 1
Aug 13 05:13:09.187049 n kernel: hci0 cmd_cnt 1 cmd queued 1
Aug 13 05:13:09.187057 n kernel: hci0: skb 0000000093f6cdfd
Aug 13 05:13:09.189958 n kernel: hci0: result 0x00
Aug 13 05:13:09.189974 n kernel: hci0: end: err 0
Aug 13 05:13:09.189987 n kernel: hci0: entry 0000000095e83748
Aug 13 05:13:09.190001 n kernel: hci0: ADV monitoring is off
Aug 13 05:13:09.190046 n kernel: hci0: stopping background scanning
Aug 13 05:13:09.190070 n kernel: hci0: 
Aug 13 05:13:11.725097 n kernel: hci0
Aug 13 05:13:11.725122 n kernel: hci0
Aug 13 05:13:11.725139 n kernel: hci0
Aug 13 05:13:11.726961 n kernel: hci0: dst AA:BB:CC:00:00:01
Aug 13 05:13:11.726976 n kernel: hci0: dst AA:BB:CC:00:00:01 handle 0x0f00
Aug 13 05:13:11.726989 n kernel: hci0 evt 1
Aug 13 05:13:11.727009 n kernel: hci0 opcode 0x0409 plen 7
Aug 13 05:13:11.727024 n kernel: hci0: skb len 10
Aug 13 05:13:11.727037 n kernel: hci0 cmd_cnt 1 cmd queued 1
Aug 13 05:13:11.727060 n kernel: hci0: skb 00000000077d4483
Aug 13 05:13:11.991958 n kernel: hci0: hcon 0000000054cb7ea9 handle 0x0001
Aug 13 05:13:11.992075 n kernel: hci0 opcode 0x041b plen 2
Aug 13 05:13:11.992114 n kernel: hci0: skb len 5
Aug 13 05:13:11.992128 n kernel: hci0: 
Aug 13 05:13:11.992147 n kernel: hci0: entry 000000002f80a166
Aug 13 05:13:11.992162 n kernel: hci0 cmd_cnt 1 cmd queued 1
Aug 13 05:13:11.992177 n kernel: hci0: skb 000000006619d87f
Aug 13 05:13:12.008913 n kernel: hci0 opcode 0x041c plen 3
Aug 13 05:13:12.008985 n kernel: hci0: skb len 6
Aug 13 05:13:12.009008 n kernel: hci0 cmd_cnt 1 cmd queued 1
Aug 13 05:13:12.009024 n kernel: hci0: skb 00000000d703738c
Aug 13 05:13:12.015990 n kernel: hci0 opcode 0x0419 plen 10
Aug 13 05:13:12.016048 n kernel: hci0: skb len 13
Aug 13 05:13:12.016075 n kernel: hci0 hcon 0000000054cb7ea9
Aug 13 05:13:12.016099 n kernel: hci0 cmd_cnt 1 cmd queued 1
Aug 13 05:13:12.016115 n kernel: hci0: skb 00000000a8e6324c
Aug 13 05:13:12.121928 n kernel: hci0 opcode 0x040b plen 22
Aug 13 05:13:12.122011 n kernel: hci0: skb len 25
Aug 13 05:13:12.122039 n kernel: hci0 cmd_cnt 1 cmd queued 1
Aug 13 05:13:12.122052 n kernel: hci0: skb 0000000014ed716e
Aug 13 05:13:12.196117 n kernel: hci0 opcode 0x1408 plen 2
Aug 13 05:13:12.196152 n kernel: hci0: skb len 5
Aug 13 05:13:12.196191 n kernel: hci0 cmd_cnt 1 cmd queued 1
Aug 13 05:13:12.196217 n kernel: hci0: skb 000000002a138aa6
Aug 13 05:13:28.805970 n kernel: hci0: 
Aug 13 05:13:28.805993 n kernel: hci0: entry 00000000607d6bf4
Aug 13 05:13:28.806014 n kernel: hci0: ADV monitoring is off
Aug 13 05:13:28.806026 n kernel: hci0: stopping background scanning
Aug 13 05:13:28.806051 n kernel: hci0: 
Aug 13 05:13:28.806063 n kernel: hci0: entry 000000009c7b6c6a
Aug 13 05:13:28.806080 n kernel: hci0: Opcode 0x0c3a
Aug 13 05:13:28.806094 n kernel: hci0: opcode 0x0c3a plen 4
Aug 13 05:13:28.806105 n kernel: hci0: skb len 7
Aug 13 05:13:28.806117 n kernel: hci0: length 1
Aug 13 05:13:28.806135 n kernel: hci0 cmd_cnt 1 cmd queued 1
Aug 13 05:13:28.806148 n kernel: hci0: skb 00000000915a8ef1
Aug 13 05:13:28.808962 n kernel: hci0: result 0x00
Aug 13 05:13:28.808981 n kernel: hci0: end: err 0
Aug 13 05:13:28.808989 n kernel: hci0: Opcode 0x0c1a
Aug 13 05:13:28.809005 n kernel: hci0: opcode 0x0c1a plen 1
Aug 13 05:13:28.809017 n kernel: hci0: skb len 4
Aug 13 05:13:28.809035 n kernel: hci0: length 1
Aug 13 05:13:28.809046 n kernel: hci0 cmd_cnt 1 cmd queued 1
Aug 13 05:13:28.809058 n kernel: hci0: skb 00000000726b606e
Aug 13 05:13:28.812959 n kernel: hci0: result 0x00
Aug 13 05:13:28.812974 n kernel: hci0: end: err 0
Aug 13 05:13:28.812993 n kernel: hci0: 
Aug 13 05:13:28.813027 n kernel: hci0: state 0 -> 1
Aug 13 05:13:28.813049 n kernel: hci0: 
Aug 13 05:13:28.813061 n kernel: hci0: entry 00000000f82e01a6
Aug 13 05:13:28.813075 n kernel: hci0: type 7
Aug 13 05:13:28.813085 n kernel: hci0: 
Aug 13 05:13:28.813098 n kernel: hci0: cancelling interleave scan
Aug 13 05:13:28.813113 n kernel: hci0: Opcode 0x2005
Aug 13 05:13:28.813122 n kernel: hci0: opcode 0x2005 plen 6
Aug 13 05:13:28.813134 n kernel: hci0: skb len 9
Aug 13 05:13:28.813146 n kernel: hci0: length 1
Aug 13 05:13:28.813159 n kernel: hci0 cmd_cnt 1 cmd queued 1
Aug 13 05:13:28.813193 n kernel: hci0: skb 0000000026bc7daa
Aug 13 05:13:28.815950 n kernel: hci0: result 0x00
Aug 13 05:13:28.815970 n kernel: hci0: end: err 0
Aug 13 05:13:28.815986 n kernel: hci0: Opcode 0x200b
Aug 13 05:13:28.816002 n kernel: hci0: opcode 0x200b plen 7
Aug 13 05:13:28.816020 n kernel: hci0: skb len 10
Aug 13 05:13:28.816031 n kernel: hci0: length 1
Aug 13 05:13:28.816043 n kernel: hci0 cmd_cnt 1 cmd queued 1
Aug 13 05:13:28.816058 n kernel: hci0: skb 00000000b4ba105a
Aug 13 05:13:28.817944 n kernel: Bluetooth: hci0: unexpected event for opcode 0x2005
Aug 13 05:13:28.819938 n kernel: hci0: result 0x00
Aug 13 05:13:28.819958 n kernel: hci0: end: err 0
Aug 13 05:13:28.819970 n kernel: hci0: Opcode 0x200c
Aug 13 05:13:28.819992 n kernel: hci0: opcode 0x200c plen 2
Aug 13 05:13:28.820005 n kernel: hci0: skb len 5
Aug 13 05:13:28.820019 n kernel: hci0: length 1
Aug 13 05:13:28.820032 n kernel: hci0 cmd_cnt 1 cmd queued 1
Aug 13 05:13:28.820047 n kernel: hci0: skb 00000000b295855d
Aug 13 05:13:28.822915 n kernel: hci0: state 1 -> 2
Aug 13 05:13:28.822963 n kernel: hci0: result 0x00
Aug 13 05:13:28.822974 n kernel: hci0: end: err 0
Aug 13 05:13:28.822984 n kernel: hci0: timeout 5120 ms
Aug 13 05:13:34.268967 n kernel: hci0: 
Aug 13 05:13:34.269075 n kernel: hci0: 
Aug 13 05:13:34.269142 n kernel: hci0: entry 00000000b0526daf
Aug 13 05:13:34.269160 n kernel: hci0: Opcode 0x200c
Aug 13 05:13:34.269185 n kernel: hci0: opcode 0x200c plen 2
Aug 13 05:13:34.269209 n kernel: hci0: skb len 5
Aug 13 05:13:34.269266 n kernel: hci0: length 1
Aug 13 05:13:34.269302 n kernel: hci0 cmd_cnt 1 cmd queued 1
Aug 13 05:13:34.269326 n kernel: hci0: skb 0000000064e7d694
Aug 13 05:13:34.271997 n kernel: hci0: result 0x00
Aug 13 05:13:34.272040 n kernel: hci0: 
Aug 13 05:13:34.272067 n kernel: hci0: end: err 0
Aug 13 05:13:34.272083 n kernel: hci0: entry 00000000b5533011
Aug 13 05:13:34.272100 n kernel: hci0: 
Aug 13 05:13:34.272130 n kernel: hci0: Opcode 0x0401
Aug 13 05:13:34.272149 n kernel: hci0: opcode 0x0401 plen 5
Aug 13 05:13:34.272172 n kernel: hci0: skb len 8
Aug 13 05:13:34.272188 n kernel: hci0: length 1
Aug 13 05:13:34.272211 n kernel: hci0 cmd_cnt 1 cmd queued 1
Aug 13 05:13:34.272233 n kernel: hci0: skb 00000000a0d028ae
Aug 13 05:13:34.275005 n kernel: hci0: result 0x00
Aug 13 05:13:34.275047 n kernel: hci0: end: err 0
Aug 13 05:13:34.275065 n kernel: hci0: entry 00000000079adf67
Aug 13 05:13:34.275090 n kernel: hci0: 
Aug 13 05:13:34.275118 n kernel: hci0: 
Aug 13 05:13:36.268971 n kernel: hci0 hcon 0000000054cb7ea9 chan 00000000c7fd34c8
Aug 13 05:13:36.269064 n kernel: hci0: 
Aug 13 05:13:36.269102 n kernel: hci0: entry 000000008b5a17b2
Aug 13 05:13:36.277926 n kernel: hci0 hcon 0000000054cb7ea9 handle 1
Aug 13 05:13:36.277975 n kernel: hci0: hcon 0000000054cb7ea9
Aug 13 05:13:36.286039 n kernel: hci0 evt 2
Aug 13 05:13:37.260134 n kernel: hci0: dst AA:BB:CC:00:00:01
Aug 13 05:13:37.260164 n kernel: hci0: dst AA:BB:CC:00:00:01 handle 0x0f00
Aug 13 05:13:37.260182 n kernel: hci0 evt 1
Aug 13 05:13:37.260223 n kernel: hci0 opcode 0x0409 plen 7
Aug 13 05:13:37.260260 n kernel: hci0: skb len 10
Aug 13 05:13:37.260277 n kernel: hci0 cmd_cnt 1 cmd queued 1
Aug 13 05:13:37.260310 n kernel: hci0: skb 00000000bad2882c
Aug 13 05:13:37.535996 n kernel: hci0: hcon 0000000054cb7ea9 handle 0x0002
Aug 13 05:13:37.536078 n kernel: hci0 opcode 0x041b plen 2
Aug 13 05:13:37.536112 n kernel: hci0: skb len 5
Aug 13 05:13:37.536125 n kernel: hci0: 
Aug 13 05:13:37.536137 n kernel: hci0: entry 00000000c3a9fa8c
Aug 13 05:13:37.536153 n kernel: hci0 cmd_cnt 1 cmd queued 1
Aug 13 05:13:37.536162 n kernel: hci0: skb 00000000e14e3d1c
Aug 13 05:13:37.583982 n kernel: hci0 opcode 0x041c plen 3
Aug 13 05:13:37.584109 n kernel: hci0: skb len 6
Aug 13 05:13:37.584140 n kernel: hci0 cmd_cnt 1 cmd queued 1
Aug 13 05:13:37.584166 n kernel: hci0: skb 00000000cbd100b7
Aug 13 05:13:37.687048 n kernel: hci0 opcode 0x0419 plen 10
Aug 13 05:13:37.687058 n kernel: hci0: skb len 13
Aug 13 05:13:37.687072 n kernel: hci0 hcon 0000000054cb7ea9
Aug 13 05:13:37.687088 n kernel: hci0 cmd_cnt 1 cmd queued 1
Aug 13 05:13:37.687098 n kernel: hci0: skb 0000000037228843
Aug 13 05:13:38.580949 n kernel: hci0 opcode 0x040b plen 22
Aug 13 05:13:38.581089 n kernel: hci0: skb len 25
Aug 13 05:13:38.581112 n kernel: hci0 cmd_cnt 1 cmd queued 1
Aug 13 05:13:38.581128 n kernel: hci0: skb 00000000edd1f831
Aug 13 05:13:38.981079 n kernel: hci0 opcode 0x1408 plen 2
Aug 13 05:13:38.981098 n kernel: hci0: skb len 5
Aug 13 05:13:38.981115 n kernel: hci0 cmd_cnt 1 cmd queued 1
Aug 13 05:13:38.981127 n kernel: hci0: skb 000000007c2bc4fd
Aug 13 05:13:39.399977 n kernel: hci0: state 2 -> 0
Aug 13 05:13:39.400016 n kernel: hci0: 
Aug 13 05:13:39.400033 n kernel: hci0: entry 000000006b4e1048
Aug 13 05:13:39.400045 n kernel: hci0: ADV monitoring is off
Aug 13 05:13:39.400057 n kernel: hci0: stopping background scanning
Aug 13 05:13:44.610565 n kernel: hci0: state 0 -> 1
Aug 13 05:13:44.610583 n kernel: hci0: 
Aug 13 05:13:44.610607 n kernel: hci0: entry 00000000ab64a8f1
Aug 13 05:13:44.610622 n kernel: hci0: type 7
Aug 13 05:13:44.610636 n kernel: hci0: 
Aug 13 05:13:44.610644 n kernel: hci0: cancelling interleave scan
Aug 13 05:13:44.610656 n kernel: hci0: Opcode 0x2005
Aug 13 05:13:44.610671 n kernel: hci0: opcode 0x2005 plen 6
Aug 13 05:13:44.610680 n kernel: hci0: skb len 9
Aug 13 05:13:44.610693 n kernel: hci0: length 1
Aug 13 05:13:44.610703 n kernel: hci0 cmd_cnt 1 cmd queued 1
Aug 13 05:13:44.610718 n kernel: hci0: skb 000000003933d41b
Aug 13 05:13:44.613413 n kernel: hci0: result 0x00
Aug 13 05:13:44.613442 n kernel: hci0: end: err 0
Aug 13 05:13:44.613466 n kernel: hci0: Opcode 0x200b
Aug 13 05:13:44.613498 n kernel: hci0: opcode 0x200b plen 7
Aug 13 05:13:44.613530 n kernel: hci0: skb len 10
Aug 13 05:13:44.613546 n kernel: hci0: length 1
Aug 13 05:13:44.613562 n kernel: hci0 cmd_cnt 1 cmd queued 1
Aug 13 05:13:44.613578 n kernel: hci0: skb 000000001034513a
Aug 13 05:13:44.616015 n kernel: Bluetooth: hci0: unexpected event for opcode 0x2005
Aug 13 05:13:44.618002 n kernel: hci0: result 0x00
Aug 13 05:13:44.618022 n kernel: hci0: end: err 0
Aug 13 05:13:44.618045 n kernel: hci0: Opcode 0x200c
Aug 13 05:13:44.618062 n kernel: hci0: opcode 0x200c plen 2
Aug 13 05:13:44.618086 n kernel: hci0: skb len 5
Aug 13 05:13:44.618102 n kernel: hci0: length 1
Aug 13 05:13:44.618119 n kernel: hci0 cmd_cnt 1 cmd queued 1
Aug 13 05:13:44.618135 n kernel: hci0: skb 00000000560b7eb9
Aug 13 05:13:44.620941 n kernel: hci0: state 1 -> 2
Aug 13 05:13:44.621020 n kernel: hci0: result 0x00
Aug 13 05:13:44.621037 n kernel: hci0: end: err 0
Aug 13 05:13:44.621059 n kernel: hci0: timeout 5120 ms
Aug 13 05:13:47.299064 n kernel: hci0 opcode 0x0804 plen 2
Aug 13 05:13:47.299120 n kernel: hci0: skb len 5
Aug 13 05:13:47.299151 n kernel: hci0 cmd_cnt 1 cmd queued 1
Aug 13 05:13:47.299188 n kernel: hci0: skb 000000005c803a5e
Aug 13 05:13:47.614925 n kernel: hci0: 
Aug 13 05:13:47.614955 n kernel: hci0 hcon 0000000054cb7ea9 chan 00000000c7fd34c8
Aug 13 05:13:47.614968 n kernel: hci0: entry 000000004c9059d3
Aug 13 05:13:47.623945 n kernel: hci0 hcon 0000000054cb7ea9 handle 2
Aug 13 05:13:47.624048 n kernel: hci0: hcon 0000000054cb7ea9
Aug 13 05:13:47.628013 n kernel: hci0 evt 2
Aug 13 05:13:50.140972 n kernel: hci0: 
Aug 13 05:13:50.141088 n kernel: hci0: 
Aug 13 05:13:50.141137 n kernel: hci0: entry 000000008ac7fbd9
Aug 13 05:13:50.141169 n kernel: hci0: Opcode 0x200c
Aug 13 05:13:50.141221 n kernel: hci0: opcode 0x200c plen 2
Aug 13 05:13:50.141244 n kernel: hci0: skb len 5
Aug 13 05:13:50.141265 n kernel: hci0: length 1
Aug 13 05:13:50.141284 n kernel: hci0 cmd_cnt 1 cmd queued 1
Aug 13 05:13:50.141293 n kernel: hci0: skb 000000009b378370
Aug 13 05:13:50.144030 n kernel: hci0: result 0x00
Aug 13 05:13:50.144056 n kernel: hci0: 
Aug 13 05:13:50.144087 n kernel: hci0: end: err 0
Aug 13 05:13:50.144103 n kernel: hci0: entry 00000000d0252f36
Aug 13 05:13:50.144133 n kernel: hci0: 
Aug 13 05:13:50.144155 n kernel: hci0: Opcode 0x0401
Aug 13 05:13:50.144185 n kernel: hci0: opcode 0x0401 plen 5
Aug 13 05:13:50.144209 n kernel: hci0: skb len 8
Aug 13 05:13:50.144225 n kernel: hci0: length 1
Aug 13 05:13:50.144244 n kernel: hci0 cmd_cnt 1 cmd queued 1
Aug 13 05:13:50.144264 n kernel: hci0: skb 0000000038d6a628
Aug 13 05:13:50.147130 n kernel: hci0: result 0x00
Aug 13 05:13:50.147159 n kernel: hci0: end: err 0
Aug 13 05:13:50.147182 n kernel: hci0: entry 00000000f46d0cdd
Aug 13 05:13:50.147219 n kernel: hci0: 
Aug 13 05:13:50.147237 n kernel: hci0: 
Aug 13 05:13:54.716970 n kernel: hci0: dst AA:BB:CC:00:00:01
Aug 13 05:13:54.717004 n kernel: hci0: dst AA:BB:CC:00:00:01 handle 0x0f00
Aug 13 05:13:54.717020 n kernel: hci0 evt 1
Aug 13 05:13:54.717029 n kernel: hci0 hcon 0000000099537ec8
Aug 13 05:13:54.717041 n kernel: hci0: 
Aug 13 05:13:54.717054 n kernel: hci0: entry 00000000c78cecd5
Aug 13 05:13:54.717068 n kernel: hci0: Opcode 0x0402
Aug 13 05:13:54.717080 n kernel: hci0: opcode 0x0402 plen 0
Aug 13 05:13:54.717089 n kernel: hci0: skb len 3
Aug 13 05:13:54.717105 n kernel: hci0: length 1
Aug 13 05:13:54.717126 n kernel: hci0 cmd_cnt 1 cmd queued 1
Aug 13 05:13:54.717137 n kernel: hci0: skb 0000000052ab9919
Aug 13 05:13:54.719937 n kernel: hci0: state 2 -> 0
Aug 13 05:13:54.719978 n kernel: hci0: result 0x00
Aug 13 05:13:54.719994 n kernel: hci0: end: err 0
Aug 13 05:13:54.720018 n kernel: hci0: Opcode 0x0405
Aug 13 05:13:54.720027 n kernel: hci0: opcode 0x0405 plen 13
Aug 13 05:13:54.720037 n kernel: hci0: skb len 16
Aug 13 05:13:54.720044 n kernel: hci0: length 1
Aug 13 05:13:54.720054 n kernel: hci0 cmd_cnt 1 cmd queued 1
Aug 13 05:13:54.720063 n kernel: hci0: skb 000000007c5bf84f
Aug 13 05:13:54.912079 n kernel: hci0: hcon 0000000099537ec8 handle 0x0004
Aug 13 05:13:54.912118 n kernel: hci0 opcode 0x041b plen 2
Aug 13 05:13:54.912149 n kernel: hci0: skb len 5
Aug 13 05:13:54.912175 n kernel: hci0: result 0x00
Aug 13 05:13:54.912207 n kernel: hci0 cmd_cnt 1 cmd queued 1
Aug 13 05:13:54.912231 n kernel: hci0: skb 00000000b49a1058
Aug 13 05:13:54.912257 n kernel: hci0: end: err 0
Aug 13 05:13:54.912281 n kernel: hci0: entry 00000000e1a55729
Aug 13 05:13:54.912297 n kernel: hci0: Opcode 0x0c1a
Aug 13 05:13:54.912335 n kernel: hci0: opcode 0x0c1a plen 1
Aug 13 05:13:54.912359 n kernel: hci0: skb len 4
Aug 13 05:13:54.912390 n kernel: hci0: length 1
Aug 13 05:13:54.912404 n kernel: hci0 cmd_cnt 0 cmd queued 1
Aug 13 05:13:54.922935 n kernel: hci0 cmd_cnt 1 cmd queued 1
Aug 13 05:13:54.923011 n kernel: hci0: skb 00000000f4983313
Aug 13 05:13:54.925947 n kernel: hci0: result 0x00
Aug 13 05:13:54.925962 n kernel: hci0: end: err 0
Aug 13 05:13:54.925976 n kernel: hci0: ADV monitoring is off
Aug 13 05:13:54.925990 n kernel: hci0: stopping background scanning
Aug 13 05:13:54.926006 n kernel: hci0: entry 000000008a46d54f
Aug 13 05:13:54.926021 n kernel: hci0: ADV monitoring is off
Aug 13 05:13:54.926034 n kernel: hci0: stopping background scanning
Aug 13 05:13:54.926047 n kernel: hci0: entry 000000004c9059d3
Aug 13 05:13:54.926060 n kernel: hci0: 
Aug 13 05:13:54.930910 n kernel: hci0 opcode 0x041c plen 3
Aug 13 05:13:54.930943 n kernel: hci0: skb len 6
Aug 13 05:13:54.930955 n kernel: hci0 cmd_cnt 1 cmd queued 1
Aug 13 05:13:54.930969 n kernel: hci0: skb 00000000d510d0a6
Aug 13 05:13:54.937996 n kernel: hci0 opcode 0x0419 plen 10
Aug 13 05:13:54.938029 n kernel: hci0: skb len 13
Aug 13 05:13:54.938052 n kernel: hci0 cmd_cnt 1 cmd queued 1
Aug 13 05:13:54.938074 n kernel: hci0: skb 0000000037228843
Aug 13 05:13:55.007063 n kernel: hci0 opcode 0x0411 plen 2
Aug 13 05:13:55.007087 n kernel: hci0: skb len 5
Aug 13 05:13:55.007111 n kernel: hci0 cmd_cnt 1 cmd queued 1
Aug 13 05:13:55.007135 n kernel: hci0: skb 000000001e584593
Aug 13 05:13:55.010938 n kernel: hci0 opcode 0x040b plen 22
Aug 13 05:13:55.010977 n kernel: hci0: skb len 25
Aug 13 05:13:55.011021 n kernel: hci0 cmd_cnt 1 cmd queued 1
Aug 13 05:13:55.011043 n kernel: hci0: skb 000000007c86c2ff
Aug 13 05:13:55.072942 n kernel: hci0 opcode 0x0413 plen 3
Aug 13 05:13:55.072986 n kernel: hci0: skb len 6
Aug 13 05:13:55.073040 n kernel: hci0 cmd_cnt 1 cmd queued 1
Aug 13 05:13:55.073057 n kernel: hci0: skb 0000000001c31ffe
Aug 13 05:13:55.128109 n kernel: hci0 opcode 0x1408 plen 2
Aug 13 05:13:55.128144 n kernel: hci0: skb len 5
Aug 13 05:13:55.128171 n kernel: hci0 cmd_cnt 1 cmd queued 1
Aug 13 05:13:55.128198 n kernel: hci0: skb 00000000cbf3e44d
Aug 13 05:13:55.469990 n kernel: hci0: 
Aug 13 05:13:55.470001 n kernel: hci0: entry 0000000046341d6b
Aug 13 05:13:55.470009 n kernel: hci0: ADV monitoring is off
Aug 13 05:13:55.470017 n kernel: hci0: stopping background scanning
Aug 13 05:13:55.470037 n kernel: hci0: 
Aug 13 05:13:55.470047 n kernel: hci0: entry 00000000a115b5aa
Aug 13 05:13:55.470056 n kernel: hci0: Opcode 0x0c3a
Aug 13 05:13:55.470071 n kernel: hci0: opcode 0x0c3a plen 4
Aug 13 05:13:55.470081 n kernel: hci0: skb len 7
Aug 13 05:13:55.470097 n kernel: hci0: length 1
Aug 13 05:13:55.470105 n kernel: hci0 cmd_cnt 1 cmd queued 1
Aug 13 05:13:55.470115 n kernel: hci0: skb 0000000052ab9919
Aug 13 05:13:55.474938 n kernel: hci0: result 0x00
Aug 13 05:13:55.474949 n kernel: hci0: end: err 0
Aug 13 05:13:55.474959 n kernel: hci0: Opcode 0x0c1a
Aug 13 05:13:55.474968 n kernel: hci0: opcode 0x0c1a plen 1
Aug 13 05:13:55.474978 n kernel: hci0: skb len 4
Aug 13 05:13:55.474992 n kernel: hci0: length 1
Aug 13 05:13:55.475002 n kernel: hci0 cmd_cnt 1 cmd queued 1
Aug 13 05:13:55.475012 n kernel: hci0: skb 00000000ec0f3931
Aug 13 05:13:55.478934 n kernel: hci0: result 0x00
Aug 13 05:13:55.478943 n kernel: hci0: end: err 0
Aug 13 05:13:55.478955 n kernel: hci0: 
Aug 13 05:13:57.480937 n kernel: hci0: 
Aug 13 05:13:57.480950 n kernel: hci0: entry 000000001e6cb375
Aug 13 05:13:57.480969 n kernel: hci0: Opcode 0x0c1a
Aug 13 05:13:57.480983 n kernel: hci0: opcode 0x0c1a plen 1
Aug 13 05:13:57.480997 n kernel: hci0: skb len 4
Aug 13 05:13:57.481015 n kernel: hci0: length 1
Aug 13 05:13:57.481025 n kernel: hci0 cmd_cnt 1 cmd queued 1
Aug 13 05:13:57.481033 n kernel: hci0: skb 00000000bb61bb40
Aug 13 05:13:57.483928 n kernel: hci0: result 0x00
Aug 13 05:13:57.483945 n kernel: hci0: end: err 0
Aug 13 05:13:57.483958 n kernel: hci0: ADV monitoring is off
Aug 13 05:13:57.483967 n kernel: hci0: stopping background scanning
Aug 13 05:14:16.715009 n kernel: hci0: dst AA:BB:CC:00:00:01
Aug 13 05:14:16.715019 n kernel: hci0: dst AA:BB:CC:00:00:01 handle 0x0f00
Aug 13 05:14:16.715039 n kernel: hci0: parent 0000000099537ec8 hcon 0000000054cb7ea9
Aug 13 05:14:16.715075 n kernel: hci0: hcon 0000000054cb7ea9
Aug 13 05:14:16.715095 n kernel: hci0 opcode 0x0428 plen 17
Aug 13 05:14:16.715115 n kernel: hci0: skb len 20
Aug 13 05:14:16.715135 n kernel: hci0 cmd_cnt 1 cmd queued 1
Aug 13 05:14:16.715155 n kernel: hci0: skb 0000000039546ce4
Aug 13 05:14:16.820980 n kernel: hci0: hcon 0000000054cb7ea9 handle 0x0005
Aug 13 05:14:16.821087 n kernel: hci0 evt 5
Aug 13 05:14:16.823940 n kernel: hci0
Aug 13 05:14:16.824016 n kernel: hci0
Aug 13 05:14:28.434988 n kernel: hci0: handle 0x05 reason 0x13
Aug 13 05:14:28.434998 n kernel: hci0: 
Aug 13 05:14:28.435010 n kernel: hci0: entry 000000006889e9bc
Aug 13 05:14:28.435022 n kernel: hci0: Opcode 0x0406
Aug 13 05:14:28.435029 n kernel: hci0: opcode 0x0406 plen 3
Aug 13 05:14:28.435037 n kernel: hci0: skb len 6
Aug 13 05:14:28.435050 n kernel: hci0: length 1
Aug 13 05:14:28.435066 n kernel: hci0 cmd_cnt 1 cmd queued 1
Aug 13 05:14:28.435073 n kernel: hci0: skb 00000000522dc856
Aug 13 05:14:28.455967 n kernel: hci0: parent 0000000099537ec8 hcon 0000000054cb7ea9
Aug 13 05:14:30.460947 n kernel: hci0: end: err -110
Aug 13 05:14:30.461003 n kernel: Bluetooth: hci0: command 0x0406 tx timeout
Aug 13 05:14:30.461016 n kernel: hci0: status 0x13
Aug 13 05:14:30.461025 n kernel: hci0: err 0x6e
Aug 13 05:14:30.461034 n kernel: hci0 hcon 0000000054cb7ea9 handle 5
Aug 13 05:14:30.461044 n kernel: hci0 cmd_cnt 1 cmd queued 0
Aug 13 05:14:30.461053 n kernel: hci0: hcon 0000000054cb7ea9
Aug 13 05:14:30.483095 n kernel: hci0 evt 6
Aug 13 05:14:35.710958 n kernel: Bluetooth: hci0: setting interface failed (110)
Aug 13 05:14:46.837943 n kernel: hci0: 
Aug 13 05:14:46.837962 n kernel: hci0: entry 000000003e288947
Aug 13 05:14:46.837979 n kernel: hci0: ADV monitoring is off
Aug 13 05:14:46.837989 n kernel: hci0: stopping background scanning
Aug 13 05:14:46.838015 n kernel: hci0: 
Aug 13 05:14:46.838024 n kernel: hci0: entry 000000009278b467
Aug 13 05:14:46.838035 n kernel: hci0: Opcode 0x0c3a
Aug 13 05:14:46.838047 n kernel: hci0: opcode 0x0c3a plen 4
Aug 13 05:14:46.838057 n kernel: hci0: skb len 7
Aug 13 05:14:46.838067 n kernel: hci0: length 1
Aug 13 05:14:46.838077 n kernel: hci0 cmd_cnt 1 cmd queued 1
Aug 13 05:14:46.838087 n kernel: hci0: skb 000000003cfd3b49
Aug 13 05:14:48.893292 n kernel: Bluetooth: hci0: command 0x0406 tx timeout
Aug 13 05:14:48.893373 n kernel: hci0: end: err -110
Aug 13 05:14:48.893400 n kernel: hci0: err 0x6e
Aug 13 05:14:48.893427 n kernel: Bluetooth: hci0: Opcode 0x0c3a failed: -110
Aug 13 05:14:48.893461 n kernel: hci0 cmd_cnt 1 cmd queued 0
Aug 13 05:14:48.893546 n kernel: hci0: state 0 -> 1
Aug 13 05:14:48.893576 n kernel: hci0: 
Aug 13 05:14:48.893607 n kernel: hci0: entry 00000000147fe462
Aug 13 05:14:48.893637 n kernel: hci0: type 7
Aug 13 05:14:48.893662 n kernel: hci0: 
Aug 13 05:14:48.893682 n kernel: hci0: cancelling interleave scan
Aug 13 05:14:48.893711 n kernel: hci0: Opcode 0x2005
Aug 13 05:14:48.893735 n kernel: hci0: opcode 0x2005 plen 6
Aug 13 05:14:48.893756 n kernel: hci0: skb len 9
Aug 13 05:14:48.893780 n kernel: hci0: length 1
Aug 13 05:14:48.893809 n kernel: hci0 cmd_cnt 1 cmd queued 1
Aug 13 05:14:48.893838 n kernel: hci0: skb 000000003f0ad755
Aug 13 05:14:50.940941 n kernel: Bluetooth: hci0: command 0x0406 tx timeout
Aug 13 05:14:50.941044 n kernel: hci0: err 0x6e
Aug 13 05:14:50.941069 n kernel: hci0: end: err -110
Aug 13 05:14:50.941092 n kernel: hci0 cmd_cnt 1 cmd queued 0
Aug 13 05:14:50.941110 n kernel: Bluetooth: hci0: Opcode 0x2005 failed: -110
Aug 13 05:14:50.941133 n kernel: hci0: Opcode 0x200b
Aug 13 05:14:50.941157 n kernel: hci0: opcode 0x200b plen 7
Aug 13 05:14:50.941179 n kernel: hci0: skb len 10
Aug 13 05:14:50.941201 n kernel: hci0: length 1
Aug 13 05:14:50.941215 n kernel: hci0 cmd_cnt 1 cmd queued 1
Aug 13 05:14:50.941231 n kernel: hci0: skb 000000000381b0ea
Aug 13 05:14:52.990124 n kernel: Bluetooth: hci0: command 0x0406 tx timeout
Aug 13 05:14:52.990177 n kernel: hci0: err 0x6e
Aug 13 05:14:52.990209 n kernel: hci0 cmd_cnt 1 cmd queued 0
Aug 13 05:14:52.990232 n kernel: hci0: end: err -110
Aug 13 05:14:52.990267 n kernel: Bluetooth: hci0: Opcode 0x200b failed: -110
Aug 13 05:14:52.990308 n kernel: hci0: state 1 -> 0
Aug 13 05:14:52.990340 n kernel: hci0: entry 00000000b8a92f46
Aug 13 05:14:52.990373 n kernel: hci0: ADV monitoring is off
Aug 13 05:14:52.990409 n kernel: hci0: stopping background scanning
Aug 13 05:14:52.990437 n kernel: hci0: 
Aug 13 05:14:54.700936 n kernel: 00000000dfe65253 name hci0 blocked 1
Aug 13 05:14:54.704035 n kernel: hci0 00000000dfe65253
Aug 13 05:14:54.704116 n kernel: hci0: Opcode 0x0c1a
Aug 13 05:14:54.704172 n kernel: hci0: opcode 0x0c1a plen 1
Aug 13 05:14:54.704188 n kernel: hci0: skb len 4
Aug 13 05:14:54.704220 n kernel: hci0: length 1
Aug 13 05:14:54.704244 n kernel: hci0 cmd_cnt 1 cmd queued 1
Aug 13 05:14:54.704266 n kernel: hci0: skb 00000000eb53b0de
Aug 13 05:14:56.765189 n kernel: Bluetooth: hci0: command 0x0406 tx timeout
Aug 13 05:14:56.765345 n kernel: hci0: end: err -110
Aug 13 05:14:56.765375 n kernel: Bluetooth: hci0: Opcode 0x0c1a failed: -110
Aug 13 05:14:56.765407 n kernel: hci0: err 0x6e
Aug 13 05:14:56.765434 n kernel: hci0 cmd_cnt 1 cmd queued 0
Aug 13 05:14:56.765470 n kernel: Bluetooth: hci0: Error when powering off device on rfkill (-110)
Aug 13 05:14:56.765493 n kernel: hci0 00000000dfe65253
Aug 13 05:14:56.765515 n kernel: hci0: 
Aug 13 05:14:56.772926 n kernel: hci0: err 0x13
Aug 13 05:14:56.772954 n kernel: hci0: cancelling interleave scan
Aug 13 05:14:56.772987 n kernel: hdev hci0
Aug 13 05:14:56.773004 n kernel: hci0 hcon 0000000099537ec8 chan 000000004f7dbd06
Aug 13 05:14:56.776910 n kernel: hci0 hcon 0000000099537ec8 handle 4
Aug 13 05:14:56.776947 n kernel: hci0: hcon 0000000099537ec8
Aug 13 05:14:56.789009 n kernel: hci0 evt 2
Aug 13 05:14:56.789026 n kernel: hci0
Aug 13 05:14:56.789042 n kernel: hci0: err 0x02
Aug 13 05:14:56.789056 n kernel: hci0: err 0x02
Aug 13 05:14:56.789073 n kernel: hci0: err 0x02
Aug 13 05:14:56.789086 n kernel: hci0: err 0x02
Aug 13 05:14:56.789095 n kernel: hci0: err 0x02
Aug 13 05:14:56.789104 n kernel: hci0
Aug 13 05:14:57.782157 n kernel: 00000000dfe65253 name hci0 blocked 0
Aug 13 05:14:57.782216 n kernel: hci0: 
Aug 13 05:14:57.782240 n kernel: hci0: entry 000000001ba06cb8
Aug 13 05:14:57.782258 n kernel: hci0: 
Aug 13 05:14:57.782274 n kernel: hci0
Aug 13 05:14:57.782301 n kernel: hci0
Aug 13 05:14:57.782332 n kernel: hci0
Aug 13 05:14:57.782359 n kernel: hci0
Aug 13 05:14:57.782376 n kernel: hci0: 
Aug 13 05:14:57.782390 n kernel: hci0: 
Aug 13 05:14:57.782405 n kernel: hci0: Opcode 0x0c03
Aug 13 05:14:57.782419 n kernel: hci0: opcode 0x0c03 plen 0
Aug 13 05:14:57.782436 n kernel: hci0: skb len 3
Aug 13 05:14:57.782456 n kernel: hci0: length 1
Aug 13 05:14:57.782471 n kernel: hci0 cmd_cnt 1 cmd queued 1
Aug 13 05:14:57.782485 n kernel: hci0: skb 00000000a7160e65
Aug 13 05:14:59.836060 n kernel: hci0: end: err -110
Aug 13 05:14:59.836245 n kernel: Bluetooth: hci0: Opcode 0x0c03 failed: -110
Aug 13 05:14:59.836273 n kernel: hci0
Aug 13 05:14:59.836304 n kernel: hci0: err 0x02
Aug 13 05:14:59.836319 n kernel: hci0
Aug 13 05:15:01.171040 n kernel: 00000000dfe65253 name hci0 blocked 0
Aug 13 05:15:01.171085 n kernel: hci0: 
Aug 13 05:15:01.171098 n kernel: hci0: entry 000000005e8bd131
Aug 13 05:15:01.171115 n kernel: hci0: 
Aug 13 05:15:01.171122 n kernel: hci0
Aug 13 05:15:01.171133 n kernel: hci0
Aug 13 05:15:01.171144 n kernel: hci0
Aug 13 05:15:01.171154 n kernel: hci0
Aug 13 05:15:01.171169 n kernel: hci0: 
Aug 13 05:15:01.171181 n kernel: hci0: 
Aug 13 05:15:01.171192 n kernel: hci0: Opcode 0x0c03
Aug 13 05:15:01.171204 n kernel: hci0: opcode 0x0c03 plen 0
Aug 13 05:15:01.171211 n kernel: hci0: skb len 3
Aug 13 05:15:01.171223 n kernel: hci0: length 1
Aug 13 05:15:01.171233 n kernel: hci0 cmd_cnt 1 cmd queued 1
Aug 13 05:15:01.171241 n kernel: hci0: skb 00000000fa9abe5f
Aug 13 05:15:03.228190 n kernel: hci0: end: err -110
Aug 13 05:15:03.228342 n kernel: Bluetooth: hci0: Opcode 0x0c03 failed: -110
Aug 13 05:15:03.228458 n kernel: hci0
Aug 13 05:15:03.228499 n kernel: hci0: err 0x02
Aug 13 05:15:03.228524 n kernel: hci0
