Aug 14 18:21:50.900236 n systemd[1]: Starting bluetooth.service - Bluetooth service...
Aug 14 18:21:50.900298 n (uetoothd)[2821]: bluetooth.service: ConfigurationDirectory 'bluetooth' already exists but the mode is different. (File system: 755 ConfigurationDirectoryMode: 555)
Aug 14 18:21:50.937472 n bluetoothd[2821]: Bluetooth daemon 5.72
Aug 14 18:21:50.937867 n bluetoothd[2821]: src/main.c:parse_config() parsing /etc/bluetooth/main.conf
Aug 14 18:21:50.938688 n systemd[1]: Started bluetooth.service - Bluetooth service.
Aug 14 18:21:50.939188 n bluetoothd[2821]: src/adapter.c:adapter_init() sending read version command
Aug 14 18:21:50.939601 n bluetoothd[2821]: Starting SDP server
Aug 14 18:21:50.939634 n bluetoothd[2821]: src/sdpd-service.c:register_device_id() Adding device id record for 0002:1d6b:0246:0548
Aug 14 18:21:50.939647 n bluetoothd[2821]: src/plugin.c:plugin_init() Loading builtin plugins
Aug 14 18:21:50.939656 n bluetoothd[2821]: src/plugin.c:add_plugin() Loading hostname plugin
Aug 14 18:21:50.939663 n bluetoothd[2821]: src/plugin.c:add_plugin() Loading wiimote plugin
Aug 14 18:21:50.939670 n bluetoothd[2821]: src/plugin.c:add_plugin() Loading autopair plugin
Aug 14 18:21:50.939676 n bluetoothd[2821]: src/plugin.c:add_plugin() Loading policy plugin
Aug 14 18:21:50.939683 n bluetoothd[2821]: src/plugin.c:add_plugin() Loading neard plugin
Aug 14 18:21:50.939690 n bluetoothd[2821]: src/plugin.c:add_plugin() Loading sap plugin
Aug 14 18:21:50.939697 n bluetoothd[2821]: src/plugin.c:add_plugin() Loading a2dp plugin
Aug 14 18:21:50.939703 n bluetoothd[2821]: src/plugin.c:add_plugin() Loading avrcp plugin
Aug 14 18:21:50.939711 n bluetoothd[2821]: src/plugin.c:add_plugin() Loading network plugin
Aug 14 18:21:50.939717 n bluetoothd[2821]: src/plugin.c:add_plugin() Loading input plugin
Aug 14 18:21:50.939724 n bluetoothd[2821]: src/plugin.c:add_plugin() Loading hog plugin
Aug 14 18:21:50.939731 n bluetoothd[2821]: src/plugin.c:add_plugin() Loading health plugin
Aug 14 18:21:50.939738 n bluetoothd[2821]: src/plugin.c:add_plugin() Loading gap plugin
Aug 14 18:21:50.939744 n bluetoothd[2821]: src/plugin.c:add_plugin() Loading scanparam plugin
Aug 14 18:21:50.939751 n bluetoothd[2821]: src/plugin.c:add_plugin() Loading deviceinfo plugin
Aug 14 18:21:50.939757 n bluetoothd[2821]: src/plugin.c:add_plugin() Loading midi plugin
Aug 14 18:21:50.939765 n bluetoothd[2821]: src/plugin.c:add_plugin() Loading battery plugin
Aug 14 18:21:50.939771 n bluetoothd[2821]: src/plugin.c:add_plugin() Loading bap plugin
Aug 14 18:21:50.939779 n bluetoothd[2821]: src/plugin.c:add_plugin() Loading bass plugin
Aug 14 18:21:50.939788 n bluetoothd[2821]: src/plugin.c:add_plugin() Loading mcp plugin
Aug 14 18:21:50.939795 n bluetoothd[2821]: src/plugin.c:add_plugin() Loading vcp plugin
Aug 14 18:21:50.939802 n bluetoothd[2821]: src/plugin.c:add_plugin() Loading micp plugin
Aug 14 18:21:50.939808 n bluetoothd[2821]: src/plugin.c:add_plugin() Loading csip plugin
Aug 14 18:21:50.939815 n bluetoothd[2821]: src/plugin.c:plugin_init() Loading plugins /usr/lib/x86_64-linux-gnu/bluetooth/plugins
Aug 14 18:21:50.940563 n bluetoothd[2821]: src/plugin.c:add_plugin() Loading sixaxis plugin
Aug 14 18:21:50.940916 n bluetoothd[2821]: src/profile.c:btd_profile_register() D-Bus experimental not enabled
Aug 14 18:21:50.940923 n bluetoothd[2821]: src/plugin.c:plugin_init() System does not support csip plugin
Aug 14 18:21:50.940929 n bluetoothd[2821]: profiles/audio/micp.c:micp_init() D-Bus experimental not enabled
Aug 14 18:21:50.940933 n bluetoothd[2821]: src/plugin.c:plugin_init() System does not support micp plugin
Aug 14 18:21:50.940938 n bluetoothd[2821]: src/profile.c:btd_profile_register() D-Bus experimental not enabled
Aug 14 18:21:50.940942 n bluetoothd[2821]: src/plugin.c:plugin_init() System does not support vcp plugin
Aug 14 18:21:50.940946 n bluetoothd[2821]: src/profile.c:btd_profile_register() D-Bus experimental not enabled
Aug 14 18:21:50.940950 n bluetoothd[2821]: src/plugin.c:plugin_init() System does not support mcp plugin
Aug 14 18:21:50.940954 n bluetoothd[2821]: src/profile.c:btd_profile_register() D-Bus experimental not enabled
Aug 14 18:21:50.940958 n bluetoothd[2821]: src/plugin.c:plugin_init() System does not support bass plugin
Aug 14 18:21:50.940963 n bluetoothd[2821]: src/profile.c:btd_profile_register() D-Bus experimental not enabled
Aug 14 18:21:50.940967 n bluetoothd[2821]: src/plugin.c:plugin_init() System does not support bap plugin
Aug 14 18:21:50.941086 n bluetoothd[2821]: profiles/health/hdp.c:hdp_manager_start() Starting Health manager
Aug 14 18:21:50.941103 n bluetoothd[2821]: profiles/input/suspend-none.c:suspend_init()
Aug 14 18:21:50.941300 n bluetoothd[2821]: profiles/network/manager.c:read_config() /etc/bluetooth/network.conf: Key file does not have key “DisableSecurity” in group “General”
Aug 14 18:21:50.941311 n bluetoothd[2821]: profiles/network/manager.c:read_config() Config options: Security=true
Aug 14 18:21:50.945252 n bluetoothd[2821]: plugins/neard.c:neard_init() Setup neard plugin
Aug 14 18:21:50.945475 n bluetoothd[2821]: plugins/hostname.c:read_dmi_fallback() chassis: laptop
Aug 14 18:21:50.945485 n bluetoothd[2821]: plugins/hostname.c:read_dmi_fallback() major: 0x01 minor: 0x03
Aug 14 18:21:50.945496 n bluetoothd[2821]: plugins/hostname.c:read_transient_hostname() read transient hostname: 'n'
Aug 14 18:21:50.946018 n bluetoothd[2821]: plugins/sixaxis.c:sixaxis_init()
Aug 14 18:21:50.946116 n bluetoothd[2821]: src/main.c:main() Entering main loop
Aug 14 18:21:50.946169 n bluetoothd[2821]: src/shared/mgmt.c:send_request() [0xffff] command 0x0001
Aug 14 18:21:50.946179 n bluetoothd[2821]: src/rfkill.c:rfkill_event() RFKILL event idx 0 type 2 op 0 soft 0 hard 0
Aug 14 18:21:50.946190 n bluetoothd[2821]: src/shared/mgmt.c:can_read_data() [0xffff] command 0x0001 complete: 0x00
Aug 14 18:21:50.946196 n bluetoothd[2821]: Bluetooth management interface 1.23 initialized
Aug 14 18:21:50.946201 n bluetoothd[2821]: src/adapter.c:read_version_complete() sending read supported commands command
Aug 14 18:21:50.946210 n bluetoothd[2821]: src/adapter.c:read_version_complete() sending read index list command
Aug 14 18:21:50.946217 n bluetoothd[2821]: src/rfkill.c:rfkill_event() RFKILL event idx 1 type 1 op 0 soft 0 hard 0
Aug 14 18:21:50.946231 n bluetoothd[2821]: src/shared/mgmt.c:send_request() [0xffff] command 0x0002
Aug 14 18:21:50.946241 n bluetoothd[2821]: src/shared/mgmt.c:can_read_data() [0xffff] command 0x0002 complete: 0x00
Aug 14 18:21:50.946245 n bluetoothd[2821]: src/adapter.c:read_commands_complete() Number of commands: 89
Aug 14 18:21:50.946250 n bluetoothd[2821]: src/adapter.c:read_commands_complete() Number of events: 44
Aug 14 18:21:50.946254 n bluetoothd[2821]: src/adapter.c:read_commands_complete() enabling kernel-side connection control
Aug 14 18:21:50.946258 n bluetoothd[2821]: src/adapter.c:read_commands_complete() kernel supports the set_blocked_keys op
Aug 14 18:21:50.946263 n bluetoothd[2821]: src/adapter.c:read_commands_complete() kernel supports controller cap command
Aug 14 18:21:50.946267 n bluetoothd[2821]: src/adapter.c:read_commands_complete() kernel supports exp features
Aug 14 18:21:50.946272 n bluetoothd[2821]: src/adapter.c:read_commands_complete() kernel supports set system confic
Aug 14 18:21:50.946276 n bluetoothd[2821]: src/adapter.c:read_commands_complete() kernel supports ext adv commands
Aug 14 18:21:50.946283 n bluetoothd[2821]: src/adapter.c:read_commands_complete() kernel supports suspend/resume events
Aug 14 18:21:50.946296 n bluetoothd[2821]: src/shared/mgmt.c:send_request() [0xffff] command 0x0003
Aug 14 18:21:50.946305 n bluetoothd[2821]: src/shared/mgmt.c:can_read_data() [0xffff] command 0x0003 complete: 0x00
Aug 14 18:21:50.946310 n bluetoothd[2821]: src/adapter.c:read_index_list_complete() Number of controllers: 1
Aug 14 18:21:50.946314 n bluetoothd[2821]: src/adapter.c:read_index_list_complete() Found index 0
Aug 14 18:21:50.946319 n bluetoothd[2821]: src/adapter.c:index_added() index 0
Aug 14 18:21:50.946324 n bluetoothd[2821]: src/adapter.c:reset_adv_monitors() sending remove Adv Monitor command with handle 0
Aug 14 18:21:50.946358 n bluetoothd[2821]: src/adapter.c:btd_adapter_new() System name: BlueZ 5.72
Aug 14 18:21:50.946363 n bluetoothd[2821]: src/adapter.c:btd_adapter_new() Major class: 0
Aug 14 18:21:50.946367 n bluetoothd[2821]: src/adapter.c:btd_adapter_new() Minor class: 0
Aug 14 18:21:50.946372 n bluetoothd[2821]: src/adapter.c:btd_adapter_new() Modalias: usb:v1D6Bp0246d0548
Aug 14 18:21:50.946376 n bluetoothd[2821]: src/adapter.c:btd_adapter_new() Discoverable timeout: 180 seconds
Aug 14 18:21:50.946380 n bluetoothd[2821]: src/adapter.c:btd_adapter_new() Pairable timeout: 0 seconds
Aug 14 18:21:50.946473 n bluetoothd[2821]: src/shared/mgmt.c:send_request() [0x0000] command 0x0053
Aug 14 18:21:50.946533 n bluetoothd[2821]: src/shared/mgmt.c:can_read_data() [0x0000] command 0x0053 complete: 0x00
Aug 14 18:21:50.946538 n bluetoothd[2821]: src/adapter.c:reset_adv_monitors_complete() Removed all Adv Monitors
Aug 14 18:21:50.946557 n bluetoothd[2821]: src/shared/mgmt.c:send_request() [0x0000] command 0x0049
Aug 14 18:21:50.946567 n bluetoothd[2821]: src/shared/mgmt.c:can_read_data() [0x0000] command 0x0049 complete: 0x00
Aug 14 18:21:50.946573 n bluetoothd[2821]: src/adapter.c:read_exp_features_complete() index 0 status 0x00
Aug 14 18:21:50.946577 n bluetoothd[2821]: src/adapter.c:read_exp_features_complete() <UUID-01> flags 0 action 0
Aug 14 18:21:50.946582 n bluetoothd[2821]: src/adapter.c:read_exp_features_complete() <UUID-02> flags 0 action 0
Aug 14 18:21:50.946587 n bluetoothd[2821]: src/adapter.c:read_info() sending read info command for index 0
Aug 14 18:21:50.946603 n bluetoothd[2821]: src/shared/mgmt.c:send_request() [0x0000] command 0x0004
Aug 14 18:21:50.946612 n bluetoothd[2821]: src/shared/mgmt.c:can_read_data() [0x0000] command 0x0004 complete: 0x00
Aug 14 18:21:50.946617 n bluetoothd[2821]: src/adapter.c:read_info_complete() index 0 status 0x00
Aug 14 18:21:50.946622 n bluetoothd[2821]: src/adapter.c:clear_uuids() sending clear uuids command for index 0
Aug 14 18:21:50.946628 n bluetoothd[2821]: src/adapter.c:clear_devices() sending clear devices command for index 0
Aug 14 18:21:50.946637 n bluetoothd[2821]: src/adapter.c:set_mode() sending set mode command for index 0
Aug 14 18:21:50.946646 n bluetoothd[2821]: src/adapter.c:set_mode() sending set mode command for index 0
Aug 14 18:21:50.946654 n bluetoothd[2821]: src/adapter.c:set_mode() sending set mode command for index 0
Aug 14 18:21:50.946661 n bluetoothd[2821]: src/adapter.c:set_privacy() sending set privacy command for index 0
Aug 14 18:21:50.946668 n bluetoothd[2821]: src/adapter.c:set_privacy() setting privacy mode 0x00 for index 0
Aug 14 18:21:50.946684 n bluetoothd[2821]: src/battery.c:manager_new()
Aug 14 18:21:50.946691 n bluetoothd[2821]: Battery Provider Manager created
Aug 14 18:21:50.960376 n bluetoothd[2821]: src/gatt-database.c:btd_gatt_database_new() GATT Manager registered for adapter: /org/bluez/hci0
Aug 14 18:21:50.960527 n bluetoothd[2821]: src/adapter.c:adapter_service_add() /org/bluez/hci0
Aug 14 18:21:50.960535 n bluetoothd[2821]: src/sdpd-service.c:add_record_to_server() Adding record with handle 0x10001
Aug 14 18:21:50.960542 n bluetoothd[2821]: src/sdpd-service.c:add_record_to_server() Record pattern UUID 00000007-0000-1000-8000-00805f9
Aug 14 18:21:50.960547 n bluetoothd[2821]: src/sdpd-service.c:add_record_to_server() Record pattern UUID 00000100-0000-1000-8000-00805f9
Aug 14 18:21:50.960552 n bluetoothd[2821]: src/sdpd-service.c:add_record_to_server() Record pattern UUID 00001002-0000-1000-8000-00805f9
Aug 14 18:21:50.960557 n bluetoothd[2821]: src/sdpd-service.c:add_record_to_server() Record pattern UUID 00001800-0000-1000-8000-00805f9
Aug 14 18:21:50.960563 n bluetoothd[2821]: src/adapter.c:adapter_service_insert() /org/bluez/hci0
Aug 14 18:21:50.960569 n bluetoothd[2821]: src/adapter.c:add_uuid() sending add uuid command for index 0
Aug 14 18:21:50.960581 n bluetoothd[2821]: src/adapter.c:adapter_service_add() /org/bluez/hci0
Aug 14 18:21:50.960587 n bluetoothd[2821]: src/sdpd-service.c:add_record_to_server() Adding record with handle 0x10002
Aug 14 18:21:50.960592 n bluetoothd[2821]: src/sdpd-service.c:add_record_to_server() Record pattern UUID 00000007-0000-1000-8000-00805f9
Aug 14 18:21:50.960597 n bluetoothd[2821]: src/sdpd-service.c:add_record_to_server() Record pattern UUID 00000100-0000-1000-8000-00805f9
Aug 14 18:21:50.960601 n bluetoothd[2821]: src/sdpd-service.c:add_record_to_server() Record pattern UUID 00001002-0000-1000-8000-00805f9
Aug 14 18:21:50.960606 n bluetoothd[2821]: src/sdpd-service.c:add_record_to_server() Record pattern UUID 00001801-0000-1000-8000-00805f9
Aug 14 18:21:50.960611 n bluetoothd[2821]: src/adapter.c:adapter_service_insert() /org/bluez/hci0
Aug 14 18:21:50.960616 n bluetoothd[2821]: src/adapter.c:add_uuid() sending add uuid command for index 0
Aug 14 18:21:50.960624 n bluetoothd[2821]: src/adapter.c:adapter_service_add() /org/bluez/hci0
Aug 14 18:21:50.960628 n bluetoothd[2821]: src/sdpd-service.c:add_record_to_server() Adding record with handle 0x10003
Aug 14 18:21:50.960633 n bluetoothd[2821]: src/sdpd-service.c:add_record_to_server() Record pattern UUID 00000007-0000-1000-8000-00805f9
Aug 14 18:21:50.960637 n bluetoothd[2821]: src/sdpd-service.c:add_record_to_server() Record pattern UUID 00000100-0000-1000-8000-00805f9
Aug 14 18:21:50.960642 n bluetoothd[2821]: src/sdpd-service.c:add_record_to_server() Record pattern UUID 00001002-0000-1000-8000-00805f9
Aug 14 18:21:50.960646 n bluetoothd[2821]: src/sdpd-service.c:add_record_to_server() Record pattern UUID 0000180a-0000-1000-8000-00805f9
Aug 14 18:21:50.960651 n bluetoothd[2821]: src/adapter.c:adapter_service_insert() /org/bluez/hci0
Aug 14 18:21:50.960656 n bluetoothd[2821]: src/adapter.c:add_uuid() sending add uuid command for index 0
Aug 14 18:21:50.960661 n bluetoothd[2821]: src/advertising.c:btd_adv_manager_new() LE Advertising Manager created for adapter: /org/bluez/hci0
Aug 14 18:21:50.961184 n bluetoothd[2821]: profiles/audio/a2dp.c:media_server_probe() path /org/bluez/hci0
Aug 14 18:21:50.961200 n bluetoothd[2821]: plugins/policy.c:policy_adapter_probe()
Aug 14 18:21:50.961320 n bluetoothd[2821]: src/adapter.c:adapter_set_power_state() off-enabling
Aug 14 18:21:50.961327 n bluetoothd[2821]: src/adapter.c:set_mode() sending set mode command for index 0
Aug 14 18:21:50.961334 n bluetoothd[2821]: plugins/hostname.c:hostname_probe()
Aug 14 18:21:50.961339 n bluetoothd[2821]: plugins/hostname.c:update_class() major: 0x01 minor: 0x03
Aug 14 18:21:50.961344 n bluetoothd[2821]: src/adapter.c:btd_adapter_set_class() class: major 1 minor 3
Aug 14 18:21:50.961349 n bluetoothd[2821]: src/adapter.c:set_dev_class() sending set device class command for index 0
Aug 14 18:21:50.961521 n bluetoothd[2821]: profiles/network/manager.c:panu_server_probe() path /org/bluez/hci0
Aug 14 18:21:50.961545 n bluetoothd[2821]: profiles/network/server.c:server_register() Registered interface org.bluez.NetworkServer1 on path /org/bluez/hci0
Aug 14 18:21:50.961551 n bluetoothd[2821]: profiles/network/manager.c:gn_server_probe() path /org/bluez/hci0
Aug 14 18:21:50.961555 n bluetoothd[2821]: profiles/network/manager.c:nap_server_probe() path /org/bluez/hci0
Aug 14 18:21:50.961560 n bluetoothd[2821]: profiles/audio/avrcp.c:avrcp_controller_server_probe() path /org/bluez/hci0
Aug 14 18:21:50.961597 n bluetoothd[2821]: src/adapter.c:adapter_service_add() /org/bluez/hci0
Aug 14 18:21:50.961603 n bluetoothd[2821]: src/sdpd-service.c:add_record_to_server() Adding record with handle 0x10004
Aug 14 18:21:50.961608 n bluetoothd[2821]: src/sdpd-service.c:add_record_to_server() Record pattern UUID 00000017-0000-1000-8000-00805f9
Aug 14 18:21:50.961612 n bluetoothd[2821]: src/sdpd-service.c:add_record_to_server() Record pattern UUID 00000100-0000-1000-8000-00805f9
Aug 14 18:21:50.961617 n bluetoothd[2821]: src/sdpd-service.c:add_record_to_server() Record pattern UUID 00001002-0000-1000-8000-00805f9
Aug 14 18:21:50.961621 n bluetoothd[2821]: src/sdpd-service.c:add_record_to_server() Record pattern UUID 0000110e-0000-1000-8000-00805f9
Aug 14 18:21:50.961625 n bluetoothd[2821]: src/sdpd-service.c:add_record_to_server() Record pattern UUID 0000110f-0000-1000-8000-00805f9
Aug 14 18:21:50.961630 n bluetoothd[2821]: src/adapter.c:adapter_service_insert() /org/bluez/hci0
Aug 14 18:21:50.961635 n bluetoothd[2821]: src/adapter.c:add_uuid() sending add uuid command for index 0
Aug 14 18:21:50.961640 n bluetoothd[2821]: profiles/audio/avrcp.c:avrcp_target_server_probe() path /org/bluez/hci0
Aug 14 18:21:50.961648 n bluetoothd[2821]: src/adapter.c:adapter_service_add() /org/bluez/hci0
Aug 14 18:21:50.961652 n bluetoothd[2821]: src/sdpd-service.c:add_record_to_server() Adding record with handle 0x10005
Aug 14 18:21:50.961658 n bluetoothd[2821]: src/sdpd-service.c:add_record_to_server() Record pattern UUID 00000017-0000-1000-8000-00805f9
Aug 14 18:21:50.961662 n bluetoothd[2821]: src/sdpd-service.c:add_record_to_server() Record pattern UUID 00000100-0000-1000-8000-00805f9
Aug 14 18:21:50.961667 n bluetoothd[2821]: src/sdpd-service.c:add_record_to_server() Record pattern UUID 00001002-0000-1000-8000-00805f9
Aug 14 18:21:50.961671 n bluetoothd[2821]: src/sdpd-service.c:add_record_to_server() Record pattern UUID 0000110c-0000-1000-8000-00805f9
Aug 14 18:21:50.961676 n bluetoothd[2821]: src/sdpd-service.c:add_record_to_server() Record pattern UUID 0000110e-0000-1000-8000-00805f9
Aug 14 18:21:50.961680 n bluetoothd[2821]: src/adapter.c:adapter_service_insert() /org/bluez/hci0
Aug 14 18:21:50.961685 n bluetoothd[2821]: src/adapter.c:add_uuid() sending add uuid command for index 0
Aug 14 18:21:50.961689 n bluetoothd[2821]: profiles/audio/a2dp.c:a2dp_sink_server_probe() path /org/bluez/hci0
Aug 14 18:21:50.961694 n bluetoothd[2821]: profiles/audio/a2dp.c:a2dp_source_server_probe() path /org/bluez/hci0
Aug 14 18:21:50.961698 n bluetoothd[2821]: profiles/sap/manager.c:sap_server_probe() path /org/bluez/hci0
Aug 14 18:21:50.961711 n bluetoothd[2821]: profiles/sap/server.c:sap_server_register() Sap driver initialization failed.
Aug 14 18:21:50.961716 n bluetoothd[2821]: sap-server: Operation not permitted (1)
Aug 14 18:21:50.961728 n bluetoothd[2821]: src/adapter.c:btd_adapter_unblock_address() hci0 AA:BB:CC:00:00:01
Aug 14 18:21:50.962047 n bluetoothd[2821]: src/adapter.c:get_ltk_info() AA:BB:CC:00:00:02
Aug 14 18:21:50.962054 n bluetoothd[2821]: src/adapter.c:get_peripheral_ltk_info() AA:BB:CC:00:00:02
Aug 14 18:21:50.962060 n bluetoothd[2821]: src/device.c:device_create_from_storage() address AA:BB:CC:00:00:02
Aug 14 18:21:50.962064 n bluetoothd[2821]: src/device.c:device_new() address AA:BB:CC:00:00:02
Aug 14 18:21:50.962070 n bluetoothd[2821]: src/device.c:device_new() Creating device /org/bluez/hci0/dev_AA:BB:CC:00:00:02
Aug 14 18:21:50.962138 n bluetoothd[2821]: src/device.c:btd_device_set_temporary() temporary 0
Aug 14 18:21:50.962145 n bluetoothd[2821]: src/device.c:device_set_bonded() setting bonded for device to true
Aug 14 18:21:50.962442 n bluetoothd[2821]: src/adapter.c:get_ltk_info() AA:BB:CC:00:00:03
Aug 14 18:21:50.962449 n bluetoothd[2821]: src/adapter.c:get_peripheral_ltk_info() AA:BB:CC:00:00:03
Aug 14 18:21:50.962455 n bluetoothd[2821]: src/device.c:device_create_from_storage() address AA:BB:CC:00:00:03
Aug 14 18:21:50.962459 n bluetoothd[2821]: src/device.c:device_new() address AA:BB:CC:00:00:03
Aug 14 18:21:50.962466 n bluetoothd[2821]: src/device.c:device_new() Creating device /org/bluez/hci0/dev_AA:BB:CC:00:00:03
Aug 14 18:21:50.962530 n bluetoothd[2821]: src/device.c:btd_device_set_temporary() temporary 0
Aug 14 18:21:50.962537 n bluetoothd[2821]: src/device.c:device_set_bonded() setting bonded for device to true
Aug 14 18:21:50.962785 n bluetoothd[2821]: src/adapter.c:get_ltk_info() AA:BB:CC:00:00:04
Aug 14 18:21:50.962792 n bluetoothd[2821]: src/adapter.c:get_peripheral_ltk_info() AA:BB:CC:00:00:04
Aug 14 18:21:50.962798 n bluetoothd[2821]: src/device.c:device_create_from_storage() address AA:BB:CC:00:00:04
Aug 14 18:21:50.962802 n bluetoothd[2821]: src/device.c:device_new() address AA:BB:CC:00:00:04
Aug 14 18:21:50.962808 n bluetoothd[2821]: src/device.c:device_new() Creating device /org/bluez/hci0/dev_AA:BB:CC:00:00:04
Aug 14 18:21:50.962849 n bluetoothd[2821]: src/device.c:btd_device_set_temporary() temporary 0
Aug 14 18:21:50.962856 n bluetoothd[2821]: src/device.c:device_set_bonded() setting bonded for device to true
Aug 14 18:21:50.962866 n bluetoothd[2821]: src/adapter.c:load_link_keys() hci0 keys 3 debug_keys 0 retry false
Aug 14 18:21:50.962870 n bluetoothd[2821]: src/adapter.c:load_ltks() hci0 keys 0
Aug 14 18:21:50.962875 n bluetoothd[2821]: src/adapter.c:load_irks() hci0 irks 0
Aug 14 18:21:50.962879 n bluetoothd[2821]: src/adapter.c:load_conn_params() hci0 conn params 0
Aug 14 18:21:50.962940 n bluetoothd[2821]: profiles/audio/avrcp.c:avrcp_controller_probe() path /org/bluez/hci0/dev_AA:BB:CC:00:00:02
Aug 14 18:21:50.962948 n bluetoothd[2821]: profiles/audio/control.c:control_init() Registered interface org.bluez.MediaControl1 on path /org/bluez/hci0/dev_AA:BB:CC:00:00:02
Aug 14 18:21:50.962952 n bluetoothd[2821]: src/service.c:btd_service_ref() 0x5d6eb325d790: ref=2
Aug 14 18:21:50.962958 n bluetoothd[2821]: src/service.c:change_state() 0x5d6eb325d790: device AA:BB:CC:00:00:02 profile avrcp-controller state changed: unavailable -> disconnected (0)
Aug 14 18:21:50.962964 n bluetoothd[2821]: profiles/audio/avrcp.c:avrcp_target_probe() path /org/bluez/hci0/dev_AA:BB:CC:00:00:02
Aug 14 18:21:50.962968 n bluetoothd[2821]: src/service.c:btd_service_ref() 0x5d6eb325d850: ref=2
Aug 14 18:21:50.962973 n bluetoothd[2821]: src/service.c:change_state() 0x5d6eb325d850: device AA:BB:CC:00:00:02 profile audio-avrcp-target state changed: unavailable -> disconnected (0)
Aug 14 18:21:50.962983 n bluetoothd[2821]: profiles/audio/a2dp.c:a2dp_sink_probe() path /org/bluez/hci0/dev_AA:BB:CC:00:00:02
Aug 14 18:21:50.962992 n bluetoothd[2821]: profiles/audio/sink.c:sink_init() /org/bluez/hci0/dev_AA:BB:CC:00:00:02
Aug 14 18:21:50.962996 n bluetoothd[2821]: src/service.c:btd_service_ref() 0x5d6eb325d890: ref=2
Aug 14 18:21:50.963001 n bluetoothd[2821]: src/service.c:change_state() 0x5d6eb325d890: device AA:BB:CC:00:00:02 profile a2dp-sink state changed: unavailable -> disconnected (0)
Aug 14 18:21:50.963071 n bluetoothd[2821]: profiles/audio/avrcp.c:avrcp_controller_probe() path /org/bluez/hci0/dev_AA:BB:CC:00:00:03
Aug 14 18:21:50.963077 n bluetoothd[2821]: profiles/audio/control.c:control_init() Registered interface org.bluez.MediaControl1 on path /org/bluez/hci0/dev_AA:BB:CC:00:00:03
Aug 14 18:21:50.963082 n bluetoothd[2821]: src/service.c:btd_service_ref() 0x5d6eb325d950: ref=2
Aug 14 18:21:50.963086 n bluetoothd[2821]: src/service.c:change_state() 0x5d6eb325d950: device AA:BB:CC:00:00:03 profile avrcp-controller state changed: unavailable -> disconnected (0)
Aug 14 18:21:50.963092 n bluetoothd[2821]: profiles/audio/avrcp.c:avrcp_target_probe() path /org/bluez/hci0/dev_AA:BB:CC:00:00:03
Aug 14 18:21:50.963096 n bluetoothd[2821]: src/service.c:btd_service_ref() 0x5d6eb325da10: ref=2
Aug 14 18:21:50.963100 n bluetoothd[2821]: src/service.c:change_state() 0x5d6eb325da10: device AA:BB:CC:00:00:03 profile audio-avrcp-target state changed: unavailable -> disconnected (0)
Aug 14 18:21:50.963106 n bluetoothd[2821]: profiles/audio/a2dp.c:a2dp_source_probe() path /org/bluez/hci0/dev_AA:BB:CC:00:00:03
Aug 14 18:21:50.963110 n bluetoothd[2821]: profiles/audio/source.c:source_init() /org/bluez/hci0/dev_AA:BB:CC:00:00:03
Aug 14 18:21:50.963114 n bluetoothd[2821]: src/service.c:btd_service_ref() 0x5d6eb325da50: ref=2
Aug 14 18:21:50.963119 n bluetoothd[2821]: src/service.c:change_state() 0x5d6eb325da50: device AA:BB:CC:00:00:03 profile a2dp-source state changed: unavailable -> disconnected (0)
Aug 14 18:21:50.963125 n bluetoothd[2821]: profiles/audio/a2dp.c:a2dp_sink_probe() path /org/bluez/hci0/dev_AA:BB:CC:00:00:03
Aug 14 18:21:50.963129 n bluetoothd[2821]: profiles/audio/sink.c:sink_init() /org/bluez/hci0/dev_AA:BB:CC:00:00:03
Aug 14 18:21:50.963133 n bluetoothd[2821]: src/service.c:btd_service_ref() 0x5d6eb325db10: ref=2
Aug 14 18:21:50.963137 n bluetoothd[2821]: src/service.c:change_state() 0x5d6eb325db10: device AA:BB:CC:00:00:03 profile a2dp-sink state changed: unavailable -> disconnected (0)
Aug 14 18:21:50.963188 n bluetoothd[2821]: profiles/audio/avrcp.c:avrcp_controller_probe() path /org/bluez/hci0/dev_AA:BB:CC:00:00:04
Aug 14 18:21:50.963193 n bluetoothd[2821]: profiles/audio/control.c:control_init() Registered interface org.bluez.MediaControl1 on path /org/bluez/hci0/dev_AA:BB:CC:00:00:04
Aug 14 18:21:50.963198 n bluetoothd[2821]: src/service.c:btd_service_ref() 0x5d6eb325db90: ref=2
Aug 14 18:21:50.963202 n bluetoothd[2821]: src/service.c:change_state() 0x5d6eb325db90: device AA:BB:CC:00:00:04 profile avrcp-controller state changed: unavailable -> disconnected (0)
Aug 14 18:21:50.963207 n bluetoothd[2821]: profiles/audio/avrcp.c:avrcp_target_probe() path /org/bluez/hci0/dev_AA:BB:CC:00:00:04
Aug 14 18:21:50.963211 n bluetoothd[2821]: src/service.c:btd_service_ref() 0x5d6eb325dc50: ref=2
Aug 14 18:21:50.963216 n bluetoothd[2821]: src/service.c:change_state() 0x5d6eb325dc50: device AA:BB:CC:00:00:04 profile audio-avrcp-target state changed: unavailable -> disconnected (0)
Aug 14 18:21:50.963223 n bluetoothd[2821]: profiles/audio/a2dp.c:a2dp_sink_probe() path /org/bluez/hci0/dev_AA:BB:CC:00:00:04
Aug 14 18:21:50.963227 n bluetoothd[2821]: profiles/audio/sink.c:sink_init() /org/bluez/hci0/dev_AA:BB:CC:00:00:04
Aug 14 18:21:50.963233 n bluetoothd[2821]: src/service.c:btd_service_ref() 0x5d6eb325dc90: ref=2
Aug 14 18:21:50.963238 n bluetoothd[2821]: src/service.c:change_state() 0x5d6eb325dc90: device AA:BB:CC:00:00:04 profile a2dp-sink state changed: unavailable -> disconnected (0)
Aug 14 18:21:50.963289 n bluetoothd[2821]: src/adapter.c:adapter_service_insert() /org/bluez/hci0
Aug 14 18:21:50.963295 n bluetoothd[2821]: src/adapter.c:add_uuid() sending add uuid command for index 0
Aug 14 18:21:50.963300 n bluetoothd[2821]: src/adapter.c:set_did() hci0 source 2 vendor 1d6b product 246 version 548
Aug 14 18:21:50.963306 n bluetoothd[2821]: src/adapter.c:adapter_register() Adapter /org/bluez/hci0 registered
Aug 14 18:21:50.963311 n bluetoothd[2821]: src/adapter.c:set_dev_class() sending set device class command for index 0
Aug 14 18:21:50.963316 n bluetoothd[2821]: src/adapter.c:set_name() sending set local name command for index 0
Aug 14 18:21:50.963389 n bluetoothd[2821]: src/shared/mgmt.c:send_request() [0x0000] command 0x0011
Aug 14 18:21:50.970080 n bluetoothd[2821]: src/profile.c:register_profile() sender :1.36
Aug 14 18:21:50.970097 n bluetoothd[2821]: src/profile.c:create_ext() Created "Hands-Free Voice gateway"
Aug 14 18:21:50.970104 n bluetoothd[2821]: src/profile.c:ext_adapter_probe() "Hands-Free Voice gateway" probed
Aug 14 18:21:50.975222 n bluetoothd[2821]: src/profile.c:ext_start_servers() Hands-Free Voice gateway listening on chan 13
Aug 14 18:21:50.975260 n bluetoothd[2821]: src/adapter.c:adapter_service_add() /org/bluez/hci0
Aug 14 18:21:50.975268 n bluetoothd[2821]: src/sdpd-service.c:add_record_to_server() Adding record with handle 0x10006
Aug 14 18:21:50.975276 n bluetoothd[2821]: src/sdpd-service.c:add_record_to_server() Record pattern UUID 00000003-0000-1000-8000-00805f9
Aug 14 18:21:50.975285 n bluetoothd[2821]: src/sdpd-service.c:add_record_to_server() Record pattern UUID 00000100-0000-1000-8000-00805f9
Aug 14 18:21:50.975291 n bluetoothd[2821]: src/sdpd-service.c:add_record_to_server() Record pattern UUID 00001002-0000-1000-8000-00805f9
Aug 14 18:21:50.975296 n bluetoothd[2821]: src/sdpd-service.c:add_record_to_server() Record pattern UUID 0000111e-0000-1000-8000-00805f9
Aug 14 18:21:50.975301 n bluetoothd[2821]: src/sdpd-service.c:add_record_to_server() Record pattern UUID 0000111f-0000-1000-8000-00805f9
Aug 14 18:21:50.975306 n bluetoothd[2821]: src/sdpd-service.c:add_record_to_server() Record pattern UUID 00001203-0000-1000-8000-00805f9
Aug 14 18:21:50.975312 n bluetoothd[2821]: src/adapter.c:adapter_service_insert() /org/bluez/hci0
Aug 14 18:21:50.975319 n bluetoothd[2821]: src/adapter.c:add_uuid() sending add uuid command for index 0
Aug 14 18:21:50.975333 n bluetoothd[2821]: src/profile.c:ext_device_probe() Hands-Free Voice gateway probed with UUID <UUID-03>
Aug 14 18:21:50.975339 n bluetoothd[2821]: src/service.c:change_state() 0x5d6eb325d380: device AA:BB:CC:00:00:02 profile Hands-Free Voice gateway state changed: unavailable -> disconnected (0)
Aug 14 18:21:50.975348 n bluetoothd[2821]: src/profile.c:ext_device_probe() Hands-Free Voice gateway probed with UUID <UUID-03>
Aug 14 18:21:50.975354 n bluetoothd[2821]: src/service.c:change_state() 0x5d6eb325fe90: device AA:BB:CC:00:00:03 profile Hands-Free Voice gateway state changed: unavailable -> disconnected (0)
Aug 14 18:21:50.975361 n bluetoothd[2821]: src/profile.c:ext_device_probe() Hands-Free Voice gateway probed with UUID <UUID-03>
Aug 14 18:21:50.975366 n bluetoothd[2821]: src/service.c:change_state() 0x5d6eb325fed0: device AA:BB:CC:00:00:04 profile Hands-Free Voice gateway state changed: unavailable -> disconnected (0)
Aug 14 18:21:50.975483 n bluetoothd[2821]: src/profile.c:register_profile() sender :1.36
Aug 14 18:21:50.975497 n bluetoothd[2821]: src/profile.c:create_ext() Created "Hands-Free unit"
Aug 14 18:21:50.975503 n bluetoothd[2821]: src/profile.c:ext_adapter_probe() "Hands-Free unit" probed
Aug 14 18:21:50.975521 n bluetoothd[2821]: src/profile.c:ext_start_servers() Hands-Free unit listening on chan 7
Aug 14 18:21:50.975540 n bluetoothd[2821]: src/adapter.c:adapter_service_add() /org/bluez/hci0
Aug 14 18:21:50.975547 n bluetoothd[2821]: src/sdpd-service.c:add_record_to_server() Adding record with handle 0x10007
Aug 14 18:21:50.975553 n bluetoothd[2821]: src/sdpd-service.c:add_record_to_server() Record pattern UUID 00000003-0000-1000-8000-00805f9
Aug 14 18:21:50.975561 n bluetoothd[2821]: src/sdpd-service.c:add_record_to_server() Record pattern UUID 00000100-0000-1000-8000-00805f9
Aug 14 18:21:50.975567 n bluetoothd[2821]: src/sdpd-service.c:add_record_to_server() Record pattern UUID 00001002-0000-1000-8000-00805f9
Aug 14 18:21:50.975573 n bluetoothd[2821]: src/sdpd-service.c:add_record_to_server() Record pattern UUID 0000111e-0000-1000-8000-00805f9
Aug 14 18:21:50.975578 n bluetoothd[2821]: src/sdpd-service.c:add_record_to_server() Record pattern UUID 00001203-0000-1000-8000-00805f9
Aug 14 18:21:50.975583 n bluetoothd[2821]: src/adapter.c:adapter_service_insert() /org/bluez/hci0
Aug 14 18:21:50.975588 n bluetoothd[2821]: src/adapter.c:add_uuid() sending add uuid command for index 0
Aug 14 18:21:50.975618 n bluetoothd[2821]: plugins/hostname.c:property_changed() static hostname: 'n'
Aug 14 18:21:50.975625 n bluetoothd[2821]: plugins/hostname.c:property_changed() pretty hostname: ''
Aug 14 18:21:50.975629 n bluetoothd[2821]: plugins/hostname.c:update_name() name: n
Aug 14 18:21:50.975637 n bluetoothd[2821]: src/adapter.c:adapter_set_name() name: n
Aug 14 18:21:50.975643 n bluetoothd[2821]: src/adapter.c:adapter_set_name() alias: n
Aug 14 18:21:50.975650 n bluetoothd[2821]: src/adapter.c:set_name() sending set local name command for index 0
Aug 14 18:21:50.975659 n bluetoothd[2821]: plugins/hostname.c:property_changed() chassis: 'laptop'
Aug 14 18:21:50.975665 n bluetoothd[2821]: plugins/hostname.c:update_class() major: 0x01 minor: 0x03
Aug 14 18:21:50.975867 n bluetoothd[2821]: profiles/audio/media.c:register_app() Registering application: :1.36:/MediaEndpoint
Aug 14 18:21:50.975893 n bluetoothd[2821]: src/shared/mgmt.c:can_read_data() [0x0000] command 0x0011 complete: 0x00
Aug 14 18:21:50.975916 n bluetoothd[2821]: src/shared/mgmt.c:send_request() [0x0000] command 0x0034
Aug 14 18:21:50.975928 n bluetoothd[2821]: src/shared/mgmt.c:can_read_data() [0x0000] command 0x0034 complete: 0x00
Aug 14 18:21:50.975948 n bluetoothd[2821]: src/shared/mgmt.c:send_request() [0x0000] command 0x000d
Aug 14 18:21:50.975960 n bluetoothd[2821]: src/shared/mgmt.c:can_read_data() [0x0000] command 0x000d complete: 0x00
Aug 14 18:21:50.975966 n bluetoothd[2821]: src/adapter.c:new_settings_callback() Settings: 0x00000280
Aug 14 18:21:50.975971 n bluetoothd[2821]: src/adapter.c:settings_changed() Changed settings: 0x00000200
Aug 14 18:21:50.975976 n bluetoothd[2821]: src/adapter.c:settings_changed() Pending settings: 0x00000001
Aug 14 18:21:50.976003 n bluetoothd[2821]: src/shared/mgmt.c:send_request() [0x0000] command 0x000b
Aug 14 18:21:50.976014 n bluetoothd[2821]: src/shared/mgmt.c:can_read_data() [0x0000] command 0x000b complete: 0x00
Aug 14 18:21:50.976019 n bluetoothd[2821]: src/adapter.c:new_settings_callback() Settings: 0x000002c0
Aug 14 18:21:50.976023 n bluetoothd[2821]: src/adapter.c:settings_changed() Changed settings: 0x00000040
Aug 14 18:21:50.976027 n bluetoothd[2821]: src/adapter.c:settings_changed() Pending settings: 0x00000001
Aug 14 18:21:50.976047 n bluetoothd[2821]: src/shared/mgmt.c:send_request() [0x0000] command 0x002d
Aug 14 18:21:50.976075 n bluetoothd[2821]: src/shared/mgmt.c:can_read_data() [0x0000] command 0x002d complete: 0x00
Aug 14 18:21:50.976083 n bluetoothd[2821]: src/adapter.c:new_settings_callback() Settings: 0x00000ac0
Aug 14 18:21:50.976090 n bluetoothd[2821]: src/adapter.c:settings_changed() Changed settings: 0x00000800
Aug 14 18:21:50.976097 n bluetoothd[2821]: src/adapter.c:settings_changed() Pending settings: 0x00000001
Aug 14 18:21:50.976116 n bluetoothd[2821]: src/shared/mgmt.c:send_request() [0x0000] command 0x002f
Aug 14 18:21:50.976128 n bluetoothd[2821]: src/shared/mgmt.c:can_read_data() [0x0000] command 0x002f complete: 0x00
Aug 14 18:21:50.976133 n bluetoothd[2821]: src/adapter.c:set_privacy_complete() Successfully set privacy for index 0
Aug 14 18:21:50.976152 n bluetoothd[2821]: src/shared/mgmt.c:send_request() [0x0000] command 0x0010
Aug 14 18:21:50.976180 n bluetoothd[2821]: src/shared/mgmt.c:can_read_data() [0x0000] command 0x0010 complete: 0x00
Aug 14 18:21:50.976200 n bluetoothd[2821]: src/shared/mgmt.c:send_request() [0x0000] command 0x0010
Aug 14 18:21:50.976237 n bluetoothd[2821]: src/shared/mgmt.c:can_read_data() [0x0000] command 0x0010 complete: 0x00
Aug 14 18:21:50.976265 n bluetoothd[2821]: src/shared/mgmt.c:send_request() [0x0000] command 0x0010
Aug 14 18:21:50.976310 n bluetoothd[2821]: src/shared/mgmt.c:can_read_data() [0x0000] command 0x0010 complete: 0x00
Aug 14 18:21:50.976328 n bluetoothd[2821]: src/shared/mgmt.c:send_request() [0x0000] command 0x003d
Aug 14 18:21:50.976338 n bluetoothd[2821]: src/shared/mgmt.c:can_read_data() [0x0000] command 0x003d complete: 0x00
Aug 14 18:21:50.976358 n bluetoothd[2821]: src/shared/mgmt.c:send_request() [0x0000] command 0x0005
Aug 14 18:21:50.976464 n bluetoothd[2821]: profiles/audio/media.c:proxy_added_cb() Proxy added: /MediaEndpoint/A2DPSource/ldac, iface: org.bluez.MediaEndpoint1
Aug 14 18:21:50.976474 n bluetoothd[2821]: profiles/audio/avdtp.c:avdtp_register_sep() SEP 0x5d6eb324ddc0 registered: type:0 codec:255 seid_pool:0x5d6eb325d408 seid:1
Aug 14 18:21:50.976482 n bluetoothd[2821]: src/adapter.c:adapter_service_add() /org/bluez/hci0
Aug 14 18:21:50.976487 n bluetoothd[2821]: src/sdpd-service.c:add_record_to_server() Adding record with handle 0x10008
Aug 14 18:21:50.976493 n bluetoothd[2821]: src/sdpd-service.c:add_record_to_server() Record pattern UUID 00000019-0000-1000-8000-00805f9
Aug 14 18:21:50.976497 n bluetoothd[2821]: src/sdpd-service.c:add_record_to_server() Record pattern UUID 00000100-0000-1000-8000-00805f9
Aug 14 18:21:50.976502 n bluetoothd[2821]: src/sdpd-service.c:add_record_to_server() Record pattern UUID 00001002-0000-1000-8000-00805f9
Aug 14 18:21:50.976506 n bluetoothd[2821]: src/sdpd-service.c:add_record_to_server() Record pattern UUID 0000110a-0000-1000-8000-00805f9
Aug 14 18:21:50.976510 n bluetoothd[2821]: src/sdpd-service.c:add_record_to_server() Record pattern UUID 0000110d-0000-1000-8000-00805f9
Aug 14 18:21:50.976515 n bluetoothd[2821]: src/adapter.c:adapter_service_insert() /org/bluez/hci0
Aug 14 18:21:50.976520 n bluetoothd[2821]: src/adapter.c:add_uuid() sending add uuid command for index 0
Aug 14 18:21:50.976613 n bluetoothd[2821]: profiles/audio/media.c:proxy_added_cb() Proxy added: /MediaEndpoint/A2DPSink/aptx_hd, iface: org.bluez.MediaEndpoint1
Aug 14 18:21:50.976621 n bluetoothd[2821]: profiles/audio/avdtp.c:avdtp_register_sep() SEP 0x5d6eb326b460 registered: type:1 codec:255 seid_pool:0x5d6eb325d408 seid:2
Aug 14 18:21:50.976627 n bluetoothd[2821]: src/adapter.c:adapter_service_add() /org/bluez/hci0
Aug 14 18:21:50.976632 n bluetoothd[2821]: src/sdpd-service.c:add_record_to_server() Adding record with handle 0x10009
Aug 14 18:21:50.976638 n bluetoothd[2821]: src/sdpd-service.c:add_record_to_server() Record pattern UUID 00000019-0000-1000-8000-00805f9
Aug 14 18:21:50.976642 n bluetoothd[2821]: src/sdpd-service.c:add_record_to_server() Record pattern UUID 00000100-0000-1000-8000-00805f9
Aug 14 18:21:50.976647 n bluetoothd[2821]: src/sdpd-service.c:add_record_to_server() Record pattern UUID 00001002-0000-1000-8000-00805f9
Aug 14 18:21:50.976651 n bluetoothd[2821]: src/sdpd-service.c:add_record_to_server() Record pattern UUID 0000110b-0000-1000-8000-00805f9
Aug 14 18:21:50.976655 n bluetoothd[2821]: src/sdpd-service.c:add_record_to_server() Record pattern UUID 0000110d-0000-1000-8000-00805f9
Aug 14 18:21:50.976661 n bluetoothd[2821]: src/adapter.c:adapter_service_insert() /org/bluez/hci0
Aug 14 18:21:50.976666 n bluetoothd[2821]: src/adapter.c:add_uuid() sending add uuid command for index 0
Aug 14 18:21:50.976738 n bluetoothd[2821]: profiles/audio/media.c:proxy_added_cb() Proxy added: /MediaEndpoint/A2DPSource/aptx_hd, iface: org.bluez.MediaEndpoint1
Aug 14 18:21:50.976746 n bluetoothd[2821]: profiles/audio/avdtp.c:avdtp_register_sep() SEP 0x5d6eb326d930 registered: type:0 codec:255 seid_pool:0x5d6eb325d408 seid:3
Aug 14 18:21:50.976813 n bluetoothd[2821]: profiles/audio/media.c:proxy_added_cb() Proxy added: /MediaEndpoint/A2DPSink/aptx, iface: org.bluez.MediaEndpoint1
Aug 14 18:21:50.976821 n bluetoothd[2821]: profiles/audio/avdtp.c:avdtp_register_sep() SEP 0x5d6eb326e350 registered: type:1 codec:255 seid_pool:0x5d6eb325d408 seid:4
Aug 14 18:21:50.976883 n bluetoothd[2821]: profiles/audio/media.c:proxy_added_cb() Proxy added: /MediaEndpoint/A2DPSource/aptx, iface: org.bluez.MediaEndpoint1
Aug 14 18:21:50.976890 n bluetoothd[2821]: profiles/audio/avdtp.c:avdtp_register_sep() SEP 0x5d6eb326eec0 registered: type:0 codec:255 seid_pool:0x5d6eb325d408 seid:5
Aug 14 18:21:50.976954 n bluetoothd[2821]: profiles/audio/media.c:proxy_added_cb() Proxy added: /MediaEndpoint/A2DPSink/sbc, iface: org.bluez.MediaEndpoint1
Aug 14 18:21:50.976962 n bluetoothd[2821]: profiles/audio/avdtp.c:avdtp_register_sep() SEP 0x5d6eb326f8e0 registered: type:1 codec:0 seid_pool:0x5d6eb325d408 seid:6
Aug 14 18:21:50.977051 n bluetoothd[2821]: profiles/audio/media.c:proxy_added_cb() Proxy added: /MediaEndpoint/A2DPSource/sbc, iface: org.bluez.MediaEndpoint1
Aug 14 18:21:50.977065 n bluetoothd[2821]: profiles/audio/avdtp.c:avdtp_register_sep() SEP 0x5d6eb32704a0 registered: type:0 codec:0 seid_pool:0x5d6eb325d408 seid:7
Aug 14 18:21:50.977152 n bluetoothd[2821]: profiles/audio/media.c:proxy_added_cb() Proxy added: /MediaEndpoint/A2DPSink/sbc_xq, iface: org.bluez.MediaEndpoint1
Aug 14 18:21:50.977164 n bluetoothd[2821]: profiles/audio/avdtp.c:avdtp_register_sep() SEP 0x5d6eb3270f80 registered: type:1 codec:0 seid_pool:0x5d6eb325d408 seid:8
Aug 14 18:21:50.977251 n bluetoothd[2821]: profiles/audio/media.c:proxy_added_cb() Proxy added: /MediaEndpoint/A2DPSource/sbc_xq, iface: org.bluez.MediaEndpoint1
Aug 14 18:21:50.977262 n bluetoothd[2821]: profiles/audio/avdtp.c:avdtp_register_sep() SEP 0x5d6eb3271bb0 registered: type:0 codec:0 seid_pool:0x5d6eb325d408 seid:9
Aug 14 18:21:50.977347 n bluetoothd[2821]: profiles/audio/media.c:proxy_added_cb() Proxy added: /MediaEndpoint/A2DPSource/aptx_ll_1, iface: org.bluez.MediaEndpoint1
Aug 14 18:21:50.977358 n bluetoothd[2821]: profiles/audio/avdtp.c:avdtp_register_sep() SEP 0x5d6eb32727e0 registered: type:0 codec:255 seid_pool:0x5d6eb325d408 seid:10
Aug 14 18:21:50.977441 n bluetoothd[2821]: profiles/audio/media.c:proxy_added_cb() Proxy added: /MediaEndpoint/A2DPSource/aptx_ll_0, iface: org.bluez.MediaEndpoint1
Aug 14 18:21:50.977453 n bluetoothd[2821]: profiles/audio/avdtp.c:avdtp_register_sep() SEP 0x5d6eb3273410 registered: type:0 codec:255 seid_pool:0x5d6eb325d408 seid:11
Aug 14 18:21:50.977534 n bluetoothd[2821]: profiles/audio/media.c:proxy_added_cb() Proxy added: /MediaEndpoint/A2DPSource/aptx_ll_duplex_1, iface: org.bluez.MediaEndpoint1
Aug 14 18:21:50.977545 n bluetoothd[2821]: profiles/audio/avdtp.c:avdtp_register_sep() SEP 0x5d6eb3273fb0 registered: type:0 codec:255 seid_pool:0x5d6eb325d408 seid:12
Aug 14 18:21:50.977628 n bluetoothd[2821]: profiles/audio/media.c:proxy_added_cb() Proxy added: /MediaEndpoint/A2DPSource/aptx_ll_duplex_0, iface: org.bluez.MediaEndpoint1
Aug 14 18:21:50.977638 n bluetoothd[2821]: profiles/audio/avdtp.c:avdtp_register_sep() SEP 0x5d6eb3274b50 registered: type:0 codec:255 seid_pool:0x5d6eb325d408 seid:13
Aug 14 18:21:50.977726 n bluetoothd[2821]: profiles/audio/media.c:proxy_added_cb() Proxy added: /MediaEndpoint/A2DPSource/faststream, iface: org.bluez.MediaEndpoint1
Aug 14 18:21:50.977737 n bluetoothd[2821]: profiles/audio/avdtp.c:avdtp_register_sep() SEP 0x5d6eb32757c0 registered: type:0 codec:255 seid_pool:0x5d6eb325d408 seid:14
Aug 14 18:21:50.977820 n bluetoothd[2821]: profiles/audio/media.c:proxy_added_cb() Proxy added: /MediaEndpoint/A2DPSource/faststream_duplex, iface: org.bluez.MediaEndpoint1
Aug 14 18:21:50.977831 n bluetoothd[2821]: profiles/audio/avdtp.c:avdtp_register_sep() SEP 0x5d6eb32763e0 registered: type:0 codec:255 seid_pool:0x5d6eb325d408 seid:15
Aug 14 18:21:50.977912 n bluetoothd[2821]: profiles/audio/media.c:proxy_added_cb() Proxy added: /MediaEndpoint/A2DPSink/opus_05, iface: org.bluez.MediaEndpoint1
Aug 14 18:21:50.977923 n bluetoothd[2821]: profiles/audio/avdtp.c:avdtp_register_sep() SEP 0x5d6eb3276f10 registered: type:1 codec:255 seid_pool:0x5d6eb325d408 seid:16
Aug 14 18:21:50.978012 n bluetoothd[2821]: profiles/audio/media.c:proxy_added_cb() Proxy added: /MediaEndpoint/A2DPSource/opus_05, iface: org.bluez.MediaEndpoint1
Aug 14 18:21:50.978023 n bluetoothd[2821]: profiles/audio/avdtp.c:avdtp_register_sep() SEP 0x5d6eb3277b50 registered: type:0 codec:255 seid_pool:0x5d6eb325d408 seid:17
Aug 14 18:21:50.978143 n bluetoothd[2821]: profiles/audio/media.c:proxy_added_cb() Proxy added: /MediaEndpoint/A2DPSink/opus_05_duplex, iface: org.bluez.MediaEndpoint1
Aug 14 18:21:50.978155 n bluetoothd[2821]: profiles/audio/avdtp.c:avdtp_register_sep() SEP 0x5d6eb3278640 registered: type:1 codec:255 seid_pool:0x5d6eb325d408 seid:18
Aug 14 18:21:50.978247 n bluetoothd[2821]: profiles/audio/media.c:proxy_added_cb() Proxy added: /MediaEndpoint/A2DPSource/opus_05_duplex, iface: org.bluez.MediaEndpoint1
Aug 14 18:21:50.978258 n bluetoothd[2821]: profiles/audio/avdtp.c:avdtp_register_sep() SEP 0x5d6eb3279270 registered: type:0 codec:255 seid_pool:0x5d6eb325d408 seid:19
Aug 14 18:21:50.978278 n bluetoothd[2821]: profiles/audio/media.c:client_ready_cb() Media application registered: :1.36:/MediaEndpoint
Aug 14 18:21:51.261731 n bluetoothd[2821]: src/shared/mgmt.c:can_read_data() [0x0000] command 0x0005 complete: 0x00
Aug 14 18:21:51.261767 n bluetoothd[2821]: src/adapter.c:adapter_set_power_state() on
Aug 14 18:21:51.261792 n bluetoothd[2821]: src/adapter.c:new_settings_callback() Settings: 0x00000ac1
Aug 14 18:21:51.261809 n bluetoothd[2821]: src/adapter.c:settings_changed() Changed settings: 0x00000001
Aug 14 18:21:51.261825 n bluetoothd[2821]: src/adapter.c:settings_changed() Pending settings: 0x00000000
Aug 14 18:21:51.261848 n bluetoothd[2821]: src/adapter.c:adapter_start() adapter /org/bluez/hci0 has been enabled
Aug 14 18:21:51.261864 n bluetoothd[2821]: src/adapter.c:trigger_passive_scanning()
Aug 14 18:21:51.261939 n bluetoothd[2821]: src/shared/mgmt.c:send_request() [0x0000] command 0x000e
Aug 14 18:21:51.265034 n bluetoothd[2821]: src/shared/mgmt.c:can_read_data() [0x0000] event 0x0007
Aug 14 18:21:51.265052 n bluetoothd[2821]: src/adapter.c:dev_class_changed_callback() Class: 0x00010c
Aug 14 18:21:51.265073 n bluetoothd[2821]: src/shared/mgmt.c:can_read_data() [0x0000] command 0x000e complete: 0x00
Aug 14 18:21:51.265101 n bluetoothd[2821]: src/shared/mgmt.c:send_request() [0x0000] command 0x0010
Aug 14 18:21:51.268051 n bluetoothd[2821]: src/shared/mgmt.c:can_read_data() [0x0000] command 0x0010 complete: 0x00
Aug 14 18:21:51.268095 n bluetoothd[2821]: src/shared/mgmt.c:send_request() [0x0000] command 0x0010
Aug 14 18:21:51.271042 n bluetoothd[2821]: src/shared/mgmt.c:can_read_data() [0x0000] command 0x0010 complete: 0x00
Aug 14 18:21:51.271085 n bluetoothd[2821]: src/shared/mgmt.c:send_request() [0x0000] command 0x0027
Aug 14 18:21:51.271102 n bluetoothd[2821]: src/shared/mgmt.c:can_read_data() [0x0000] command 0x0027 complete: 0x00
Aug 14 18:21:51.271126 n bluetoothd[2821]: src/shared/mgmt.c:send_request() [0x0000] command 0x004c
Aug 14 18:21:51.271141 n bluetoothd[2821]: src/shared/mgmt.c:can_read_data() [0x0000] command 0x4c status: 0x0d
Aug 14 18:21:51.271168 n bluetoothd[2821]: src/shared/mgmt.c:send_request() [0x0000] command 0x0033
Aug 14 18:21:51.271182 n bluetoothd[2821]: src/shared/mgmt.c:can_read_data() [0x0000] event 0x002a
Aug 14 18:21:51.271207 n bluetoothd[2821]: src/shared/mgmt.c:can_read_data() [0x0000] command 0x0033 complete: 0x00
Aug 14 18:21:51.271221 n bluetoothd[2821]: src/adapter.c:add_accept_list_complete() AA:BB:CC:00:00:02 added to kernel accept list
Aug 14 18:21:51.271253 n bluetoothd[2821]: src/shared/mgmt.c:send_request() [0x0000] command 0x0033
Aug 14 18:21:51.271267 n bluetoothd[2821]: src/shared/mgmt.c:can_read_data() [0x0000] event 0x002a
Aug 14 18:21:51.271282 n bluetoothd[2821]: src/shared/mgmt.c:can_read_data() [0x0000] command 0x0033 complete: 0x00
Aug 14 18:21:51.271289 n bluetoothd[2821]: src/adapter.c:add_accept_list_complete() AA:BB:CC:00:00:03 added to kernel accept list
Aug 14 18:21:51.271313 n bluetoothd[2821]: src/shared/mgmt.c:send_request() [0x0000] command 0x0033
Aug 14 18:21:51.271327 n bluetoothd[2821]: src/shared/mgmt.c:can_read_data() [0x0000] event 0x002a
Aug 14 18:21:51.271342 n bluetoothd[2821]: src/shared/mgmt.c:can_read_data() [0x0000] command 0x0033 complete: 0x00
Aug 14 18:21:51.271348 n bluetoothd[2821]: src/adapter.c:add_accept_list_complete() AA:BB:CC:00:00:04 added to kernel accept list
Aug 14 18:21:51.271382 n bluetoothd[2821]: src/shared/mgmt.c:send_request() [0x0000] command 0x0012
Aug 14 18:21:51.271398 n bluetoothd[2821]: src/shared/mgmt.c:can_read_data() [0x0000] command 0x0012 complete: 0x00
Aug 14 18:21:51.271404 n bluetoothd[2821]: src/adapter.c:load_link_keys_complete() link keys loaded for hci0
Aug 14 18:21:51.271428 n bluetoothd[2821]: src/shared/mgmt.c:send_request() [0x0000] command 0x0013
Aug 14 18:21:51.271442 n bluetoothd[2821]: src/shared/mgmt.c:can_read_data() [0x0000] command 0x0013 complete: 0x00
Aug 14 18:21:51.271449 n bluetoothd[2821]: src/adapter.c:load_ltks_complete() LTKs loaded for hci0
Aug 14 18:21:51.271472 n bluetoothd[2821]: src/shared/mgmt.c:send_request() [0x0000] command 0x0030
Aug 14 18:21:51.271486 n bluetoothd[2821]: src/shared/mgmt.c:can_read_data() [0x0000] command 0x0030 complete: 0x00
Aug 14 18:21:51.271492 n bluetoothd[2821]: src/adapter.c:load_irks_complete() IRKs loaded for hci0
Aug 14 18:21:51.271515 n bluetoothd[2821]: src/shared/mgmt.c:send_request() [0x0000] command 0x0035
Aug 14 18:21:51.271529 n bluetoothd[2821]: src/shared/mgmt.c:can_read_data() [0x0000] command 0x0035 complete: 0x00
Aug 14 18:21:51.271535 n bluetoothd[2821]: src/adapter.c:load_conn_params_complete() Connection Parameters loaded for hci0
Aug 14 18:21:51.271560 n bluetoothd[2821]: src/shared/mgmt.c:send_request() [0x0000] command 0x0010
Aug 14 18:21:51.274058 n bluetoothd[2821]: src/shared/mgmt.c:can_read_data() [0x0000] command 0x0010 complete: 0x00
Aug 14 18:21:51.274092 n bluetoothd[2821]: src/shared/mgmt.c:send_request() [0x0000] command 0x0028
Aug 14 18:21:51.274113 n bluetoothd[2821]: src/shared/mgmt.c:can_read_data() [0x0000] command 0x0028 complete: 0x00
Aug 14 18:21:51.274145 n bluetoothd[2821]: src/shared/mgmt.c:send_request() [0x0000] command 0x000e
Aug 14 18:21:51.277051 n bluetoothd[2821]: src/shared/mgmt.c:can_read_data() [0x0000] command 0x000e complete: 0x00
Aug 14 18:21:51.277083 n bluetoothd[2821]: src/shared/mgmt.c:send_request() [0x0000] command 0x000f
Aug 14 18:21:51.283035 n bluetoothd[2821]: src/shared/mgmt.c:can_read_data() [0x0000] command 0x000f complete: 0x00
Aug 14 18:21:51.283047 n bluetoothd[2821]: src/adapter.c:local_name_changed_callback() Name: BlueZ 5.72
Aug 14 18:21:51.283053 n bluetoothd[2821]: src/adapter.c:local_name_changed_callback() Short name:
Aug 14 18:21:51.283058 n bluetoothd[2821]: src/adapter.c:local_name_changed_callback() Current alias: BlueZ 5.72
Aug 14 18:21:51.283086 n bluetoothd[2821]: src/shared/mgmt.c:send_request() [0x0000] command 0x0046
Aug 14 18:21:51.283099 n bluetoothd[2821]: src/shared/mgmt.c:can_read_data() [0x0000] command 0x0046 complete: 0x00
Aug 14 18:21:51.283105 n bluetoothd[2821]: src/adapter.c:set_blocked_keys_complete() Successfully set blocked keys for index 0
Aug 14 18:21:51.283127 n bluetoothd[2821]: src/shared/mgmt.c:send_request() [0x0000] command 0x0010
Aug 14 18:21:51.286015 n bluetoothd[2821]: src/shared/mgmt.c:can_read_data() [0x0000] event 0x0007
Aug 14 18:21:51.286023 n bluetoothd[2821]: src/adapter.c:dev_class_changed_callback() Class: 0x40010c
Aug 14 18:21:51.289040 n bluetoothd[2821]: src/shared/mgmt.c:can_read_data() [0x0000] command 0x0010 complete: 0x00
Aug 14 18:21:51.289083 n bluetoothd[2821]: src/shared/mgmt.c:send_request() [0x0000] command 0x0010
Aug 14 18:21:51.292051 n bluetoothd[2821]: src/shared/mgmt.c:can_read_data() [0x0000] event 0x0007
Aug 14 18:21:51.292069 n bluetoothd[2821]: src/adapter.c:dev_class_changed_callback() Class: 0x60010c
Aug 14 18:21:51.295025 n bluetoothd[2821]: src/shared/mgmt.c:can_read_data() [0x0000] command 0x0010 complete: 0x00
Aug 14 18:21:51.295070 n bluetoothd[2821]: src/shared/mgmt.c:send_request() [0x0000] command 0x000f
Aug 14 18:21:51.301026 n bluetoothd[2821]: src/shared/mgmt.c:can_read_data() [0x0000] command 0x000f complete: 0x00
Aug 14 18:21:51.301038 n bluetoothd[2821]: src/adapter.c:local_name_changed_callback() Name: n
Aug 14 18:21:51.301045 n bluetoothd[2821]: src/adapter.c:local_name_changed_callback() Short name:
Aug 14 18:21:51.301055 n bluetoothd[2821]: src/adapter.c:local_name_changed_callback() Current alias: n
Aug 14 18:21:51.301089 n bluetoothd[2821]: src/shared/mgmt.c:send_request() [0x0000] command 0x0010
Aug 14 18:21:51.304017 n bluetoothd[2821]: src/shared/mgmt.c:can_read_data() [0x0000] event 0x0007
Aug 14 18:21:51.304027 n bluetoothd[2821]: src/adapter.c:dev_class_changed_callback() Class: 0x68010c
Aug 14 18:21:51.307022 n bluetoothd[2821]: src/shared/mgmt.c:can_read_data() [0x0000] command 0x0010 complete: 0x00
Aug 14 18:21:51.307060 n bluetoothd[2821]: src/shared/mgmt.c:send_request() [0x0000] command 0x0010
Aug 14 18:21:51.310019 n bluetoothd[2821]: src/shared/mgmt.c:can_read_data() [0x0000] event 0x0007
Aug 14 18:21:51.310030 n bluetoothd[2821]: src/adapter.c:dev_class_changed_callback() Class: 0x6c010c
Aug 14 18:21:51.313024 n bluetoothd[2821]: src/shared/mgmt.c:can_read_data() [0x0000] command 0x0010 complete: 0x00
Aug 14 18:21:52.836654 n bluetoothd[2821]: src/profile.c:ext_exited() "Hands-Free Voice gateway" exited
Aug 14 18:21:52.836698 n bluetoothd[2821]: src/service.c:change_state() 0x5d6eb325d380: device AA:BB:CC:00:00:02 profile Hands-Free Voice gateway state changed: disconnected -> unavailable (0)
Aug 14 18:21:52.836714 n bluetoothd[2821]: src/profile.c:ext_device_remove() Hands-Free Voice gateway
Aug 14 18:21:52.836724 n bluetoothd[2821]: src/service.c:btd_service_unref() 0x5d6eb325d380: ref=0
Aug 14 18:21:52.836737 n bluetoothd[2821]: src/service.c:change_state() 0x5d6eb325fe90: device AA:BB:CC:00:00:03 profile Hands-Free Voice gateway state changed: disconnected -> unavailable (0)
Aug 14 18:21:52.836745 n bluetoothd[2821]: src/profile.c:ext_device_remove() Hands-Free Voice gateway
Aug 14 18:21:52.836757 n bluetoothd[2821]: src/service.c:btd_service_unref() 0x5d6eb325fe90: ref=0
Aug 14 18:21:52.836767 n bluetoothd[2821]: src/service.c:change_state() 0x5d6eb325fed0: device AA:BB:CC:00:00:04 profile Hands-Free Voice gateway state changed: disconnected -> unavailable (0)
Aug 14 18:21:52.836777 n bluetoothd[2821]: src/profile.c:ext_device_remove() Hands-Free Voice gateway
Aug 14 18:21:52.836784 n bluetoothd[2821]: src/service.c:btd_service_unref() 0x5d6eb325fed0: ref=0
Aug 14 18:21:52.836792 n bluetoothd[2821]: src/profile.c:ext_adapter_remove() "Hands-Free Voice gateway" removed
Aug 14 18:21:52.836801 n bluetoothd[2821]: src/adapter.c:adapter_service_remove() /org/bluez/hci0
Aug 14 18:21:52.836816 n bluetoothd[2821]: src/adapter.c:remove_uuid() sending remove uuid command for index 0
Aug 14 18:21:52.836830 n bluetoothd[2821]: src/sdpd-service.c:remove_record_from_server() Removing record with handle 0x10006
Aug 14 18:21:52.836860 n bluetoothd[2821]: src/profile.c:remove_ext() Removed "Hands-Free Voice gateway"
Aug 14 18:21:52.836874 n bluetoothd[2821]: src/profile.c:ext_exited() "Hands-Free unit" exited
Aug 14 18:21:52.836884 n bluetoothd[2821]: src/profile.c:ext_adapter_remove() "Hands-Free unit" removed
Aug 14 18:21:52.836893 n bluetoothd[2821]: src/adapter.c:adapter_service_remove() /org/bluez/hci0
Aug 14 18:21:52.836905 n bluetoothd[2821]: src/adapter.c:remove_uuid() sending remove uuid command for index 0
Aug 14 18:21:52.836918 n bluetoothd[2821]: src/sdpd-service.c:remove_record_from_server() Removing record with handle 0x10007
Aug 14 18:21:52.836937 n bluetoothd[2821]: src/profile.c:remove_ext() Removed "Hands-Free unit"
Aug 14 18:21:52.836948 n bluetoothd[2821]: profiles/audio/media.c:proxy_removed_cb() Proxy removed - removing endpoint: /MediaEndpoint/A2DPSource/ldac
Aug 14 18:21:52.836958 n bluetoothd[2821]: profiles/audio/media.c:release_endpoint() sender=:1.36 path=/MediaEndpoint/A2DPSource/ldac
Aug 14 18:21:52.836987 n bluetoothd[2821]: profiles/audio/media.c:media_endpoint_destroy() sender=:1.36 path=/MediaEndpoint/A2DPSource/ldac
Aug 14 18:21:52.837013 n bluetoothd[2821]: profiles/audio/avdtp.c:avdtp_unregister_sep() SEP 0x5d6eb324ddc0 unregistered: type:0 codec:255 seid_pool:0x5d6eb325d408 seid:1
Aug 14 18:21:52.837434 n bluetoothd[2821]: profiles/audio/media.c:proxy_removed_cb() Proxy removed - removing endpoint: /MediaEndpoint/A2DPSink/aptx_hd
Aug 14 18:21:52.837447 n bluetoothd[2821]: profiles/audio/media.c:release_endpoint() sender=:1.36 path=/MediaEndpoint/A2DPSink/aptx_hd
Aug 14 18:21:52.837476 n bluetoothd[2821]: profiles/audio/media.c:media_endpoint_destroy() sender=:1.36 path=/MediaEndpoint/A2DPSink/aptx_hd
Aug 14 18:21:52.837487 n bluetoothd[2821]: profiles/audio/avdtp.c:avdtp_unregister_sep() SEP 0x5d6eb326b460 unregistered: type:1 codec:255 seid_pool:0x5d6eb325d408 seid:2
Aug 14 18:21:52.837729 n bluetoothd[2821]: profiles/audio/media.c:proxy_removed_cb() Proxy removed - removing endpoint: /MediaEndpoint/A2DPSource/aptx_hd
Aug 14 18:21:52.837739 n bluetoothd[2821]: profiles/audio/media.c:release_endpoint() sender=:1.36 path=/MediaEndpoint/A2DPSource/aptx_hd
Aug 14 18:21:52.837764 n bluetoothd[2821]: profiles/audio/media.c:media_endpoint_destroy() sender=:1.36 path=/MediaEndpoint/A2DPSource/aptx_hd
Aug 14 18:21:52.837777 n bluetoothd[2821]: profiles/audio/avdtp.c:avdtp_unregister_sep() SEP 0x5d6eb326d930 unregistered: type:0 codec:255 seid_pool:0x5d6eb325d408 seid:3
Aug 14 18:21:52.838016 n bluetoothd[2821]: profiles/audio/media.c:proxy_removed_cb() Proxy removed - removing endpoint: /MediaEndpoint/A2DPSink/aptx
Aug 14 18:21:52.838028 n bluetoothd[2821]: profiles/audio/media.c:release_endpoint() sender=:1.36 path=/MediaEndpoint/A2DPSink/aptx
Aug 14 18:21:52.838052 n bluetoothd[2821]: profiles/audio/media.c:media_endpoint_destroy() sender=:1.36 path=/MediaEndpoint/A2DPSink/aptx
Aug 14 18:21:52.838061 n bluetoothd[2821]: profiles/audio/avdtp.c:avdtp_unregister_sep() SEP 0x5d6eb326e350 unregistered: type:1 codec:255 seid_pool:0x5d6eb325d408 seid:4
Aug 14 18:21:52.838354 n bluetoothd[2821]: profiles/audio/media.c:proxy_removed_cb() Proxy removed - removing endpoint: /MediaEndpoint/A2DPSource/aptx
Aug 14 18:21:52.838365 n bluetoothd[2821]: profiles/audio/media.c:release_endpoint() sender=:1.36 path=/MediaEndpoint/A2DPSource/aptx
Aug 14 18:21:52.838388 n bluetoothd[2821]: profiles/audio/media.c:media_endpoint_destroy() sender=:1.36 path=/MediaEndpoint/A2DPSource/aptx
Aug 14 18:21:52.838397 n bluetoothd[2821]: profiles/audio/avdtp.c:avdtp_unregister_sep() SEP 0x5d6eb326eec0 unregistered: type:0 codec:255 seid_pool:0x5d6eb325d408 seid:5
Aug 14 18:21:52.838819 n bluetoothd[2821]: profiles/audio/media.c:proxy_removed_cb() Proxy removed - removing endpoint: /MediaEndpoint/A2DPSink/sbc
Aug 14 18:21:52.838834 n bluetoothd[2821]: profiles/audio/media.c:release_endpoint() sender=:1.36 path=/MediaEndpoint/A2DPSink/sbc
Aug 14 18:21:52.838861 n bluetoothd[2821]: profiles/audio/media.c:media_endpoint_destroy() sender=:1.36 path=/MediaEndpoint/A2DPSink/sbc
Aug 14 18:21:52.838873 n bluetoothd[2821]: profiles/audio/avdtp.c:avdtp_unregister_sep() SEP 0x5d6eb326f8e0 unregistered: type:1 codec:0 seid_pool:0x5d6eb325d408 seid:6
Aug 14 18:21:52.839097 n bluetoothd[2821]: profiles/audio/media.c:proxy_removed_cb() Proxy removed - removing endpoint: /MediaEndpoint/A2DPSource/sbc
Aug 14 18:21:52.839109 n bluetoothd[2821]: profiles/audio/media.c:release_endpoint() sender=:1.36 path=/MediaEndpoint/A2DPSource/sbc
Aug 14 18:21:52.839133 n bluetoothd[2821]: profiles/audio/media.c:media_endpoint_destroy() sender=:1.36 path=/MediaEndpoint/A2DPSource/sbc
Aug 14 18:21:52.839143 n bluetoothd[2821]: profiles/audio/avdtp.c:avdtp_unregister_sep() SEP 0x5d6eb32704a0 unregistered: type:0 codec:0 seid_pool:0x5d6eb325d408 seid:7
Aug 14 18:21:52.839345 n bluetoothd[2821]: profiles/audio/media.c:proxy_removed_cb() Proxy removed - removing endpoint: /MediaEndpoint/A2DPSink/sbc_xq
Aug 14 18:21:52.839356 n bluetoothd[2821]: profiles/audio/media.c:release_endpoint() sender=:1.36 path=/MediaEndpoint/A2DPSink/sbc_xq
Aug 14 18:21:52.839379 n bluetoothd[2821]: profiles/audio/media.c:media_endpoint_destroy() sender=:1.36 path=/MediaEndpoint/A2DPSink/sbc_xq
Aug 14 18:21:52.839387 n bluetoothd[2821]: profiles/audio/avdtp.c:avdtp_unregister_sep() SEP 0x5d6eb3270f80 unregistered: type:1 codec:0 seid_pool:0x5d6eb325d408 seid:8
Aug 14 18:21:52.839600 n bluetoothd[2821]: profiles/audio/media.c:proxy_removed_cb() Proxy removed - removing endpoint: /MediaEndpoint/A2DPSource/sbc_xq
Aug 14 18:21:52.839608 n bluetoothd[2821]: profiles/audio/media.c:release_endpoint() sender=:1.36 path=/MediaEndpoint/A2DPSource/sbc_xq
Aug 14 18:21:52.839623 n bluetoothd[2821]: profiles/audio/media.c:media_endpoint_destroy() sender=:1.36 path=/MediaEndpoint/A2DPSource/sbc_xq
Aug 14 18:21:52.839629 n bluetoothd[2821]: profiles/audio/avdtp.c:avdtp_unregister_sep() SEP 0x5d6eb3271bb0 unregistered: type:0 codec:0 seid_pool:0x5d6eb325d408 seid:9
Aug 14 18:21:52.839869 n bluetoothd[2821]: profiles/audio/media.c:proxy_removed_cb() Proxy removed - removing endpoint: /MediaEndpoint/A2DPSource/aptx_ll_1
Aug 14 18:21:52.839877 n bluetoothd[2821]: profiles/audio/media.c:release_endpoint() sender=:1.36 path=/MediaEndpoint/A2DPSource/aptx_ll_1
Aug 14 18:21:52.839893 n bluetoothd[2821]: profiles/audio/media.c:media_endpoint_destroy() sender=:1.36 path=/MediaEndpoint/A2DPSource/aptx_ll_1
Aug 14 18:21:52.839899 n bluetoothd[2821]: profiles/audio/avdtp.c:avdtp_unregister_sep() SEP 0x5d6eb32727e0 unregistered: type:0 codec:255 seid_pool:0x5d6eb325d408 seid:10
Aug 14 18:21:52.840181 n bluetoothd[2821]: profiles/audio/media.c:proxy_removed_cb() Proxy removed - removing endpoint: /MediaEndpoint/A2DPSource/aptx_ll_0
Aug 14 18:21:52.840194 n bluetoothd[2821]: profiles/audio/media.c:release_endpoint() sender=:1.36 path=/MediaEndpoint/A2DPSource/aptx_ll_0
Aug 14 18:21:52.840222 n bluetoothd[2821]: profiles/audio/media.c:media_endpoint_destroy() sender=:1.36 path=/MediaEndpoint/A2DPSource/aptx_ll_0
Aug 14 18:21:52.840231 n bluetoothd[2821]: profiles/audio/avdtp.c:avdtp_unregister_sep() SEP 0x5d6eb3273410 unregistered: type:0 codec:255 seid_pool:0x5d6eb325d408 seid:11
Aug 14 18:21:52.840461 n bluetoothd[2821]: profiles/audio/media.c:proxy_removed_cb() Proxy removed - removing endpoint: /MediaEndpoint/A2DPSource/aptx_ll_duplex_1
Aug 14 18:21:52.840470 n bluetoothd[2821]: profiles/audio/media.c:release_endpoint() sender=:1.36 path=/MediaEndpoint/A2DPSource/aptx_ll_duplex_1
Aug 14 18:21:52.840490 n bluetoothd[2821]: profiles/audio/media.c:media_endpoint_destroy() sender=:1.36 path=/MediaEndpoint/A2DPSource/aptx_ll_duplex_1
Aug 14 18:21:52.840496 n bluetoothd[2821]: profiles/audio/avdtp.c:avdtp_unregister_sep() SEP 0x5d6eb3273fb0 unregistered: type:0 codec:255 seid_pool:0x5d6eb325d408 seid:12
Aug 14 18:21:52.840755 n bluetoothd[2821]: profiles/audio/media.c:proxy_removed_cb() Proxy removed - removing endpoint: /MediaEndpoint/A2DPSource/aptx_ll_duplex_0
Aug 14 18:21:52.840769 n bluetoothd[2821]: profiles/audio/media.c:release_endpoint() sender=:1.36 path=/MediaEndpoint/A2DPSource/aptx_ll_duplex_0
Aug 14 18:21:52.840796 n bluetoothd[2821]: profiles/audio/media.c:media_endpoint_destroy() sender=:1.36 path=/MediaEndpoint/A2DPSource/aptx_ll_duplex_0
Aug 14 18:21:52.840811 n bluetoothd[2821]: profiles/audio/avdtp.c:avdtp_unregister_sep() SEP 0x5d6eb3274b50 unregistered: type:0 codec:255 seid_pool:0x5d6eb325d408 seid:13
Aug 14 18:21:52.841134 n bluetoothd[2821]: profiles/audio/media.c:proxy_removed_cb() Proxy removed - removing endpoint: /MediaEndpoint/A2DPSource/faststream
Aug 14 18:21:52.841147 n bluetoothd[2821]: profiles/audio/media.c:release_endpoint() sender=:1.36 path=/MediaEndpoint/A2DPSource/faststream
Aug 14 18:21:52.841177 n bluetoothd[2821]: profiles/audio/media.c:media_endpoint_destroy() sender=:1.36 path=/MediaEndpoint/A2DPSource/faststream
Aug 14 18:21:52.841188 n bluetoothd[2821]: profiles/audio/avdtp.c:avdtp_unregister_sep() SEP 0x5d6eb32757c0 unregistered: type:0 codec:255 seid_pool:0x5d6eb325d408 seid:14
Aug 14 18:21:52.841469 n bluetoothd[2821]: profiles/audio/media.c:proxy_removed_cb() Proxy removed - removing endpoint: /MediaEndpoint/A2DPSource/faststream_duplex
Aug 14 18:21:52.841480 n bluetoothd[2821]: profiles/audio/media.c:release_endpoint() sender=:1.36 path=/MediaEndpoint/A2DPSource/faststream_duplex
Aug 14 18:21:52.841509 n bluetoothd[2821]: profiles/audio/media.c:media_endpoint_destroy() sender=:1.36 path=/MediaEndpoint/A2DPSource/faststream_duplex
Aug 14 18:21:52.841522 n bluetoothd[2821]: profiles/audio/avdtp.c:avdtp_unregister_sep() SEP 0x5d6eb32763e0 unregistered: type:0 codec:255 seid_pool:0x5d6eb325d408 seid:15
Aug 14 18:21:52.841753 n bluetoothd[2821]: profiles/audio/media.c:proxy_removed_cb() Proxy removed - removing endpoint: /MediaEndpoint/A2DPSink/opus_05
Aug 14 18:21:52.841765 n bluetoothd[2821]: profiles/audio/media.c:release_endpoint() sender=:1.36 path=/MediaEndpoint/A2DPSink/opus_05
Aug 14 18:21:52.841782 n bluetoothd[2821]: profiles/audio/media.c:media_endpoint_destroy() sender=:1.36 path=/MediaEndpoint/A2DPSink/opus_05
Aug 14 18:21:52.841790 n bluetoothd[2821]: profiles/audio/avdtp.c:avdtp_unregister_sep() SEP 0x5d6eb3276f10 unregistered: type:1 codec:255 seid_pool:0x5d6eb325d408 seid:16
Aug 14 18:21:52.841963 n bluetoothd[2821]: profiles/audio/media.c:proxy_removed_cb() Proxy removed - removing endpoint: /MediaEndpoint/A2DPSource/opus_05
Aug 14 18:21:52.841975 n bluetoothd[2821]: profiles/audio/media.c:release_endpoint() sender=:1.36 path=/MediaEndpoint/A2DPSource/opus_05
Aug 14 18:21:52.842005 n bluetoothd[2821]: profiles/audio/media.c:media_endpoint_destroy() sender=:1.36 path=/MediaEndpoint/A2DPSource/opus_05
Aug 14 18:21:52.842014 n bluetoothd[2821]: profiles/audio/avdtp.c:avdtp_unregister_sep() SEP 0x5d6eb3277b50 unregistered: type:0 codec:255 seid_pool:0x5d6eb325d408 seid:17
Aug 14 18:21:52.842288 n bluetoothd[2821]: profiles/audio/media.c:proxy_removed_cb() Proxy removed - removing endpoint: /MediaEndpoint/A2DPSink/opus_05_duplex
Aug 14 18:21:52.842299 n bluetoothd[2821]: src/adapter.c:adapter_service_remove() /org/bluez/hci0
Aug 14 18:21:52.842307 n bluetoothd[2821]: src/adapter.c:remove_uuid() sending remove uuid command for index 0
Aug 14 18:21:52.842313 n bluetoothd[2821]: src/sdpd-service.c:remove_record_from_server() Removing record with handle 0x10009
Aug 14 18:21:52.842322 n bluetoothd[2821]: profiles/audio/media.c:release_endpoint() sender=:1.36 path=/MediaEndpoint/A2DPSink/opus_05_duplex
Aug 14 18:21:52.842348 n bluetoothd[2821]: profiles/audio/media.c:media_endpoint_destroy() sender=:1.36 path=/MediaEndpoint/A2DPSink/opus_05_duplex
Aug 14 18:21:52.842357 n bluetoothd[2821]: profiles/audio/avdtp.c:avdtp_unregister_sep() SEP 0x5d6eb3278640 unregistered: type:1 codec:255 seid_pool:0x5d6eb325d408 seid:18
Aug 14 18:21:52.842680 n bluetoothd[2821]: profiles/audio/media.c:proxy_removed_cb() Proxy removed - removing endpoint: /MediaEndpoint/A2DPSource/opus_05_duplex
Aug 14 18:21:52.842691 n bluetoothd[2821]: src/adapter.c:adapter_service_remove() /org/bluez/hci0
Aug 14 18:21:52.842698 n bluetoothd[2821]: src/adapter.c:remove_uuid() sending remove uuid command for index 0
Aug 14 18:21:52.842704 n bluetoothd[2821]: src/sdpd-service.c:remove_record_from_server() Removing record with handle 0x10008
Aug 14 18:21:52.842713 n bluetoothd[2821]: profiles/audio/media.c:release_endpoint() sender=:1.36 path=/MediaEndpoint/A2DPSource/opus_05_duplex
Aug 14 18:21:52.842737 n bluetoothd[2821]: profiles/audio/media.c:media_endpoint_destroy() sender=:1.36 path=/MediaEndpoint/A2DPSource/opus_05_duplex
Aug 14 18:21:52.842747 n bluetoothd[2821]: profiles/audio/avdtp.c:avdtp_unregister_sep() SEP 0x5d6eb3279270 unregistered: type:0 codec:255 seid_pool:0x5d6eb325d408 seid:19
Aug 14 18:21:52.843200 n bluetoothd[2821]: profiles/audio/media.c:client_disconnect_cb() Client disconnected
Aug 14 18:21:52.843602 n bluetoothd[2821]: src/shared/mgmt.c:send_request() [0x0000] command 0x0011
Aug 14 18:21:52.846065 n bluetoothd[2821]: src/shared/mgmt.c:can_read_data() [0x0000] event 0x0007
Aug 14 18:21:52.846079 n bluetoothd[2821]: src/adapter.c:dev_class_changed_callback() Class: 0x2c010c
Aug 14 18:21:52.849064 n bluetoothd[2821]: src/shared/mgmt.c:can_read_data() [0x0000] command 0x0011 complete: 0x00
Aug 14 18:21:52.849104 n bluetoothd[2821]: src/shared/mgmt.c:send_request() [0x0000] command 0x0011
Aug 14 18:21:52.852019 n bluetoothd[2821]: src/shared/mgmt.c:can_read_data() [0x0000] event 0x0007
Aug 14 18:21:52.852028 n bluetoothd[2821]: src/adapter.c:dev_class_changed_callback() Class: 0x0c010c
Aug 14 18:21:52.855065 n bluetoothd[2821]: src/shared/mgmt.c:can_read_data() [0x0000] command 0x0011 complete: 0x00
Aug 14 18:21:52.855096 n bluetoothd[2821]: src/shared/mgmt.c:send_request() [0x0000] command 0x0011
Aug 14 18:21:52.858022 n bluetoothd[2821]: src/shared/mgmt.c:can_read_data() [0x0000] event 0x0007
Aug 14 18:21:52.858036 n bluetoothd[2821]: src/adapter.c:dev_class_changed_callback() Class: 0x08010c
Aug 14 18:21:52.861043 n bluetoothd[2821]: src/shared/mgmt.c:can_read_data() [0x0000] command 0x0011 complete: 0x00
Aug 14 18:21:52.861087 n bluetoothd[2821]: src/shared/mgmt.c:send_request() [0x0000] command 0x0011
Aug 14 18:21:52.864019 n bluetoothd[2821]: src/shared/mgmt.c:can_read_data() [0x0000] event 0x0007
Aug 14 18:21:52.864032 n bluetoothd[2821]: src/adapter.c:dev_class_changed_callback() Class: 0x00010c
Aug 14 18:21:52.867022 n bluetoothd[2821]: src/shared/mgmt.c:can_read_data() [0x0000] command 0x0011 complete: 0x00
Aug 14 18:21:52.935162 n bluetoothd[2821]: src/profile.c:register_profile() sender :1.85
Aug 14 18:21:52.935188 n bluetoothd[2821]: src/profile.c:create_ext() Created "Hands-Free Voice gateway"
Aug 14 18:21:52.935198 n bluetoothd[2821]: src/profile.c:ext_adapter_probe() "Hands-Free Voice gateway" probed
Aug 14 18:21:52.935233 n bluetoothd[2821]: src/profile.c:ext_start_servers() Hands-Free Voice gateway listening on chan 13
Aug 14 18:21:52.935278 n bluetoothd[2821]: src/adapter.c:adapter_service_add() /org/bluez/hci0
Aug 14 18:21:52.935290 n bluetoothd[2821]: src/sdpd-service.c:add_record_to_server() Adding record with handle 0x10006
Aug 14 18:21:52.935300 n bluetoothd[2821]: src/sdpd-service.c:add_record_to_server() Record pattern UUID 00000003-0000-1000-8000-00805f9
Aug 14 18:21:52.935311 n bluetoothd[2821]: src/sdpd-service.c:add_record_to_server() Record pattern UUID 00000100-0000-1000-8000-00805f9
Aug 14 18:21:52.935320 n bluetoothd[2821]: src/sdpd-service.c:add_record_to_server() Record pattern UUID 00001002-0000-1000-8000-00805f9
Aug 14 18:21:52.935332 n bluetoothd[2821]: src/sdpd-service.c:add_record_to_server() Record pattern UUID 0000111e-0000-1000-8000-00805f9
Aug 14 18:21:52.935340 n bluetoothd[2821]: src/sdpd-service.c:add_record_to_server() Record pattern UUID 0000111f-0000-1000-8000-00805f9
Aug 14 18:21:52.935351 n bluetoothd[2821]: src/sdpd-service.c:add_record_to_server() Record pattern UUID 00001203-0000-1000-8000-00805f9
Aug 14 18:21:52.935360 n bluetoothd[2821]: src/adapter.c:adapter_service_insert() /org/bluez/hci0
Aug 14 18:21:52.935369 n bluetoothd[2821]: src/adapter.c:add_uuid() sending add uuid command for index 0
Aug 14 18:21:52.935390 n bluetoothd[2821]: src/profile.c:ext_device_probe() Hands-Free Voice gateway probed with UUID <UUID-03>
Aug 14 18:21:52.935400 n bluetoothd[2821]: src/service.c:change_state() 0x5d6eb3277fe0: device AA:BB:CC:00:00:02 profile Hands-Free Voice gateway state changed: unavailable -> disconnected (0)
Aug 14 18:21:52.935415 n bluetoothd[2821]: src/profile.c:ext_device_probe() Hands-Free Voice gateway probed with UUID <UUID-03>
Aug 14 18:21:52.935425 n bluetoothd[2821]: src/service.c:change_state() 0x5d6eb3263220: device AA:BB:CC:00:00:03 profile Hands-Free Voice gateway state changed: unavailable -> disconnected (0)
Aug 14 18:21:52.935439 n bluetoothd[2821]: src/profile.c:ext_device_probe() Hands-Free Voice gateway probed with UUID <UUID-03>
Aug 14 18:21:52.935448 n bluetoothd[2821]: src/service.c:change_state() 0x5d6eb325aad0: device AA:BB:CC:00:00:04 profile Hands-Free Voice gateway state changed: unavailable -> disconnected (0)
Aug 14 18:21:52.935555 n bluetoothd[2821]: src/profile.c:register_profile() sender :1.85
Aug 14 18:21:52.935570 n bluetoothd[2821]: src/profile.c:create_ext() Created "Hands-Free unit"
Aug 14 18:21:52.935577 n bluetoothd[2821]: src/profile.c:ext_adapter_probe() "Hands-Free unit" probed
Aug 14 18:21:52.935603 n bluetoothd[2821]: src/profile.c:ext_start_servers() Hands-Free unit listening on chan 7
Aug 14 18:21:52.935632 n bluetoothd[2821]: src/adapter.c:adapter_service_add() /org/bluez/hci0
Aug 14 18:21:52.935639 n bluetoothd[2821]: src/sdpd-service.c:add_record_to_server() Adding record with handle 0x10007
Aug 14 18:21:52.935647 n bluetoothd[2821]: src/sdpd-service.c:add_record_to_server() Record pattern UUID 00000003-0000-1000-8000-00805f9
Aug 14 18:21:52.935653 n bluetoothd[2821]: src/sdpd-service.c:add_record_to_server() Record pattern UUID 00000100-0000-1000-8000-00805f9
Aug 14 18:21:52.935660 n bluetoothd[2821]: src/sdpd-service.c:add_record_to_server() Record pattern UUID 00001002-0000-1000-8000-00805f9
Aug 14 18:21:52.935667 n bluetoothd[2821]: src/sdpd-service.c:add_record_to_server() Record pattern UUID 0000111e-0000-1000-8000-00805f9
Aug 14 18:21:52.935676 n bluetoothd[2821]: src/sdpd-service.c:add_record_to_server() Record pattern UUID 00001203-0000-1000-8000-00805f9
Aug 14 18:21:52.935683 n bluetoothd[2821]: src/adapter.c:adapter_service_insert() /org/bluez/hci0
Aug 14 18:21:52.935693 n bluetoothd[2821]: src/adapter.c:add_uuid() sending add uuid command for index 0
Aug 14 18:21:52.935959 n bluetoothd[2821]: profiles/audio/media.c:register_app() Registering application: :1.85:/MediaEndpoint
Aug 14 18:21:52.936044 n bluetoothd[2821]: src/shared/mgmt.c:send_request() [0x0000] command 0x0010
Aug 14 18:21:52.936668 n bluetoothd[2821]: profiles/audio/media.c:proxy_added_cb() Proxy added: /MediaEndpoint/A2DPSource/ldac, iface: org.bluez.MediaEndpoint1
Aug 14 18:21:52.936687 n bluetoothd[2821]: profiles/audio/avdtp.c:avdtp_register_sep() SEP 0x5d6eb325d380 registered: type:0 codec:255 seid_pool:0x5d6eb325d408 seid:1
Aug 14 18:21:52.936705 n bluetoothd[2821]: src/adapter.c:adapter_service_add() /org/bluez/hci0
Aug 14 18:21:52.936713 n bluetoothd[2821]: src/sdpd-service.c:add_record_to_server() Adding record with handle 0x10008
Aug 14 18:21:52.936722 n bluetoothd[2821]: src/sdpd-service.c:add_record_to_server() Record pattern UUID 00000019-0000-1000-8000-00805f9
Aug 14 18:21:52.936729 n bluetoothd[2821]: src/sdpd-service.c:add_record_to_server() Record pattern UUID 00000100-0000-1000-8000-00805f9
Aug 14 18:21:52.936737 n bluetoothd[2821]: src/sdpd-service.c:add_record_to_server() Record pattern UUID 00001002-0000-1000-8000-00805f9
Aug 14 18:21:52.936745 n bluetoothd[2821]: src/sdpd-service.c:add_record_to_server() Record pattern UUID 0000110a-0000-1000-8000-00805f9
Aug 14 18:21:52.936753 n bluetoothd[2821]: src/sdpd-service.c:add_record_to_server() Record pattern UUID 0000110d-0000-1000-8000-00805f9
Aug 14 18:21:52.936761 n bluetoothd[2821]: src/adapter.c:adapter_service_insert() /org/bluez/hci0
Aug 14 18:21:52.936771 n bluetoothd[2821]: src/adapter.c:add_uuid() sending add uuid command for index 0
Aug 14 18:21:52.936909 n bluetoothd[2821]: profiles/audio/media.c:proxy_added_cb() Proxy added: /MediaEndpoint/A2DPSink/aptx_hd, iface: org.bluez.MediaEndpoint1
Aug 14 18:21:52.936924 n bluetoothd[2821]: profiles/audio/avdtp.c:avdtp_register_sep() SEP 0x5d6eb32654d0 registered: type:1 codec:255 seid_pool:0x5d6eb325d408 seid:2
Aug 14 18:21:52.936940 n bluetoothd[2821]: src/adapter.c:adapter_service_add() /org/bluez/hci0
Aug 14 18:21:52.936949 n bluetoothd[2821]: src/sdpd-service.c:add_record_to_server() Adding record with handle 0x10009
Aug 14 18:21:52.936958 n bluetoothd[2821]: src/sdpd-service.c:add_record_to_server() Record pattern UUID 00000019-0000-1000-8000-00805f9
Aug 14 18:21:52.936967 n bluetoothd[2821]: src/sdpd-service.c:add_record_to_server() Record pattern UUID 00000100-0000-1000-8000-00805f9
Aug 14 18:21:52.936975 n bluetoothd[2821]: src/sdpd-service.c:add_record_to_server() Record pattern UUID 00001002-0000-1000-8000-00805f9
Aug 14 18:21:52.936982 n bluetoothd[2821]: src/sdpd-service.c:add_record_to_server() Record pattern UUID 0000110b-0000-1000-8000-00805f9
Aug 14 18:21:52.937000 n bluetoothd[2821]: src/sdpd-service.c:add_record_to_server() Record pattern UUID 0000110d-0000-1000-8000-00805f9
Aug 14 18:21:52.937009 n bluetoothd[2821]: src/adapter.c:adapter_service_insert() /org/bluez/hci0
Aug 14 18:21:52.937017 n bluetoothd[2821]: src/adapter.c:add_uuid() sending add uuid command for index 0
Aug 14 18:21:52.937130 n bluetoothd[2821]: profiles/audio/media.c:proxy_added_cb() Proxy added: /MediaEndpoint/A2DPSource/aptx_hd, iface: org.bluez.MediaEndpoint1
Aug 14 18:21:52.937143 n bluetoothd[2821]: profiles/audio/avdtp.c:avdtp_register_sep() SEP 0x5d6eb326b410 registered: type:0 codec:255 seid_pool:0x5d6eb325d408 seid:3
Aug 14 18:21:52.937257 n bluetoothd[2821]: profiles/audio/media.c:proxy_added_cb() Proxy added: /MediaEndpoint/A2DPSink/aptx, iface: org.bluez.MediaEndpoint1
Aug 14 18:21:52.937288 n bluetoothd[2821]: profiles/audio/avdtp.c:avdtp_register_sep() SEP 0x5d6eb3276fa0 registered: type:1 codec:255 seid_pool:0x5d6eb325d408 seid:4
Aug 14 18:21:52.937425 n bluetoothd[2821]: profiles/audio/media.c:proxy_added_cb() Proxy added: /MediaEndpoint/A2DPSource/aptx, iface: org.bluez.MediaEndpoint1
Aug 14 18:21:52.937441 n bluetoothd[2821]: profiles/audio/avdtp.c:avdtp_register_sep() SEP 0x5d6eb326eca0 registered: type:0 codec:255 seid_pool:0x5d6eb325d408 seid:5
Aug 14 18:21:52.937562 n bluetoothd[2821]: profiles/audio/media.c:proxy_added_cb() Proxy added: /MediaEndpoint/A2DPSink/sbc, iface: org.bluez.MediaEndpoint1
Aug 14 18:21:52.937576 n bluetoothd[2821]: profiles/audio/avdtp.c:avdtp_register_sep() SEP 0x5d6eb32784f0 registered: type:1 codec:0 seid_pool:0x5d6eb325d408 seid:6
Aug 14 18:21:52.937707 n bluetoothd[2821]: profiles/audio/media.c:proxy_added_cb() Proxy added: /MediaEndpoint/A2DPSource/sbc, iface: org.bluez.MediaEndpoint1
Aug 14 18:21:52.937721 n bluetoothd[2821]: profiles/audio/avdtp.c:avdtp_register_sep() SEP 0x5d6eb326b9f0 registered: type:0 codec:0 seid_pool:0x5d6eb325d408 seid:7
Aug 14 18:21:52.937843 n bluetoothd[2821]: profiles/audio/media.c:proxy_added_cb() Proxy added: /MediaEndpoint/A2DPSink/sbc_xq, iface: org.bluez.MediaEndpoint1
Aug 14 18:21:52.937854 n bluetoothd[2821]: profiles/audio/avdtp.c:avdtp_register_sep() SEP 0x5d6eb326e410 registered: type:1 codec:0 seid_pool:0x5d6eb325d408 seid:8
Aug 14 18:21:52.937953 n bluetoothd[2821]: profiles/audio/media.c:proxy_added_cb() Proxy added: /MediaEndpoint/A2DPSource/sbc_xq, iface: org.bluez.MediaEndpoint1
Aug 14 18:21:52.937968 n bluetoothd[2821]: profiles/audio/avdtp.c:avdtp_register_sep() SEP 0x5d6eb3278d70 registered: type:0 codec:0 seid_pool:0x5d6eb325d408 seid:9
Aug 14 18:21:52.938100 n bluetoothd[2821]: profiles/audio/media.c:proxy_added_cb() Proxy added: /MediaEndpoint/A2DPSource/aptx_ll_1, iface: org.bluez.MediaEndpoint1
Aug 14 18:21:52.938110 n bluetoothd[2821]: profiles/audio/avdtp.c:avdtp_register_sep() SEP 0x5d6eb3273eb0 registered: type:0 codec:255 seid_pool:0x5d6eb325d408 seid:10
Aug 14 18:21:52.938235 n bluetoothd[2821]: profiles/audio/media.c:proxy_added_cb() Proxy added: /MediaEndpoint/A2DPSource/aptx_ll_0, iface: org.bluez.MediaEndpoint1
Aug 14 18:21:52.938246 n bluetoothd[2821]: profiles/audio/avdtp.c:avdtp_register_sep() SEP 0x5d6eb32729a0 registered: type:0 codec:255 seid_pool:0x5d6eb325d408 seid:11
Aug 14 18:21:52.938377 n bluetoothd[2821]: profiles/audio/media.c:proxy_added_cb() Proxy added: /MediaEndpoint/A2DPSource/aptx_ll_duplex_1, iface: org.bluez.MediaEndpoint1
Aug 14 18:21:52.938386 n bluetoothd[2821]: profiles/audio/avdtp.c:avdtp_register_sep() SEP 0x5d6eb3274510 registered: type:0 codec:255 seid_pool:0x5d6eb325d408 seid:12
Aug 14 18:21:52.938469 n bluetoothd[2821]: profiles/audio/media.c:proxy_added_cb() Proxy added: /MediaEndpoint/A2DPSource/aptx_ll_duplex_0, iface: org.bluez.MediaEndpoint1
Aug 14 18:21:52.938477 n bluetoothd[2821]: profiles/audio/avdtp.c:avdtp_register_sep() SEP 0x5d6eb3270050 registered: type:0 codec:255 seid_pool:0x5d6eb325d408 seid:13
Aug 14 18:21:52.938563 n bluetoothd[2821]: profiles/audio/media.c:proxy_added_cb() Proxy added: /MediaEndpoint/A2DPSource/faststream, iface: org.bluez.MediaEndpoint1
Aug 14 18:21:52.938572 n bluetoothd[2821]: profiles/audio/avdtp.c:avdtp_register_sep() SEP 0x5d6eb32719d0 registered: type:0 codec:255 seid_pool:0x5d6eb325d408 seid:14
Aug 14 18:21:52.938667 n bluetoothd[2821]: profiles/audio/media.c:proxy_added_cb() Proxy added: /MediaEndpoint/A2DPSource/faststream_duplex, iface: org.bluez.MediaEndpoint1
Aug 14 18:21:52.938676 n bluetoothd[2821]: profiles/audio/avdtp.c:avdtp_register_sep() SEP 0x5d6eb3275770 registered: type:0 codec:255 seid_pool:0x5d6eb325d408 seid:15
Aug 14 18:21:52.938754 n bluetoothd[2821]: profiles/audio/media.c:proxy_added_cb() Proxy added: /MediaEndpoint/A2DPSink/opus_05, iface: org.bluez.MediaEndpoint1
Aug 14 18:21:52.938763 n bluetoothd[2821]: profiles/audio/avdtp.c:avdtp_register_sep() SEP 0x5d6eb327a340 registered: type:1 codec:255 seid_pool:0x5d6eb325d408 seid:16
Aug 14 18:21:52.938844 n bluetoothd[2821]: profiles/audio/media.c:proxy_added_cb() Proxy added: /MediaEndpoint/A2DPSource/opus_05, iface: org.bluez.MediaEndpoint1
Aug 14 18:21:52.938852 n bluetoothd[2821]: profiles/audio/avdtp.c:avdtp_register_sep() SEP 0x5d6eb326a780 registered: type:0 codec:255 seid_pool:0x5d6eb325d408 seid:17
Aug 14 18:21:52.938928 n bluetoothd[2821]: profiles/audio/media.c:proxy_added_cb() Proxy added: /MediaEndpoint/A2DPSink/opus_05_duplex, iface: org.bluez.MediaEndpoint1
Aug 14 18:21:52.938937 n bluetoothd[2821]: profiles/audio/avdtp.c:avdtp_register_sep() SEP 0x5d6eb327d750 registered: type:1 codec:255 seid_pool:0x5d6eb325d408 seid:18
Aug 14 18:21:52.939040 n bluetoothd[2821]: profiles/audio/media.c:proxy_added_cb() Proxy added: /MediaEndpoint/A2DPSource/opus_05_duplex, iface: org.bluez.MediaEndpoint1
Aug 14 18:21:52.939051 n bluetoothd[2821]: profiles/audio/avdtp.c:avdtp_register_sep() SEP 0x5d6eb327e380 registered: type:0 codec:255 seid_pool:0x5d6eb325d408 seid:19
Aug 14 18:21:52.939064 n bluetoothd[2821]: profiles/audio/media.c:client_ready_cb() Media application registered: :1.85:/MediaEndpoint
Aug 14 18:21:52.939088 n bluetoothd[2821]: src/shared/mgmt.c:can_read_data() [0x0000] event 0x0007
Aug 14 18:21:52.939094 n bluetoothd[2821]: src/adapter.c:dev_class_changed_callback() Class: 0x40010c
Aug 14 18:21:52.942042 n bluetoothd[2821]: src/shared/mgmt.c:can_read_data() [0x0000] command 0x0010 complete: 0x00
Aug 14 18:21:52.942081 n bluetoothd[2821]: src/shared/mgmt.c:send_request() [0x0000] command 0x0010
Aug 14 18:21:52.945018 n bluetoothd[2821]: src/shared/mgmt.c:can_read_data() [0x0000] event 0x0007
Aug 14 18:21:52.945028 n bluetoothd[2821]: src/adapter.c:dev_class_changed_callback() Class: 0x60010c
Aug 14 18:21:52.948030 n bluetoothd[2821]: src/shared/mgmt.c:can_read_data() [0x0000] command 0x0010 complete: 0x00
Aug 14 18:21:52.948064 n bluetoothd[2821]: src/shared/mgmt.c:send_request() [0x0000] command 0x0010
Aug 14 18:21:52.951024 n bluetoothd[2821]: src/shared/mgmt.c:can_read_data() [0x0000] event 0x0007
Aug 14 18:21:52.951036 n bluetoothd[2821]: src/adapter.c:dev_class_changed_callback() Class: 0x68010c
Aug 14 18:21:52.954087 n bluetoothd[2821]: src/shared/mgmt.c:can_read_data() [0x0000] command 0x0010 complete: 0x00
Aug 14 18:21:52.954133 n bluetoothd[2821]: src/shared/mgmt.c:send_request() [0x0000] command 0x0010
Aug 14 18:21:52.957038 n bluetoothd[2821]: src/shared/mgmt.c:can_read_data() [0x0000] event 0x0007
Aug 14 18:21:52.957049 n bluetoothd[2821]: src/adapter.c:dev_class_changed_callback() Class: 0x6c010c
Aug 14 18:21:52.960077 n bluetoothd[2821]: src/shared/mgmt.c:can_read_data() [0x0000] command 0x0010 complete: 0x00
Aug 14 19:06:27.952691 n bluetoothd[2821]: src/shared/mgmt.c:can_read_data() [0x0000] event 0x000b
Aug 14 19:06:27.952710 n bluetoothd[2821]: src/adapter.c:connected_callback() hci0 device AA:BB:CC:00:00:02 connected eir_len 17
Aug 14 19:06:28.086463 n bluetoothd[2821]: src/profile.c:ext_confirm() incoming connect from AA:BB:CC:00:00:02
Aug 14 19:06:28.086505 n bluetoothd[2821]: src/service.c:btd_service_ref() 0x5d6eb3277fe0: ref=2
Aug 14 19:06:28.086518 n bluetoothd[2821]: src/profile.c:ext_confirm() Hands-Free Voice gateway authorizing connection from AA:BB:CC:00:00:02
Aug 14 19:06:28.086555 n bluetoothd[2821]: src/profile.c:ext_auth() AA:BB:CC:00:00:02 authorized to connect to Hands-Free Voice gateway
Aug 14 19:06:28.086572 n bluetoothd[2821]: src/profile.c:ext_connect() Hands-Free Voice gateway connected to AA:BB:CC:00:00:02
Aug 14 19:06:28.086582 n bluetoothd[2821]: src/service.c:change_state() 0x5d6eb3277fe0: device AA:BB:CC:00:00:02 profile Hands-Free Voice gateway state changed: disconnected -> connecting (0)
Aug 14 19:06:28.087684 n bluetoothd[2821]: src/service.c:change_state() 0x5d6eb3277fe0: device AA:BB:CC:00:00:02 profile Hands-Free Voice gateway state changed: connecting -> connected (0)
Aug 14 19:06:28.087707 n bluetoothd[2821]: src/device.c:device_profile_connected() Hands-Free Voice gateway Success (0)
Aug 14 19:06:28.087721 n bluetoothd[2821]: src/service.c:btd_service_ref() 0x5d6eb3277fe0: ref=3
Aug 14 19:06:28.087741 n bluetoothd[2821]: plugins/policy.c:service_cb() Added Hands-Free Voice gateway reconnect 0
Aug 14 19:06:28.183831 n bluetoothd[2821]: src/battery.c:register_battery_provider() register battery provider path = /org/freedesktop/pipewire/battery
Aug 14 19:06:28.184560 n bluetoothd[2821]: src/battery.c:btd_battery_register() path = /org/bluez/hci0/dev_AA:BB:CC:00:00:02
Aug 14 19:06:28.184574 n bluetoothd[2821]: src/battery.c:btd_battery_register() registered Battery object: /org/bluez/hci0/dev_AA:BB:CC:00:00:02
Aug 14 19:06:28.184581 n bluetoothd[2821]: src/battery.c:provided_battery_added_cb() provided battery added /org/freedesktop/pipewire/battery/org/bluez/hci0/dev_AA:BB:CC:00:00:02
Aug 14 19:06:28.184587 n bluetoothd[2821]: src/battery.c:btd_battery_update() path = /org/bluez/hci0/dev_AA:BB:CC:00:00:02
Aug 14 19:06:28.243545 n bluetoothd[2821]: profiles/audio/a2dp.c:confirm_cb() AVDTP: incoming connect from AA:BB:CC:00:00:02
Aug 14 19:06:28.254395 n bluetoothd[2821]: profiles/audio/sink.c:sink_set_state() State changed /org/bluez/hci0/dev_AA:BB:CC:00:00:02: SINK_STATE_DISCONNECTED -> SINK_STATE_CONNECTING
Aug 14 19:06:28.254435 n bluetoothd[2821]: profiles/audio/avdtp.c:avdtp_connect_cb() AVDTP: connected signaling channel to AA:BB:CC:00:00:02
Aug 14 19:06:28.254441 n bluetoothd[2821]: profiles/audio/avdtp.c:avdtp_connect_cb() AVDTP imtu=672, omtu=895
Aug 14 19:06:28.254481 n bluetoothd[2821]: profiles/audio/avdtp.c:avdtp_register_remote_sep() seid 7 type 1 media 0 delay_reporting false
Aug 14 19:06:28.254498 n bluetoothd[2821]: profiles/audio/a2dp.c:register_remote_sep() Found remote SEP: /org/bluez/hci0/dev_AA:BB:CC:00:00:02/sep7
Aug 14 19:06:28.254505 n bluetoothd[2821]: profiles/audio/avdtp.c:avdtp_register_remote_sep() seid 6 type 1 media 0 delay_reporting false
Aug 14 19:06:28.254514 n bluetoothd[2821]: profiles/audio/a2dp.c:register_remote_sep() Found remote SEP: /org/bluez/hci0/dev_AA:BB:CC:00:00:02/sep6
Aug 14 19:06:28.254522 n bluetoothd[2821]: profiles/audio/avdtp.c:avdtp_register_remote_sep() seid 5 type 1 media 0 delay_reporting false
Aug 14 19:06:28.254536 n bluetoothd[2821]: profiles/audio/a2dp.c:register_remote_sep() Found remote SEP: /org/bluez/hci0/dev_AA:BB:CC:00:00:02/sep5
Aug 14 19:06:28.254549 n bluetoothd[2821]: profiles/audio/avdtp.c:avdtp_register_remote_sep() seid 4 type 1 media 0 delay_reporting false
Aug 14 19:06:28.254557 n bluetoothd[2821]: profiles/audio/a2dp.c:register_remote_sep() Found remote SEP: /org/bluez/hci0/dev_AA:BB:CC:00:00:02/sep4
Aug 14 19:06:28.254566 n bluetoothd[2821]: profiles/audio/avdtp.c:avdtp_register_remote_sep() seid 8 type 1 media 0 delay_reporting false
Aug 14 19:06:28.254575 n bluetoothd[2821]: profiles/audio/a2dp.c:register_remote_sep() Found remote SEP: /org/bluez/hci0/dev_AA:BB:CC:00:00:02/sep8
Aug 14 19:06:28.254582 n bluetoothd[2821]: profiles/audio/a2dp.c:load_remote_sep() LastUsed: lseid 3 rseid 7
Aug 14 19:06:28.254592 n bluetoothd[2821]: profiles/audio/avdtp.c:avdtp_ref() 0x5d6eb327b070: ref=1
Aug 14 19:06:28.254598 n bluetoothd[2821]: profiles/audio/avdtp.c:set_disconnect_timer() timeout 1
Aug 14 19:06:28.285849 n bluetoothd[2821]: profiles/audio/avctp.c:avctp_confirm_cb() AVCTP: incoming connect from AA:BB:CC:00:00:02
Aug 14 19:06:28.285875 n bluetoothd[2821]: profiles/audio/avctp.c:avctp_set_state() AVCTP Connecting
Aug 14 19:06:28.285915 n bluetoothd[2821]: profiles/audio/avdtp.c:session_cb()
Aug 14 19:06:28.285928 n bluetoothd[2821]: profiles/audio/avdtp.c:avdtp_parse_cmd() Received DISCOVER_CMD
Aug 14 19:06:28.295455 n bluetoothd[2821]: profiles/audio/avdtp.c:session_cb()
Aug 14 19:06:28.295477 n bluetoothd[2821]: profiles/audio/avdtp.c:avdtp_parse_cmd() Received  GET_CAPABILITIES_CMD
Aug 14 19:06:28.295485 n bluetoothd[2821]: profiles/audio/a2dp.c:endpoint_getcap_ind() Source 0x5d6eb325d380: Get_Capability_Ind
Aug 14 19:06:28.304438 n bluetoothd[2821]: profiles/audio/avdtp.c:session_cb()
Aug 14 19:06:28.304458 n bluetoothd[2821]: profiles/audio/avdtp.c:avdtp_parse_cmd() Received  GET_CAPABILITIES_CMD
Aug 14 19:06:28.304468 n bluetoothd[2821]: profiles/audio/a2dp.c:endpoint_getcap_ind() Sink 0x5d6eb32654d0: Get_Capability_Ind
Aug 14 19:06:28.308396 n bluetoothd[2821]: profiles/audio/avctp.c:avctp_connect_cb() AVCTP: connected to AA:BB:CC:00:00:02
Aug 14 19:06:28.308643 n bluetoothd[2821]: profiles/audio/avctp.c:init_uinput() AVRCP: uinput initialized for MOMENTUM 4
Aug 14 19:06:28.308661 n bluetoothd[2821]: profiles/audio/avrcp.c:controller_init() 0x5d6eb3285f20 version 0x0106
Aug 14 19:06:28.308670 n bluetoothd[2821]: src/service.c:change_state() 0x5d6eb325d850: device AA:BB:CC:00:00:02 profile audio-avrcp-target state changed: disconnected -> connected (0)
Aug 14 19:06:28.308699 n bluetoothd[2821]: profiles/audio/player.c:media_player_controller_create() /org/bluez/hci0/dev_AA:BB:CC:00:00:02/player0
Aug 14 19:06:28.308717 n bluetoothd[2821]: profiles/audio/avrcp.c:target_init() 0x5d6eb324f6d0 version 0x0106
Aug 14 19:06:28.308736 n bluetoothd[2821]: src/service.c:change_state() 0x5d6eb325d790: device AA:BB:CC:00:00:02 profile avrcp-controller state changed: disconnected -> connected (0)
Aug 14 19:06:28.308750 n bluetoothd[2821]: profiles/audio/avctp.c:avctp_set_state() AVCTP Connected
Aug 14 19:06:28.312381 n bluetoothd[2821]: profiles/audio/avdtp.c:session_cb()
Aug 14 19:06:28.312402 n bluetoothd[2821]: profiles/audio/avdtp.c:avdtp_parse_cmd() Received  GET_CAPABILITIES_CMD
Aug 14 19:06:28.312412 n bluetoothd[2821]: profiles/audio/a2dp.c:endpoint_getcap_ind() Source 0x5d6eb326b410: Get_Capability_Ind
Aug 14 19:06:28.335382 n bluetoothd[2821]: profiles/audio/avdtp.c:session_cb()
Aug 14 19:06:28.335398 n bluetoothd[2821]: profiles/audio/avdtp.c:avdtp_parse_cmd() Received  GET_CAPABILITIES_CMD
Aug 14 19:06:28.335405 n bluetoothd[2821]: profiles/audio/a2dp.c:endpoint_getcap_ind() Sink 0x5d6eb3276fa0: Get_Capability_Ind
Aug 14 19:06:28.338437 n bluetoothd[2821]: profiles/audio/avrcp.c:handle_vendordep_pdu() AVRCP PDU 0x31, company 0x001958 len 0x0005
Aug 14 19:06:28.361479 n bluetoothd[2821]: profiles/audio/avdtp.c:session_cb()
Aug 14 19:06:28.361506 n bluetoothd[2821]: profiles/audio/avdtp.c:avdtp_parse_cmd() Received  GET_CAPABILITIES_CMD
Aug 14 19:06:28.361522 n bluetoothd[2821]: profiles/audio/a2dp.c:endpoint_getcap_ind() Source 0x5d6eb326eca0: Get_Capability_Ind
Aug 14 19:06:28.385477 n bluetoothd[2821]: profiles/audio/avdtp.c:session_cb()
Aug 14 19:06:28.385504 n bluetoothd[2821]: profiles/audio/avdtp.c:avdtp_parse_cmd() Received  GET_CAPABILITIES_CMD
Aug 14 19:06:28.385518 n bluetoothd[2821]: profiles/audio/a2dp.c:endpoint_getcap_ind() Sink 0x5d6eb32784f0: Get_Capability_Ind
Aug 14 19:06:28.410474 n bluetoothd[2821]: profiles/audio/avdtp.c:session_cb()
Aug 14 19:06:28.410486 n bluetoothd[2821]: profiles/audio/avdtp.c:avdtp_parse_cmd() Received  GET_CAPABILITIES_CMD
Aug 14 19:06:28.410493 n bluetoothd[2821]: profiles/audio/a2dp.c:endpoint_getcap_ind() Source 0x5d6eb326b9f0: Get_Capability_Ind
Aug 14 19:06:28.435417 n bluetoothd[2821]: profiles/audio/avdtp.c:session_cb()
Aug 14 19:06:28.435437 n bluetoothd[2821]: profiles/audio/avdtp.c:avdtp_parse_cmd() Received  GET_CAPABILITIES_CMD
Aug 14 19:06:28.435447 n bluetoothd[2821]: profiles/audio/a2dp.c:endpoint_getcap_ind() Sink 0x5d6eb326e410: Get_Capability_Ind
Aug 14 19:06:28.460410 n bluetoothd[2821]: profiles/audio/avdtp.c:session_cb()
Aug 14 19:06:28.460432 n bluetoothd[2821]: profiles/audio/avdtp.c:avdtp_parse_cmd() Received  GET_CAPABILITIES_CMD
Aug 14 19:06:28.460443 n bluetoothd[2821]: profiles/audio/a2dp.c:endpoint_getcap_ind() Source 0x5d6eb3278d70: Get_Capability_Ind
Aug 14 19:06:28.485405 n bluetoothd[2821]: profiles/audio/avdtp.c:session_cb()
Aug 14 19:06:28.485418 n bluetoothd[2821]: profiles/audio/avdtp.c:avdtp_parse_cmd() Received  GET_CAPABILITIES_CMD
Aug 14 19:06:28.485427 n bluetoothd[2821]: profiles/audio/a2dp.c:endpoint_getcap_ind() Source 0x5d6eb3273eb0: Get_Capability_Ind
Aug 14 19:06:28.510538 n bluetoothd[2821]: profiles/audio/avdtp.c:session_cb()
Aug 14 19:06:28.510557 n bluetoothd[2821]: profiles/audio/avdtp.c:avdtp_parse_cmd() Received  GET_CAPABILITIES_CMD
Aug 14 19:06:28.510569 n bluetoothd[2821]: profiles/audio/a2dp.c:endpoint_getcap_ind() Source 0x5d6eb32729a0: Get_Capability_Ind
Aug 14 19:06:28.535972 n bluetoothd[2821]: profiles/audio/avdtp.c:session_cb()
Aug 14 19:06:28.536004 n bluetoothd[2821]: profiles/audio/avdtp.c:avdtp_parse_cmd() Received  GET_CAPABILITIES_CMD
Aug 14 19:06:28.536019 n bluetoothd[2821]: profiles/audio/a2dp.c:endpoint_getcap_ind() Source 0x5d6eb3274510: Get_Capability_Ind
Aug 14 19:06:28.559602 n bluetoothd[2821]: profiles/audio/avdtp.c:session_cb()
Aug 14 19:06:28.559634 n bluetoothd[2821]: profiles/audio/avdtp.c:avdtp_parse_cmd() Received  GET_CAPABILITIES_CMD
Aug 14 19:06:28.559649 n bluetoothd[2821]: profiles/audio/a2dp.c:endpoint_getcap_ind() Source 0x5d6eb3270050: Get_Capability_Ind
Aug 14 19:06:28.610754 n bluetoothd[2821]: profiles/audio/avdtp.c:session_cb()
Aug 14 19:06:28.610781 n bluetoothd[2821]: profiles/audio/avdtp.c:avdtp_parse_cmd() Received  GET_CAPABILITIES_CMD
Aug 14 19:06:28.610798 n bluetoothd[2821]: profiles/audio/a2dp.c:endpoint_getcap_ind() Source 0x5d6eb32719d0: Get_Capability_Ind
Aug 14 19:06:28.635480 n bluetoothd[2821]: profiles/audio/avdtp.c:session_cb()
Aug 14 19:06:28.635496 n bluetoothd[2821]: profiles/audio/avdtp.c:avdtp_parse_cmd() Received  GET_CAPABILITIES_CMD
Aug 14 19:06:28.635505 n bluetoothd[2821]: profiles/audio/a2dp.c:endpoint_getcap_ind() Source 0x5d6eb3275770: Get_Capability_Ind
Aug 14 19:06:28.661061 n bluetoothd[2821]: profiles/audio/avdtp.c:session_cb()
Aug 14 19:06:28.661093 n bluetoothd[2821]: profiles/audio/avdtp.c:avdtp_parse_cmd() Received  GET_CAPABILITIES_CMD
Aug 14 19:06:28.661113 n bluetoothd[2821]: profiles/audio/a2dp.c:endpoint_getcap_ind() Sink 0x5d6eb327a340: Get_Capability_Ind
Aug 14 19:06:28.685468 n bluetoothd[2821]: profiles/audio/avdtp.c:session_cb()
Aug 14 19:06:28.685499 n bluetoothd[2821]: profiles/audio/avdtp.c:avdtp_parse_cmd() Received  GET_CAPABILITIES_CMD
Aug 14 19:06:28.685510 n bluetoothd[2821]: profiles/audio/a2dp.c:endpoint_getcap_ind() Source 0x5d6eb326a780: Get_Capability_Ind
Aug 14 19:06:28.710507 n bluetoothd[2821]: profiles/audio/avdtp.c:session_cb()
Aug 14 19:06:28.710531 n bluetoothd[2821]: profiles/audio/avdtp.c:avdtp_parse_cmd() Received  GET_CAPABILITIES_CMD
Aug 14 19:06:28.710546 n bluetoothd[2821]: profiles/audio/a2dp.c:endpoint_getcap_ind() Sink 0x5d6eb327d750: Get_Capability_Ind
Aug 14 19:06:28.860530 n bluetoothd[2821]: profiles/audio/avdtp.c:session_cb()
Aug 14 19:06:28.860557 n bluetoothd[2821]: profiles/audio/avdtp.c:avdtp_parse_cmd() Received  GET_CAPABILITIES_CMD
Aug 14 19:06:28.860580 n bluetoothd[2821]: profiles/audio/a2dp.c:endpoint_getcap_ind() Source 0x5d6eb327e380: Get_Capability_Ind
Aug 14 19:06:28.885502 n bluetoothd[2821]: profiles/audio/avdtp.c:session_cb()
Aug 14 19:06:28.885528 n bluetoothd[2821]: profiles/audio/avdtp.c:avdtp_parse_cmd() Received  GET_CAPABILITIES_CMD
Aug 14 19:06:28.885541 n bluetoothd[2821]: profiles/audio/a2dp.c:endpoint_getcap_ind() Source 0x5d6eb325d380: Get_Capability_Ind
Aug 14 19:06:28.910494 n bluetoothd[2821]: profiles/audio/avdtp.c:session_cb()
Aug 14 19:06:28.910532 n bluetoothd[2821]: profiles/audio/avdtp.c:avdtp_parse_cmd() Received  GET_CAPABILITIES_CMD
Aug 14 19:06:28.910543 n bluetoothd[2821]: profiles/audio/a2dp.c:endpoint_getcap_ind() Source 0x5d6eb326b410: Get_Capability_Ind
Aug 14 19:06:28.936016 n bluetoothd[2821]: profiles/audio/avdtp.c:session_cb()
Aug 14 19:06:28.936035 n bluetoothd[2821]: profiles/audio/avdtp.c:avdtp_parse_cmd() Received SET_CONFIGURATION_CMD
Aug 14 19:06:28.936047 n bluetoothd[2821]: profiles/audio/a2dp.c:endpoint_setconf_ind() Source 0x5d6eb326b410: Set_Configuration_Ind
Aug 14 19:06:28.936058 n bluetoothd[2821]: profiles/audio/avdtp.c:avdtp_ref() 0x5d6eb327b070: ref=2
Aug 14 19:06:28.936070 n bluetoothd[2821]: profiles/audio/avdtp.c:avdtp_unref() 0x5d6eb327b070: ref=1
Aug 14 19:06:28.936079 n bluetoothd[2821]: profiles/audio/a2dp.c:setup_ref() 0x5d6eb3287570: ref=1
Aug 14 19:06:28.936088 n bluetoothd[2821]: profiles/audio/a2dp.c:setup_ref() 0x5d6eb3287570: ref=2
Aug 14 19:06:28.936214 n bluetoothd[2821]: profiles/audio/media.c:media_endpoint_async_call() Calling SetConfiguration: name = :1.85 path = /MediaEndpoint/A2DPSource/aptx_hd
Aug 14 19:06:28.938719 n bluetoothd[2821]: profiles/audio/avdtp.c:avdtp_ref() 0x5d6eb327b070: ref=2
Aug 14 19:06:28.938735 n bluetoothd[2821]: profiles/audio/avdtp.c:avdtp_sep_set_state() stream state changed: IDLE -> CONFIGURED
Aug 14 19:06:28.938740 n bluetoothd[2821]: profiles/audio/a2dp.c:setup_unref() 0x5d6eb3287570: ref=1
Aug 14 19:06:28.938746 n bluetoothd[2821]: profiles/audio/a2dp.c:setup_unref() 0x5d6eb3287570: ref=0
Aug 14 19:06:28.938751 n bluetoothd[2821]: profiles/audio/a2dp.c:setup_free() 0x5d6eb3287570
Aug 14 19:06:28.938756 n bluetoothd[2821]: profiles/audio/avdtp.c:avdtp_unref() 0x5d6eb327b070: ref=1
Aug 14 19:06:28.960580 n bluetoothd[2821]: profiles/audio/avdtp.c:session_cb()
Aug 14 19:06:28.960605 n bluetoothd[2821]: profiles/audio/avdtp.c:avdtp_parse_cmd() Received OPEN_CMD
Aug 14 19:06:28.960614 n bluetoothd[2821]: profiles/audio/a2dp.c:open_ind() Source 0x5d6eb326b410: Open_Ind
Aug 14 19:06:28.960621 n bluetoothd[2821]: profiles/audio/avdtp.c:avdtp_ref() 0x5d6eb327b070: ref=2
Aug 14 19:06:28.960629 n bluetoothd[2821]: profiles/audio/a2dp.c:setup_ref() 0x5d6eb3287570: ref=1
Aug 14 19:06:28.985528 n bluetoothd[2821]: profiles/audio/a2dp.c:confirm_cb() AVDTP: incoming connect from AA:BB:CC:00:00:02
Aug 14 19:06:28.995412 n bluetoothd[2821]: profiles/audio/avdtp.c:handle_transport_connect() Flushable packets enabled
Aug 14 19:06:28.995423 n bluetoothd[2821]: profiles/audio/avdtp.c:handle_transport_connect() sk 32, omtu 895, send buffer size 106496
Aug 14 19:06:28.995432 n bluetoothd[2821]: profiles/audio/avdtp.c:avdtp_sep_set_state() stream state changed: CONFIGURED -> OPEN
Aug 14 19:06:28.995441 n bluetoothd[2821]: src/service.c:change_state() 0x5d6eb325d890: device AA:BB:CC:00:00:02 profile a2dp-sink state changed: disconnected -> connected (0)
Aug 14 19:06:28.995455 n bluetoothd[2821]: src/service.c:btd_service_ref() 0x5d6eb325d890: ref=3
Aug 14 19:06:28.995471 n bluetoothd[2821]: plugins/policy.c:service_cb() Added a2dp-sink reconnect 1
Aug 14 19:06:28.995479 n bluetoothd[2821]: profiles/audio/sink.c:sink_set_state() State changed /org/bluez/hci0/dev_AA:BB:CC:00:00:02: SINK_STATE_CONNECTING -> SINK_STATE_CONNECTED
Aug 14 19:06:28.995486 n bluetoothd[2821]: profiles/audio/transport.c:transport_update_playing() /org/bluez/hci0/dev_AA:BB:CC:00:00:02/fd0 State=TRANSPORT_STATE_IDLE Playing=0
Aug 14 19:06:28.995500 n bluetoothd[2821]: profiles/audio/a2dp.c:setup_unref() 0x5d6eb3287570: ref=0
Aug 14 19:06:28.995507 n bluetoothd[2821]: profiles/audio/a2dp.c:setup_free() 0x5d6eb3287570
Aug 14 19:06:28.995514 n bluetoothd[2821]: profiles/audio/avdtp.c:avdtp_unref() 0x5d6eb327b070: ref=1
Aug 14 19:06:30.385842 n bluetoothd[2821]: profiles/audio/player.c:media_player_set_status() stopped
Aug 14 19:06:34.165701 n bluetoothd[2821]: src/service.c:change_state() 0x5d6eb325d790: device AA:BB:CC:00:00:02 profile avrcp-controller state changed: connected -> disconnecting (0)
Aug 14 19:06:34.165725 n bluetoothd[2821]: profiles/audio/avrcp.c:avrcp_disconnect() path /org/bluez/hci0/dev_AA:BB:CC:00:00:02
Aug 14 19:06:34.165735 n bluetoothd[2821]: src/service.c:change_state() 0x5d6eb325d850: device AA:BB:CC:00:00:02 profile audio-avrcp-target state changed: connected -> disconnected (0)
Aug 14 19:06:34.165744 n bluetoothd[2821]: src/service.c:change_state() 0x5d6eb325d790: device AA:BB:CC:00:00:02 profile avrcp-controller state changed: disconnecting -> disconnected (0)
Aug 14 19:06:34.165752 n bluetoothd[2821]: profiles/audio/avrcp.c:controller_destroy() 0x5d6eb3285f20
Aug 14 19:06:34.165761 n bluetoothd[2821]: profiles/audio/player.c:media_player_destroy() /org/bluez/hci0/dev_AA:BB:CC:00:00:02/player0
Aug 14 19:06:34.165799 n bluetoothd[2821]: profiles/audio/avrcp.c:target_destroy() 0x5d6eb324f6d0
Aug 14 19:06:34.165809 n bluetoothd[2821]: profiles/audio/avctp.c:avctp_set_state() AVCTP Disconnected
Aug 14 19:06:34.165837 n bluetoothd[2821]: profiles/audio/avctp.c:avctp_disconnected() AVCTP: closing uinput for AA:BB:CC:00:00:02
Aug 14 19:06:34.185501 n bluetoothd[2821]: src/service.c:change_state() 0x5d6eb325d890: device AA:BB:CC:00:00:02 profile a2dp-sink state changed: connected -> disconnecting (0)
Aug 14 19:06:34.185528 n bluetoothd[2821]: profiles/audio/a2dp.c:a2dp_sink_disconnect() path /org/bluez/hci0/dev_AA:BB:CC:00:00:02
Aug 14 19:06:34.185552 n bluetoothd[2821]: src/service.c:change_state() 0x5d6eb3277fe0: device AA:BB:CC:00:00:02 profile Hands-Free Voice gateway state changed: connected -> disconnecting (0)
Aug 14 19:06:34.187924 n bluetoothd[2821]: src/profile.c:ext_io_disconnected() Hands-Free Voice gateway disconnected from AA:BB:CC:00:00:02
Aug 14 19:06:34.187936 n bluetoothd[2821]: src/service.c:change_state() 0x5d6eb3277fe0: device AA:BB:CC:00:00:02 profile Hands-Free Voice gateway state changed: disconnecting -> disconnected (0)
Aug 14 19:06:34.187954 n bluetoothd[2821]: src/service.c:btd_service_unref() 0x5d6eb3277fe0: ref=2
Aug 14 19:06:34.187983 n bluetoothd[2821]: src/battery.c:provided_battery_removed_cb() provided battery removed /org/freedesktop/pipewire/battery/org/bluez/hci0/dev_AA:BB:CC:00:00:02
Aug 14 19:06:34.187990 n bluetoothd[2821]: src/battery.c:btd_battery_unregister() path = /org/bluez/hci0/dev_AA:BB:CC:00:00:02
Aug 14 19:06:34.369464 n bluetoothd[2821]: profiles/audio/avdtp.c:session_cb()
Aug 14 19:06:34.369491 n bluetoothd[2821]: profiles/audio/avdtp.c:avdtp_parse_resp() CLOSE request succeeded
Aug 14 19:06:34.369503 n bluetoothd[2821]: profiles/audio/avdtp.c:avdtp_sep_set_state() stream state changed: OPEN -> CLOSING
Aug 14 19:06:34.369540 n bluetoothd[2821]: profiles/audio/a2dp.c:close_cfm() Source 0x5d6eb326b410: Close_Cfm
Aug 14 19:06:34.369547 n bluetoothd[2821]: profiles/audio/avdtp.c:avdtp_sep_set_state() stream state changed: CLOSING -> IDLE
Aug 14 19:06:34.369635 n bluetoothd[2821]: src/service.c:change_state() 0x5d6eb325d890: device AA:BB:CC:00:00:02 profile a2dp-sink state changed: disconnecting -> disconnected (0)
Aug 14 19:06:34.369646 n bluetoothd[2821]: profiles/audio/avdtp.c:avdtp_unref() 0x5d6eb327b070: ref=0
Aug 14 19:06:34.369653 n bluetoothd[2821]: profiles/audio/avdtp.c:avdtp_ref() 0x5d6eb327b070: ref=1
Aug 14 19:06:34.369664 n bluetoothd[2821]: profiles/audio/avdtp.c:set_disconnect_timer() timeout 0
Aug 14 19:06:34.369689 n bluetoothd[2821]: profiles/audio/avdtp.c:avdtp_ref() 0x5d6eb327b070: ref=2
Aug 14 19:06:34.369700 n bluetoothd[2821]: profiles/audio/avdtp.c:connection_lost() Disconnected from AA:BB:CC:00:00:02
Aug 14 19:06:34.369710 n bluetoothd[2821]: profiles/audio/sink.c:sink_set_state() State changed /org/bluez/hci0/dev_AA:BB:CC:00:00:02: SINK_STATE_CONNECTED -> SINK_STATE_DISCONNECTED
Aug 14 19:06:34.369721 n bluetoothd[2821]: profiles/audio/a2dp.c:channel_remove() chan 0x5d6eb3260190
Aug 14 19:06:34.369813 n bluetoothd[2821]: profiles/audio/avdtp.c:avdtp_unref() 0x5d6eb327b070: ref=1
Aug 14 19:06:34.369822 n bluetoothd[2821]: profiles/audio/avdtp.c:avdtp_unref() 0x5d6eb327b070: ref=0
Aug 14 19:06:34.369828 n bluetoothd[2821]: profiles/audio/avdtp.c:avdtp_free() 0x5d6eb327b070
Aug 14 19:06:34.551411 n bluetoothd[2821]: src/shared/mgmt.c:can_read_data() [0x0000] event 0x000c
Aug 14 19:06:34.551433 n bluetoothd[2821]: src/adapter.c:dev_disconnected() Device AA:BB:CC:00:00:02 disconnected, reason 3
Aug 14 19:06:34.551452 n bluetoothd[2821]: src/adapter.c:adapter_remove_connection()
Aug 14 19:06:34.551537 n bluetoothd[2821]: plugins/policy.c:disconnect_cb() reason 3
Aug 14 19:06:34.551558 n bluetoothd[2821]: src/adapter.c:bonding_attempt_complete() hci0 bdaddr AA:BB:CC:00:00:02 type 0 status 0xe
Aug 14 19:06:34.551575 n bluetoothd[2821]: src/device.c:device_bonding_complete() bonding (nil) status 0x0e
Aug 14 19:06:34.551593 n bluetoothd[2821]: src/device.c:device_bonding_failed() status 14
Aug 14 19:06:34.551603 n bluetoothd[2821]: src/adapter.c:resume_discovery()
Aug 14 19:06:38.671418 n bluetoothd[2821]: src/agent.c:add_default_agent() Default agent set to :1.125 /org/gnome/bluetooth/settings
Aug 14 19:06:38.671435 n bluetoothd[2821]: src/adapter.c:set_mode() sending set mode command for index 0
Aug 14 19:06:38.671445 n bluetoothd[2821]: src/agent.c:agent_ref() 0x5d6eb3286610: ref=1
Aug 14 19:06:38.671452 n bluetoothd[2821]: src/agent.c:register_agent() agent :1.125
Aug 14 19:06:38.671496 n bluetoothd[2821]: src/shared/mgmt.c:send_request() [0x0000] command 0x0009
Aug 14 19:06:38.671513 n bluetoothd[2821]: src/shared/mgmt.c:can_read_data() [0x0000] command 0x0009 complete: 0x00
Aug 14 19:06:38.671519 n bluetoothd[2821]: src/adapter.c:new_settings_callback() Settings: 0x00000ad1
Aug 14 19:06:38.671525 n bluetoothd[2821]: src/adapter.c:settings_changed() Changed settings: 0x00000010
Aug 14 19:06:38.671531 n bluetoothd[2821]: src/adapter.c:settings_changed() Pending settings: 0x00000000
Aug 14 19:06:38.671556 n bluetoothd[2821]: src/shared/mgmt.c:send_request() [0x0000] command 0x0018
Aug 14 19:06:38.671571 n bluetoothd[2821]: src/shared/mgmt.c:can_read_data() [0x0000] command 0x0018 complete: 0x00
Aug 14 19:06:38.673297 n bluetoothd[2821]: src/adapter.c:set_discovery_filter() sender :1.125
Aug 14 19:06:38.673310 n bluetoothd[2821]: src/adapter.c:parse_discovery_filter_dict() filtered discovery params: transport: 7 rssi: 32767 pathloss: 32767  duplicate data: false discoverable true pattern (null)
Aug 14 19:06:38.673319 n bluetoothd[2821]: src/adapter.c:set_discovery_filter() successfully pre-set filter
Aug 14 19:06:38.673675 n bluetoothd[2821]: src/adapter.c:start_discovery() sender :1.125
Aug 14 19:06:38.673684 n bluetoothd[2821]: src/adapter.c:update_discovery_filter()
Aug 14 19:06:38.673690 n bluetoothd[2821]: src/adapter.c:discovery_filter_to_mgmt_cp()
Aug 14 19:06:38.673696 n bluetoothd[2821]: src/adapter.c:set_discoverable() sending set mode command for index 0
Aug 14 19:06:38.673701 n bluetoothd[2821]: src/adapter.c:set_mode() sending set mode command for index 0
Aug 14 19:06:38.673709 n bluetoothd[2821]: src/adapter.c:trigger_start_discovery()
Aug 14 19:06:38.673716 n bluetoothd[2821]: src/adapter.c:cancel_passive_scanning()
Aug 14 19:06:38.673748 n bluetoothd[2821]: src/shared/mgmt.c:send_request() [0x0000] command 0x0007
Aug 14 19:06:38.673760 n bluetoothd[2821]: src/adapter.c:start_discovery_timeout()
Aug 14 19:06:38.673765 n bluetoothd[2821]: src/adapter.c:start_discovery_timeout() adapter->current_discovery_filter == 0
Aug 14 19:06:38.673781 n bluetoothd[2821]: src/shared/mgmt.c:can_read_data() [0x0000] command 0x0007 complete: 0x00
Aug 14 19:06:38.673790 n bluetoothd[2821]: src/adapter.c:new_settings_callback() Settings: 0x00000ad3
Aug 14 19:06:38.673796 n bluetoothd[2821]: src/adapter.c:settings_changed() Changed settings: 0x00000002
Aug 14 19:06:38.673802 n bluetoothd[2821]: src/adapter.c:settings_changed() Pending settings: 0x00000000
Aug 14 19:06:38.673821 n bluetoothd[2821]: src/shared/mgmt.c:send_request() [0x0000] command 0x0006
Aug 14 19:06:38.693285 n bluetoothd[2821]: src/profile.c:register_profile() sender :1.126
Aug 14 19:06:38.693310 n bluetoothd[2821]: src/profile.c:create_ext() Created "Message Notification"
Aug 14 19:06:38.693318 n bluetoothd[2821]: src/profile.c:ext_adapter_probe() "Message Notification" probed
Aug 14 19:06:38.693365 n bluetoothd[2821]: src/profile.c:ext_start_servers() Message Notification listening on PSM 4097
Aug 14 19:06:38.693388 n bluetoothd[2821]: src/profile.c:ext_start_servers() Message Notification listening on chan 17
Aug 14 19:06:38.693434 n bluetoothd[2821]: src/adapter.c:adapter_service_add() /org/bluez/hci0
Aug 14 19:06:38.693447 n bluetoothd[2821]: src/sdpd-service.c:add_record_to_server() Adding record with handle 0x1000a
Aug 14 19:06:38.693462 n bluetoothd[2821]: src/sdpd-service.c:add_record_to_server() Record pattern UUID 00000003-0000-1000-8000-00805f9
Aug 14 19:06:38.693473 n bluetoothd[2821]: src/sdpd-service.c:add_record_to_server() Record pattern UUID 00000008-0000-1000-8000-00805f9
Aug 14 19:06:38.693479 n bluetoothd[2821]: src/sdpd-service.c:add_record_to_server() Record pattern UUID 00000100-0000-1000-8000-00805f9
Aug 14 19:06:38.693485 n bluetoothd[2821]: src/sdpd-service.c:add_record_to_server() Record pattern UUID 00001002-0000-1000-8000-00805f9
Aug 14 19:06:38.693491 n bluetoothd[2821]: src/sdpd-service.c:add_record_to_server() Record pattern UUID 00001133-0000-1000-8000-00805f9
Aug 14 19:06:38.693497 n bluetoothd[2821]: src/sdpd-service.c:add_record_to_server() Record pattern UUID 00001134-0000-1000-8000-00805f9
Aug 14 19:06:38.693503 n bluetoothd[2821]: src/adapter.c:adapter_service_insert() /org/bluez/hci0
Aug 14 19:06:38.693511 n bluetoothd[2821]: src/adapter.c:add_uuid() sending add uuid command for index 0
Aug 14 19:06:38.693640 n bluetoothd[2821]: src/profile.c:register_profile() sender :1.126
Aug 14 19:06:38.693651 n bluetoothd[2821]: src/profile.c:create_ext() Created "Message Access"
Aug 14 19:06:38.693656 n bluetoothd[2821]: src/profile.c:ext_adapter_probe() "Message Access" probed
Aug 14 19:06:38.693692 n bluetoothd[2821]: src/profile.c:ext_start_servers() Message Access listening on PSM 4099
Aug 14 19:06:38.693708 n bluetoothd[2821]: src/profile.c:ext_start_servers() Message Access listening on chan 16
Aug 14 19:06:38.693741 n bluetoothd[2821]: src/adapter.c:adapter_service_add() /org/bluez/hci0
Aug 14 19:06:38.693749 n bluetoothd[2821]: src/sdpd-service.c:add_record_to_server() Adding record with handle 0x1000b
Aug 14 19:06:38.693756 n bluetoothd[2821]: src/sdpd-service.c:add_record_to_server() Record pattern UUID 00000003-0000-1000-8000-00805f9
Aug 14 19:06:38.693763 n bluetoothd[2821]: src/sdpd-service.c:add_record_to_server() Record pattern UUID 00000008-0000-1000-8000-00805f9
Aug 14 19:06:38.693772 n bluetoothd[2821]: src/sdpd-service.c:add_record_to_server() Record pattern UUID 00000100-0000-1000-8000-00805f9
Aug 14 19:06:38.693777 n bluetoothd[2821]: src/sdpd-service.c:add_record_to_server() Record pattern UUID 00001002-0000-1000-8000-00805f9
Aug 14 19:06:38.693782 n bluetoothd[2821]: src/sdpd-service.c:add_record_to_server() Record pattern UUID 00001132-0000-1000-8000-00805f9
Aug 14 19:06:38.693787 n bluetoothd[2821]: src/sdpd-service.c:add_record_to_server() Record pattern UUID 00001134-0000-1000-8000-00805f9
Aug 14 19:06:38.693793 n bluetoothd[2821]: src/adapter.c:adapter_service_insert() /org/bluez/hci0
Aug 14 19:06:38.693799 n bluetoothd[2821]: src/adapter.c:add_uuid() sending add uuid command for index 0
Aug 14 19:06:38.693831 n bluetoothd[2821]: src/profile.c:register_profile() sender :1.126
Aug 14 19:06:38.693839 n bluetoothd[2821]: src/profile.c:create_ext() Created "Phone Book Access"
Aug 14 19:06:38.693844 n bluetoothd[2821]: src/profile.c:ext_adapter_probe() "Phone Book Access" probed
Aug 14 19:06:38.693864 n bluetoothd[2821]: src/profile.c:ext_start_servers() Phone Book Access listening on PSM 4101
Aug 14 19:06:38.693880 n bluetoothd[2821]: src/profile.c:ext_start_servers() Phone Book Access listening on chan 15
Aug 14 19:06:38.693907 n bluetoothd[2821]: src/adapter.c:adapter_service_add() /org/bluez/hci0
Aug 14 19:06:38.693914 n bluetoothd[2821]: src/sdpd-service.c:add_record_to_server() Adding record with handle 0x1000c
Aug 14 19:06:38.693921 n bluetoothd[2821]: src/sdpd-service.c:add_record_to_server() Record pattern UUID 00000003-0000-1000-8000-00805f9
Aug 14 19:06:38.693927 n bluetoothd[2821]: src/sdpd-service.c:add_record_to_server() Record pattern UUID 00000008-0000-1000-8000-00805f9
Aug 14 19:06:38.693933 n bluetoothd[2821]: src/sdpd-service.c:add_record_to_server() Record pattern UUID 00000100-0000-1000-8000-00805f9
Aug 14 19:06:38.693938 n bluetoothd[2821]: src/sdpd-service.c:add_record_to_server() Record pattern UUID 00001002-0000-1000-8000-00805f9
Aug 14 19:06:38.693944 n bluetoothd[2821]: src/sdpd-service.c:add_record_to_server() Record pattern UUID 0000112f-0000-1000-8000-00805f9
Aug 14 19:06:38.693952 n bluetoothd[2821]: src/sdpd-service.c:add_record_to_server() Record pattern UUID 00001130-0000-1000-8000-00805f9
Aug 14 19:06:38.693958 n bluetoothd[2821]: src/adapter.c:adapter_service_insert() /org/bluez/hci0
Aug 14 19:06:38.693964 n bluetoothd[2821]: src/adapter.c:add_uuid() sending add uuid command for index 0
Aug 14 19:06:38.693993 n bluetoothd[2821]: src/profile.c:register_profile() sender :1.126
Aug 14 19:06:38.694001 n bluetoothd[2821]: src/profile.c:create_ext() Created "Synchronization"
Aug 14 19:06:38.694006 n bluetoothd[2821]: src/profile.c:ext_adapter_probe() "Synchronization" probed
Aug 14 19:06:38.694022 n bluetoothd[2821]: src/profile.c:ext_start_servers() Synchronization listening on chan 14
Aug 14 19:06:38.694046 n bluetoothd[2821]: src/adapter.c:adapter_service_add() /org/bluez/hci0
Aug 14 19:06:38.694052 n bluetoothd[2821]: src/sdpd-service.c:add_record_to_server() Adding record with handle 0x1000d
Aug 14 19:06:38.694058 n bluetoothd[2821]: src/sdpd-service.c:add_record_to_server() Record pattern UUID 00000003-0000-1000-8000-00805f9
Aug 14 19:06:38.694063 n bluetoothd[2821]: src/sdpd-service.c:add_record_to_server() Record pattern UUID 00000008-0000-1000-8000-00805f9
Aug 14 19:06:38.694069 n bluetoothd[2821]: src/sdpd-service.c:add_record_to_server() Record pattern UUID 00000100-0000-1000-8000-00805f9
Aug 14 19:06:38.694074 n bluetoothd[2821]: src/sdpd-service.c:add_record_to_server() Record pattern UUID 00001002-0000-1000-8000-00805f9
Aug 14 19:06:38.694079 n bluetoothd[2821]: src/sdpd-service.c:add_record_to_server() Record pattern UUID 00001104-0000-1000-8000-00805f9
Aug 14 19:06:38.694084 n bluetoothd[2821]: src/adapter.c:adapter_service_insert() /org/bluez/hci0
Aug 14 19:06:38.694090 n bluetoothd[2821]: src/adapter.c:add_uuid() sending add uuid command for index 0
Aug 14 19:06:38.694118 n bluetoothd[2821]: src/profile.c:register_profile() sender :1.126
Aug 14 19:06:38.694125 n bluetoothd[2821]: src/profile.c:create_ext() Created "File Transfer"
Aug 14 19:06:38.694129 n bluetoothd[2821]: src/profile.c:ext_adapter_probe() "File Transfer" probed
Aug 14 19:06:38.694150 n bluetoothd[2821]: src/profile.c:ext_start_servers() File Transfer listening on PSM 4103
Aug 14 19:06:38.694166 n bluetoothd[2821]: src/profile.c:ext_start_servers() File Transfer listening on chan 10
Aug 14 19:06:38.694189 n bluetoothd[2821]: src/adapter.c:adapter_service_add() /org/bluez/hci0
Aug 14 19:06:38.694195 n bluetoothd[2821]: src/sdpd-service.c:add_record_to_server() Adding record with handle 0x1000e
Aug 14 19:06:38.694201 n bluetoothd[2821]: src/sdpd-service.c:add_record_to_server() Record pattern UUID 00000003-0000-1000-8000-00805f9
Aug 14 19:06:38.694206 n bluetoothd[2821]: src/sdpd-service.c:add_record_to_server() Record pattern UUID 00000008-0000-1000-8000-00805f9
Aug 14 19:06:38.694212 n bluetoothd[2821]: src/sdpd-service.c:add_record_to_server() Record pattern UUID 00000100-0000-1000-8000-00805f9
Aug 14 19:06:38.694217 n bluetoothd[2821]: src/sdpd-service.c:add_record_to_server() Record pattern UUID 00001002-0000-1000-8000-00805f9
Aug 14 19:06:38.694223 n bluetoothd[2821]: src/sdpd-service.c:add_record_to_server() Record pattern UUID 00001106-0000-1000-8000-00805f9
Aug 14 19:06:38.694230 n bluetoothd[2821]: src/adapter.c:adapter_service_insert() /org/bluez/hci0
Aug 14 19:06:38.694236 n bluetoothd[2821]: src/adapter.c:add_uuid() sending add uuid command for index 0
Aug 14 19:06:38.694264 n bluetoothd[2821]: src/profile.c:register_profile() sender :1.126
Aug 14 19:06:38.694272 n bluetoothd[2821]: src/profile.c:create_ext() Created "Object Push"
Aug 14 19:06:38.694277 n bluetoothd[2821]: src/profile.c:ext_adapter_probe() "Object Push" probed
Aug 14 19:06:38.694297 n bluetoothd[2821]: src/profile.c:ext_start_servers() Object Push listening on PSM 4105
Aug 14 19:06:38.694313 n bluetoothd[2821]: src/profile.c:ext_start_servers() Object Push listening on chan 9
Aug 14 19:06:38.694349 n bluetoothd[2821]: src/adapter.c:adapter_service_add() /org/bluez/hci0
Aug 14 19:06:38.694355 n bluetoothd[2821]: src/sdpd-service.c:add_record_to_server() Adding record with handle 0x1000f
Aug 14 19:06:38.694361 n bluetoothd[2821]: src/sdpd-service.c:add_record_to_server() Record pattern UUID 00000003-0000-1000-8000-00805f9
Aug 14 19:06:38.694366 n bluetoothd[2821]: src/sdpd-service.c:add_record_to_server() Record pattern UUID 00000008-0000-1000-8000-00805f9
Aug 14 19:06:38.694371 n bluetoothd[2821]: src/sdpd-service.c:add_record_to_server() Record pattern UUID 00000100-0000-1000-8000-00805f9
Aug 14 19:06:38.694377 n bluetoothd[2821]: src/sdpd-service.c:add_record_to_server() Record pattern UUID 00001002-0000-1000-8000-00805f9
Aug 14 19:06:38.694382 n bluetoothd[2821]: src/sdpd-service.c:add_record_to_server() Record pattern UUID 00001105-0000-1000-8000-00805f9
Aug 14 19:06:38.694389 n bluetoothd[2821]: src/adapter.c:adapter_service_insert() /org/bluez/hci0
Aug 14 19:06:38.694395 n bluetoothd[2821]: src/adapter.c:add_uuid() sending add uuid command for index 0
Aug 14 19:06:38.694425 n bluetoothd[2821]: src/profile.c:register_profile() sender :1.126
Aug 14 19:06:38.694434 n bluetoothd[2821]: src/profile.c:create_ext() Created ":1.126/org/bluez/obex/00005005_0000_1000_8000_0002ee000001/<UUID-04>"
Aug 14 19:06:38.694439 n bluetoothd[2821]: src/profile.c:ext_adapter_probe() ":1.126/org/bluez/obex/00005005_0000_1000_8000_0002ee000001/<UUID-04>" probed
Aug 14 19:06:38.694464 n bluetoothd[2821]: src/adapter.c:adapter_service_add() /org/bluez/hci0
Aug 14 19:06:38.694471 n bluetoothd[2821]: src/sdpd-service.c:add_record_to_server() Adding record with handle 0x10010
Aug 14 19:06:38.694476 n bluetoothd[2821]: src/sdpd-service.c:add_record_to_server() Record pattern UUID 00000003-0000-1000-8000-00805f9
Aug 14 19:06:38.694482 n bluetoothd[2821]: src/sdpd-service.c:add_record_to_server() Record pattern UUID 00000008-0000-1000-8000-00805f9
Aug 14 19:06:38.694487 n bluetoothd[2821]: src/sdpd-service.c:add_record_to_server() Record pattern UUID 00000100-0000-1000-8000-00805f9
Aug 14 19:06:38.694493 n bluetoothd[2821]: src/sdpd-service.c:add_record_to_server() Record pattern UUID 00001002-0000-1000-8000-00805f9
Aug 14 19:06:38.694498 n bluetoothd[2821]: src/sdpd-service.c:add_record_to_server() Record pattern UUID 00005005-0000-1000-8000-0002ee0
Aug 14 19:06:38.694505 n bluetoothd[2821]: src/adapter.c:adapter_service_insert() /org/bluez/hci0
Aug 14 19:06:38.694512 n bluetoothd[2821]: src/adapter.c:add_uuid() sending add uuid command for index 0
Aug 14 19:06:38.778971 n bluetoothd[2821]: src/shared/mgmt.c:can_read_data() [0x0000] command 0x0006 complete: 0x00
Aug 14 19:06:38.778984 n bluetoothd[2821]: src/adapter.c:new_settings_callback() Settings: 0x00000adb
Aug 14 19:06:38.778992 n bluetoothd[2821]: src/adapter.c:settings_changed() Changed settings: 0x00000008
Aug 14 19:06:38.778999 n bluetoothd[2821]: src/adapter.c:settings_changed() Pending settings: 0x00000000
Aug 14 19:06:38.779040 n bluetoothd[2821]: src/shared/mgmt.c:send_request() [0x0000] command 0x0023
Aug 14 19:06:38.788978 n bluetoothd[2821]: src/shared/mgmt.c:can_read_data() [0x0000] event 0x0013
Aug 14 19:06:38.789001 n bluetoothd[2821]: src/adapter.c:discovering_callback() hci0 type 7 discovering 1 method 0
Aug 14 19:06:38.789039 n bluetoothd[2821]: src/shared/mgmt.c:can_read_data() [0x0000] command 0x0023 complete: 0x00
Aug 14 19:06:38.789054 n bluetoothd[2821]: src/adapter.c:start_discovery_complete() status 0x00
Aug 14 19:06:38.789135 n bluetoothd[2821]: src/shared/mgmt.c:send_request() [0x0000] command 0x0010
Aug 14 19:06:38.791961 n bluetoothd[2821]: src/shared/mgmt.c:can_read_data() [0x0000] command 0x0010 complete: 0x00
Aug 14 19:06:38.792030 n bluetoothd[2821]: src/shared/mgmt.c:send_request() [0x0000] command 0x0010
Aug 14 19:06:38.794901 n bluetoothd[2821]: src/shared/mgmt.c:can_read_data() [0x0000] command 0x0010 complete: 0x00
Aug 14 19:06:38.794936 n bluetoothd[2821]: src/shared/mgmt.c:send_request() [0x0000] command 0x0010
Aug 14 19:06:38.797890 n bluetoothd[2821]: src/shared/mgmt.c:can_read_data() [0x0000] event 0x0007
Aug 14 19:06:38.797904 n bluetoothd[2821]: src/adapter.c:dev_class_changed_callback() Class: 0x7c010c
Aug 14 19:06:38.800889 n bluetoothd[2821]: src/shared/mgmt.c:can_read_data() [0x0000] command 0x0010 complete: 0x00
Aug 14 19:06:38.800928 n bluetoothd[2821]: src/shared/mgmt.c:send_request() [0x0000] command 0x0010
Aug 14 19:06:38.803907 n bluetoothd[2821]: src/shared/mgmt.c:can_read_data() [0x0000] command 0x0010 complete: 0x00
Aug 14 19:06:38.803952 n bluetoothd[2821]: src/shared/mgmt.c:send_request() [0x0000] command 0x0010
Aug 14 19:06:38.808878 n bluetoothd[2821]: src/shared/mgmt.c:can_read_data() [0x0000] event 0x0012
Aug 14 19:06:38.808889 n bluetoothd[2821]: src/adapter.c:device_found_callback() hci0 addr AA:BB:CC:00:00:02, rssi -50 flags 0x0000 eir_len 19
Aug 14 19:06:38.810880 n bluetoothd[2821]: src/shared/mgmt.c:can_read_data() [0x0000] command 0x0010 complete: 0x00
Aug 14 19:06:38.810918 n bluetoothd[2821]: src/shared/mgmt.c:send_request() [0x0000] command 0x0010
Aug 14 19:06:38.813939 n bluetoothd[2821]: src/shared/mgmt.c:can_read_data() [0x0000] command 0x0010 complete: 0x00
Aug 14 19:06:38.813996 n bluetoothd[2821]: src/shared/mgmt.c:send_request() [0x0000] command 0x0010
Aug 14 19:06:38.816922 n bluetoothd[2821]: src/shared/mgmt.c:can_read_data() [0x0000] command 0x0010 complete: 0x00
Aug 14 19:06:38.928981 n bluetoothd[2821]: src/shared/mgmt.c:can_read_data() [0x0000] event 0x0012
Aug 14 19:06:38.928996 n bluetoothd[2821]: src/adapter.c:device_found_callback() hci0 addr AA:BB:CC:00:00:05, rssi -75 flags 0x0000 eir_len 29
Aug 14 19:06:38.929010 n bluetoothd[2821]: src/device.c:device_create() dst AA:BB:CC:00:00:05
Aug 14 19:06:38.929016 n bluetoothd[2821]: src/device.c:device_new() address AA:BB:CC:00:00:05
Aug 14 19:06:38.929027 n bluetoothd[2821]: src/device.c:device_new() Creating device /org/bluez/hci0/dev_AA:BB:CC:00:00:05
Aug 14 19:06:38.929048 n bluetoothd[2821]: src/device.c:device_set_legacy() legacy 0
Aug 14 19:06:38.929056 n bluetoothd[2821]: src/device.c:device_set_rssi_with_delta() rssi -75
Aug 14 19:06:38.929092 n bluetoothd[2821]: src/device.c:device_set_flags() flags 2
Aug 14 19:06:39.196991 n bluetoothd[2821]: src/shared/mgmt.c:can_read_data() [0x0000] event 0x0012
Aug 14 19:06:39.197019 n bluetoothd[2821]: src/adapter.c:device_found_callback() hci0 addr AA:BB:CC:00:00:02, rssi -57 flags 0x0000 eir_len 19
Aug 14 19:06:39.200932 n bluetoothd[2821]: src/shared/mgmt.c:can_read_data() [0x0000] event 0x0012
Aug 14 19:06:39.200965 n bluetoothd[2821]: src/adapter.c:device_found_callback() hci0 addr AA:BB:CC:00:00:06, rssi -74 flags 0x0000 eir_len 35
Aug 14 19:06:39.201001 n bluetoothd[2821]: src/device.c:device_create() dst AA:BB:CC:00:00:06
Aug 14 19:06:39.201021 n bluetoothd[2821]: src/device.c:device_new() address AA:BB:CC:00:00:06
Aug 14 19:06:39.201065 n bluetoothd[2821]: src/device.c:device_new() Creating device /org/bluez/hci0/dev_AA:BB:CC:00:00:06
Aug 14 19:06:39.201115 n bluetoothd[2821]: src/device.c:device_store_cached_name() Can't store name for private addressed device /org/bluez/hci0/dev_AA:BB:CC:00:00:06
Aug 14 19:06:39.201134 n bluetoothd[2821]: src/device.c:device_set_legacy() legacy 0
Aug 14 19:06:39.201151 n bluetoothd[2821]: src/device.c:device_set_rssi_with_delta() rssi -74
Aug 14 19:06:39.201170 n bluetoothd[2821]: src/device.c:btd_device_device_set_name() /org/bluez/hci0/dev_AA:BB:CC:00:00:06 NKCCX
Aug 14 19:06:39.201256 n bluetoothd[2821]: src/device.c:device_set_flags() flags 2
Aug 14 19:06:39.440034 n bluetoothd[2821]: src/shared/mgmt.c:can_read_data() [0x0000] event 0x0012
Aug 14 19:06:39.440067 n bluetoothd[2821]: src/adapter.c:device_found_callback() hci0 addr AA:BB:CC:00:00:02, rssi -52 flags 0x0000 eir_len 19
Aug 14 19:06:39.440167 n bluetoothd[2821]: src/shared/mgmt.c:can_read_data() [0x0000] event 0x0012
Aug 14 19:06:39.440178 n bluetoothd[2821]: src/adapter.c:device_found_callback() hci0 addr AA:BB:CC:00:00:07, rssi -76 flags 0x0004 eir_len 31
Aug 14 19:06:43.288705 n bluetoothd[2821]: src/adapter.c:stop_discovery() sender :1.125
Aug 14 19:06:43.288742 n bluetoothd[2821]: src/adapter.c:set_discoverable() sending set mode command for index 0
Aug 14 19:06:43.288755 n bluetoothd[2821]: src/adapter.c:set_mode() sending set mode command for index 0
Aug 14 19:06:43.288785 n bluetoothd[2821]: src/device.c:connect_profiles() /org/bluez/hci0/dev_AA:BB:CC:00:00:02 (all), client :1.125
Aug 14 19:06:43.288939 n bluetoothd[2821]: src/service.c:btd_service_ref() 0x5d6eb3277fe0: ref=3
Aug 14 19:06:43.288956 n bluetoothd[2821]: src/service.c:change_state() 0x5d6eb3277fe0: device AA:BB:CC:00:00:02 profile Hands-Free Voice gateway state changed: disconnected -> connecting (0)
Aug 14 19:06:43.289036 n bluetoothd[2821]: src/shared/mgmt.c:send_request() [0x0000] command 0x0007
Aug 14 19:06:44.153699 n bluetoothd[2821]: src/shared/mgmt.c:can_read_data() [0x0000] command 0x0007 complete: 0x00
Aug 14 19:06:44.153724 n bluetoothd[2821]: src/adapter.c:new_settings_callback() Settings: 0x00000ad1
Aug 14 19:06:44.153736 n bluetoothd[2821]: src/adapter.c:settings_changed() Changed settings: 0x0000000a
Aug 14 19:06:44.153746 n bluetoothd[2821]: src/adapter.c:settings_changed() Pending settings: 0x00000000
Aug 14 19:06:44.159739 n bluetoothd[2821]: src/shared/mgmt.c:send_request() [0x0000] command 0x0024
Aug 14 19:06:44.162677 n bluetoothd[2821]: src/shared/mgmt.c:can_read_data() [0x0000] command 0x0024 complete: 0x00
Aug 14 19:06:44.162689 n bluetoothd[2821]: src/adapter.c:stop_discovery_complete() status 0x00
Aug 14 19:06:44.162708 n bluetoothd[2821]: src/adapter.c:discovery_remove() owner :1.125
Aug 14 19:06:44.162716 n bluetoothd[2821]: src/device.c:device_set_rssi_with_delta() rssi 0
Aug 14 19:06:44.162727 n bluetoothd[2821]: src/device.c:device_set_rssi_with_delta() rssi 0
Aug 14 19:06:44.162742 n bluetoothd[2821]: src/adapter.c:trigger_passive_scanning()
Aug 14 19:06:44.162779 n bluetoothd[2821]: src/shared/mgmt.c:can_read_data() [0x0000] event 0x0013
Aug 14 19:06:44.162793 n bluetoothd[2821]: src/adapter.c:discovering_callback() hci0 type 7 discovering 0 method 0
Aug 14 19:06:44.193723 n bluetoothd[2821]: src/shared/mgmt.c:can_read_data() [0x0000] event 0x000b
Aug 14 19:06:44.193746 n bluetoothd[2821]: src/adapter.c:connected_callback() hci0 device AA:BB:CC:00:00:02 connected eir_len 12
Aug 14 19:06:44.421546 n bluetoothd[2821]: src/profile.c:ext_connect() Hands-Free Voice gateway connected to AA:BB:CC:00:00:02
Aug 14 19:06:44.422281 n bluetoothd[2821]: src/service.c:change_state() 0x5d6eb3277fe0: device AA:BB:CC:00:00:02 profile Hands-Free Voice gateway state changed: connecting -> connected (0)
Aug 14 19:06:44.422291 n bluetoothd[2821]: src/device.c:device_profile_connected() Hands-Free Voice gateway Success (0)
Aug 14 19:06:44.422298 n bluetoothd[2821]: profiles/audio/a2dp.c:a2dp_sink_connect() path /org/bluez/hci0/dev_AA:BB:CC:00:00:02
Aug 14 19:06:44.422308 n bluetoothd[2821]: profiles/audio/avdtp.c:avdtp_ref() 0x5d6eb328f0f0: ref=1
Aug 14 19:06:44.422313 n bluetoothd[2821]: profiles/audio/avdtp.c:avdtp_ref() 0x5d6eb328f0f0: ref=2
Aug 14 19:06:44.422319 n bluetoothd[2821]: profiles/audio/a2dp.c:setup_ref() 0x5d6eb328e2b0: ref=1
Aug 14 19:06:44.422389 n bluetoothd[2821]: profiles/audio/sink.c:sink_set_state() State changed /org/bluez/hci0/dev_AA:BB:CC:00:00:02: SINK_STATE_DISCONNECTED -> SINK_STATE_CONNECTING
Aug 14 19:06:44.422397 n bluetoothd[2821]: profiles/audio/sink.c:sink_connect() stream creation in progress
Aug 14 19:06:44.422403 n bluetoothd[2821]: src/service.c:change_state() 0x5d6eb325d890: device AA:BB:CC:00:00:02 profile a2dp-sink state changed: disconnected -> connecting (0)
Aug 14 19:06:44.422410 n bluetoothd[2821]: plugins/policy.c:policy_connect() /org/bluez/hci0/dev_AA:BB:CC:00:00:02 profile a2dp-sink
Aug 14 19:06:44.422416 n bluetoothd[2821]: plugins/policy.c:service_cb() Added Hands-Free Voice gateway reconnect 1
Aug 14 19:06:44.449428 n bluetoothd[2821]: profiles/audio/avdtp.c:avdtp_connect_cb() AVDTP: connected signaling channel to AA:BB:CC:00:00:02
Aug 14 19:06:44.449447 n bluetoothd[2821]: profiles/audio/avdtp.c:avdtp_connect_cb() AVDTP imtu=672, omtu=895
Aug 14 19:06:44.449512 n bluetoothd[2821]: profiles/audio/avdtp.c:avdtp_register_remote_sep() seid 7 type 1 media 0 delay_reporting false
Aug 14 19:06:44.449540 n bluetoothd[2821]: profiles/audio/a2dp.c:register_remote_sep() Found remote SEP: /org/bluez/hci0/dev_AA:BB:CC:00:00:02/sep7
Aug 14 19:06:44.449553 n bluetoothd[2821]: profiles/audio/avdtp.c:avdtp_register_remote_sep() seid 6 type 1 media 0 delay_reporting false
Aug 14 19:06:44.449569 n bluetoothd[2821]: profiles/audio/a2dp.c:register_remote_sep() Found remote SEP: /org/bluez/hci0/dev_AA:BB:CC:00:00:02/sep6
Aug 14 19:06:44.449581 n bluetoothd[2821]: profiles/audio/avdtp.c:avdtp_register_remote_sep() seid 5 type 1 media 0 delay_reporting false
Aug 14 19:06:44.449596 n bluetoothd[2821]: profiles/audio/a2dp.c:register_remote_sep() Found remote SEP: /org/bluez/hci0/dev_AA:BB:CC:00:00:02/sep5
Aug 14 19:06:44.449607 n bluetoothd[2821]: profiles/audio/avdtp.c:avdtp_register_remote_sep() seid 4 type 1 media 0 delay_reporting false
Aug 14 19:06:44.449622 n bluetoothd[2821]: profiles/audio/a2dp.c:register_remote_sep() Found remote SEP: /org/bluez/hci0/dev_AA:BB:CC:00:00:02/sep4
Aug 14 19:06:44.449636 n bluetoothd[2821]: profiles/audio/avdtp.c:avdtp_register_remote_sep() seid 8 type 1 media 0 delay_reporting false
Aug 14 19:06:44.449650 n bluetoothd[2821]: profiles/audio/a2dp.c:register_remote_sep() Found remote SEP: /org/bluez/hci0/dev_AA:BB:CC:00:00:02/sep8
Aug 14 19:06:44.449661 n bluetoothd[2821]: profiles/audio/a2dp.c:load_remote_sep() LastUsed: lseid 3 rseid 7
Aug 14 19:06:44.476405 n bluetoothd[2821]: profiles/audio/avdtp.c:session_cb()
Aug 14 19:06:44.476426 n bluetoothd[2821]: profiles/audio/avdtp.c:avdtp_parse_resp() DISCOVER request succeeded
Aug 14 19:06:44.476438 n bluetoothd[2821]: profiles/audio/avdtp.c:avdtp_discover_resp() seid 7 type 1 media 0 in use 0
Aug 14 19:06:44.476448 n bluetoothd[2821]: profiles/audio/avdtp.c:avdtp_discover_resp() seid 6 type 1 media 0 in use 0
Aug 14 19:06:44.476458 n bluetoothd[2821]: profiles/audio/avdtp.c:avdtp_discover_resp() seid 5 type 1 media 0 in use 0
Aug 14 19:06:44.476466 n bluetoothd[2821]: profiles/audio/avdtp.c:avdtp_discover_resp() seid 4 type 1 media 0 in use 0
Aug 14 19:06:44.476475 n bluetoothd[2821]: profiles/audio/avdtp.c:avdtp_discover_resp() seid 8 type 1 media 0 in use 0
Aug 14 19:06:44.476487 n bluetoothd[2821]: profiles/audio/a2dp.c:discover_cb() version 0x0103 err (nil)
Aug 14 19:06:44.482338 n bluetoothd[2821]: profiles/audio/sink.c:discovery_complete() Discovery complete
Aug 14 19:06:44.482355 n bluetoothd[2821]: profiles/audio/a2dp.c:endpoint_match_codec_ind() vendor 0x000000d7 codec 0x0024
Aug 14 19:06:44.482367 n bluetoothd[2821]: profiles/audio/a2dp.c:endpoint_match_codec_ind() vendor 0x0000004f codec 0x0001
Aug 14 19:06:44.482384 n bluetoothd[2821]: profiles/audio/a2dp.c:setup_ref() 0x5d6eb328e2b0: ref=2
Aug 14 19:06:44.482395 n bluetoothd[2821]: profiles/audio/a2dp.c:endpoint_match_codec_ind() vendor 0x000000d7 codec 0x0024
Aug 14 19:06:44.482403 n bluetoothd[2821]: profiles/audio/a2dp.c:setup_ref() 0x5d6eb328e2b0: ref=3
Aug 14 19:06:44.482452 n bluetoothd[2821]: profiles/audio/media.c:media_endpoint_async_call() Calling SelectConfiguration: name = :1.85 path = /MediaEndpoint/A2DPSource/aptx_hd
Aug 14 19:06:44.482466 n bluetoothd[2821]: profiles/audio/a2dp.c:setup_unref() 0x5d6eb328e2b0: ref=2
Aug 14 19:06:44.482681 n bluetoothd[2821]: profiles/audio/a2dp.c:a2dp_config() a2dp_config: selected SEP 0x5d6eb326b410
Aug 14 19:06:44.482689 n bluetoothd[2821]: profiles/audio/a2dp.c:setup_ref() 0x5d6eb328e2b0: ref=3
Aug 14 19:06:44.482696 n bluetoothd[2821]: profiles/audio/a2dp.c:endpoint_match_codec_ind() vendor 0x000000d7 codec 0x0024
Aug 14 19:06:44.482702 n bluetoothd[2821]: profiles/audio/avdtp.c:avdtp_set_configuration() 0x5d6eb328f0f0: int_seid=3, acp_seid=7
Aug 14 19:06:44.482713 n bluetoothd[2821]: profiles/audio/a2dp.c:setup_unref() 0x5d6eb328e2b0: ref=2
Aug 14 19:06:44.482720 n bluetoothd[2821]: profiles/audio/a2dp.c:setup_unref() 0x5d6eb328e2b0: ref=1
Aug 14 19:06:44.621535 n bluetoothd[2821]: profiles/audio/avdtp.c:session_cb()
Aug 14 19:06:44.621565 n bluetoothd[2821]: profiles/audio/avdtp.c:avdtp_parse_resp() SET_CONFIGURATION request succeeded
Aug 14 19:06:44.621586 n bluetoothd[2821]: profiles/audio/a2dp.c:setconf_cfm() Source 0x5d6eb326b410: Set_Configuration_Cfm
Aug 14 19:06:44.621600 n bluetoothd[2821]: profiles/audio/a2dp.c:setup_ref() 0x5d6eb328e2b0: ref=2
Aug 14 19:06:44.621748 n bluetoothd[2821]: profiles/audio/media.c:media_endpoint_async_call() Calling SetConfiguration: name = :1.85 path = /MediaEndpoint/A2DPSource/aptx_hd
Aug 14 19:06:44.621781 n bluetoothd[2821]: profiles/audio/avdtp.c:avdtp_sep_set_state() stream state changed: IDLE -> CONFIGURED
Aug 14 19:06:44.624086 n bluetoothd[2821]: profiles/audio/a2dp.c:setup_unref() 0x5d6eb328e2b0: ref=1
Aug 14 19:06:44.633413 n bluetoothd[2821]: profiles/audio/avdtp.c:session_cb()
Aug 14 19:06:44.633432 n bluetoothd[2821]: profiles/audio/avdtp.c:avdtp_parse_resp() OPEN request succeeded
Aug 14 19:06:44.652418 n bluetoothd[2821]: profiles/audio/avdtp.c:avdtp_connect_cb() AVDTP: connected transport channel to AA:BB:CC:00:00:02
Aug 14 19:06:44.652434 n bluetoothd[2821]: profiles/audio/avdtp.c:handle_transport_connect() Flushable packets enabled
Aug 14 19:06:44.652442 n bluetoothd[2821]: profiles/audio/avdtp.c:handle_transport_connect() sk 42, omtu 895, send buffer size 106496
Aug 14 19:06:44.652450 n bluetoothd[2821]: profiles/audio/a2dp.c:open_cfm() Source 0x5d6eb326b410: Open_Cfm
Aug 14 19:06:44.652460 n bluetoothd[2821]: profiles/audio/a2dp.c:setup_unref() 0x5d6eb328e2b0: ref=0
Aug 14 19:06:44.652470 n bluetoothd[2821]: profiles/audio/a2dp.c:setup_free() 0x5d6eb328e2b0
Aug 14 19:06:44.652480 n bluetoothd[2821]: profiles/audio/avdtp.c:avdtp_unref() 0x5d6eb328f0f0: ref=1
Aug 14 19:06:44.652492 n bluetoothd[2821]: profiles/audio/avdtp.c:avdtp_sep_set_state() stream state changed: CONFIGURED -> OPEN
Aug 14 19:06:44.652504 n bluetoothd[2821]: src/service.c:change_state() 0x5d6eb325d890: device AA:BB:CC:00:00:02 profile a2dp-sink state changed: connecting -> connected (0)
Aug 14 19:06:44.652515 n bluetoothd[2821]: src/device.c:device_profile_connected() a2dp-sink Success (0)
Aug 14 19:06:44.652526 n bluetoothd[2821]: src/device.c:device_profile_connected() returning response to :1.125
Aug 14 19:06:44.652571 n bluetoothd[2821]: plugins/policy.c:policy_connect() /org/bluez/hci0/dev_AA:BB:CC:00:00:02 profile avrcp-controller
Aug 14 19:06:44.652582 n bluetoothd[2821]: profiles/audio/avrcp.c:avrcp_connect() path /org/bluez/hci0/dev_AA:BB:CC:00:00:02
Aug 14 19:06:44.652591 n bluetoothd[2821]: profiles/audio/avctp.c:avctp_set_state() AVCTP Connecting
Aug 14 19:06:44.652646 n bluetoothd[2821]: src/service.c:change_state() 0x5d6eb325d790: device AA:BB:CC:00:00:02 profile avrcp-controller state changed: disconnected -> connecting (0)
Aug 14 19:06:44.652657 n bluetoothd[2821]: plugins/policy.c:service_cb() Added a2dp-sink reconnect 1
Aug 14 19:06:44.652667 n bluetoothd[2821]: profiles/audio/sink.c:sink_set_state() State changed /org/bluez/hci0/dev_AA:BB:CC:00:00:02: SINK_STATE_CONNECTING -> SINK_STATE_CONNECTED
Aug 14 19:06:44.652681 n bluetoothd[2821]: profiles/audio/transport.c:transport_update_playing() /org/bluez/hci0/dev_AA:BB:CC:00:00:02/sep7/fd1 State=TRANSPORT_STATE_IDLE Playing=0
Aug 14 19:06:44.653049 n bluetoothd[2821]: src/battery.c:btd_battery_register() path = /org/bluez/hci0/dev_AA:BB:CC:00:00:02
Aug 14 19:06:44.653080 n bluetoothd[2821]: src/battery.c:btd_battery_register() registered Battery object: /org/bluez/hci0/dev_AA:BB:CC:00:00:02
Aug 14 19:06:44.653094 n bluetoothd[2821]: src/battery.c:provided_battery_added_cb() provided battery added /org/freedesktop/pipewire/battery/org/bluez/hci0/dev_AA:BB:CC:00:00:02
Aug 14 19:06:44.653107 n bluetoothd[2821]: src/battery.c:btd_battery_update() path = /org/bluez/hci0/dev_AA:BB:CC:00:00:02
Aug 14 19:06:44.653243 n bluetoothd[2821]: src/adapter.c:set_discovery_filter() sender :1.125
Aug 14 19:06:44.653261 n bluetoothd[2821]: src/adapter.c:parse_discovery_filter_dict() filtered discovery params: transport: 7 rssi: 32767 pathloss: 32767  duplicate data: false discoverable true pattern (null)
Aug 14 19:06:44.653911 n bluetoothd[2821]: src/adapter.c:start_discovery() sender :1.125
Aug 14 19:06:44.653920 n bluetoothd[2821]: src/adapter.c:update_discovery_filter()
Aug 14 19:06:44.653925 n bluetoothd[2821]: src/adapter.c:discovery_filter_to_mgmt_cp()
Aug 14 19:06:44.653930 n bluetoothd[2821]: src/adapter.c:set_discoverable() sending set mode command for index 0
Aug 14 19:06:44.653935 n bluetoothd[2821]: src/adapter.c:set_mode() sending set mode command for index 0
Aug 14 19:06:44.653945 n bluetoothd[2821]: src/adapter.c:trigger_start_discovery()
Aug 14 19:06:44.653952 n bluetoothd[2821]: src/adapter.c:cancel_passive_scanning()
Aug 14 19:06:44.653989 n bluetoothd[2821]: src/shared/mgmt.c:send_request() [0x0000] command 0x0007
Aug 14 19:06:44.654004 n bluetoothd[2821]: src/adapter.c:start_discovery_timeout()
Aug 14 19:06:44.654008 n bluetoothd[2821]: src/adapter.c:start_discovery_timeout() adapter->current_discovery_filter == 0
Aug 14 19:06:44.654025 n bluetoothd[2821]: src/shared/mgmt.c:can_read_data() [0x0000] command 0x0007 complete: 0x00
Aug 14 19:06:44.654031 n bluetoothd[2821]: src/adapter.c:new_settings_callback() Settings: 0x00000ad3
Aug 14 19:06:44.654037 n bluetoothd[2821]: src/adapter.c:settings_changed() Changed settings: 0x00000002
Aug 14 19:06:44.654044 n bluetoothd[2821]: src/adapter.c:settings_changed() Pending settings: 0x00000000
Aug 14 19:06:44.654082 n bluetoothd[2821]: src/shared/mgmt.c:send_request() [0x0000] command 0x0006
Aug 14 19:06:44.663671 n bluetoothd[2821]: src/shared/mgmt.c:can_read_data() [0x0000] command 0x0006 complete: 0x00
Aug 14 19:06:44.663687 n bluetoothd[2821]: src/adapter.c:new_settings_callback() Settings: 0x00000adb
Aug 14 19:06:44.663697 n bluetoothd[2821]: src/adapter.c:settings_changed() Changed settings: 0x00000008
Aug 14 19:06:44.663707 n bluetoothd[2821]: src/adapter.c:settings_changed() Pending settings: 0x00000000
Aug 14 19:06:44.663761 n bluetoothd[2821]: src/shared/mgmt.c:send_request() [0x0000] command 0x0023
Aug 14 19:06:44.676612 n bluetoothd[2821]: src/shared/mgmt.c:can_read_data() [0x0000] event 0x0013
Aug 14 19:06:44.676622 n bluetoothd[2821]: src/adapter.c:discovering_callback() hci0 type 7 discovering 1 method 0
Aug 14 19:06:44.676639 n bluetoothd[2821]: src/shared/mgmt.c:can_read_data() [0x0000] command 0x0023 complete: 0x00
Aug 14 19:06:44.676646 n bluetoothd[2821]: src/adapter.c:start_discovery_complete() status 0x00
Aug 14 19:06:44.750643 n bluetoothd[2821]: src/shared/mgmt.c:can_read_data() [0x0000] event 0x0012
Aug 14 19:06:44.750656 n bluetoothd[2821]: src/adapter.c:device_found_callback() hci0 addr AA:BB:CC:00:00:02, rssi -53 flags 0x0000 eir_len 19
Aug 14 19:06:44.778531 n bluetoothd[2821]: profiles/audio/avctp.c:avctp_connect_cb() AVCTP: connected to AA:BB:CC:00:00:02
Aug 14 19:06:44.778973 n bluetoothd[2821]: profiles/audio/avctp.c:init_uinput() AVRCP: uinput initialized for MOMENTUM 4
Aug 14 19:06:44.779006 n bluetoothd[2821]: profiles/audio/avrcp.c:controller_init() 0x5d6eb327b560 version 0x0106
Aug 14 19:06:44.779021 n bluetoothd[2821]: src/service.c:change_state() 0x5d6eb325d850: device AA:BB:CC:00:00:02 profile audio-avrcp-target state changed: disconnected -> connected (0)
Aug 14 19:06:44.779057 n bluetoothd[2821]: profiles/audio/player.c:media_player_controller_create() /org/bluez/hci0/dev_AA:BB:CC:00:00:02/player0
Aug 14 19:06:44.779068 n bluetoothd[2821]: profiles/audio/avrcp.c:target_init() 0x5d6eb3292f20 version 0x0106
Aug 14 19:06:44.779075 n bluetoothd[2821]: src/service.c:change_state() 0x5d6eb325d790: device AA:BB:CC:00:00:02 profile avrcp-controller state changed: connecting -> connected (0)
Aug 14 19:06:44.779082 n bluetoothd[2821]: src/device.c:device_profile_connected() avrcp-controller Success (0)
Aug 14 19:06:44.779090 n bluetoothd[2821]: profiles/audio/avctp.c:avctp_set_state() AVCTP Connected
Aug 14 19:06:44.849697 n bluetoothd[2821]: src/shared/mgmt.c:can_read_data() [0x0000] event 0x0012
Aug 14 19:06:44.849723 n bluetoothd[2821]: src/adapter.c:device_found_callback() hci0 addr AA:BB:CC:00:00:07, rssi -75 flags 0x0004 eir_len 31
Aug 14 19:06:44.851385 n bluetoothd[2821]: profiles/audio/avrcp.c:handle_vendordep_pdu() AVRCP PDU 0x31, company 0x001958 len 0x0005
Aug 14 19:06:45.081657 n bluetoothd[2821]: src/shared/mgmt.c:can_read_data() [0x0000] event 0x0012
Aug 14 19:06:45.081670 n bluetoothd[2821]: src/adapter.c:device_found_callback() hci0 addr AA:BB:CC:00:00:02, rssi -52 flags 0x0000 eir_len 19
Aug 14 19:06:45.083711 n bluetoothd[2821]: src/shared/mgmt.c:can_read_data() [0x0000] event 0x0012
Aug 14 19:06:45.083726 n bluetoothd[2821]: src/adapter.c:device_found_callback() hci0 addr AA:BB:CC:00:00:05, rssi -75 flags 0x0000 eir_len 29
Aug 14 19:06:45.083743 n bluetoothd[2821]: src/device.c:device_set_legacy() legacy 0
Aug 14 19:06:45.083753 n bluetoothd[2821]: src/device.c:device_set_rssi_with_delta() rssi -75
Aug 14 19:06:45.083771 n bluetoothd[2821]: src/device.c:device_set_flags() flags 2
Aug 14 19:06:45.123573 n bluetoothd[2821]: src/device.c:search_cb() AA:BB:CC:00:00:02: No service update
Aug 14 19:06:45.123588 n bluetoothd[2821]: src/device.c:device_svc_resolved() /org/bluez/hci0/dev_AA:BB:CC:00:00:02 err 0
Aug 14 19:06:45.247709 n bluetoothd[2821]: src/shared/mgmt.c:can_read_data() [0x0000] event 0x0012
Aug 14 19:06:45.247727 n bluetoothd[2821]: src/adapter.c:device_found_callback() hci0 addr AA:BB:CC:00:00:02, rssi -59 flags 0x0000 eir_len 19
Aug 14 19:06:45.250828 n bluetoothd[2821]: src/shared/mgmt.c:can_read_data() [0x0000] event 0x0012
Aug 14 19:06:45.250842 n bluetoothd[2821]: src/adapter.c:device_found_callback() hci0 addr AA:BB:CC:00:00:06, rssi -85 flags 0x0000 eir_len 35
Aug 14 19:06:45.250861 n bluetoothd[2821]: src/device.c:device_store_cached_name() Can't store name for private addressed device /org/bluez/hci0/dev_AA:BB:CC:00:00:06
Aug 14 19:06:45.250872 n bluetoothd[2821]: src/device.c:device_set_legacy() legacy 0
Aug 14 19:06:45.250881 n bluetoothd[2821]: src/device.c:device_set_rssi_with_delta() rssi -85
Aug 14 19:06:45.250902 n bluetoothd[2821]: src/device.c:device_set_flags() flags 2
Aug 14 19:06:45.801746 n bluetoothd[2821]: src/shared/mgmt.c:can_read_data() [0x0000] event 0x0012
Aug 14 19:06:45.801775 n bluetoothd[2821]: src/adapter.c:device_found_callback() hci0 addr AA:BB:CC:00:00:02, rssi -54 flags 0x0000 eir_len 19
Aug 14 19:06:45.801939 n bluetoothd[2821]: src/shared/mgmt.c:can_read_data() [0x0000] event 0x0012
Aug 14 19:06:45.801954 n bluetoothd[2821]: src/adapter.c:device_found_callback() hci0 addr AA:BB:CC:00:00:08, rssi -90 flags 0x0004 eir_len 28
Aug 14 19:06:46.252951 n bluetoothd[2821]: src/shared/mgmt.c:can_read_data() [0x0000] event 0x0012
Aug 14 19:06:46.252974 n bluetoothd[2821]: src/adapter.c:device_found_callback() hci0 addr AA:BB:CC:00:00:07, rssi -76 flags 0x0004 eir_len 31
Aug 14 19:06:46.270442 n bluetoothd[2821]: src/agent.c:unregister_agent() agent :1.125
Aug 14 19:06:46.270461 n bluetoothd[2821]: src/agent.c:agent_disconnect() Agent :1.125 disconnected
Aug 14 19:06:46.270475 n bluetoothd[2821]: src/agent.c:remove_default_agent() Default agent cleared
Aug 14 19:06:46.270481 n bluetoothd[2821]: src/adapter.c:set_mode() sending set mode command for index 0
Aug 14 19:06:46.270489 n bluetoothd[2821]: src/agent.c:agent_destroy() agent :1.125
Aug 14 19:06:46.270495 n bluetoothd[2821]: src/agent.c:agent_unref() 0x5d6eb3286610: ref=0
Aug 14 19:06:46.270534 n bluetoothd[2821]: src/shared/mgmt.c:send_request() [0x0000] command 0x0009
Aug 14 19:06:46.270553 n bluetoothd[2821]: src/shared/mgmt.c:can_read_data() [0x0000] command 0x0009 complete: 0x00
Aug 14 19:06:46.270561 n bluetoothd[2821]: src/adapter.c:new_settings_callback() Settings: 0x00000acb
Aug 14 19:06:46.270568 n bluetoothd[2821]: src/adapter.c:settings_changed() Changed settings: 0x00000010
Aug 14 19:06:46.270575 n bluetoothd[2821]: src/adapter.c:settings_changed() Pending settings: 0x00000000
Aug 14 19:06:46.271553 n bluetoothd[2821]: src/adapter.c:stop_discovery() sender :1.125
Aug 14 19:06:46.271565 n bluetoothd[2821]: src/adapter.c:set_discoverable() sending set mode command for index 0
Aug 14 19:06:46.271571 n bluetoothd[2821]: src/adapter.c:set_mode() sending set mode command for index 0
Aug 14 19:06:46.271616 n bluetoothd[2821]: src/shared/mgmt.c:send_request() [0x0000] command 0x0007
Aug 14 19:06:46.274578 n bluetoothd[2821]: src/shared/mgmt.c:can_read_data() [0x0000] command 0x0007 complete: 0x00
Aug 14 19:06:46.274590 n bluetoothd[2821]: src/adapter.c:new_settings_callback() Settings: 0x00000ac1
Aug 14 19:06:46.274597 n bluetoothd[2821]: src/adapter.c:settings_changed() Changed settings: 0x0000000a
Aug 14 19:06:46.274604 n bluetoothd[2821]: src/adapter.c:settings_changed() Pending settings: 0x00000000
Aug 14 19:06:46.276635 n bluetoothd[2821]: src/shared/mgmt.c:send_request() [0x0000] command 0x0024
Aug 14 19:06:46.279578 n bluetoothd[2821]: src/shared/mgmt.c:can_read_data() [0x0000] command 0x0024 complete: 0x00
Aug 14 19:06:46.279589 n bluetoothd[2821]: src/adapter.c:stop_discovery_complete() status 0x00
Aug 14 19:06:46.279608 n bluetoothd[2821]: src/adapter.c:discovery_remove() owner :1.125
Aug 14 19:06:46.279621 n bluetoothd[2821]: src/device.c:device_set_rssi_with_delta() rssi 0
Aug 14 19:06:46.279636 n bluetoothd[2821]: src/device.c:device_set_rssi_with_delta() rssi 0
Aug 14 19:06:46.279652 n bluetoothd[2821]: src/adapter.c:trigger_passive_scanning()
Aug 14 19:06:46.279682 n bluetoothd[2821]: src/shared/mgmt.c:can_read_data() [0x0000] event 0x0013
Aug 14 19:06:46.279692 n bluetoothd[2821]: src/adapter.c:discovering_callback() hci0 type 7 discovering 0 method 0
Aug 14 19:06:46.901498 n bluetoothd[2821]: profiles/audio/player.c:media_player_set_status() stopped
Aug 14 19:06:54.147291 n bluetoothd[2821]: profiles/audio/transport.c:media_owner_create() Owner created: sender=:1.85
Aug 14 19:06:54.147308 n bluetoothd[2821]: profiles/audio/transport.c:media_transport_resume() Transport /org/bluez/hci0/dev_AA:BB:CC:00:00:02/sep7/fd1 Owner :1.85
Aug 14 19:06:54.147317 n bluetoothd[2821]: profiles/audio/avdtp.c:avdtp_ref() 0x5d6eb328f0f0: ref=2
Aug 14 19:06:54.147324 n bluetoothd[2821]: profiles/audio/a2dp.c:a2dp_sep_lock() SEP 0x5d6eb326b410 locked
Aug 14 19:06:54.147331 n bluetoothd[2821]: profiles/audio/avdtp.c:avdtp_ref() 0x5d6eb328f0f0: ref=3
Aug 14 19:06:54.147344 n bluetoothd[2821]: profiles/audio/a2dp.c:setup_ref() 0x5d6eb328e510: ref=1
Aug 14 19:06:54.147361 n bluetoothd[2821]: profiles/audio/transport.c:transport_set_state() State changed /org/bluez/hci0/dev_AA:BB:CC:00:00:02/sep7/fd1: TRANSPORT_STATE_IDLE -> TRANSPORT_STATE_REQUESTING
Aug 14 19:06:54.147368 n bluetoothd[2821]: profiles/audio/transport.c:media_request_create() Request created: method=Acquire id=4
Aug 14 19:06:54.147374 n bluetoothd[2821]: profiles/audio/transport.c:media_owner_add() Owner :1.85 Request Acquire
Aug 14 19:06:54.147381 n bluetoothd[2821]: profiles/audio/transport.c:media_transport_set_owner() Transport /org/bluez/hci0/dev_AA:BB:CC:00:00:02/sep7/fd1 Owner :1.85
Aug 14 19:06:54.219462 n bluetoothd[2821]: profiles/audio/avdtp.c:session_cb()
Aug 14 19:06:54.219488 n bluetoothd[2821]: profiles/audio/avdtp.c:avdtp_parse_resp() START request succeeded
Aug 14 19:06:54.219500 n bluetoothd[2821]: profiles/audio/a2dp.c:start_cfm() Source 0x5d6eb326b410: Start_Cfm
Aug 14 19:06:54.219515 n bluetoothd[2821]: /org/bluez/hci0/dev_AA:BB:CC:00:00:02/sep7/fd1: fd(42) ready
Aug 14 19:06:54.219564 n bluetoothd[2821]: profiles/audio/transport.c:media_owner_remove() Owner :1.85 Request Acquire
Aug 14 19:06:54.219575 n bluetoothd[2821]: profiles/audio/transport.c:transport_set_state() State changed /org/bluez/hci0/dev_AA:BB:CC:00:00:02/sep7/fd1: TRANSPORT_STATE_REQUESTING -> TRANSPORT_STATE_ACTIVE
Aug 14 19:06:54.219593 n bluetoothd[2821]: profiles/audio/a2dp.c:setup_unref() 0x5d6eb328e510: ref=0
Aug 14 19:06:54.219603 n bluetoothd[2821]: profiles/audio/a2dp.c:setup_free() 0x5d6eb328e510
Aug 14 19:06:54.219612 n bluetoothd[2821]: profiles/audio/avdtp.c:avdtp_unref() 0x5d6eb328f0f0: ref=2
Aug 14 19:06:54.219622 n bluetoothd[2821]: profiles/audio/avdtp.c:avdtp_sep_set_state() stream state changed: OPEN -> STREAMING
Aug 14 19:06:54.219636 n bluetoothd[2821]: profiles/audio/sink.c:sink_set_state() State changed /org/bluez/hci0/dev_AA:BB:CC:00:00:02: SINK_STATE_CONNECTED -> SINK_STATE_PLAYING
Aug 14 19:06:54.219649 n bluetoothd[2821]: profiles/audio/transport.c:transport_update_playing() /org/bluez/hci0/dev_AA:BB:CC:00:00:02/sep7/fd1 State=TRANSPORT_STATE_ACTIVE Playing=1
Aug 14 19:06:54.220135 n bluetoothd[2821]: profiles/audio/transport.c:media_transport_set_volume() Transport /org/bluez/hci0/dev_AA:BB:CC:00:00:02/sep7/fd1 level 93
Aug 14 19:07:15.296561 n bluetoothd[2821]: src/device.c:device_remove() Removing device /org/bluez/hci0/dev_AA:BB:CC:00:00:05
Aug 14 19:07:15.296737 n bluetoothd[2821]: src/device.c:btd_device_unref() Freeing device /org/bluez/hci0/dev_AA:BB:CC:00:00:05
Aug 14 19:07:15.296760 n bluetoothd[2821]: src/device.c:device_free() 0x5d6eb328cdc0
Aug 14 19:07:15.296811 n bluetoothd[2821]: src/device.c:device_remove() Removing device /org/bluez/hci0/dev_AA:BB:CC:00:00:06
Aug 14 19:07:15.296839 n bluetoothd[2821]: src/device.c:btd_device_unref() Freeing device /org/bluez/hci0/dev_AA:BB:CC:00:00:06
Aug 14 19:07:15.296851 n bluetoothd[2821]: src/device.c:device_free() 0x5d6eb328d820
Aug 14 20:30:25.138130 n bluetoothd[2821]: src/agent.c:add_default_agent() Default agent set to :1.125 /org/gnome/bluetooth/settings
Aug 14 20:30:25.138145 n bluetoothd[2821]: src/adapter.c:set_mode() sending set mode command for index 0
Aug 14 20:30:25.138159 n bluetoothd[2821]: src/agent.c:agent_ref() 0x5d6eb32831f0: ref=1
Aug 14 20:30:25.138167 n bluetoothd[2821]: src/agent.c:register_agent() agent :1.125
Aug 14 20:30:25.138219 n bluetoothd[2821]: src/shared/mgmt.c:send_request() [0x0000] command 0x0009
Aug 14 20:30:25.138237 n bluetoothd[2821]: src/shared/mgmt.c:can_read_data() [0x0000] command 0x0009 complete: 0x00
Aug 14 20:30:25.138245 n bluetoothd[2821]: src/adapter.c:new_settings_callback() Settings: 0x00000ad1
Aug 14 20:30:25.138252 n bluetoothd[2821]: src/adapter.c:settings_changed() Changed settings: 0x00000010
Aug 14 20:30:25.138259 n bluetoothd[2821]: src/adapter.c:settings_changed() Pending settings: 0x00000000
Aug 14 20:30:25.138288 n bluetoothd[2821]: src/shared/mgmt.c:send_request() [0x0000] command 0x0018
Aug 14 20:30:25.138304 n bluetoothd[2821]: src/shared/mgmt.c:can_read_data() [0x0000] command 0x0018 complete: 0x00
Aug 14 20:30:25.140462 n bluetoothd[2821]: src/adapter.c:set_discovery_filter() sender :1.125
Aug 14 20:30:25.140479 n bluetoothd[2821]: src/adapter.c:parse_discovery_filter_dict() filtered discovery params: transport: 7 rssi: 32767 pathloss: 32767  duplicate data: false discoverable true pattern (null)
Aug 14 20:30:25.140744 n bluetoothd[2821]: src/adapter.c:start_discovery() sender :1.125
Aug 14 20:30:25.140759 n bluetoothd[2821]: src/adapter.c:update_discovery_filter()
Aug 14 20:30:25.140770 n bluetoothd[2821]: src/adapter.c:discovery_filter_to_mgmt_cp()
Aug 14 20:30:25.140779 n bluetoothd[2821]: src/adapter.c:set_discoverable() sending set mode command for index 0
Aug 14 20:30:25.140790 n bluetoothd[2821]: src/adapter.c:set_mode() sending set mode command for index 0
Aug 14 20:30:25.140800 n bluetoothd[2821]: src/adapter.c:trigger_start_discovery()
Aug 14 20:30:25.140806 n bluetoothd[2821]: src/adapter.c:cancel_passive_scanning()
Aug 14 20:30:25.140847 n bluetoothd[2821]: src/shared/mgmt.c:send_request() [0x0000] command 0x0007
Aug 14 20:30:25.140860 n bluetoothd[2821]: src/adapter.c:start_discovery_timeout()
Aug 14 20:30:25.140866 n bluetoothd[2821]: src/adapter.c:start_discovery_timeout() adapter->current_discovery_filter == 0
Aug 14 20:30:25.140882 n bluetoothd[2821]: src/shared/mgmt.c:can_read_data() [0x0000] command 0x0007 complete: 0x00
Aug 14 20:30:25.140890 n bluetoothd[2821]: src/adapter.c:new_settings_callback() Settings: 0x00000ad3
Aug 14 20:30:25.140901 n bluetoothd[2821]: src/adapter.c:settings_changed() Changed settings: 0x00000002
Aug 14 20:30:25.140910 n bluetoothd[2821]: src/adapter.c:settings_changed() Pending settings: 0x00000000
Aug 14 20:30:25.140939 n bluetoothd[2821]: src/shared/mgmt.c:send_request() [0x0000] command 0x0006
Aug 14 20:30:25.146675 n bluetoothd[2821]: src/shared/mgmt.c:can_read_data() [0x0000] command 0x0006 complete: 0x00
Aug 14 20:30:25.146688 n bluetoothd[2821]: src/adapter.c:new_settings_callback() Settings: 0x00000adb
Aug 14 20:30:25.146694 n bluetoothd[2821]: src/adapter.c:settings_changed() Changed settings: 0x00000008
Aug 14 20:30:25.146700 n bluetoothd[2821]: src/adapter.c:settings_changed() Pending settings: 0x00000000
Aug 14 20:30:25.146739 n bluetoothd[2821]: src/shared/mgmt.c:send_request() [0x0000] command 0x0023
Aug 14 20:30:25.156654 n bluetoothd[2821]: src/shared/mgmt.c:can_read_data() [0x0000] event 0x0013
Aug 14 20:30:25.156667 n bluetoothd[2821]: src/adapter.c:discovering_callback() hci0 type 7 discovering 1 method 0
Aug 14 20:30:25.156689 n bluetoothd[2821]: src/shared/mgmt.c:can_read_data() [0x0000] command 0x0023 complete: 0x00
Aug 14 20:30:25.156699 n bluetoothd[2821]: src/adapter.c:start_discovery_complete() status 0x00
Aug 14 20:30:25.198663 n bluetoothd[2821]: src/shared/mgmt.c:can_read_data() [0x0000] event 0x0012
Aug 14 20:30:25.198678 n bluetoothd[2821]: src/adapter.c:device_found_callback() hci0 addr AA:BB:CC:00:00:02, rssi -48 flags 0x0000 eir_len 19
Aug 14 20:30:26.081730 n bluetoothd[2821]: src/shared/mgmt.c:can_read_data() [0x0000] event 0x0012
Aug 14 20:30:26.081764 n bluetoothd[2821]: src/adapter.c:device_found_callback() hci0 addr AA:BB:CC:00:00:09, rssi -59 flags 0x0004 eir_len 31
Aug 14 20:30:26.086674 n bluetoothd[2821]: src/shared/mgmt.c:can_read_data() [0x0000] event 0x0012
Aug 14 20:30:26.086687 n bluetoothd[2821]: src/adapter.c:device_found_callback() hci0 addr AA:BB:CC:00:00:10, rssi -64 flags 0x0000 eir_len 29
Aug 14 20:30:26.086700 n bluetoothd[2821]: src/device.c:device_create() dst AA:BB:CC:00:00:10
Aug 14 20:30:26.086709 n bluetoothd[2821]: src/device.c:device_new() address AA:BB:CC:00:00:10
Aug 14 20:30:26.086725 n bluetoothd[2821]: src/device.c:device_new() Creating device /org/bluez/hci0/dev_AA:BB:CC:00:00:10
Aug 14 20:30:26.086758 n bluetoothd[2821]: src/device.c:device_set_legacy() legacy 0
Aug 14 20:30:26.086768 n bluetoothd[2821]: src/device.c:device_set_rssi_with_delta() rssi -64
Aug 14 20:30:26.086818 n bluetoothd[2821]: src/device.c:device_set_flags() flags 2
Aug 14 20:30:26.886745 n bluetoothd[2821]: src/shared/mgmt.c:can_read_data() [0x0000] event 0x0012
Aug 14 20:30:26.886761 n bluetoothd[2821]: src/adapter.c:device_found_callback() hci0 addr AA:BB:CC:00:00:02, rssi -59 flags 0x0000 eir_len 19
Aug 14 20:30:26.986736 n bluetoothd[2821]: src/shared/mgmt.c:can_read_data() [0x0000] event 0x0012
Aug 14 20:30:26.986750 n bluetoothd[2821]: src/adapter.c:device_found_callback() hci0 addr AA:BB:CC:00:00:11, rssi -73 flags 0x0000 eir_len 14
Aug 14 20:30:26.986766 n bluetoothd[2821]: src/device.c:device_create() dst AA:BB:CC:00:00:11
Aug 14 20:30:26.986772 n bluetoothd[2821]: src/device.c:device_new() address AA:BB:CC:00:00:11
Aug 14 20:30:26.986791 n bluetoothd[2821]: src/device.c:device_new() Creating device /org/bluez/hci0/dev_AA:BB:CC:00:00:11
Aug 14 20:30:26.986818 n bluetoothd[2821]: src/device.c:device_store_cached_name() Can't store name for private addressed device /org/bluez/hci0/dev_AA:BB:CC:00:00:11
Aug 14 20:30:26.986826 n bluetoothd[2821]: src/device.c:device_set_legacy() legacy 0
Aug 14 20:30:26.986832 n bluetoothd[2821]: src/device.c:device_set_rssi_with_delta() rssi -73
Aug 14 20:30:26.986838 n bluetoothd[2821]: src/device.c:btd_device_device_set_name() /org/bluez/hci0/dev_AA:BB:CC:00:00:11 NKCCX
Aug 14 20:30:26.986873 n bluetoothd[2821]: src/device.c:device_set_flags() flags 2
Aug 14 20:30:28.068869 n bluetoothd[2821]: src/shared/mgmt.c:can_read_data() [0x0000] event 0x0012
Aug 14 20:30:28.068896 n bluetoothd[2821]: src/adapter.c:device_found_callback() hci0 addr AA:BB:CC:00:00:02, rssi -58 flags 0x0000 eir_len 19
Aug 14 20:30:28.072842 n bluetoothd[2821]: src/shared/mgmt.c:can_read_data() [0x0000] event 0x0012
Aug 14 20:30:28.072865 n bluetoothd[2821]: src/adapter.c:device_found_callback() hci0 addr AA:BB:CC:00:00:12, rssi -84 flags 0x0004 eir_len 35
Aug 14 20:30:30.283852 n bluetoothd[2821]: src/shared/mgmt.c:can_read_data() [0x0000] event 0x0012
Aug 14 20:30:30.283867 n bluetoothd[2821]: src/adapter.c:device_found_callback() hci0 addr AA:BB:CC:00:00:02, rssi -53 flags 0x0000 eir_len 19
Aug 14 20:30:30.286874 n bluetoothd[2821]: src/shared/mgmt.c:can_read_data() [0x0000] event 0x000c
Aug 14 20:30:30.286891 n bluetoothd[2821]: src/adapter.c:dev_disconnected() Device AA:BB:CC:00:00:02 disconnected, reason 21
Aug 14 20:30:30.286901 n bluetoothd[2821]: src/adapter.c:adapter_remove_connection()
Aug 14 20:30:30.286923 n bluetoothd[2821]: plugins/policy.c:disconnect_cb() reason 21
Aug 14 20:30:30.286932 n bluetoothd[2821]: src/adapter.c:bonding_attempt_complete() hci0 bdaddr AA:BB:CC:00:00:02 type 0 status 0xe
Aug 14 20:30:30.286942 n bluetoothd[2821]: src/device.c:device_bonding_complete() bonding (nil) status 0x0e
Aug 14 20:30:30.286951 n bluetoothd[2821]: src/device.c:device_bonding_failed() status 14
Aug 14 20:30:30.286959 n bluetoothd[2821]: src/adapter.c:resume_discovery()
Aug 14 20:30:30.286968 n bluetoothd[2821]: src/adapter.c:trigger_start_discovery()
Aug 14 20:30:30.286977 n bluetoothd[2821]: src/adapter.c:cancel_passive_scanning()
Aug 14 20:30:30.286991 n bluetoothd[2821]: profiles/audio/avdtp.c:session_cb()
Aug 14 20:30:30.286999 n bluetoothd[2821]: profiles/audio/avdtp.c:avdtp_ref() 0x5d6eb328f0f0: ref=3
Aug 14 20:30:30.287009 n bluetoothd[2821]: profiles/audio/avdtp.c:connection_lost() Disconnected from AA:BB:CC:00:00:02
Aug 14 20:30:30.287019 n bluetoothd[2821]: profiles/audio/a2dp.c:abort_cfm() Source 0x5d6eb326b410: Abort_Cfm
Aug 14 20:30:30.287029 n bluetoothd[2821]: profiles/audio/avdtp.c:avdtp_sep_set_state() stream state changed: STREAMING -> IDLE
Aug 14 20:30:30.287092 n bluetoothd[2821]: profiles/audio/transport.c:media_transport_remove_owner() Transport /org/bluez/hci0/dev_AA:BB:CC:00:00:02/sep7/fd1 Owner :1.85
Aug 14 20:30:30.287108 n bluetoothd[2821]: profiles/audio/transport.c:media_owner_free() Owner :1.85
Aug 14 20:30:30.287117 n bluetoothd[2821]: profiles/audio/transport.c:media_transport_suspend() Transport /org/bluez/hci0/dev_AA:BB:CC:00:00:02/sep7/fd1 Owner
Aug 14 20:30:30.287127 n bluetoothd[2821]: profiles/audio/transport.c:transport_set_state() State changed /org/bluez/hci0/dev_AA:BB:CC:00:00:02/sep7/fd1: TRANSPORT_STATE_ACTIVE -> TRANSPORT_STATE_IDLE
Aug 14 20:30:30.287138 n bluetoothd[2821]: profiles/audio/a2dp.c:a2dp_sep_unlock() SEP 0x5d6eb326b410 unlocked
Aug 14 20:30:30.287148 n bluetoothd[2821]: profiles/audio/avdtp.c:avdtp_unref() 0x5d6eb328f0f0: ref=2
Aug 14 20:30:30.287183 n bluetoothd[2821]: src/service.c:change_state() 0x5d6eb325d890: device AA:BB:CC:00:00:02 profile a2dp-sink state changed: connected -> disconnected (0)
Aug 14 20:30:30.287196 n bluetoothd[2821]: plugins/policy.c:policy_disconnect() /org/bluez/hci0/dev_AA:BB:CC:00:00:02 profile avrcp-controller
Aug 14 20:30:30.287206 n bluetoothd[2821]: src/service.c:change_state() 0x5d6eb325d790: device AA:BB:CC:00:00:02 profile avrcp-controller state changed: connected -> disconnecting (0)
Aug 14 20:30:30.287216 n bluetoothd[2821]: profiles/audio/avrcp.c:avrcp_disconnect() path /org/bluez/hci0/dev_AA:BB:CC:00:00:02
Aug 14 20:30:30.287225 n bluetoothd[2821]: src/service.c:change_state() 0x5d6eb325d850: device AA:BB:CC:00:00:02 profile audio-avrcp-target state changed: connected -> disconnected (0)
Aug 14 20:30:30.287235 n bluetoothd[2821]: src/service.c:change_state() 0x5d6eb325d790: device AA:BB:CC:00:00:02 profile avrcp-controller state changed: disconnecting -> disconnected (0)
Aug 14 20:30:30.287244 n bluetoothd[2821]: profiles/audio/avrcp.c:controller_destroy() 0x5d6eb327b560
Aug 14 20:30:30.287253 n bluetoothd[2821]: profiles/audio/player.c:media_player_destroy() /org/bluez/hci0/dev_AA:BB:CC:00:00:02/player0
Aug 14 20:30:30.287283 n bluetoothd[2821]: profiles/audio/avrcp.c:target_destroy() 0x5d6eb3292f20
Aug 14 20:30:30.287296 n bluetoothd[2821]: profiles/audio/avctp.c:avctp_set_state() AVCTP Disconnected
Aug 14 20:30:30.287320 n bluetoothd[2821]: profiles/audio/avctp.c:avctp_disconnected() AVCTP: closing uinput for AA:BB:CC:00:00:02
Aug 14 20:30:30.307513 n bluetoothd[2821]: profiles/audio/avdtp.c:avdtp_unref() 0x5d6eb328f0f0: ref=1
Aug 14 20:30:30.307569 n bluetoothd[2821]: profiles/audio/sink.c:sink_set_state() State changed /org/bluez/hci0/dev_AA:BB:CC:00:00:02: SINK_STATE_PLAYING -> SINK_STATE_DISCONNECTED
Aug 14 20:30:30.307590 n bluetoothd[2821]: profiles/audio/a2dp.c:channel_remove() chan 0x5d6eb328d350
Aug 14 20:30:30.307792 n bluetoothd[2821]: profiles/audio/avdtp.c:avdtp_unref() 0x5d6eb328f0f0: ref=0
Aug 14 20:30:30.307810 n bluetoothd[2821]: profiles/audio/avdtp.c:avdtp_free() 0x5d6eb328f0f0
Aug 14 20:30:30.307933 n bluetoothd[2821]: src/profile.c:ext_io_disconnected() Unable to get io data for Hands-Free Voice gateway: getpeername: Transport endpoint is not connected (107)
Aug 14 20:30:30.307957 n bluetoothd[2821]: src/service.c:change_state() 0x5d6eb3277fe0: device AA:BB:CC:00:00:02 profile Hands-Free Voice gateway state changed: connected -> disconnected (0)
Aug 14 20:30:30.307986 n bluetoothd[2821]: src/service.c:btd_service_unref() 0x5d6eb3277fe0: ref=2
Aug 14 20:30:30.308076 n bluetoothd[2821]: src/battery.c:provided_battery_removed_cb() provided battery removed /org/freedesktop/pipewire/battery/org/bluez/hci0/dev_AA:BB:CC:00:00:02
Aug 14 20:30:30.308107 n bluetoothd[2821]: src/battery.c:btd_battery_unregister() path = /org/bluez/hci0/dev_AA:BB:CC:00:00:02
Aug 14 20:30:30.324466 n bluetoothd[2821]: src/shared/mgmt.c:can_read_data() [0x0000] event 0x0013
Aug 14 20:30:30.324483 n bluetoothd[2821]: src/adapter.c:discovering_callback() hci0 type 7 discovering 0 method 0
Aug 14 20:30:30.324493 n bluetoothd[2821]: src/adapter.c:trigger_start_discovery()
Aug 14 20:30:30.324502 n bluetoothd[2821]: src/adapter.c:cancel_passive_scanning()
Aug 14 20:30:30.324534 n bluetoothd[2821]: src/shared/mgmt.c:can_read_data() [0x0000] event 0x0007
Aug 14 20:30:30.324547 n bluetoothd[2821]: src/adapter.c:dev_class_changed_callback() Class: 0x000000
Aug 14 20:30:30.324575 n bluetoothd[2821]: src/shared/mgmt.c:can_read_data() [0x0000] event 0x0006
Aug 14 20:30:30.324591 n bluetoothd[2821]: src/adapter.c:new_settings_callback() Settings: 0x00000ada
Aug 14 20:30:30.324601 n bluetoothd[2821]: src/adapter.c:settings_changed() Changed settings: 0x00000001
Aug 14 20:30:30.324610 n bluetoothd[2821]: src/adapter.c:settings_changed() Pending settings: 0x00000000
Aug 14 20:30:30.324622 n bluetoothd[2821]: src/adapter.c:cancel_passive_scanning()
Aug 14 20:30:30.324634 n bluetoothd[2821]: src/adapter.c:discovery_free() 0x5d6eb3264fc0
Aug 14 20:30:30.324652 n bluetoothd[2821]: src/device.c:device_set_rssi_with_delta() rssi 0
Aug 14 20:30:30.324668 n bluetoothd[2821]: src/device.c:device_set_rssi_with_delta() rssi 0
Aug 14 20:30:30.324680 n bluetoothd[2821]: src/adapter.c:set_discoverable() sending set mode command for index 0
Aug 14 20:30:30.324690 n bluetoothd[2821]: src/adapter.c:set_mode() sending set mode command for index 0
Aug 14 20:30:30.324705 n bluetoothd[2821]: src/adapter.c:adapter_stop() adapter /org/bluez/hci0 has been disabled
Aug 14 20:30:30.324736 n bluetoothd[2821]: src/rfkill.c:rfkill_event() RFKILL event idx 0 type 2 op 2 soft 1 hard 0
Aug 14 20:30:30.324789 n bluetoothd[2821]: src/rfkill.c:rfkill_event() RFKILL unblock for hci0
Aug 14 20:30:30.324802 n bluetoothd[2821]: src/adapter.c:adapter_set_power_state() off-blocked
Aug 14 20:30:30.324835 n bluetoothd[2821]: src/shared/mgmt.c:send_request() [0x0000] command 0x0007
Aug 14 20:30:30.324862 n bluetoothd[2821]: src/shared/mgmt.c:can_read_data() [0x0000] command 0x0007 complete: 0x00
Aug 14 20:30:30.324871 n bluetoothd[2821]: src/adapter.c:new_settings_callback() Settings: 0x00000ad0
Aug 14 20:30:30.324879 n bluetoothd[2821]: src/adapter.c:settings_changed() Changed settings: 0x0000000a
Aug 14 20:30:30.324888 n bluetoothd[2821]: src/adapter.c:settings_changed() Pending settings: 0x00000000
Aug 14 20:30:36.196134 n bluetoothd[2821]: src/adapter.c:property_set_mode() sending Set Powered command for index 0
Aug 14 20:30:36.196182 n bluetoothd[2821]: src/rfkill.c:rfkill_event() RFKILL event idx 0 type 2 op 2 soft 0 hard 0
Aug 14 20:30:36.196269 n bluetoothd[2821]: src/rfkill.c:rfkill_event() RFKILL unblock for hci0
Aug 14 20:30:36.196305 n bluetoothd[2821]: src/adapter.c:adapter_set_power_state() off
Aug 14 20:30:36.196318 n bluetoothd[2821]: src/adapter.c:adapter_set_power_state() off-enabling
Aug 14 20:30:36.196327 n bluetoothd[2821]: src/adapter.c:set_mode() sending set mode command for index 0
Aug 14 20:30:36.196372 n bluetoothd[2821]: src/shared/mgmt.c:send_request() [0x0000] command 0x0005
Aug 14 20:30:36.482136 n bluetoothd[2821]: src/shared/mgmt.c:can_read_data() [0x0000] event 0x0007
Aug 14 20:30:36.482158 n bluetoothd[2821]: src/adapter.c:dev_class_changed_callback() Class: 0x7c010c
Aug 14 20:30:36.488109 n bluetoothd[2821]: src/shared/mgmt.c:can_read_data() [0x0000] command 0x0005 complete: 0x00
Aug 14 20:30:36.488124 n bluetoothd[2821]: src/adapter.c:property_set_mode_complete() Success (0x00)
Aug 14 20:30:36.488151 n bluetoothd[2821]: src/adapter.c:adapter_set_power_state() on
Aug 14 20:30:36.488167 n bluetoothd[2821]: src/adapter.c:new_settings_callback() Settings: 0x00000ad1
Aug 14 20:30:36.488176 n bluetoothd[2821]: src/adapter.c:settings_changed() Changed settings: 0x00000001
Aug 14 20:30:36.488185 n bluetoothd[2821]: src/adapter.c:settings_changed() Pending settings: 0x00000000
Aug 14 20:30:36.488197 n bluetoothd[2821]: src/adapter.c:adapter_start() adapter /org/bluez/hci0 has been enabled
Aug 14 20:30:36.488206 n bluetoothd[2821]: src/adapter.c:trigger_passive_scanning()
Aug 14 20:30:36.488250 n bluetoothd[2821]: src/shared/mgmt.c:send_request() [0x0000] command 0x0005
Aug 14 20:30:36.488275 n bluetoothd[2821]: src/shared/mgmt.c:can_read_data() [0x0000] command 0x0005 complete: 0x00
Aug 14 20:30:36.489051 n bluetoothd[2821]: src/adapter.c:set_discovery_filter() sender :1.125
Aug 14 20:30:36.489070 n bluetoothd[2821]: src/adapter.c:parse_discovery_filter_dict() filtered discovery params: transport: 7 rssi: 32767 pathloss: 32767  duplicate data: false discoverable true pattern (null)
Aug 14 20:30:36.489090 n bluetoothd[2821]: src/adapter.c:set_discovery_filter() successfully pre-set filter
Aug 14 20:30:36.490356 n bluetoothd[2821]: src/adapter.c:start_discovery() sender :1.125
Aug 14 20:30:36.490365 n bluetoothd[2821]: src/adapter.c:update_discovery_filter()
Aug 14 20:30:36.490370 n bluetoothd[2821]: src/adapter.c:discovery_filter_to_mgmt_cp()
Aug 14 20:30:36.490375 n bluetoothd[2821]: src/adapter.c:set_discoverable() sending set mode command for index 0
Aug 14 20:30:36.490380 n bluetoothd[2821]: src/adapter.c:set_mode() sending set mode command for index 0
Aug 14 20:30:36.490390 n bluetoothd[2821]: src/adapter.c:trigger_start_discovery()
Aug 14 20:30:36.490397 n bluetoothd[2821]: src/adapter.c:cancel_passive_scanning()
Aug 14 20:30:36.490424 n bluetoothd[2821]: src/shared/mgmt.c:send_request() [0x0000] command 0x0007
Aug 14 20:30:36.490437 n bluetoothd[2821]: src/adapter.c:start_discovery_timeout()
Aug 14 20:30:36.490442 n bluetoothd[2821]: src/adapter.c:start_discovery_timeout() adapter->current_discovery_filter == 0
Aug 14 20:30:36.490456 n bluetoothd[2821]: src/shared/mgmt.c:can_read_data() [0x0000] command 0x0007 complete: 0x00
Aug 14 20:30:36.490462 n bluetoothd[2821]: src/adapter.c:new_settings_callback() Settings: 0x00000ad3
Aug 14 20:30:36.490467 n bluetoothd[2821]: src/adapter.c:settings_changed() Changed settings: 0x00000002
Aug 14 20:30:36.490473 n bluetoothd[2821]: src/adapter.c:settings_changed() Pending settings: 0x00000000
Aug 14 20:30:36.490495 n bluetoothd[2821]: src/shared/mgmt.c:send_request() [0x0000] command 0x0006
Aug 14 20:30:36.496090 n bluetoothd[2821]: src/shared/mgmt.c:can_read_data() [0x0000] command 0x0006 complete: 0x00
Aug 14 20:30:36.496100 n bluetoothd[2821]: src/adapter.c:new_settings_callback() Settings: 0x00000adb
Aug 14 20:30:36.496107 n bluetoothd[2821]: src/adapter.c:settings_changed() Changed settings: 0x00000008
Aug 14 20:30:36.496114 n bluetoothd[2821]: src/adapter.c:settings_changed() Pending settings: 0x00000000
Aug 14 20:30:36.496150 n bluetoothd[2821]: src/shared/mgmt.c:send_request() [0x0000] command 0x0023
Aug 14 20:30:36.506080 n bluetoothd[2821]: src/shared/mgmt.c:can_read_data() [0x0000] event 0x0013
Aug 14 20:30:36.506091 n bluetoothd[2821]: src/adapter.c:discovering_callback() hci0 type 7 discovering 1 method 0
Aug 14 20:30:36.506110 n bluetoothd[2821]: src/shared/mgmt.c:can_read_data() [0x0000] command 0x0023 complete: 0x00
Aug 14 20:30:36.506117 n bluetoothd[2821]: src/adapter.c:start_discovery_complete() status 0x00
Aug 14 20:30:36.547220 n bluetoothd[2821]: src/shared/mgmt.c:can_read_data() [0x0000] event 0x0012
Aug 14 20:30:36.547245 n bluetoothd[2821]: src/adapter.c:device_found_callback() hci0 addr AA:BB:CC:00:00:10, rssi -68 flags 0x0000 eir_len 29
Aug 14 20:30:36.547275 n bluetoothd[2821]: src/device.c:device_set_legacy() legacy 0
Aug 14 20:30:36.547289 n bluetoothd[2821]: src/device.c:device_set_rssi_with_delta() rssi -68
Aug 14 20:30:36.547326 n bluetoothd[2821]: src/device.c:device_set_flags() flags 2
Aug 14 20:30:36.572188 n bluetoothd[2821]: src/shared/mgmt.c:can_read_data() [0x0000] event 0x0012
Aug 14 20:30:36.572210 n bluetoothd[2821]: src/adapter.c:device_found_callback() hci0 addr AA:BB:CC:00:00:02, rssi -51 flags 0x0000 eir_len 19
Aug 14 20:30:36.777254 n bluetoothd[2821]: src/shared/mgmt.c:can_read_data() [0x0000] event 0x0012
Aug 14 20:30:36.777276 n bluetoothd[2821]: src/adapter.c:device_found_callback() hci0 addr AA:BB:CC:00:00:09, rssi -68 flags 0x0004 eir_len 31
Aug 14 20:30:37.743250 n bluetoothd[2821]: src/shared/mgmt.c:can_read_data() [0x0000] event 0x000b
Aug 14 20:30:37.743279 n bluetoothd[2821]: src/adapter.c:connected_callback() hci0 device AA:BB:CC:00:00:02 connected eir_len 17
Aug 14 20:30:37.949267 n bluetoothd[2821]: src/shared/mgmt.c:can_read_data() [0x0000] event 0x0012
Aug 14 20:30:37.949311 n bluetoothd[2821]: src/adapter.c:device_found_callback() hci0 addr AA:BB:CC:00:00:02, rssi -50 flags 0x0000 eir_len 19
Aug 14 20:30:37.953219 n bluetoothd[2821]: src/shared/mgmt.c:can_read_data() [0x0000] event 0x0012
Aug 14 20:30:37.953234 n bluetoothd[2821]: src/adapter.c:device_found_callback() hci0 addr AA:BB:CC:00:00:11, rssi -85 flags 0x0000 eir_len 35
Aug 14 20:30:37.953256 n bluetoothd[2821]: src/device.c:device_store_cached_name() Can't store name for private addressed device /org/bluez/hci0/dev_AA:BB:CC:00:00:11
Aug 14 20:30:37.953265 n bluetoothd[2821]: src/device.c:device_set_legacy() legacy 0
Aug 14 20:30:37.953275 n bluetoothd[2821]: src/device.c:device_set_rssi_with_delta() rssi -85
Aug 14 20:30:37.953309 n bluetoothd[2821]: src/device.c:device_set_flags() flags 2
Aug 14 20:30:38.164448 n bluetoothd[2821]: src/profile.c:ext_confirm() incoming connect from AA:BB:CC:00:00:02
Aug 14 20:30:38.164498 n bluetoothd[2821]: src/service.c:btd_service_ref() 0x5d6eb3277fe0: ref=3
Aug 14 20:30:38.164510 n bluetoothd[2821]: src/profile.c:ext_confirm() Hands-Free Voice gateway authorizing connection from AA:BB:CC:00:00:02
Aug 14 20:30:38.164565 n bluetoothd[2821]: src/profile.c:ext_auth() AA:BB:CC:00:00:02 authorized to connect to Hands-Free Voice gateway
Aug 14 20:30:38.164585 n bluetoothd[2821]: src/profile.c:ext_connect() Hands-Free Voice gateway connected to AA:BB:CC:00:00:02
Aug 14 20:30:38.164594 n bluetoothd[2821]: src/service.c:change_state() 0x5d6eb3277fe0: device AA:BB:CC:00:00:02 profile Hands-Free Voice gateway state changed: disconnected -> connecting (0)
Aug 14 20:30:38.165562 n bluetoothd[2821]: src/service.c:change_state() 0x5d6eb3277fe0: device AA:BB:CC:00:00:02 profile Hands-Free Voice gateway state changed: connecting -> connected (0)
Aug 14 20:30:38.165586 n bluetoothd[2821]: src/device.c:device_profile_connected() Hands-Free Voice gateway Success (0)
Aug 14 20:30:38.165602 n bluetoothd[2821]: plugins/policy.c:service_cb() Added Hands-Free Voice gateway reconnect 1
Aug 14 20:30:38.669969 n bluetoothd[2821]: src/battery.c:btd_battery_register() path = /org/bluez/hci0/dev_AA:BB:CC:00:00:02
Aug 14 20:30:38.669988 n bluetoothd[2821]: src/battery.c:btd_battery_register() registered Battery object: /org/bluez/hci0/dev_AA:BB:CC:00:00:02
Aug 14 20:30:38.669996 n bluetoothd[2821]: src/battery.c:provided_battery_added_cb() provided battery added /org/freedesktop/pipewire/battery/org/bluez/hci0/dev_AA:BB:CC:00:00:02
Aug 14 20:30:38.670003 n bluetoothd[2821]: src/battery.c:btd_battery_update() path = /org/bluez/hci0/dev_AA:BB:CC:00:00:02
Aug 14 20:30:38.897463 n bluetoothd[2821]: profiles/audio/a2dp.c:confirm_cb() AVDTP: incoming connect from AA:BB:CC:00:00:02
Aug 14 20:30:38.983440 n bluetoothd[2821]: profiles/audio/sink.c:sink_set_state() State changed /org/bluez/hci0/dev_AA:BB:CC:00:00:02: SINK_STATE_DISCONNECTED -> SINK_STATE_CONNECTING
Aug 14 20:30:38.983523 n bluetoothd[2821]: profiles/audio/avdtp.c:avdtp_connect_cb() AVDTP: connected signaling channel to AA:BB:CC:00:00:02
Aug 14 20:30:38.983535 n bluetoothd[2821]: profiles/audio/avdtp.c:avdtp_connect_cb() AVDTP imtu=672, omtu=895
Aug 14 20:30:38.983632 n bluetoothd[2821]: profiles/audio/avdtp.c:avdtp_register_remote_sep() seid 7 type 1 media 0 delay_reporting false
Aug 14 20:30:38.983680 n bluetoothd[2821]: profiles/audio/a2dp.c:register_remote_sep() Found remote SEP: /org/bluez/hci0/dev_AA:BB:CC:00:00:02/sep7
Aug 14 20:30:38.983701 n bluetoothd[2821]: profiles/audio/avdtp.c:avdtp_register_remote_sep() seid 6 type 1 media 0 delay_reporting false
Aug 14 20:30:38.983732 n bluetoothd[2821]: profiles/audio/a2dp.c:register_remote_sep() Found remote SEP: /org/bluez/hci0/dev_AA:BB:CC:00:00:02/sep6
Aug 14 20:30:38.983752 n bluetoothd[2821]: profiles/audio/avdtp.c:avdtp_register_remote_sep() seid 5 type 1 media 0 delay_reporting false
Aug 14 20:30:38.983782 n bluetoothd[2821]: profiles/audio/a2dp.c:register_remote_sep() Found remote SEP: /org/bluez/hci0/dev_AA:BB:CC:00:00:02/sep5
Aug 14 20:30:38.983802 n bluetoothd[2821]: profiles/audio/avdtp.c:avdtp_register_remote_sep() seid 4 type 1 media 0 delay_reporting false
Aug 14 20:30:38.983831 n bluetoothd[2821]: profiles/audio/a2dp.c:register_remote_sep() Found remote SEP: /org/bluez/hci0/dev_AA:BB:CC:00:00:02/sep4
Aug 14 20:30:38.983853 n bluetoothd[2821]: profiles/audio/avdtp.c:avdtp_register_remote_sep() seid 8 type 1 media 0 delay_reporting false
Aug 14 20:30:38.983881 n bluetoothd[2821]: profiles/audio/a2dp.c:register_remote_sep() Found remote SEP: /org/bluez/hci0/dev_AA:BB:CC:00:00:02/sep8
Aug 14 20:30:38.983899 n bluetoothd[2821]: profiles/audio/a2dp.c:load_remote_sep() LastUsed: lseid 3 rseid 7
Aug 14 20:30:38.983926 n bluetoothd[2821]: profiles/audio/avdtp.c:avdtp_ref() 0x5d6eb328ed90: ref=1
Aug 14 20:30:38.983939 n bluetoothd[2821]: profiles/audio/avdtp.c:set_disconnect_timer() timeout 1
Aug 14 20:30:39.033477 n bluetoothd[2821]: profiles/audio/avdtp.c:session_cb()
Aug 14 20:30:39.033528 n bluetoothd[2821]: profiles/audio/avdtp.c:avdtp_parse_cmd() Received DISCOVER_CMD
Aug 14 20:30:39.082218 n bluetoothd[2821]: profiles/audio/avctp.c:avctp_confirm_cb() AVCTP: incoming connect from AA:BB:CC:00:00:02
Aug 14 20:30:39.082235 n bluetoothd[2821]: profiles/audio/avctp.c:avctp_set_state() AVCTP Connecting
Aug 14 20:30:39.092431 n bluetoothd[2821]: profiles/audio/avdtp.c:session_cb()
Aug 14 20:30:39.092457 n bluetoothd[2821]: profiles/audio/avdtp.c:avdtp_parse_cmd() Received  GET_CAPABILITIES_CMD
Aug 14 20:30:39.092474 n bluetoothd[2821]: profiles/audio/a2dp.c:endpoint_getcap_ind() Source 0x5d6eb325d380: Get_Capability_Ind
Aug 14 20:30:39.099425 n bluetoothd[2821]: profiles/audio/avdtp.c:session_cb()
Aug 14 20:30:39.099452 n bluetoothd[2821]: profiles/audio/avdtp.c:avdtp_parse_cmd() Received  GET_CAPABILITIES_CMD
Aug 14 20:30:39.099471 n bluetoothd[2821]: profiles/audio/a2dp.c:endpoint_getcap_ind() Sink 0x5d6eb32654d0: Get_Capability_Ind
Aug 14 20:30:39.134445 n bluetoothd[2821]: profiles/audio/avctp.c:avctp_connect_cb() AVCTP: connected to AA:BB:CC:00:00:02
Aug 14 20:30:39.134816 n bluetoothd[2821]: profiles/audio/avctp.c:init_uinput() AVRCP: uinput initialized for MOMENTUM 4
Aug 14 20:30:39.134837 n bluetoothd[2821]: profiles/audio/avrcp.c:controller_init() 0x5d6eb32643a0 version 0x0106
Aug 14 20:30:39.134849 n bluetoothd[2821]: src/service.c:change_state() 0x5d6eb325d850: device AA:BB:CC:00:00:02 profile audio-avrcp-target state changed: disconnected -> connected (0)
Aug 14 20:30:39.134882 n bluetoothd[2821]: profiles/audio/player.c:media_player_controller_create() /org/bluez/hci0/dev_AA:BB:CC:00:00:02/player0
Aug 14 20:30:39.134901 n bluetoothd[2821]: profiles/audio/avrcp.c:target_init() 0x5d6eb326b340 version 0x0106
Aug 14 20:30:39.134912 n bluetoothd[2821]: src/service.c:change_state() 0x5d6eb325d790: device AA:BB:CC:00:00:02 profile avrcp-controller state changed: disconnected -> connected (0)
Aug 14 20:30:39.134924 n bluetoothd[2821]: profiles/audio/avctp.c:avctp_set_state() AVCTP Connected
Aug 14 20:30:39.177405 n bluetoothd[2821]: profiles/audio/avdtp.c:session_cb()
Aug 14 20:30:39.177422 n bluetoothd[2821]: profiles/audio/avdtp.c:avdtp_parse_cmd() Received  GET_CAPABILITIES_CMD
Aug 14 20:30:39.177432 n bluetoothd[2821]: profiles/audio/a2dp.c:endpoint_getcap_ind() Source 0x5d6eb326b410: Get_Capability_Ind
Aug 14 20:30:39.210456 n bluetoothd[2821]: profiles/audio/avrcp.c:handle_vendordep_pdu() AVRCP PDU 0x31, company 0x001958 len 0x0005
Aug 14 20:30:39.254510 n bluetoothd[2821]: profiles/audio/avdtp.c:session_cb()
Aug 14 20:30:39.254542 n bluetoothd[2821]: profiles/audio/avdtp.c:avdtp_parse_cmd() Received  GET_CAPABILITIES_CMD
Aug 14 20:30:39.254562 n bluetoothd[2821]: profiles/audio/a2dp.c:endpoint_getcap_ind() Sink 0x5d6eb3276fa0: Get_Capability_Ind
Aug 14 20:30:39.269383 n bluetoothd[2821]: profiles/audio/avdtp.c:session_cb()
Aug 14 20:30:39.269399 n bluetoothd[2821]: profiles/audio/avdtp.c:avdtp_parse_cmd() Received  GET_CAPABILITIES_CMD
Aug 14 20:30:39.269407 n bluetoothd[2821]: profiles/audio/a2dp.c:endpoint_getcap_ind() Source 0x5d6eb326eca0: Get_Capability_Ind
Aug 14 20:30:39.369362 n bluetoothd[2821]: profiles/audio/avdtp.c:session_cb()
Aug 14 20:30:39.369402 n bluetoothd[2821]: profiles/audio/avdtp.c:avdtp_parse_cmd() Received  GET_CAPABILITIES_CMD
Aug 14 20:30:39.369416 n bluetoothd[2821]: profiles/audio/a2dp.c:endpoint_getcap_ind() Sink 0x5d6eb32784f0: Get_Capability_Ind
Aug 14 20:30:39.388445 n bluetoothd[2821]: profiles/audio/avdtp.c:session_cb()
Aug 14 20:30:39.388472 n bluetoothd[2821]: profiles/audio/avdtp.c:avdtp_parse_cmd() Received  GET_CAPABILITIES_CMD
Aug 14 20:30:39.388488 n bluetoothd[2821]: profiles/audio/a2dp.c:endpoint_getcap_ind() Source 0x5d6eb326b9f0: Get_Capability_Ind
Aug 14 20:30:39.403390 n bluetoothd[2821]: profiles/audio/avdtp.c:session_cb()
Aug 14 20:30:39.403407 n bluetoothd[2821]: profiles/audio/avdtp.c:avdtp_parse_cmd() Received  GET_CAPABILITIES_CMD
Aug 14 20:30:39.403418 n bluetoothd[2821]: profiles/audio/a2dp.c:endpoint_getcap_ind() Sink 0x5d6eb326e410: Get_Capability_Ind
Aug 14 20:30:39.489356 n bluetoothd[2821]: profiles/audio/avdtp.c:session_cb()
Aug 14 20:30:39.489385 n bluetoothd[2821]: profiles/audio/avdtp.c:avdtp_parse_cmd() Received  GET_CAPABILITIES_CMD
Aug 14 20:30:39.489400 n bluetoothd[2821]: profiles/audio/a2dp.c:endpoint_getcap_ind() Source 0x5d6eb3278d70: Get_Capability_Ind
Aug 14 20:30:39.526480 n bluetoothd[2821]: profiles/audio/avdtp.c:session_cb()
Aug 14 20:30:39.526509 n bluetoothd[2821]: profiles/audio/avdtp.c:avdtp_parse_cmd() Received  GET_CAPABILITIES_CMD
Aug 14 20:30:39.526524 n bluetoothd[2821]: profiles/audio/a2dp.c:endpoint_getcap_ind() Source 0x5d6eb3273eb0: Get_Capability_Ind
Aug 14 20:30:39.574483 n bluetoothd[2821]: profiles/audio/avdtp.c:session_cb()
Aug 14 20:30:39.574510 n bluetoothd[2821]: profiles/audio/avdtp.c:avdtp_parse_cmd() Received  GET_CAPABILITIES_CMD
Aug 14 20:30:39.574525 n bluetoothd[2821]: profiles/audio/a2dp.c:endpoint_getcap_ind() Source 0x5d6eb32729a0: Get_Capability_Ind
Aug 14 20:30:39.674415 n bluetoothd[2821]: profiles/audio/avdtp.c:session_cb()
Aug 14 20:30:39.674431 n bluetoothd[2821]: profiles/audio/avdtp.c:avdtp_parse_cmd() Received  GET_CAPABILITIES_CMD
Aug 14 20:30:39.674441 n bluetoothd[2821]: profiles/audio/a2dp.c:endpoint_getcap_ind() Source 0x5d6eb3274510: Get_Capability_Ind
Aug 14 20:30:39.730429 n bluetoothd[2821]: profiles/audio/avdtp.c:session_cb()
Aug 14 20:30:39.730448 n bluetoothd[2821]: profiles/audio/avdtp.c:avdtp_parse_cmd() Received  GET_CAPABILITIES_CMD
Aug 14 20:30:39.730460 n bluetoothd[2821]: profiles/audio/a2dp.c:endpoint_getcap_ind() Source 0x5d6eb3270050: Get_Capability_Ind
Aug 14 20:30:39.798445 n bluetoothd[2821]: profiles/audio/avdtp.c:session_cb()
Aug 14 20:30:39.798473 n bluetoothd[2821]: profiles/audio/avdtp.c:avdtp_parse_cmd() Received  GET_CAPABILITIES_CMD
Aug 14 20:30:39.798488 n bluetoothd[2821]: profiles/audio/a2dp.c:endpoint_getcap_ind() Source 0x5d6eb32719d0: Get_Capability_Ind
Aug 14 20:30:39.875447 n bluetoothd[2821]: profiles/audio/avdtp.c:session_cb()
Aug 14 20:30:39.875472 n bluetoothd[2821]: profiles/audio/avdtp.c:avdtp_parse_cmd() Received  GET_CAPABILITIES_CMD
Aug 14 20:30:39.875491 n bluetoothd[2821]: profiles/audio/a2dp.c:endpoint_getcap_ind() Source 0x5d6eb3275770: Get_Capability_Ind
Aug 14 20:30:39.892401 n bluetoothd[2821]: profiles/audio/avdtp.c:session_cb()
Aug 14 20:30:39.892422 n bluetoothd[2821]: profiles/audio/avdtp.c:avdtp_parse_cmd() Received  GET_CAPABILITIES_CMD
Aug 14 20:30:39.892439 n bluetoothd[2821]: profiles/audio/a2dp.c:endpoint_getcap_ind() Sink 0x5d6eb327a340: Get_Capability_Ind
Aug 14 20:30:39.909405 n bluetoothd[2821]: profiles/audio/avdtp.c:session_cb()
Aug 14 20:30:39.909425 n bluetoothd[2821]: profiles/audio/avdtp.c:avdtp_parse_cmd() Received  GET_CAPABILITIES_CMD
Aug 14 20:30:39.909438 n bluetoothd[2821]: profiles/audio/a2dp.c:endpoint_getcap_ind() Source 0x5d6eb326a780: Get_Capability_Ind
Aug 14 20:30:39.979420 n bluetoothd[2821]: profiles/audio/avdtp.c:session_cb()
Aug 14 20:30:39.979436 n bluetoothd[2821]: profiles/audio/avdtp.c:avdtp_parse_cmd() Received  GET_CAPABILITIES_CMD
Aug 14 20:30:39.979444 n bluetoothd[2821]: profiles/audio/a2dp.c:endpoint_getcap_ind() Sink 0x5d6eb327d750: Get_Capability_Ind
Aug 14 20:30:40.011443 n bluetoothd[2821]: profiles/audio/avdtp.c:session_cb()
Aug 14 20:30:40.011469 n bluetoothd[2821]: profiles/audio/avdtp.c:avdtp_parse_cmd() Received  GET_CAPABILITIES_CMD
Aug 14 20:30:40.011483 n bluetoothd[2821]: profiles/audio/a2dp.c:endpoint_getcap_ind() Source 0x5d6eb327e380: Get_Capability_Ind
Aug 14 20:30:40.078419 n bluetoothd[2821]: profiles/audio/avdtp.c:session_cb()
Aug 14 20:30:40.078434 n bluetoothd[2821]: profiles/audio/avdtp.c:avdtp_parse_cmd() Received  GET_CAPABILITIES_CMD
Aug 14 20:30:40.078443 n bluetoothd[2821]: profiles/audio/a2dp.c:endpoint_getcap_ind() Source 0x5d6eb325d380: Get_Capability_Ind
Aug 14 20:30:40.169449 n bluetoothd[2821]: profiles/audio/avdtp.c:session_cb()
Aug 14 20:30:40.169478 n bluetoothd[2821]: profiles/audio/avdtp.c:avdtp_parse_cmd() Received  GET_CAPABILITIES_CMD
Aug 14 20:30:40.169493 n bluetoothd[2821]: profiles/audio/a2dp.c:endpoint_getcap_ind() Source 0x5d6eb326b410: Get_Capability_Ind
Aug 14 20:30:40.184324 n bluetoothd[2821]: profiles/audio/avdtp.c:session_cb()
Aug 14 20:30:40.184368 n bluetoothd[2821]: profiles/audio/avdtp.c:avdtp_parse_cmd() Received SET_CONFIGURATION_CMD
Aug 14 20:30:40.184388 n bluetoothd[2821]: profiles/audio/a2dp.c:endpoint_setconf_ind() Source 0x5d6eb326b410: Set_Configuration_Ind
Aug 14 20:30:40.184409 n bluetoothd[2821]: profiles/audio/avdtp.c:avdtp_ref() 0x5d6eb328ed90: ref=2
Aug 14 20:30:40.184425 n bluetoothd[2821]: profiles/audio/avdtp.c:avdtp_unref() 0x5d6eb328ed90: ref=1
Aug 14 20:30:40.184437 n bluetoothd[2821]: profiles/audio/a2dp.c:setup_ref() 0x5d6eb32909a0: ref=1
Aug 14 20:30:40.184448 n bluetoothd[2821]: profiles/audio/a2dp.c:setup_ref() 0x5d6eb32909a0: ref=2
Aug 14 20:30:40.184590 n bluetoothd[2821]: profiles/audio/media.c:media_endpoint_async_call() Calling SetConfiguration: name = :1.85 path = /MediaEndpoint/A2DPSource/aptx_hd
Aug 14 20:30:40.187083 n bluetoothd[2821]: profiles/audio/avdtp.c:avdtp_ref() 0x5d6eb328ed90: ref=2
Aug 14 20:30:40.187098 n bluetoothd[2821]: profiles/audio/avdtp.c:avdtp_sep_set_state() stream state changed: IDLE -> CONFIGURED
Aug 14 20:30:40.187104 n bluetoothd[2821]: profiles/audio/a2dp.c:setup_unref() 0x5d6eb32909a0: ref=1
Aug 14 20:30:40.187110 n bluetoothd[2821]: profiles/audio/a2dp.c:setup_unref() 0x5d6eb32909a0: ref=0
Aug 14 20:30:40.187116 n bluetoothd[2821]: profiles/audio/a2dp.c:setup_free() 0x5d6eb32909a0
Aug 14 20:30:40.187121 n bluetoothd[2821]: profiles/audio/avdtp.c:avdtp_unref() 0x5d6eb328ed90: ref=1
Aug 14 20:30:40.214421 n bluetoothd[2821]: profiles/audio/avdtp.c:session_cb()
Aug 14 20:30:40.214437 n bluetoothd[2821]: profiles/audio/avdtp.c:avdtp_parse_cmd() Received OPEN_CMD
Aug 14 20:30:40.214450 n bluetoothd[2821]: profiles/audio/a2dp.c:open_ind() Source 0x5d6eb326b410: Open_Ind
Aug 14 20:30:40.214459 n bluetoothd[2821]: profiles/audio/avdtp.c:avdtp_ref() 0x5d6eb328ed90: ref=2
Aug 14 20:30:40.214466 n bluetoothd[2821]: profiles/audio/a2dp.c:setup_ref() 0x5d6eb32909a0: ref=1
Aug 14 20:30:40.270496 n bluetoothd[2821]: profiles/audio/a2dp.c:confirm_cb() AVDTP: incoming connect from AA:BB:CC:00:00:02
Aug 14 20:30:40.275658 n bluetoothd[2821]: plugins/policy.c:policy_connect() /org/bluez/hci0/dev_AA:BB:CC:00:00:02 profile a2dp-sink
Aug 14 20:30:40.275686 n bluetoothd[2821]: profiles/audio/a2dp.c:a2dp_sink_connect() path /org/bluez/hci0/dev_AA:BB:CC:00:00:02
Aug 14 20:30:40.275703 n bluetoothd[2821]: src/service.c:btd_service_connect() a2dp-sink profile connect failed for AA:BB:CC:00:00:02: Device or resource busy
Aug 14 20:30:40.324503 n bluetoothd[2821]: profiles/audio/avdtp.c:handle_transport_connect() Flushable packets enabled
Aug 14 20:30:40.324519 n bluetoothd[2821]: profiles/audio/avdtp.c:handle_transport_connect() sk 43, omtu 895, send buffer size 106496
Aug 14 20:30:40.324527 n bluetoothd[2821]: profiles/audio/avdtp.c:avdtp_sep_set_state() stream state changed: CONFIGURED -> OPEN
Aug 14 20:30:40.324537 n bluetoothd[2821]: src/service.c:change_state() 0x5d6eb325d890: device AA:BB:CC:00:00:02 profile a2dp-sink state changed: disconnected -> connected (0)
Aug 14 20:30:40.324546 n bluetoothd[2821]: plugins/policy.c:service_cb() Added a2dp-sink reconnect 1
Aug 14 20:30:40.324554 n bluetoothd[2821]: profiles/audio/sink.c:sink_set_state() State changed /org/bluez/hci0/dev_AA:BB:CC:00:00:02: SINK_STATE_CONNECTING -> SINK_STATE_CONNECTED
Aug 14 20:30:40.324563 n bluetoothd[2821]: profiles/audio/transport.c:transport_update_playing() /org/bluez/hci0/dev_AA:BB:CC:00:00:02/fd2 State=TRANSPORT_STATE_IDLE Playing=0
Aug 14 20:30:40.324575 n bluetoothd[2821]: profiles/audio/a2dp.c:setup_unref() 0x5d6eb32909a0: ref=0
Aug 14 20:30:40.324581 n bluetoothd[2821]: profiles/audio/a2dp.c:setup_free() 0x5d6eb32909a0
Aug 14 20:30:40.324590 n bluetoothd[2821]: profiles/audio/avdtp.c:avdtp_unref() 0x5d6eb328ed90: ref=1
Aug 14 20:30:40.770573 n bluetoothd[2821]: src/shared/mgmt.c:can_read_data() [0x0000] event 0x0012
Aug 14 20:30:40.770592 n bluetoothd[2821]: src/adapter.c:device_found_callback() hci0 addr AA:BB:CC:00:00:02, rssi -50 flags 0x0000 eir_len 19
Aug 14 20:30:40.770698 n bluetoothd[2821]: src/shared/mgmt.c:can_read_data() [0x0000] event 0x0012
Aug 14 20:30:40.770706 n bluetoothd[2821]: src/adapter.c:device_found_callback() hci0 addr AA:BB:CC:00:00:08, rssi -89 flags 0x0004 eir_len 28
Aug 14 20:30:41.322730 n bluetoothd[2821]: profiles/audio/player.c:media_player_set_status() error
Aug 14 20:30:42.668472 n bluetoothd[2821]: src/shared/mgmt.c:can_read_data() [0x0000] event 0x0013
Aug 14 20:30:42.668496 n bluetoothd[2821]: src/adapter.c:discovering_callback() hci0 type 7 discovering 0 method 0
Aug 14 20:30:42.668509 n bluetoothd[2821]: src/adapter.c:trigger_start_discovery()
Aug 14 20:30:42.668523 n bluetoothd[2821]: src/adapter.c:cancel_passive_scanning()
Aug 14 20:30:42.671352 n bluetoothd[2821]: src/shared/mgmt.c:can_read_data() [0x0000] event 0x000c
Aug 14 20:30:42.671368 n bluetoothd[2821]: src/adapter.c:dev_disconnected() Device AA:BB:CC:00:00:02 disconnected, reason 21
Aug 14 20:30:42.671380 n bluetoothd[2821]: src/adapter.c:adapter_remove_connection()
Aug 14 20:30:42.671394 n bluetoothd[2821]: plugins/policy.c:disconnect_cb() reason 21
Aug 14 20:30:42.671402 n bluetoothd[2821]: src/adapter.c:bonding_attempt_complete() hci0 bdaddr AA:BB:CC:00:00:02 type 0 status 0xe
Aug 14 20:30:42.671409 n bluetoothd[2821]: src/device.c:device_bonding_complete() bonding (nil) status 0x0e
Aug 14 20:30:42.671416 n bluetoothd[2821]: src/device.c:device_bonding_failed() status 14
Aug 14 20:30:42.671422 n bluetoothd[2821]: src/adapter.c:resume_discovery()
Aug 14 20:30:42.671429 n bluetoothd[2821]: src/adapter.c:trigger_start_discovery()
Aug 14 20:30:42.671435 n bluetoothd[2821]: src/adapter.c:cancel_passive_scanning()
Aug 14 20:30:42.671447 n bluetoothd[2821]: profiles/audio/avdtp.c:session_cb()
Aug 14 20:30:42.671453 n bluetoothd[2821]: profiles/audio/avdtp.c:avdtp_ref() 0x5d6eb328ed90: ref=2
Aug 14 20:30:42.671465 n bluetoothd[2821]: profiles/audio/avdtp.c:connection_lost() Disconnected from AA:BB:CC:00:00:02
Aug 14 20:30:42.671472 n bluetoothd[2821]: profiles/audio/a2dp.c:abort_cfm() Source 0x5d6eb326b410: Abort_Cfm
Aug 14 20:30:42.671480 n bluetoothd[2821]: profiles/audio/avdtp.c:avdtp_sep_set_state() stream state changed: OPEN -> IDLE
Aug 14 20:30:42.671622 n bluetoothd[2821]: src/service.c:change_state() 0x5d6eb325d890: device AA:BB:CC:00:00:02 profile a2dp-sink state changed: connected -> disconnected (0)
Aug 14 20:30:42.671650 n bluetoothd[2821]: plugins/policy.c:policy_disconnect() /org/bluez/hci0/dev_AA:BB:CC:00:00:02 profile avrcp-controller
Aug 14 20:30:42.671675 n bluetoothd[2821]: src/service.c:change_state() 0x5d6eb325d790: device AA:BB:CC:00:00:02 profile avrcp-controller state changed: connected -> disconnecting (0)
Aug 14 20:30:42.671705 n bluetoothd[2821]: profiles/audio/avrcp.c:avrcp_disconnect() path /org/bluez/hci0/dev_AA:BB:CC:00:00:02
Aug 14 20:30:42.671726 n bluetoothd[2821]: src/service.c:change_state() 0x5d6eb325d850: device AA:BB:CC:00:00:02 profile audio-avrcp-target state changed: connected -> disconnected (0)
Aug 14 20:30:42.671744 n bluetoothd[2821]: src/service.c:change_state() 0x5d6eb325d790: device AA:BB:CC:00:00:02 profile avrcp-controller state changed: disconnecting -> disconnected (0)
Aug 14 20:30:42.671760 n bluetoothd[2821]: profiles/audio/avrcp.c:controller_destroy() 0x5d6eb32643a0
Aug 14 20:30:42.671777 n bluetoothd[2821]: profiles/audio/player.c:media_player_destroy() /org/bluez/hci0/dev_AA:BB:CC:00:00:02/player0
Aug 14 20:30:42.671834 n bluetoothd[2821]: profiles/audio/avrcp.c:target_destroy() 0x5d6eb326b340
Aug 14 20:30:42.671857 n bluetoothd[2821]: profiles/audio/avctp.c:avctp_set_state() AVCTP Disconnected
Aug 14 20:30:42.671898 n bluetoothd[2821]: profiles/audio/avctp.c:avctp_disconnected() AVCTP: closing uinput for AA:BB:CC:00:00:02
Aug 14 20:30:42.701524 n bluetoothd[2821]: profiles/audio/avdtp.c:avdtp_unref() 0x5d6eb328ed90: ref=1
Aug 14 20:30:42.701574 n bluetoothd[2821]: profiles/audio/sink.c:sink_set_state() State changed /org/bluez/hci0/dev_AA:BB:CC:00:00:02: SINK_STATE_CONNECTED -> SINK_STATE_DISCONNECTED
Aug 14 20:30:42.701587 n bluetoothd[2821]: profiles/audio/a2dp.c:channel_remove() chan 0x5d6eb3292d60
Aug 14 20:30:42.701765 n bluetoothd[2821]: profiles/audio/avdtp.c:avdtp_unref() 0x5d6eb328ed90: ref=0
Aug 14 20:30:42.701785 n bluetoothd[2821]: profiles/audio/avdtp.c:avdtp_free() 0x5d6eb328ed90
Aug 14 20:30:42.701891 n bluetoothd[2821]: src/profile.c:ext_io_disconnected() Unable to get io data for Hands-Free Voice gateway: getpeername: Transport endpoint is not connected (107)
Aug 14 20:30:42.701910 n bluetoothd[2821]: src/service.c:change_state() 0x5d6eb3277fe0: device AA:BB:CC:00:00:02 profile Hands-Free Voice gateway state changed: connected -> disconnected (0)
Aug 14 20:30:42.701937 n bluetoothd[2821]: src/service.c:btd_service_unref() 0x5d6eb3277fe0: ref=2
Aug 14 20:30:42.702014 n bluetoothd[2821]: src/battery.c:provided_battery_removed_cb() provided battery removed /org/freedesktop/pipewire/battery/org/bluez/hci0/dev_AA:BB:CC:00:00:02
Aug 14 20:30:42.702033 n bluetoothd[2821]: src/battery.c:btd_battery_unregister() path = /org/bluez/hci0/dev_AA:BB:CC:00:00:02
Aug 14 20:30:42.716483 n bluetoothd[2821]: src/shared/mgmt.c:can_read_data() [0x0000] event 0x0007
Aug 14 20:30:42.716527 n bluetoothd[2821]: src/adapter.c:dev_class_changed_callback() Class: 0x000000
Aug 14 20:30:42.716617 n bluetoothd[2821]: src/shared/mgmt.c:can_read_data() [0x0000] event 0x0006
Aug 14 20:30:42.716637 n bluetoothd[2821]: src/adapter.c:new_settings_callback() Settings: 0x00000ada
Aug 14 20:30:42.716682 n bluetoothd[2821]: src/adapter.c:settings_changed() Changed settings: 0x00000001
Aug 14 20:30:42.716701 n bluetoothd[2821]: src/adapter.c:settings_changed() Pending settings: 0x00000000
Aug 14 20:30:42.716717 n bluetoothd[2821]: src/adapter.c:cancel_passive_scanning()
Aug 14 20:30:42.716728 n bluetoothd[2821]: src/adapter.c:discovery_free() 0x5d6eb3291780
Aug 14 20:30:42.716749 n bluetoothd[2821]: src/device.c:device_set_rssi_with_delta() rssi 0
Aug 14 20:30:42.716765 n bluetoothd[2821]: src/device.c:device_set_rssi_with_delta() rssi 0
Aug 14 20:30:42.716779 n bluetoothd[2821]: src/adapter.c:set_discoverable() sending set mode command for index 0
Aug 14 20:30:42.716790 n bluetoothd[2821]: src/adapter.c:set_mode() sending set mode command for index 0
Aug 14 20:30:42.716807 n bluetoothd[2821]: src/adapter.c:adapter_stop() adapter /org/bluez/hci0 has been disabled
Aug 14 20:30:42.716832 n bluetoothd[2821]: src/rfkill.c:rfkill_event() RFKILL event idx 0 type 2 op 2 soft 1 hard 0
Aug 14 20:30:42.716879 n bluetoothd[2821]: src/rfkill.c:rfkill_event() RFKILL unblock for hci0
Aug 14 20:30:42.716893 n bluetoothd[2821]: src/adapter.c:adapter_set_power_state() off-blocked
Aug 14 20:30:42.716925 n bluetoothd[2821]: src/shared/mgmt.c:send_request() [0x0000] command 0x0007
Aug 14 20:30:42.716949 n bluetoothd[2821]: src/shared/mgmt.c:can_read_data() [0x0000] command 0x0007 complete: 0x00
Aug 14 20:30:42.716957 n bluetoothd[2821]: src/adapter.c:new_settings_callback() Settings: 0x00000ad0
Aug 14 20:30:42.716965 n bluetoothd[2821]: src/adapter.c:settings_changed() Changed settings: 0x0000000a
Aug 14 20:30:42.716973 n bluetoothd[2821]: src/adapter.c:settings_changed() Pending settings: 0x00000000
Aug 14 20:30:46.279163 n bluetoothd[2821]: src/adapter.c:property_set_mode() sending Set Powered command for index 0
Aug 14 20:30:46.279217 n bluetoothd[2821]: src/shared/mgmt.c:send_request() [0x0000] command 0x0005
Aug 14 20:30:46.279237 n bluetoothd[2821]: src/rfkill.c:rfkill_event() RFKILL event idx 0 type 2 op 2 soft 0 hard 0
Aug 14 20:30:46.279297 n bluetoothd[2821]: src/rfkill.c:rfkill_event() RFKILL unblock for hci0
Aug 14 20:30:46.279347 n bluetoothd[2821]: src/adapter.c:adapter_set_power_state() off
Aug 14 20:30:46.279360 n bluetoothd[2821]: src/adapter.c:adapter_set_power_state() off-enabling
Aug 14 20:30:46.279370 n bluetoothd[2821]: src/adapter.c:set_mode() sending set mode command for index 0
Aug 14 20:30:46.563494 n bluetoothd[2821]: src/shared/mgmt.c:can_read_data() [0x0000] event 0x0007
Aug 14 20:30:46.563511 n bluetoothd[2821]: src/adapter.c:dev_class_changed_callback() Class: 0x7c010c
Aug 14 20:30:46.569554 n bluetoothd[2821]: src/shared/mgmt.c:can_read_data() [0x0000] command 0x0005 complete: 0x00
Aug 14 20:30:46.569579 n bluetoothd[2821]: src/adapter.c:property_set_mode_complete() Success (0x00)
Aug 14 20:30:46.569621 n bluetoothd[2821]: src/adapter.c:adapter_set_power_state() on
Aug 14 20:30:46.569643 n bluetoothd[2821]: src/adapter.c:new_settings_callback() Settings: 0x00000ad1
Aug 14 20:30:46.569660 n bluetoothd[2821]: src/adapter.c:settings_changed() Changed settings: 0x00000001
Aug 14 20:30:46.569679 n bluetoothd[2821]: src/adapter.c:settings_changed() Pending settings: 0x00000000
Aug 14 20:30:46.569701 n bluetoothd[2821]: src/adapter.c:adapter_start() adapter /org/bluez/hci0 has been enabled
Aug 14 20:30:46.569721 n bluetoothd[2821]: src/adapter.c:trigger_passive_scanning()
Aug 14 20:30:46.569834 n bluetoothd[2821]: src/shared/mgmt.c:send_request() [0x0000] command 0x0005
Aug 14 20:30:46.569895 n bluetoothd[2821]: src/shared/mgmt.c:can_read_data() [0x0000] command 0x0005 complete: 0x00
Aug 14 20:30:46.570610 n bluetoothd[2821]: src/adapter.c:set_discovery_filter() sender :1.125
Aug 14 20:30:46.570623 n bluetoothd[2821]: src/adapter.c:parse_discovery_filter_dict() filtered discovery params: transport: 7 rssi: 32767 pathloss: 32767  duplicate data: false discoverable true pattern (null)
Aug 14 20:30:46.570640 n bluetoothd[2821]: src/adapter.c:set_discovery_filter() successfully pre-set filter
Aug 14 20:30:46.571870 n bluetoothd[2821]: src/adapter.c:start_discovery() sender :1.125
Aug 14 20:30:46.571880 n bluetoothd[2821]: src/adapter.c:update_discovery_filter()
Aug 14 20:30:46.571886 n bluetoothd[2821]: src/adapter.c:discovery_filter_to_mgmt_cp()
Aug 14 20:30:46.571893 n bluetoothd[2821]: src/adapter.c:set_discoverable() sending set mode command for index 0
Aug 14 20:30:46.571899 n bluetoothd[2821]: src/adapter.c:set_mode() sending set mode command for index 0
Aug 14 20:30:46.571906 n bluetoothd[2821]: src/adapter.c:trigger_start_discovery()
Aug 14 20:30:46.571912 n bluetoothd[2821]: src/adapter.c:cancel_passive_scanning()
Aug 14 20:30:46.571940 n bluetoothd[2821]: src/shared/mgmt.c:send_request() [0x0000] command 0x0007
Aug 14 20:30:46.571953 n bluetoothd[2821]: src/adapter.c:start_discovery_timeout()
Aug 14 20:30:46.571958 n bluetoothd[2821]: src/adapter.c:start_discovery_timeout() adapter->current_discovery_filter == 0
Aug 14 20:30:46.571971 n bluetoothd[2821]: src/shared/mgmt.c:can_read_data() [0x0000] command 0x0007 complete: 0x00
Aug 14 20:30:46.571977 n bluetoothd[2821]: src/adapter.c:new_settings_callback() Settings: 0x00000ad3
Aug 14 20:30:46.571982 n bluetoothd[2821]: src/adapter.c:settings_changed() Changed settings: 0x00000002
Aug 14 20:30:46.571987 n bluetoothd[2821]: src/adapter.c:settings_changed() Pending settings: 0x00000000
Aug 14 20:30:46.572009 n bluetoothd[2821]: src/shared/mgmt.c:send_request() [0x0000] command 0x0006
Aug 14 20:30:46.577482 n bluetoothd[2821]: src/shared/mgmt.c:can_read_data() [0x0000] command 0x0006 complete: 0x00
Aug 14 20:30:46.577494 n bluetoothd[2821]: src/adapter.c:new_settings_callback() Settings: 0x00000adb
Aug 14 20:30:46.577502 n bluetoothd[2821]: src/adapter.c:settings_changed() Changed settings: 0x00000008
Aug 14 20:30:46.577509 n bluetoothd[2821]: src/adapter.c:settings_changed() Pending settings: 0x00000000
Aug 14 20:30:46.577548 n bluetoothd[2821]: src/shared/mgmt.c:send_request() [0x0000] command 0x0023
Aug 14 20:30:46.587480 n bluetoothd[2821]: src/shared/mgmt.c:can_read_data() [0x0000] event 0x0013
Aug 14 20:30:46.587494 n bluetoothd[2821]: src/adapter.c:discovering_callback() hci0 type 7 discovering 1 method 0
Aug 14 20:30:46.587518 n bluetoothd[2821]: src/shared/mgmt.c:can_read_data() [0x0000] command 0x0023 complete: 0x00
Aug 14 20:30:46.587529 n bluetoothd[2821]: src/adapter.c:start_discovery_complete() status 0x00
Aug 14 20:30:46.608480 n bluetoothd[2821]: src/shared/mgmt.c:can_read_data() [0x0000] event 0x0012
Aug 14 20:30:46.608494 n bluetoothd[2821]: src/adapter.c:device_found_callback() hci0 addr AA:BB:CC:00:00:02, rssi -49 flags 0x0000 eir_len 19
Aug 14 20:30:46.645943 n bluetoothd[2821]: src/shared/mgmt.c:can_read_data() [0x0000] event 0x0012
Aug 14 20:30:46.645965 n bluetoothd[2821]: src/adapter.c:device_found_callback() hci0 addr AA:BB:CC:00:00:10, rssi -59 flags 0x0000 eir_len 29
Aug 14 20:30:46.645992 n bluetoothd[2821]: src/device.c:device_set_legacy() legacy 0
Aug 14 20:30:46.646006 n bluetoothd[2821]: src/device.c:device_set_rssi_with_delta() rssi -59
Aug 14 20:30:46.646030 n bluetoothd[2821]: src/device.c:device_set_flags() flags 2
Aug 14 20:30:46.665555 n bluetoothd[2821]: src/shared/mgmt.c:can_read_data() [0x0000] event 0x0012
Aug 14 20:30:46.665577 n bluetoothd[2821]: src/adapter.c:device_found_callback() hci0 addr AA:BB:CC:00:00:09, rssi -64 flags 0x0004 eir_len 31
Aug 14 20:30:46.810307 n bluetoothd[2821]: src/shared/mgmt.c:can_read_data() [0x0000] event 0x0012
Aug 14 20:30:46.810351 n bluetoothd[2821]: src/adapter.c:device_found_callback() hci0 addr AA:BB:CC:00:00:02, rssi -49 flags 0x0000 eir_len 19
Aug 14 20:30:47.005573 n bluetoothd[2821]: src/shared/mgmt.c:can_read_data() [0x0000] event 0x0012
Aug 14 20:30:47.005598 n bluetoothd[2821]: src/adapter.c:device_found_callback() hci0 addr AA:BB:CC:00:00:10, rssi -60 flags 0x0000 eir_len 29
Aug 14 20:30:47.005621 n bluetoothd[2821]: src/device.c:device_set_legacy() legacy 0
Aug 14 20:30:47.005640 n bluetoothd[2821]: src/device.c:device_set_flags() flags 2
Aug 14 20:30:47.009568 n bluetoothd[2821]: src/shared/mgmt.c:can_read_data() [0x0000] event 0x0012
Aug 14 20:30:47.009588 n bluetoothd[2821]: src/adapter.c:device_found_callback() hci0 addr AA:BB:CC:00:00:11, rssi -74 flags 0x0000 eir_len 35
Aug 14 20:30:47.009617 n bluetoothd[2821]: src/device.c:device_store_cached_name() Can't store name for private addressed device /org/bluez/hci0/dev_AA:BB:CC:00:00:11
Aug 14 20:30:47.009631 n bluetoothd[2821]: src/device.c:device_set_legacy() legacy 0
Aug 14 20:30:47.009643 n bluetoothd[2821]: src/device.c:device_set_rssi_with_delta() rssi -74
Aug 14 20:30:47.009668 n bluetoothd[2821]: src/device.c:device_set_flags() flags 2
Aug 14 20:30:50.580717 n bluetoothd[2821]: src/shared/mgmt.c:can_read_data() [0x0000] event 0x0012
Aug 14 20:30:50.580735 n bluetoothd[2821]: src/adapter.c:device_found_callback() hci0 addr AA:BB:CC:00:00:02, rssi -49 flags 0x0000 eir_len 19
Aug 14 20:30:50.681750 n bluetoothd[2821]: src/shared/mgmt.c:can_read_data() [0x0000] event 0x0012
Aug 14 20:30:50.681780 n bluetoothd[2821]: src/adapter.c:device_found_callback() hci0 addr AA:BB:CC:00:00:13, rssi -94 flags 0x0000 eir_len 18
Aug 14 20:30:50.681804 n bluetoothd[2821]: src/device.c:device_create() dst AA:BB:CC:00:00:13
Aug 14 20:30:50.681812 n bluetoothd[2821]: src/device.c:device_new() address AA:BB:CC:00:00:13
Aug 14 20:30:50.681825 n bluetoothd[2821]: src/device.c:device_new() Creating device /org/bluez/hci0/dev_AA:BB:CC:00:00:13
Aug 14 20:30:50.681851 n bluetoothd[2821]: src/device.c:device_set_legacy() legacy 0
Aug 14 20:30:50.681859 n bluetoothd[2821]: src/device.c:device_set_rssi_with_delta() rssi -94
Aug 14 20:30:50.681866 n bluetoothd[2821]: src/device.c:device_set_tx_power() tx_power 7
Aug 14 20:30:50.681879 n bluetoothd[2821]: src/device.c:device_set_flags() flags 26
Aug 14 20:30:51.897746 n bluetoothd[2821]: src/shared/mgmt.c:can_read_data() [0x0000] event 0x0012
Aug 14 20:30:51.897761 n bluetoothd[2821]: src/adapter.c:device_found_callback() hci0 addr AA:BB:CC:00:00:02, rssi -52 flags 0x0000 eir_len 19
Aug 14 20:30:51.897870 n bluetoothd[2821]: src/shared/mgmt.c:can_read_data() [0x0000] event 0x0012
Aug 14 20:30:51.897878 n bluetoothd[2821]: src/adapter.c:device_found_callback() hci0 addr AA:BB:CC:00:00:14, rssi -88 flags 0x0004 eir_len 8
Aug 14 20:30:52.177813 n bluetoothd[2821]: src/shared/mgmt.c:can_read_data() [0x0000] event 0x0012
Aug 14 20:30:52.177828 n bluetoothd[2821]: src/adapter.c:device_found_callback() hci0 addr AA:BB:CC:00:00:02, rssi -49 flags 0x0000 eir_len 19
Aug 14 20:30:56.866067 n bluetoothd[2821]: src/device.c:connect_profiles() /org/bluez/hci0/dev_AA:BB:CC:00:00:02 (all), client :1.88
Aug 14 20:30:56.866177 n bluetoothd[2821]: src/service.c:btd_service_ref() 0x5d6eb3277fe0: ref=3
Aug 14 20:30:56.866194 n bluetoothd[2821]: src/service.c:change_state() 0x5d6eb3277fe0: device AA:BB:CC:00:00:02 profile Hands-Free Voice gateway state changed: disconnected -> connecting (0)
Aug 14 20:30:56.868887 n bluetoothd[2821]: src/shared/mgmt.c:can_read_data() [0x0000] event 0x0013
Aug 14 20:30:56.868904 n bluetoothd[2821]: src/adapter.c:discovering_callback() hci0 type 7 discovering 0 method 0
Aug 14 20:30:56.868919 n bluetoothd[2821]: src/adapter.c:trigger_start_discovery()
Aug 14 20:30:56.868934 n bluetoothd[2821]: src/adapter.c:cancel_passive_scanning()
Aug 14 20:30:57.741905 n bluetoothd[2821]: src/shared/mgmt.c:can_read_data() [0x0000] event 0x000b
Aug 14 20:30:57.741921 n bluetoothd[2821]: src/adapter.c:connected_callback() hci0 device AA:BB:CC:00:00:02 connected eir_len 12
Aug 14 20:30:57.953571 n bluetoothd[2821]: src/profile.c:ext_connect() Hands-Free Voice gateway connected to AA:BB:CC:00:00:02
Aug 14 20:30:57.954740 n bluetoothd[2821]: src/service.c:change_state() 0x5d6eb3277fe0: device AA:BB:CC:00:00:02 profile Hands-Free Voice gateway state changed: connecting -> connected (0)
Aug 14 20:30:57.954758 n bluetoothd[2821]: src/device.c:device_profile_connected() Hands-Free Voice gateway Success (0)
Aug 14 20:30:57.954771 n bluetoothd[2821]: profiles/audio/a2dp.c:a2dp_sink_connect() path /org/bluez/hci0/dev_AA:BB:CC:00:00:02
Aug 14 20:30:57.954790 n bluetoothd[2821]: profiles/audio/avdtp.c:avdtp_ref() 0x5d6eb3281a30: ref=1
Aug 14 20:30:57.954807 n bluetoothd[2821]: profiles/audio/avdtp.c:avdtp_ref() 0x5d6eb3281a30: ref=2
Aug 14 20:30:57.954824 n bluetoothd[2821]: profiles/audio/a2dp.c:setup_ref() 0x5d6eb3263eb0: ref=1
Aug 14 20:30:57.954930 n bluetoothd[2821]: profiles/audio/sink.c:sink_set_state() State changed /org/bluez/hci0/dev_AA:BB:CC:00:00:02: SINK_STATE_DISCONNECTED -> SINK_STATE_CONNECTING
Aug 14 20:30:57.954945 n bluetoothd[2821]: profiles/audio/sink.c:sink_connect() stream creation in progress
Aug 14 20:30:57.954961 n bluetoothd[2821]: src/service.c:change_state() 0x5d6eb325d890: device AA:BB:CC:00:00:02 profile a2dp-sink state changed: disconnected -> connecting (0)
Aug 14 20:30:57.954979 n bluetoothd[2821]: plugins/policy.c:policy_connect() /org/bluez/hci0/dev_AA:BB:CC:00:00:02 profile a2dp-sink
Aug 14 20:30:57.955007 n bluetoothd[2821]: plugins/policy.c:service_cb() Added Hands-Free Voice gateway reconnect 1
Aug 14 20:30:57.981425 n bluetoothd[2821]: profiles/audio/avdtp.c:avdtp_connect_cb() AVDTP: connected signaling channel to AA:BB:CC:00:00:02
Aug 14 20:30:57.981442 n bluetoothd[2821]: profiles/audio/avdtp.c:avdtp_connect_cb() AVDTP imtu=672, omtu=895
Aug 14 20:30:57.981513 n bluetoothd[2821]: profiles/audio/avdtp.c:avdtp_register_remote_sep() seid 7 type 1 media 0 delay_reporting false
Aug 14 20:30:57.981551 n bluetoothd[2821]: profiles/audio/a2dp.c:register_remote_sep() Found remote SEP: /org/bluez/hci0/dev_AA:BB:CC:00:00:02/sep7
Aug 14 20:30:57.981566 n bluetoothd[2821]: profiles/audio/avdtp.c:avdtp_register_remote_sep() seid 6 type 1 media 0 delay_reporting false
Aug 14 20:30:57.981586 n bluetoothd[2821]: profiles/audio/a2dp.c:register_remote_sep() Found remote SEP: /org/bluez/hci0/dev_AA:BB:CC:00:00:02/sep6
Aug 14 20:30:57.981609 n bluetoothd[2821]: profiles/audio/avdtp.c:avdtp_register_remote_sep() seid 5 type 1 media 0 delay_reporting false
Aug 14 20:30:57.981629 n bluetoothd[2821]: profiles/audio/a2dp.c:register_remote_sep() Found remote SEP: /org/bluez/hci0/dev_AA:BB:CC:00:00:02/sep5
Aug 14 20:30:57.981639 n bluetoothd[2821]: profiles/audio/avdtp.c:avdtp_register_remote_sep() seid 4 type 1 media 0 delay_reporting false
Aug 14 20:30:57.981650 n bluetoothd[2821]: profiles/audio/a2dp.c:register_remote_sep() Found remote SEP: /org/bluez/hci0/dev_AA:BB:CC:00:00:02/sep4
Aug 14 20:30:57.981662 n bluetoothd[2821]: profiles/audio/avdtp.c:avdtp_register_remote_sep() seid 8 type 1 media 0 delay_reporting false
Aug 14 20:30:57.981676 n bluetoothd[2821]: profiles/audio/a2dp.c:register_remote_sep() Found remote SEP: /org/bluez/hci0/dev_AA:BB:CC:00:00:02/sep8
Aug 14 20:30:57.981686 n bluetoothd[2821]: profiles/audio/a2dp.c:load_remote_sep() LastUsed: lseid 3 rseid 7
Aug 14 20:30:58.009375 n bluetoothd[2821]: profiles/audio/avdtp.c:session_cb()
Aug 14 20:30:58.009393 n bluetoothd[2821]: profiles/audio/avdtp.c:avdtp_parse_resp() DISCOVER request succeeded
Aug 14 20:30:58.009401 n bluetoothd[2821]: profiles/audio/avdtp.c:avdtp_discover_resp() seid 7 type 1 media 0 in use 0
Aug 14 20:30:58.009408 n bluetoothd[2821]: profiles/audio/avdtp.c:avdtp_discover_resp() seid 6 type 1 media 0 in use 0
Aug 14 20:30:58.009414 n bluetoothd[2821]: profiles/audio/avdtp.c:avdtp_discover_resp() seid 5 type 1 media 0 in use 0
Aug 14 20:30:58.009420 n bluetoothd[2821]: profiles/audio/avdtp.c:avdtp_discover_resp() seid 4 type 1 media 0 in use 0
Aug 14 20:30:58.009427 n bluetoothd[2821]: profiles/audio/avdtp.c:avdtp_discover_resp() seid 8 type 1 media 0 in use 0
Aug 14 20:30:58.009434 n bluetoothd[2821]: profiles/audio/a2dp.c:discover_cb() version 0x0103 err (nil)
Aug 14 20:30:58.015898 n bluetoothd[2821]: profiles/audio/sink.c:discovery_complete() Discovery complete
Aug 14 20:30:58.015916 n bluetoothd[2821]: profiles/audio/a2dp.c:endpoint_match_codec_ind() vendor 0x000000d7 codec 0x0024
Aug 14 20:30:58.015926 n bluetoothd[2821]: profiles/audio/a2dp.c:endpoint_match_codec_ind() vendor 0x0000004f codec 0x0001
Aug 14 20:30:58.015941 n bluetoothd[2821]: profiles/audio/a2dp.c:setup_ref() 0x5d6eb3263eb0: ref=2
Aug 14 20:30:58.015951 n bluetoothd[2821]: profiles/audio/a2dp.c:endpoint_match_codec_ind() vendor 0x000000d7 codec 0x0024
Aug 14 20:30:58.015961 n bluetoothd[2821]: profiles/audio/a2dp.c:setup_ref() 0x5d6eb3263eb0: ref=3
Aug 14 20:30:58.016026 n bluetoothd[2821]: profiles/audio/media.c:media_endpoint_async_call() Calling SelectConfiguration: name = :1.85 path = /MediaEndpoint/A2DPSource/aptx_hd
Aug 14 20:30:58.016043 n bluetoothd[2821]: profiles/audio/a2dp.c:setup_unref() 0x5d6eb3263eb0: ref=2
Aug 14 20:30:58.016444 n bluetoothd[2821]: profiles/audio/a2dp.c:a2dp_config() a2dp_config: selected SEP 0x5d6eb326b410
Aug 14 20:30:58.016461 n bluetoothd[2821]: profiles/audio/a2dp.c:setup_ref() 0x5d6eb3263eb0: ref=3
Aug 14 20:30:58.016472 n bluetoothd[2821]: profiles/audio/a2dp.c:endpoint_match_codec_ind() vendor 0x000000d7 codec 0x0024
Aug 14 20:30:58.016482 n bluetoothd[2821]: profiles/audio/avdtp.c:avdtp_set_configuration() 0x5d6eb3281a30: int_seid=3, acp_seid=7
Aug 14 20:30:58.016509 n bluetoothd[2821]: profiles/audio/a2dp.c:setup_unref() 0x5d6eb3263eb0: ref=2
Aug 14 20:30:58.016522 n bluetoothd[2821]: profiles/audio/a2dp.c:setup_unref() 0x5d6eb3263eb0: ref=1
Aug 14 20:30:58.151481 n bluetoothd[2821]: profiles/audio/avdtp.c:session_cb()
Aug 14 20:30:58.151504 n bluetoothd[2821]: profiles/audio/avdtp.c:avdtp_parse_resp() SET_CONFIGURATION request succeeded
Aug 14 20:30:58.151512 n bluetoothd[2821]: profiles/audio/a2dp.c:setconf_cfm() Source 0x5d6eb326b410: Set_Configuration_Cfm
Aug 14 20:30:58.151524 n bluetoothd[2821]: profiles/audio/a2dp.c:setup_ref() 0x5d6eb3263eb0: ref=2
Aug 14 20:30:58.151658 n bluetoothd[2821]: profiles/audio/media.c:media_endpoint_async_call() Calling SetConfiguration: name = :1.85 path = /MediaEndpoint/A2DPSource/aptx_hd
Aug 14 20:30:58.151670 n bluetoothd[2821]: profiles/audio/avdtp.c:avdtp_sep_set_state() stream state changed: IDLE -> CONFIGURED
Aug 14 20:30:58.153896 n bluetoothd[2821]: profiles/audio/a2dp.c:setup_unref() 0x5d6eb3263eb0: ref=1
Aug 14 20:30:58.165397 n bluetoothd[2821]: profiles/audio/avdtp.c:session_cb()
Aug 14 20:30:58.165413 n bluetoothd[2821]: profiles/audio/avdtp.c:avdtp_parse_resp() OPEN request succeeded
Aug 14 20:30:58.172869 n bluetoothd[2821]: src/battery.c:btd_battery_register() path = /org/bluez/hci0/dev_AA:BB:CC:00:00:02
Aug 14 20:30:58.172896 n bluetoothd[2821]: src/battery.c:btd_battery_register() registered Battery object: /org/bluez/hci0/dev_AA:BB:CC:00:00:02
Aug 14 20:30:58.172912 n bluetoothd[2821]: src/battery.c:provided_battery_added_cb() provided battery added /org/freedesktop/pipewire/battery/org/bluez/hci0/dev_AA:BB:CC:00:00:02
Aug 14 20:30:58.172932 n bluetoothd[2821]: src/battery.c:btd_battery_update() path = /org/bluez/hci0/dev_AA:BB:CC:00:00:02
Aug 14 20:30:58.207487 n bluetoothd[2821]: profiles/audio/avdtp.c:avdtp_connect_cb() AVDTP: connected transport channel to AA:BB:CC:00:00:02
Aug 14 20:30:58.207515 n bluetoothd[2821]: profiles/audio/avdtp.c:handle_transport_connect() Flushable packets enabled
Aug 14 20:30:58.207527 n bluetoothd[2821]: profiles/audio/avdtp.c:handle_transport_connect() sk 42, omtu 895, send buffer size 106496
Aug 14 20:30:58.207540 n bluetoothd[2821]: profiles/audio/a2dp.c:open_cfm() Source 0x5d6eb326b410: Open_Cfm
Aug 14 20:30:58.207553 n bluetoothd[2821]: profiles/audio/a2dp.c:setup_unref() 0x5d6eb3263eb0: ref=0
Aug 14 20:30:58.207564 n bluetoothd[2821]: profiles/audio/a2dp.c:setup_free() 0x5d6eb3263eb0
Aug 14 20:30:58.207579 n bluetoothd[2821]: profiles/audio/avdtp.c:avdtp_unref() 0x5d6eb3281a30: ref=1
Aug 14 20:30:58.207590 n bluetoothd[2821]: profiles/audio/avdtp.c:avdtp_sep_set_state() stream state changed: CONFIGURED -> OPEN
Aug 14 20:30:58.207604 n bluetoothd[2821]: src/service.c:change_state() 0x5d6eb325d890: device AA:BB:CC:00:00:02 profile a2dp-sink state changed: connecting -> connected (0)
Aug 14 20:30:58.207618 n bluetoothd[2821]: src/device.c:device_profile_connected() a2dp-sink Success (0)
Aug 14 20:30:58.207630 n bluetoothd[2821]: src/device.c:device_profile_connected() returning response to :1.88
Aug 14 20:30:58.207684 n bluetoothd[2821]: plugins/policy.c:policy_connect() /org/bluez/hci0/dev_AA:BB:CC:00:00:02 profile avrcp-controller
Aug 14 20:30:58.207698 n bluetoothd[2821]: profiles/audio/avrcp.c:avrcp_connect() path /org/bluez/hci0/dev_AA:BB:CC:00:00:02
Aug 14 20:30:58.207711 n bluetoothd[2821]: profiles/audio/avctp.c:avctp_set_state() AVCTP Connecting
Aug 14 20:30:58.207788 n bluetoothd[2821]: src/service.c:change_state() 0x5d6eb325d790: device AA:BB:CC:00:00:02 profile avrcp-controller state changed: disconnected -> connecting (0)
Aug 14 20:30:58.207800 n bluetoothd[2821]: plugins/policy.c:service_cb() Added a2dp-sink reconnect 1
Aug 14 20:30:58.207812 n bluetoothd[2821]: profiles/audio/sink.c:sink_set_state() State changed /org/bluez/hci0/dev_AA:BB:CC:00:00:02: SINK_STATE_CONNECTING -> SINK_STATE_CONNECTED
Aug 14 20:30:58.207823 n bluetoothd[2821]: profiles/audio/transport.c:transport_update_playing() /org/bluez/hci0/dev_AA:BB:CC:00:00:02/sep7/fd3 State=TRANSPORT_STATE_IDLE Playing=0
Aug 14 20:30:58.245441 n bluetoothd[2821]: profiles/audio/avctp.c:avctp_connect_cb() AVCTP: connected to AA:BB:CC:00:00:02
Aug 14 20:30:58.245863 n bluetoothd[2821]: profiles/audio/avctp.c:init_uinput() AVRCP: uinput initialized for MOMENTUM 4
Aug 14 20:30:58.245894 n bluetoothd[2821]: profiles/audio/avrcp.c:controller_init() 0x5d6eb326d020 version 0x0106
Aug 14 20:30:58.245910 n bluetoothd[2821]: src/service.c:change_state() 0x5d6eb325d850: device AA:BB:CC:00:00:02 profile audio-avrcp-target state changed: disconnected -> connected (0)
Aug 14 20:30:58.245948 n bluetoothd[2821]: profiles/audio/player.c:media_player_controller_create() /org/bluez/hci0/dev_AA:BB:CC:00:00:02/player0
Aug 14 20:30:58.245967 n bluetoothd[2821]: profiles/audio/avrcp.c:target_init() 0x5d6eb3282bb0 version 0x0106
Aug 14 20:30:58.245983 n bluetoothd[2821]: src/service.c:change_state() 0x5d6eb325d790: device AA:BB:CC:00:00:02 profile avrcp-controller state changed: connecting -> connected (0)
Aug 14 20:30:58.245997 n bluetoothd[2821]: src/device.c:device_profile_connected() avrcp-controller Success (0)
Aug 14 20:30:58.246011 n bluetoothd[2821]: profiles/audio/avctp.c:avctp_set_state() AVCTP Connected
Aug 14 20:30:58.270415 n bluetoothd[2821]: profiles/audio/avrcp.c:handle_vendordep_pdu() AVRCP PDU 0x31, company 0x001958 len 0x0005
Aug 14 20:30:58.328480 n bluetoothd[2821]: src/device.c:search_cb() AA:BB:CC:00:00:02: No service update
Aug 14 20:30:58.328494 n bluetoothd[2821]: src/device.c:device_svc_resolved() /org/bluez/hci0/dev_AA:BB:CC:00:00:02 err 0
Aug 14 20:31:00.187199 n bluetoothd[2821]: src/shared/mgmt.c:can_read_data() [0x0000] event 0x000c
Aug 14 20:31:00.187222 n bluetoothd[2821]: src/adapter.c:dev_disconnected() Device AA:BB:CC:00:00:02 disconnected, reason 21
Aug 14 20:31:00.187235 n bluetoothd[2821]: src/adapter.c:adapter_remove_connection()
Aug 14 20:31:00.187261 n bluetoothd[2821]: plugins/policy.c:disconnect_cb() reason 21
Aug 14 20:31:00.187273 n bluetoothd[2821]: src/adapter.c:bonding_attempt_complete() hci0 bdaddr AA:BB:CC:00:00:02 type 0 status 0xe
Aug 14 20:31:00.187286 n bluetoothd[2821]: src/device.c:device_bonding_complete() bonding (nil) status 0x0e
Aug 14 20:31:00.187297 n bluetoothd[2821]: src/device.c:device_bonding_failed() status 14
Aug 14 20:31:00.187307 n bluetoothd[2821]: src/adapter.c:resume_discovery()
Aug 14 20:31:00.187319 n bluetoothd[2821]: src/adapter.c:trigger_start_discovery()
Aug 14 20:31:00.187329 n bluetoothd[2821]: src/adapter.c:cancel_passive_scanning()
Aug 14 20:31:00.187388 n bluetoothd[2821]: src/profile.c:ext_io_disconnected() Unable to get io data for Hands-Free Voice gateway: getpeername: Transport endpoint is not connected (107)
Aug 14 20:31:00.187409 n bluetoothd[2821]: src/service.c:change_state() 0x5d6eb3277fe0: device AA:BB:CC:00:00:02 profile Hands-Free Voice gateway state changed: connected -> disconnected (0)
Aug 14 20:31:00.187433 n bluetoothd[2821]: src/service.c:btd_service_unref() 0x5d6eb3277fe0: ref=2
Aug 14 20:31:00.187448 n bluetoothd[2821]: profiles/audio/avdtp.c:session_cb()
Aug 14 20:31:00.187459 n bluetoothd[2821]: profiles/audio/avdtp.c:avdtp_ref() 0x5d6eb3281a30: ref=2
Aug 14 20:31:00.187471 n bluetoothd[2821]: profiles/audio/avdtp.c:connection_lost() Disconnected from AA:BB:CC:00:00:02
Aug 14 20:31:00.187482 n bluetoothd[2821]: profiles/audio/a2dp.c:abort_cfm() Source 0x5d6eb326b410: Abort_Cfm
Aug 14 20:31:00.187494 n bluetoothd[2821]: profiles/audio/avdtp.c:avdtp_sep_set_state() stream state changed: OPEN -> IDLE
Aug 14 20:31:00.187622 n bluetoothd[2821]: src/service.c:change_state() 0x5d6eb325d890: device AA:BB:CC:00:00:02 profile a2dp-sink state changed: connected -> disconnected (0)
Aug 14 20:31:00.187637 n bluetoothd[2821]: plugins/policy.c:policy_disconnect() /org/bluez/hci0/dev_AA:BB:CC:00:00:02 profile avrcp-controller
Aug 14 20:31:00.187648 n bluetoothd[2821]: src/service.c:change_state() 0x5d6eb325d790: device AA:BB:CC:00:00:02 profile avrcp-controller state changed: connected -> disconnecting (0)
Aug 14 20:31:00.187660 n bluetoothd[2821]: profiles/audio/avrcp.c:avrcp_disconnect() path /org/bluez/hci0/dev_AA:BB:CC:00:00:02
Aug 14 20:31:00.187672 n bluetoothd[2821]: src/service.c:change_state() 0x5d6eb325d850: device AA:BB:CC:00:00:02 profile audio-avrcp-target state changed: connected -> disconnected (0)
Aug 14 20:31:00.187683 n bluetoothd[2821]: src/service.c:change_state() 0x5d6eb325d790: device AA:BB:CC:00:00:02 profile avrcp-controller state changed: disconnecting -> disconnected (0)
Aug 14 20:31:00.187694 n bluetoothd[2821]: profiles/audio/avrcp.c:controller_destroy() 0x5d6eb326d020
Aug 14 20:31:00.187705 n bluetoothd[2821]: profiles/audio/player.c:media_player_destroy() /org/bluez/hci0/dev_AA:BB:CC:00:00:02/player0
Aug 14 20:31:00.187744 n bluetoothd[2821]: profiles/audio/avrcp.c:target_destroy() 0x5d6eb3282bb0
Aug 14 20:31:00.187761 n bluetoothd[2821]: profiles/audio/avctp.c:avctp_set_state() AVCTP Disconnected
Aug 14 20:31:00.187790 n bluetoothd[2821]: profiles/audio/avctp.c:avctp_disconnected() AVCTP: closing uinput for AA:BB:CC:00:00:02
Aug 14 20:31:00.205575 n bluetoothd[2821]: profiles/audio/avdtp.c:avdtp_unref() 0x5d6eb3281a30: ref=1
Aug 14 20:31:00.205624 n bluetoothd[2821]: profiles/audio/sink.c:sink_set_state() State changed /org/bluez/hci0/dev_AA:BB:CC:00:00:02: SINK_STATE_CONNECTED -> SINK_STATE_DISCONNECTED
Aug 14 20:31:00.205639 n bluetoothd[2821]: profiles/audio/a2dp.c:channel_remove() chan 0x5d6eb32901a0
Aug 14 20:31:00.205777 n bluetoothd[2821]: profiles/audio/avdtp.c:avdtp_unref() 0x5d6eb3281a30: ref=0
Aug 14 20:31:00.205791 n bluetoothd[2821]: profiles/audio/avdtp.c:avdtp_free() 0x5d6eb3281a30
Aug 14 20:31:00.205919 n bluetoothd[2821]: src/battery.c:provided_battery_removed_cb() provided battery removed /org/freedesktop/pipewire/battery/org/bluez/hci0/dev_AA:BB:CC:00:00:02
Aug 14 20:31:00.205933 n bluetoothd[2821]: src/battery.c:btd_battery_unregister() path = /org/bluez/hci0/dev_AA:BB:CC:00:00:02
Aug 14 20:31:00.219423 n bluetoothd[2821]: src/shared/mgmt.c:can_read_data() [0x0000] event 0x0007
Aug 14 20:31:00.219434 n bluetoothd[2821]: src/adapter.c:dev_class_changed_callback() Class: 0x000000
Aug 14 20:31:00.219457 n bluetoothd[2821]: src/shared/mgmt.c:can_read_data() [0x0000] event 0x0006
Aug 14 20:31:00.219464 n bluetoothd[2821]: src/adapter.c:new_settings_callback() Settings: 0x00000ada
Aug 14 20:31:00.219471 n bluetoothd[2821]: src/adapter.c:settings_changed() Changed settings: 0x00000001
Aug 14 20:31:00.219477 n bluetoothd[2821]: src/adapter.c:settings_changed() Pending settings: 0x00000000
Aug 14 20:31:00.219487 n bluetoothd[2821]: src/adapter.c:cancel_passive_scanning()
Aug 14 20:31:00.219497 n bluetoothd[2821]: src/adapter.c:discovery_free() 0x5d6eb32922a0
Aug 14 20:31:00.219516 n bluetoothd[2821]: src/device.c:device_set_rssi_with_delta() rssi 0
Aug 14 20:31:00.219525 n bluetoothd[2821]: src/device.c:device_set_tx_power() tx_power 127
Aug 14 20:31:00.219533 n bluetoothd[2821]: src/device.c:device_set_rssi_with_delta() rssi 0
Aug 14 20:31:00.219545 n bluetoothd[2821]: src/device.c:device_set_rssi_with_delta() rssi 0
Aug 14 20:31:00.219556 n bluetoothd[2821]: src/adapter.c:set_discoverable() sending set mode command for index 0
Aug 14 20:31:00.219564 n bluetoothd[2821]: src/adapter.c:set_mode() sending set mode command for index 0
Aug 14 20:31:00.219575 n bluetoothd[2821]: src/adapter.c:adapter_stop() adapter /org/bluez/hci0 has been disabled
Aug 14 20:31:00.219603 n bluetoothd[2821]: src/shared/mgmt.c:send_request() [0x0000] command 0x0007
Aug 14 20:31:00.219623 n bluetoothd[2821]: src/shared/mgmt.c:can_read_data() [0x0000] command 0x0007 complete: 0x00
Aug 14 20:31:00.219632 n bluetoothd[2821]: src/adapter.c:new_settings_callback() Settings: 0x00000ad0
Aug 14 20:31:00.219640 n bluetoothd[2821]: src/adapter.c:settings_changed() Changed settings: 0x0000000a
Aug 14 20:31:00.219650 n bluetoothd[2821]: src/adapter.c:settings_changed() Pending settings: 0x00000000
Aug 14 20:31:00.221991 n bluetoothd[2821]: src/rfkill.c:rfkill_event() RFKILL event idx 0 type 2 op 2 soft 1 hard 0
Aug 14 20:31:00.222019 n bluetoothd[2821]: src/rfkill.c:rfkill_event() RFKILL unblock for hci0
Aug 14 20:31:00.222026 n bluetoothd[2821]: src/adapter.c:adapter_set_power_state() off-blocked
Aug 14 20:31:02.613549 n bluetoothd[2821]: src/adapter.c:property_set_mode() sending Set Powered command for index 0
Aug 14 20:31:02.613592 n bluetoothd[2821]: src/rfkill.c:rfkill_event() RFKILL event idx 0 type 2 op 2 soft 0 hard 0
Aug 14 20:31:02.613665 n bluetoothd[2821]: src/rfkill.c:rfkill_event() RFKILL unblock for hci0
Aug 14 20:31:02.613742 n bluetoothd[2821]: src/adapter.c:adapter_set_power_state() off
Aug 14 20:31:02.613754 n bluetoothd[2821]: src/adapter.c:adapter_set_power_state() off-enabling
Aug 14 20:31:02.613760 n bluetoothd[2821]: src/adapter.c:set_mode() sending set mode command for index 0
Aug 14 20:31:02.613794 n bluetoothd[2821]: src/shared/mgmt.c:send_request() [0x0000] command 0x0005
Aug 14 20:31:02.803533 n bluetoothd[2821]: src/shared/mgmt.c:can_read_data() [0x0000] event 0x0007
Aug 14 20:31:02.803569 n bluetoothd[2821]: src/adapter.c:dev_class_changed_callback() Class: 0x7c010c
Aug 14 20:31:02.809191 n bluetoothd[2821]: src/shared/mgmt.c:can_read_data() [0x0000] command 0x0005 complete: 0x00
Aug 14 20:31:02.809220 n bluetoothd[2821]: src/adapter.c:property_set_mode_complete() Success (0x00)
Aug 14 20:31:02.809266 n bluetoothd[2821]: src/adapter.c:adapter_set_power_state() on
Aug 14 20:31:02.809288 n bluetoothd[2821]: src/adapter.c:new_settings_callback() Settings: 0x00000ad1
Aug 14 20:31:02.809306 n bluetoothd[2821]: src/adapter.c:settings_changed() Changed settings: 0x00000001
Aug 14 20:31:02.809327 n bluetoothd[2821]: src/adapter.c:settings_changed() Pending settings: 0x00000000
Aug 14 20:31:02.809359 n bluetoothd[2821]: src/adapter.c:adapter_start() adapter /org/bluez/hci0 has been enabled
Aug 14 20:31:02.809379 n bluetoothd[2821]: src/adapter.c:trigger_passive_scanning()
Aug 14 20:31:02.809479 n bluetoothd[2821]: src/shared/mgmt.c:send_request() [0x0000] command 0x0005
Aug 14 20:31:02.809522 n bluetoothd[2821]: src/shared/mgmt.c:can_read_data() [0x0000] command 0x0005 complete: 0x00
Aug 14 20:31:02.810187 n bluetoothd[2821]: src/adapter.c:set_discovery_filter() sender :1.125
Aug 14 20:31:02.810202 n bluetoothd[2821]: src/adapter.c:parse_discovery_filter_dict() filtered discovery params: transport: 7 rssi: 32767 pathloss: 32767  duplicate data: false discoverable true pattern (null)
Aug 14 20:31:02.810219 n bluetoothd[2821]: src/adapter.c:set_discovery_filter() successfully pre-set filter
Aug 14 20:31:02.811286 n bluetoothd[2821]: src/adapter.c:start_discovery() sender :1.125
Aug 14 20:31:02.811299 n bluetoothd[2821]: src/adapter.c:update_discovery_filter()
Aug 14 20:31:02.811306 n bluetoothd[2821]: src/adapter.c:discovery_filter_to_mgmt_cp()
Aug 14 20:31:02.811312 n bluetoothd[2821]: src/adapter.c:set_discoverable() sending set mode command for index 0
Aug 14 20:31:02.811318 n bluetoothd[2821]: src/adapter.c:set_mode() sending set mode command for index 0
Aug 14 20:31:02.811328 n bluetoothd[2821]: src/adapter.c:trigger_start_discovery()
Aug 14 20:31:02.811341 n bluetoothd[2821]: src/adapter.c:cancel_passive_scanning()
Aug 14 20:31:02.811376 n bluetoothd[2821]: src/shared/mgmt.c:send_request() [0x0000] command 0x0007
Aug 14 20:31:02.811397 n bluetoothd[2821]: src/adapter.c:start_discovery_timeout()
Aug 14 20:31:02.811407 n bluetoothd[2821]: src/adapter.c:start_discovery_timeout() adapter->current_discovery_filter == 0
Aug 14 20:31:02.811424 n bluetoothd[2821]: src/shared/mgmt.c:can_read_data() [0x0000] command 0x0007 complete: 0x00
Aug 14 20:31:02.811433 n bluetoothd[2821]: src/adapter.c:new_settings_callback() Settings: 0x00000ad3
Aug 14 20:31:02.811440 n bluetoothd[2821]: src/adapter.c:settings_changed() Changed settings: 0x00000002
Aug 14 20:31:02.811447 n bluetoothd[2821]: src/adapter.c:settings_changed() Pending settings: 0x00000000
Aug 14 20:31:02.811477 n bluetoothd[2821]: src/shared/mgmt.c:send_request() [0x0000] command 0x0006
Aug 14 20:31:02.817116 n bluetoothd[2821]: src/shared/mgmt.c:can_read_data() [0x0000] command 0x0006 complete: 0x00
Aug 14 20:31:02.817130 n bluetoothd[2821]: src/adapter.c:new_settings_callback() Settings: 0x00000adb
Aug 14 20:31:02.817136 n bluetoothd[2821]: src/adapter.c:settings_changed() Changed settings: 0x00000008
Aug 14 20:31:02.817143 n bluetoothd[2821]: src/adapter.c:settings_changed() Pending settings: 0x00000000
Aug 14 20:31:02.817181 n bluetoothd[2821]: src/shared/mgmt.c:send_request() [0x0000] command 0x0023
Aug 14 20:31:02.827090 n bluetoothd[2821]: src/shared/mgmt.c:can_read_data() [0x0000] event 0x0013
Aug 14 20:31:02.827101 n bluetoothd[2821]: src/adapter.c:discovering_callback() hci0 type 7 discovering 1 method 0
Aug 14 20:31:02.827120 n bluetoothd[2821]: src/shared/mgmt.c:can_read_data() [0x0000] command 0x0023 complete: 0x00
Aug 14 20:31:02.827130 n bluetoothd[2821]: src/adapter.c:start_discovery_complete() status 0x00
Aug 14 20:31:02.866813 n bluetoothd[2821]: src/shared/mgmt.c:can_read_data() [0x0000] event 0x0012
Aug 14 20:31:02.866830 n bluetoothd[2821]: src/adapter.c:device_found_callback() hci0 addr AA:BB:CC:00:00:02, rssi -56 flags 0x0000 eir_len 19
Aug 14 20:31:03.100142 n bluetoothd[2821]: src/shared/mgmt.c:can_read_data() [0x0000] event 0x0012
Aug 14 20:31:03.100157 n bluetoothd[2821]: src/adapter.c:device_found_callback() hci0 addr AA:BB:CC:00:00:10, rssi -64 flags 0x0000 eir_len 29
Aug 14 20:31:03.100177 n bluetoothd[2821]: src/device.c:device_set_legacy() legacy 0
Aug 14 20:31:03.100184 n bluetoothd[2821]: src/device.c:device_set_rssi_with_delta() rssi -64
Aug 14 20:31:03.100199 n bluetoothd[2821]: src/device.c:device_set_flags() flags 2
Aug 14 20:31:03.163388 n bluetoothd[2821]: src/shared/mgmt.c:can_read_data() [0x0000] event 0x0012
Aug 14 20:31:03.163418 n bluetoothd[2821]: src/adapter.c:device_found_callback() hci0 addr AA:BB:CC:00:00:09, rssi -63 flags 0x0004 eir_len 31
Aug 14 20:31:03.397215 n bluetoothd[2821]: src/shared/mgmt.c:can_read_data() [0x0000] event 0x0012
Aug 14 20:31:03.397232 n bluetoothd[2821]: src/adapter.c:device_found_callback() hci0 addr AA:BB:CC:00:00:02, rssi -52 flags 0x0000 eir_len 19
Aug 14 20:31:03.827520 n bluetoothd[2821]: src/shared/mgmt.c:can_read_data() [0x0000] event 0x0012
Aug 14 20:31:03.827551 n bluetoothd[2821]: src/adapter.c:device_found_callback() hci0 addr AA:BB:CC:00:00:10, rssi -63 flags 0x0000 eir_len 29
Aug 14 20:31:03.827589 n bluetoothd[2821]: src/device.c:device_set_legacy() legacy 0
Aug 14 20:31:03.827610 n bluetoothd[2821]: src/device.c:device_set_flags() flags 2
Aug 14 20:31:03.827651 n bluetoothd[2821]: src/shared/mgmt.c:can_read_data() [0x0000] event 0x0012
Aug 14 20:31:03.827663 n bluetoothd[2821]: src/adapter.c:device_found_callback() hci0 addr AA:BB:CC:00:00:08, rssi -89 flags 0x0004 eir_len 28
Aug 14 20:31:04.130310 n bluetoothd[2821]: src/shared/mgmt.c:can_read_data() [0x0000] event 0x0012
Aug 14 20:31:04.130365 n bluetoothd[2821]: src/adapter.c:device_found_callback() hci0 addr AA:BB:CC:00:00:11, rssi -77 flags 0x0000 eir_len 35
Aug 14 20:31:04.130414 n bluetoothd[2821]: src/device.c:device_store_cached_name() Can't store name for private addressed device /org/bluez/hci0/dev_AA:BB:CC:00:00:11
Aug 14 20:31:04.130428 n bluetoothd[2821]: src/device.c:device_set_legacy() legacy 0
Aug 14 20:31:04.130439 n bluetoothd[2821]: src/device.c:device_set_rssi_with_delta() rssi -77
Aug 14 20:31:04.130474 n bluetoothd[2821]: src/device.c:device_set_flags() flags 2
Aug 14 20:31:04.783261 n bluetoothd[2821]: src/shared/mgmt.c:can_read_data() [0x0000] event 0x0012
Aug 14 20:31:04.783277 n bluetoothd[2821]: src/adapter.c:device_found_callback() hci0 addr AA:BB:CC:00:00:02, rssi -55 flags 0x0000 eir_len 19
Aug 14 20:31:04.783397 n bluetoothd[2821]: src/shared/mgmt.c:can_read_data() [0x0000] event 0x0012
Aug 14 20:31:04.783406 n bluetoothd[2821]: src/adapter.c:device_found_callback() hci0 addr AA:BB:CC:00:00:08, rssi -93 flags 0x0004 eir_len 28
Aug 14 20:31:05.120392 n bluetoothd[2821]: src/shared/mgmt.c:can_read_data() [0x0000] event 0x0012
Aug 14 20:31:05.120436 n bluetoothd[2821]: src/adapter.c:device_found_callback() hci0 addr AA:BB:CC:00:00:13, rssi -90 flags 0x0000 eir_len 18
Aug 14 20:31:05.120481 n bluetoothd[2821]: src/device.c:device_set_legacy() legacy 0
Aug 14 20:31:05.120494 n bluetoothd[2821]: src/device.c:device_set_rssi_with_delta() rssi -90
Aug 14 20:31:05.120510 n bluetoothd[2821]: src/device.c:device_set_tx_power() tx_power 7
Aug 14 20:31:05.120525 n bluetoothd[2821]: src/device.c:device_set_flags() flags 26
Aug 14 20:31:05.835641 n bluetoothd[2821]: src/shared/mgmt.c:can_read_data() [0x0000] event 0x0012
Aug 14 20:31:05.835664 n bluetoothd[2821]: src/adapter.c:device_found_callback() hci0 addr AA:BB:CC:00:00:02, rssi -52 flags 0x0000 eir_len 19
Aug 14 20:31:05.835832 n bluetoothd[2821]: src/shared/mgmt.c:can_read_data() [0x0000] event 0x0012
Aug 14 20:31:05.835848 n bluetoothd[2821]: src/adapter.c:device_found_callback() hci0 addr AA:BB:CC:00:00:08, rssi -89 flags 0x0004 eir_len 28
Aug 14 20:31:07.963533 n bluetoothd[2821]: src/device.c:connect_profiles() /org/bluez/hci0/dev_AA:BB:CC:00:00:02 (all), client :1.88
Aug 14 20:31:07.963636 n bluetoothd[2821]: src/service.c:btd_service_ref() 0x5d6eb3277fe0: ref=3
Aug 14 20:31:07.963648 n bluetoothd[2821]: src/service.c:change_state() 0x5d6eb3277fe0: device AA:BB:CC:00:00:02 profile Hands-Free Voice gateway state changed: disconnected -> connecting (0)
Aug 14 20:31:09.673923 n bluetoothd[2821]: src/shared/mgmt.c:can_read_data() [0x0000] event 0x000b
Aug 14 20:31:09.673996 n bluetoothd[2821]: src/adapter.c:connected_callback() hci0 device AA:BB:CC:00:00:02 connected eir_len 12
Aug 14 20:31:11.757578 n bluetoothd[2821]: src/profile.c:ext_connect() Hands-Free Voice gateway connected to AA:BB:CC:00:00:02
Aug 14 20:31:11.758561 n bluetoothd[2821]: src/service.c:change_state() 0x5d6eb3277fe0: device AA:BB:CC:00:00:02 profile Hands-Free Voice gateway state changed: connecting -> connected (0)
Aug 14 20:31:11.758572 n bluetoothd[2821]: src/device.c:device_profile_connected() Hands-Free Voice gateway Success (0)
Aug 14 20:31:11.758580 n bluetoothd[2821]: profiles/audio/a2dp.c:a2dp_sink_connect() path /org/bluez/hci0/dev_AA:BB:CC:00:00:02
Aug 14 20:31:11.758589 n bluetoothd[2821]: profiles/audio/avdtp.c:avdtp_ref() 0x5d6eb3281a30: ref=1
Aug 14 20:31:11.758596 n bluetoothd[2821]: profiles/audio/avdtp.c:avdtp_ref() 0x5d6eb3281a30: ref=2
Aug 14 20:31:11.758602 n bluetoothd[2821]: profiles/audio/a2dp.c:setup_ref() 0x5d6eb328d3a0: ref=1
Aug 14 20:31:11.758658 n bluetoothd[2821]: profiles/audio/sink.c:sink_set_state() State changed /org/bluez/hci0/dev_AA:BB:CC:00:00:02: SINK_STATE_DISCONNECTED -> SINK_STATE_CONNECTING
Aug 14 20:31:11.758665 n bluetoothd[2821]: profiles/audio/sink.c:sink_connect() stream creation in progress
Aug 14 20:31:11.758671 n bluetoothd[2821]: src/service.c:change_state() 0x5d6eb325d890: device AA:BB:CC:00:00:02 profile a2dp-sink state changed: disconnected -> connecting (0)
Aug 14 20:31:11.758681 n bluetoothd[2821]: plugins/policy.c:policy_connect() /org/bluez/hci0/dev_AA:BB:CC:00:00:02 profile a2dp-sink
Aug 14 20:31:11.758686 n bluetoothd[2821]: plugins/policy.c:service_cb() Added Hands-Free Voice gateway reconnect 1
Aug 14 20:31:12.057629 n bluetoothd[2821]: profiles/audio/avdtp.c:avdtp_connect_cb() AVDTP: connected signaling channel to AA:BB:CC:00:00:02
Aug 14 20:31:12.057656 n bluetoothd[2821]: profiles/audio/avdtp.c:avdtp_connect_cb() AVDTP imtu=672, omtu=895
Aug 14 20:31:12.057736 n bluetoothd[2821]: profiles/audio/avdtp.c:avdtp_register_remote_sep() seid 7 type 1 media 0 delay_reporting false
Aug 14 20:31:12.057765 n bluetoothd[2821]: profiles/audio/a2dp.c:register_remote_sep() Found remote SEP: /org/bluez/hci0/dev_AA:BB:CC:00:00:02/sep7
Aug 14 20:31:12.057780 n bluetoothd[2821]: profiles/audio/avdtp.c:avdtp_register_remote_sep() seid 6 type 1 media 0 delay_reporting false
Aug 14 20:31:12.057795 n bluetoothd[2821]: profiles/audio/a2dp.c:register_remote_sep() Found remote SEP: /org/bluez/hci0/dev_AA:BB:CC:00:00:02/sep6
Aug 14 20:31:12.057811 n bluetoothd[2821]: profiles/audio/avdtp.c:avdtp_register_remote_sep() seid 5 type 1 media 0 delay_reporting false
Aug 14 20:31:12.057824 n bluetoothd[2821]: profiles/audio/a2dp.c:register_remote_sep() Found remote SEP: /org/bluez/hci0/dev_AA:BB:CC:00:00:02/sep5
Aug 14 20:31:12.057833 n bluetoothd[2821]: profiles/audio/avdtp.c:avdtp_register_remote_sep() seid 4 type 1 media 0 delay_reporting false
Aug 14 20:31:12.057844 n bluetoothd[2821]: profiles/audio/a2dp.c:register_remote_sep() Found remote SEP: /org/bluez/hci0/dev_AA:BB:CC:00:00:02/sep4
Aug 14 20:31:12.057858 n bluetoothd[2821]: profiles/audio/avdtp.c:avdtp_register_remote_sep() seid 8 type 1 media 0 delay_reporting false
Aug 14 20:31:12.057870 n bluetoothd[2821]: profiles/audio/a2dp.c:register_remote_sep() Found remote SEP: /org/bluez/hci0/dev_AA:BB:CC:00:00:02/sep8
Aug 14 20:31:12.057878 n bluetoothd[2821]: profiles/audio/a2dp.c:load_remote_sep() LastUsed: lseid 3 rseid 7
Aug 14 20:31:12.657469 n bluetoothd[2821]: profiles/audio/avdtp.c:session_cb()
Aug 14 20:31:12.657490 n bluetoothd[2821]: profiles/audio/avdtp.c:avdtp_parse_resp() DISCOVER request succeeded
Aug 14 20:31:12.657497 n bluetoothd[2821]: profiles/audio/avdtp.c:avdtp_discover_resp() seid 7 type 1 media 0 in use 0
Aug 14 20:31:12.657503 n bluetoothd[2821]: profiles/audio/avdtp.c:avdtp_discover_resp() seid 6 type 1 media 0 in use 0
Aug 14 20:31:12.657509 n bluetoothd[2821]: profiles/audio/avdtp.c:avdtp_discover_resp() seid 5 type 1 media 0 in use 0
Aug 14 20:31:12.657517 n bluetoothd[2821]: profiles/audio/avdtp.c:avdtp_discover_resp() seid 4 type 1 media 0 in use 0
Aug 14 20:31:12.657523 n bluetoothd[2821]: profiles/audio/avdtp.c:avdtp_discover_resp() seid 8 type 1 media 0 in use 0
Aug 14 20:31:12.657531 n bluetoothd[2821]: profiles/audio/a2dp.c:discover_cb() version 0x0103 err (nil)
Aug 14 20:31:12.663352 n bluetoothd[2821]: profiles/audio/sink.c:discovery_complete() Discovery complete
Aug 14 20:31:12.663371 n bluetoothd[2821]: profiles/audio/a2dp.c:endpoint_match_codec_ind() vendor 0x000000d7 codec 0x0024
Aug 14 20:31:12.663379 n bluetoothd[2821]: profiles/audio/a2dp.c:endpoint_match_codec_ind() vendor 0x0000004f codec 0x0001
Aug 14 20:31:12.663390 n bluetoothd[2821]: profiles/audio/a2dp.c:setup_ref() 0x5d6eb328d3a0: ref=2
Aug 14 20:31:12.663397 n bluetoothd[2821]: profiles/audio/a2dp.c:endpoint_match_codec_ind() vendor 0x000000d7 codec 0x0024
Aug 14 20:31:12.663403 n bluetoothd[2821]: profiles/audio/a2dp.c:setup_ref() 0x5d6eb328d3a0: ref=3
Aug 14 20:31:12.663443 n bluetoothd[2821]: profiles/audio/media.c:media_endpoint_async_call() Calling SelectConfiguration: name = :1.85 path = /MediaEndpoint/A2DPSource/aptx_hd
Aug 14 20:31:12.663456 n bluetoothd[2821]: profiles/audio/a2dp.c:setup_unref() 0x5d6eb328d3a0: ref=2
Aug 14 20:31:12.663786 n bluetoothd[2821]: profiles/audio/a2dp.c:a2dp_config() a2dp_config: selected SEP 0x5d6eb326b410
Aug 14 20:31:12.663797 n bluetoothd[2821]: profiles/audio/a2dp.c:setup_ref() 0x5d6eb328d3a0: ref=3
Aug 14 20:31:12.663805 n bluetoothd[2821]: profiles/audio/a2dp.c:endpoint_match_codec_ind() vendor 0x000000d7 codec 0x0024
Aug 14 20:31:12.663814 n bluetoothd[2821]: profiles/audio/avdtp.c:avdtp_set_configuration() 0x5d6eb3281a30: int_seid=3, acp_seid=7
Aug 14 20:31:12.663829 n bluetoothd[2821]: profiles/audio/a2dp.c:setup_unref() 0x5d6eb328d3a0: ref=2
Aug 14 20:31:12.663835 n bluetoothd[2821]: profiles/audio/a2dp.c:setup_unref() 0x5d6eb328d3a0: ref=1
Aug 14 20:31:12.760583 n bluetoothd[2821]: profiles/audio/avdtp.c:session_cb()
Aug 14 20:31:12.760618 n bluetoothd[2821]: profiles/audio/avdtp.c:avdtp_parse_resp() SET_CONFIGURATION request succeeded
Aug 14 20:31:12.760631 n bluetoothd[2821]: profiles/audio/a2dp.c:setconf_cfm() Source 0x5d6eb326b410: Set_Configuration_Cfm
Aug 14 20:31:12.760644 n bluetoothd[2821]: profiles/audio/a2dp.c:setup_ref() 0x5d6eb328d3a0: ref=2
Aug 14 20:31:12.760783 n bluetoothd[2821]: profiles/audio/media.c:media_endpoint_async_call() Calling SetConfiguration: name = :1.85 path = /MediaEndpoint/A2DPSource/aptx_hd
Aug 14 20:31:12.760798 n bluetoothd[2821]: profiles/audio/avdtp.c:avdtp_sep_set_state() stream state changed: IDLE -> CONFIGURED
Aug 14 20:31:12.762204 n bluetoothd[2821]: profiles/audio/a2dp.c:setup_unref() 0x5d6eb328d3a0: ref=1
Aug 14 20:31:12.957500 n bluetoothd[2821]: profiles/audio/avdtp.c:session_cb()
Aug 14 20:31:12.957538 n bluetoothd[2821]: profiles/audio/avdtp.c:avdtp_parse_resp() OPEN request succeeded
Aug 14 20:31:13.159453 n bluetoothd[2821]: profiles/audio/avdtp.c:avdtp_connect_cb() AVDTP: connected transport channel to AA:BB:CC:00:00:02
Aug 14 20:31:13.159472 n bluetoothd[2821]: profiles/audio/avdtp.c:handle_transport_connect() Flushable packets enabled
Aug 14 20:31:13.159480 n bluetoothd[2821]: profiles/audio/avdtp.c:handle_transport_connect() sk 39, omtu 895, send buffer size 106496
Aug 14 20:31:13.159487 n bluetoothd[2821]: profiles/audio/a2dp.c:open_cfm() Source 0x5d6eb326b410: Open_Cfm
Aug 14 20:31:13.159496 n bluetoothd[2821]: profiles/audio/a2dp.c:setup_unref() 0x5d6eb328d3a0: ref=0
Aug 14 20:31:13.159503 n bluetoothd[2821]: profiles/audio/a2dp.c:setup_free() 0x5d6eb328d3a0
Aug 14 20:31:13.159511 n bluetoothd[2821]: profiles/audio/avdtp.c:avdtp_unref() 0x5d6eb3281a30: ref=1
Aug 14 20:31:13.159518 n bluetoothd[2821]: profiles/audio/avdtp.c:avdtp_sep_set_state() stream state changed: CONFIGURED -> OPEN
Aug 14 20:31:13.159526 n bluetoothd[2821]: src/service.c:change_state() 0x5d6eb325d890: device AA:BB:CC:00:00:02 profile a2dp-sink state changed: connecting -> connected (0)
Aug 14 20:31:13.159536 n bluetoothd[2821]: src/device.c:device_profile_connected() a2dp-sink Success (0)
Aug 14 20:31:13.159546 n bluetoothd[2821]: src/device.c:device_profile_connected() returning response to :1.88
Aug 14 20:31:13.159635 n bluetoothd[2821]: plugins/policy.c:policy_connect() /org/bluez/hci0/dev_AA:BB:CC:00:00:02 profile avrcp-controller
Aug 14 20:31:13.159645 n bluetoothd[2821]: profiles/audio/avrcp.c:avrcp_connect() path /org/bluez/hci0/dev_AA:BB:CC:00:00:02
Aug 14 20:31:13.159658 n bluetoothd[2821]: profiles/audio/avctp.c:avctp_set_state() AVCTP Connecting
Aug 14 20:31:13.159696 n bluetoothd[2821]: src/service.c:change_state() 0x5d6eb325d790: device AA:BB:CC:00:00:02 profile avrcp-controller state changed: disconnected -> connecting (0)
Aug 14 20:31:13.159708 n bluetoothd[2821]: plugins/policy.c:service_cb() Added a2dp-sink reconnect 1
Aug 14 20:31:13.159720 n bluetoothd[2821]: profiles/audio/sink.c:sink_set_state() State changed /org/bluez/hci0/dev_AA:BB:CC:00:00:02: SINK_STATE_CONNECTING -> SINK_STATE_CONNECTED
Aug 14 20:31:13.159733 n bluetoothd[2821]: profiles/audio/transport.c:transport_update_playing() /org/bluez/hci0/dev_AA:BB:CC:00:00:02/sep7/fd4 State=TRANSPORT_STATE_IDLE Playing=0
Aug 14 20:31:13.560148 n bluetoothd[2821]: src/battery.c:btd_battery_register() path = /org/bluez/hci0/dev_AA:BB:CC:00:00:02
Aug 14 20:31:13.560167 n bluetoothd[2821]: src/battery.c:btd_battery_register() registered Battery object: /org/bluez/hci0/dev_AA:BB:CC:00:00:02
Aug 14 20:31:13.560174 n bluetoothd[2821]: src/battery.c:provided_battery_added_cb() provided battery added /org/freedesktop/pipewire/battery/org/bluez/hci0/dev_AA:BB:CC:00:00:02
Aug 14 20:31:13.560181 n bluetoothd[2821]: src/battery.c:btd_battery_update() path = /org/bluez/hci0/dev_AA:BB:CC:00:00:02
Aug 14 20:31:13.857506 n bluetoothd[2821]: profiles/audio/avctp.c:avctp_connect_cb() AVCTP: connected to AA:BB:CC:00:00:02
Aug 14 20:31:13.857789 n bluetoothd[2821]: profiles/audio/avctp.c:init_uinput() AVRCP: uinput initialized for MOMENTUM 4
Aug 14 20:31:13.857805 n bluetoothd[2821]: profiles/audio/avrcp.c:controller_init() 0x5d6eb3270970 version 0x0106
Aug 14 20:31:13.857813 n bluetoothd[2821]: src/service.c:change_state() 0x5d6eb325d850: device AA:BB:CC:00:00:02 profile audio-avrcp-target state changed: disconnected -> connected (0)
Aug 14 20:31:13.857848 n bluetoothd[2821]: profiles/audio/player.c:media_player_controller_create() /org/bluez/hci0/dev_AA:BB:CC:00:00:02/player0
Aug 14 20:31:13.857861 n bluetoothd[2821]: profiles/audio/avrcp.c:target_init() 0x5d6eb32643e0 version 0x0106
Aug 14 20:31:13.857871 n bluetoothd[2821]: src/service.c:change_state() 0x5d6eb325d790: device AA:BB:CC:00:00:02 profile avrcp-controller state changed: connecting -> connected (0)
Aug 14 20:31:13.857879 n bluetoothd[2821]: src/device.c:device_profile_connected() avrcp-controller Success (0)
Aug 14 20:31:13.857887 n bluetoothd[2821]: profiles/audio/avctp.c:avctp_set_state() AVCTP Connected
Aug 14 20:31:14.157667 n bluetoothd[2821]: profiles/audio/avrcp.c:handle_vendordep_pdu() AVRCP PDU 0x31, company 0x001958 len 0x0005
Aug 14 20:31:14.360830 n bluetoothd[2821]: src/shared/mgmt.c:can_read_data() [0x0000] event 0x0013
Aug 14 20:31:14.360853 n bluetoothd[2821]: src/adapter.c:discovering_callback() hci0 type 7 discovering 0 method 0
Aug 14 20:31:14.360866 n bluetoothd[2821]: src/adapter.c:trigger_start_discovery()
Aug 14 20:31:14.360880 n bluetoothd[2821]: src/adapter.c:cancel_passive_scanning()
Aug 14 20:31:14.446678 n bluetoothd[2821]: src/device.c:search_cb() AA:BB:CC:00:00:02: No service update
Aug 14 20:31:14.446691 n bluetoothd[2821]: src/device.c:device_svc_resolved() /org/bluez/hci0/dev_AA:BB:CC:00:00:02 err 0
Aug 14 20:31:16.219473 n bluetoothd[2821]: profiles/audio/player.c:media_player_set_status() stopped
Aug 14 20:31:17.103897 n bluetoothd[2821]: src/shared/mgmt.c:can_read_data() [0x0000] event 0x000c
Aug 14 20:31:17.103920 n bluetoothd[2821]: src/adapter.c:dev_disconnected() Device AA:BB:CC:00:00:02 disconnected, reason 21
Aug 14 20:31:17.103934 n bluetoothd[2821]: src/adapter.c:adapter_remove_connection()
Aug 14 20:31:17.103959 n bluetoothd[2821]: plugins/policy.c:disconnect_cb() reason 21
Aug 14 20:31:17.103978 n bluetoothd[2821]: src/adapter.c:bonding_attempt_complete() hci0 bdaddr AA:BB:CC:00:00:02 type 0 status 0xe
Aug 14 20:31:17.103991 n bluetoothd[2821]: src/device.c:device_bonding_complete() bonding (nil) status 0x0e
Aug 14 20:31:17.104003 n bluetoothd[2821]: src/device.c:device_bonding_failed() status 14
Aug 14 20:31:17.104016 n bluetoothd[2821]: src/adapter.c:resume_discovery()
Aug 14 20:31:17.104033 n bluetoothd[2821]: src/adapter.c:trigger_start_discovery()
Aug 14 20:31:17.104045 n bluetoothd[2821]: src/adapter.c:cancel_passive_scanning()
Aug 14 20:31:17.104114 n bluetoothd[2821]: src/profile.c:ext_io_disconnected() Unable to get io data for Hands-Free Voice gateway: getpeername: Transport endpoint is not connected (107)
Aug 14 20:31:17.104139 n bluetoothd[2821]: src/service.c:change_state() 0x5d6eb3277fe0: device AA:BB:CC:00:00:02 profile Hands-Free Voice gateway state changed: connected -> disconnected (0)
Aug 14 20:31:17.104165 n bluetoothd[2821]: src/service.c:btd_service_unref() 0x5d6eb3277fe0: ref=2
Aug 14 20:31:17.104195 n bluetoothd[2821]: profiles/audio/avdtp.c:session_cb()
Aug 14 20:31:17.104206 n bluetoothd[2821]: profiles/audio/avdtp.c:avdtp_ref() 0x5d6eb3281a30: ref=2
Aug 14 20:31:17.104217 n bluetoothd[2821]: profiles/audio/avdtp.c:connection_lost() Disconnected from AA:BB:CC:00:00:02
Aug 14 20:31:17.104229 n bluetoothd[2821]: profiles/audio/a2dp.c:abort_cfm() Source 0x5d6eb326b410: Abort_Cfm
Aug 14 20:31:17.104245 n bluetoothd[2821]: profiles/audio/avdtp.c:avdtp_sep_set_state() stream state changed: OPEN -> IDLE
Aug 14 20:31:17.104432 n bluetoothd[2821]: src/service.c:change_state() 0x5d6eb325d890: device AA:BB:CC:00:00:02 profile a2dp-sink state changed: connected -> disconnected (0)
Aug 14 20:31:17.104456 n bluetoothd[2821]: plugins/policy.c:policy_disconnect() /org/bluez/hci0/dev_AA:BB:CC:00:00:02 profile avrcp-controller
Aug 14 20:31:17.104468 n bluetoothd[2821]: src/service.c:change_state() 0x5d6eb325d790: device AA:BB:CC:00:00:02 profile avrcp-controller state changed: connected -> disconnecting (0)
Aug 14 20:31:17.104480 n bluetoothd[2821]: profiles/audio/avrcp.c:avrcp_disconnect() path /org/bluez/hci0/dev_AA:BB:CC:00:00:02
Aug 14 20:31:17.104492 n bluetoothd[2821]: src/service.c:change_state() 0x5d6eb325d850: device AA:BB:CC:00:00:02 profile audio-avrcp-target state changed: connected -> disconnected (0)
Aug 14 20:31:17.104504 n bluetoothd[2821]: src/service.c:change_state() 0x5d6eb325d790: device AA:BB:CC:00:00:02 profile avrcp-controller state changed: disconnecting -> disconnected (0)
Aug 14 20:31:17.104515 n bluetoothd[2821]: profiles/audio/avrcp.c:controller_destroy() 0x5d6eb3270970
Aug 14 20:31:17.104526 n bluetoothd[2821]: profiles/audio/player.c:media_player_destroy() /org/bluez/hci0/dev_AA:BB:CC:00:00:02/player0
Aug 14 20:31:17.104578 n bluetoothd[2821]: profiles/audio/avrcp.c:target_destroy() 0x5d6eb32643e0
Aug 14 20:31:17.104603 n bluetoothd[2821]: profiles/audio/avctp.c:avctp_set_state() AVCTP Disconnected
Aug 14 20:31:17.104634 n bluetoothd[2821]: profiles/audio/avctp.c:avctp_disconnected() AVCTP: closing uinput for AA:BB:CC:00:00:02
Aug 14 20:31:17.128556 n bluetoothd[2821]: profiles/audio/avdtp.c:avdtp_unref() 0x5d6eb3281a30: ref=1
Aug 14 20:31:17.128614 n bluetoothd[2821]: profiles/audio/sink.c:sink_set_state() State changed /org/bluez/hci0/dev_AA:BB:CC:00:00:02: SINK_STATE_CONNECTED -> SINK_STATE_DISCONNECTED
Aug 14 20:31:17.128633 n bluetoothd[2821]: profiles/audio/a2dp.c:channel_remove() chan 0x5d6eb327c390
Aug 14 20:31:17.128801 n bluetoothd[2821]: profiles/audio/avdtp.c:avdtp_unref() 0x5d6eb3281a30: ref=0
Aug 14 20:31:17.128815 n bluetoothd[2821]: profiles/audio/avdtp.c:avdtp_free() 0x5d6eb3281a30
Aug 14 20:31:17.128931 n bluetoothd[2821]: src/battery.c:provided_battery_removed_cb() provided battery removed /org/freedesktop/pipewire/battery/org/bluez/hci0/dev_AA:BB:CC:00:00:02
Aug 14 20:31:17.128945 n bluetoothd[2821]: src/battery.c:btd_battery_unregister() path = /org/bluez/hci0/dev_AA:BB:CC:00:00:02
Aug 14 20:31:17.141437 n bluetoothd[2821]: src/shared/mgmt.c:can_read_data() [0x0000] event 0x0007
Aug 14 20:31:17.141453 n bluetoothd[2821]: src/adapter.c:dev_class_changed_callback() Class: 0x000000
Aug 14 20:31:17.141485 n bluetoothd[2821]: src/shared/mgmt.c:can_read_data() [0x0000] event 0x0006
Aug 14 20:31:17.141496 n bluetoothd[2821]: src/adapter.c:new_settings_callback() Settings: 0x00000ada
Aug 14 20:31:17.141505 n bluetoothd[2821]: src/adapter.c:settings_changed() Changed settings: 0x00000001
Aug 14 20:31:17.141514 n bluetoothd[2821]: src/adapter.c:settings_changed() Pending settings: 0x00000000
Aug 14 20:31:17.141530 n bluetoothd[2821]: src/adapter.c:cancel_passive_scanning()
Aug 14 20:31:17.141542 n bluetoothd[2821]: src/adapter.c:discovery_free() 0x5d6eb32829b0
Aug 14 20:31:17.141559 n bluetoothd[2821]: src/device.c:device_set_rssi_with_delta() rssi 0
Aug 14 20:31:17.141572 n bluetoothd[2821]: src/device.c:device_set_tx_power() tx_power 127
Aug 14 20:31:17.141584 n bluetoothd[2821]: src/device.c:device_set_rssi_with_delta() rssi 0
Aug 14 20:31:17.141594 n bluetoothd[2821]: src/device.c:device_set_rssi_with_delta() rssi 0
Aug 14 20:31:17.141615 n bluetoothd[2821]: src/adapter.c:set_discoverable() sending set mode command for index 0
Aug 14 20:31:17.141628 n bluetoothd[2821]: src/adapter.c:set_mode() sending set mode command for index 0
Aug 14 20:31:17.141644 n bluetoothd[2821]: src/adapter.c:adapter_stop() adapter /org/bluez/hci0 has been disabled
Aug 14 20:31:17.141696 n bluetoothd[2821]: src/shared/mgmt.c:send_request() [0x0000] command 0x0007
Aug 14 20:31:17.141725 n bluetoothd[2821]: src/shared/mgmt.c:can_read_data() [0x0000] command 0x0007 complete: 0x00
Aug 14 20:31:17.141735 n bluetoothd[2821]: src/adapter.c:new_settings_callback() Settings: 0x00000ad0
Aug 14 20:31:17.141743 n bluetoothd[2821]: src/adapter.c:settings_changed() Changed settings: 0x0000000a
Aug 14 20:31:17.141752 n bluetoothd[2821]: src/adapter.c:settings_changed() Pending settings: 0x00000000
Aug 14 20:31:17.144581 n bluetoothd[2821]: src/rfkill.c:rfkill_event() RFKILL event idx 0 type 2 op 2 soft 1 hard 0
Aug 14 20:31:17.144614 n bluetoothd[2821]: src/rfkill.c:rfkill_event() RFKILL unblock for hci0
Aug 14 20:31:17.144621 n bluetoothd[2821]: src/adapter.c:adapter_set_power_state() off-blocked
Aug 14 20:31:17.763797 n bluetoothd[2821]: src/adapter.c:property_set_mode() sending Set Powered command for index 0
Aug 14 20:31:17.763868 n bluetoothd[2821]: src/shared/mgmt.c:send_request() [0x0000] command 0x0005
Aug 14 20:31:17.763897 n bluetoothd[2821]: src/rfkill.c:rfkill_event() RFKILL event idx 0 type 2 op 2 soft 0 hard 0
Aug 14 20:31:17.763985 n bluetoothd[2821]: src/rfkill.c:rfkill_event() RFKILL unblock for hci0
Aug 14 20:31:17.764036 n bluetoothd[2821]: src/adapter.c:adapter_set_power_state() off
Aug 14 20:31:17.764046 n bluetoothd[2821]: src/adapter.c:adapter_set_power_state() off-enabling
Aug 14 20:31:17.764055 n bluetoothd[2821]: src/adapter.c:set_mode() sending set mode command for index 0
Aug 14 20:31:17.951781 n bluetoothd[2821]: src/shared/mgmt.c:can_read_data() [0x0000] event 0x0007
Aug 14 20:31:17.951805 n bluetoothd[2821]: src/adapter.c:dev_class_changed_callback() Class: 0x7c010c
Aug 14 20:31:17.957747 n bluetoothd[2821]: src/shared/mgmt.c:can_read_data() [0x0000] command 0x0005 complete: 0x00
Aug 14 20:31:17.957767 n bluetoothd[2821]: src/adapter.c:property_set_mode_complete() Success (0x00)
Aug 14 20:31:17.957804 n bluetoothd[2821]: src/adapter.c:adapter_set_power_state() on
Aug 14 20:31:17.957821 n bluetoothd[2821]: src/adapter.c:new_settings_callback() Settings: 0x00000ad1
Aug 14 20:31:17.957833 n bluetoothd[2821]: src/adapter.c:settings_changed() Changed settings: 0x00000001
Aug 14 20:31:17.957844 n bluetoothd[2821]: src/adapter.c:settings_changed() Pending settings: 0x00000000
Aug 14 20:31:17.957860 n bluetoothd[2821]: src/adapter.c:adapter_start() adapter /org/bluez/hci0 has been enabled
Aug 14 20:31:17.957873 n bluetoothd[2821]: src/adapter.c:trigger_passive_scanning()
Aug 14 20:31:17.957924 n bluetoothd[2821]: src/shared/mgmt.c:send_request() [0x0000] command 0x0005
Aug 14 20:31:17.957955 n bluetoothd[2821]: src/shared/mgmt.c:can_read_data() [0x0000] command 0x0005 complete: 0x00
Aug 14 20:31:17.958764 n bluetoothd[2821]: src/adapter.c:set_discovery_filter() sender :1.125
Aug 14 20:31:17.958777 n bluetoothd[2821]: src/adapter.c:parse_discovery_filter_dict() filtered discovery params: transport: 7 rssi: 32767 pathloss: 32767  duplicate data: false discoverable true pattern (null)
Aug 14 20:31:17.958793 n bluetoothd[2821]: src/adapter.c:set_discovery_filter() successfully pre-set filter
Aug 14 20:31:17.959811 n bluetoothd[2821]: src/adapter.c:start_discovery() sender :1.125
Aug 14 20:31:17.959823 n bluetoothd[2821]: src/adapter.c:update_discovery_filter()
Aug 14 20:31:17.959828 n bluetoothd[2821]: src/adapter.c:discovery_filter_to_mgmt_cp()
Aug 14 20:31:17.959833 n bluetoothd[2821]: src/adapter.c:set_discoverable() sending set mode command for index 0
Aug 14 20:31:17.959839 n bluetoothd[2821]: src/adapter.c:set_mode() sending set mode command for index 0
Aug 14 20:31:17.959848 n bluetoothd[2821]: src/adapter.c:trigger_start_discovery()
Aug 14 20:31:17.959853 n bluetoothd[2821]: src/adapter.c:cancel_passive_scanning()
Aug 14 20:31:17.959885 n bluetoothd[2821]: src/shared/mgmt.c:send_request() [0x0000] command 0x0007
Aug 14 20:31:17.959902 n bluetoothd[2821]: src/adapter.c:start_discovery_timeout()
Aug 14 20:31:17.959909 n bluetoothd[2821]: src/adapter.c:start_discovery_timeout() adapter->current_discovery_filter == 0
Aug 14 20:31:17.959921 n bluetoothd[2821]: src/shared/mgmt.c:can_read_data() [0x0000] command 0x0007 complete: 0x00
Aug 14 20:31:17.959927 n bluetoothd[2821]: src/adapter.c:new_settings_callback() Settings: 0x00000ad3
Aug 14 20:31:17.959932 n bluetoothd[2821]: src/adapter.c:settings_changed() Changed settings: 0x00000002
Aug 14 20:31:17.959937 n bluetoothd[2821]: src/adapter.c:settings_changed() Pending settings: 0x00000000
Aug 14 20:31:17.959959 n bluetoothd[2821]: src/shared/mgmt.c:send_request() [0x0000] command 0x0006
Aug 14 20:31:17.965699 n bluetoothd[2821]: src/shared/mgmt.c:can_read_data() [0x0000] command 0x0006 complete: 0x00
Aug 14 20:31:17.965713 n bluetoothd[2821]: src/adapter.c:new_settings_callback() Settings: 0x00000adb
Aug 14 20:31:17.965723 n bluetoothd[2821]: src/adapter.c:settings_changed() Changed settings: 0x00000008
Aug 14 20:31:17.965735 n bluetoothd[2821]: src/adapter.c:settings_changed() Pending settings: 0x00000000
Aug 14 20:31:17.965795 n bluetoothd[2821]: src/shared/mgmt.c:send_request() [0x0000] command 0x0023
Aug 14 20:31:17.975660 n bluetoothd[2821]: src/shared/mgmt.c:can_read_data() [0x0000] event 0x0013
Aug 14 20:31:17.975673 n bluetoothd[2821]: src/adapter.c:discovering_callback() hci0 type 7 discovering 1 method 0
Aug 14 20:31:17.975694 n bluetoothd[2821]: src/shared/mgmt.c:can_read_data() [0x0000] command 0x0023 complete: 0x00
Aug 14 20:31:17.975700 n bluetoothd[2821]: src/adapter.c:start_discovery_complete() status 0x00
Aug 14 20:31:18.034828 n bluetoothd[2821]: src/shared/mgmt.c:can_read_data() [0x0000] event 0x0012
Aug 14 20:31:18.034869 n bluetoothd[2821]: src/adapter.c:device_found_callback() hci0 addr AA:BB:CC:00:00:09, rssi -63 flags 0x0004 eir_len 31
Aug 14 20:31:18.083722 n bluetoothd[2821]: src/shared/mgmt.c:can_read_data() [0x0000] event 0x0012
Aug 14 20:31:18.083751 n bluetoothd[2821]: src/adapter.c:device_found_callback() hci0 addr AA:BB:CC:00:00:10, rssi -65 flags 0x0000 eir_len 29
Aug 14 20:31:18.083784 n bluetoothd[2821]: src/device.c:device_set_legacy() legacy 0
Aug 14 20:31:18.083797 n bluetoothd[2821]: src/device.c:device_set_rssi_with_delta() rssi -65
Aug 14 20:31:18.083823 n bluetoothd[2821]: src/device.c:device_set_flags() flags 2
Aug 14 20:31:18.354728 n bluetoothd[2821]: src/shared/mgmt.c:can_read_data() [0x0000] event 0x0012
Aug 14 20:31:18.354743 n bluetoothd[2821]: src/adapter.c:device_found_callback() hci0 addr AA:BB:CC:00:00:02, rssi -56 flags 0x0000 eir_len 19
Aug 14 20:31:18.628903 n bluetoothd[2821]: src/shared/mgmt.c:can_read_data() [0x0000] event 0x0013
Aug 14 20:31:18.628936 n bluetoothd[2821]: src/adapter.c:discovering_callback() hci0 type 7 discovering 0 method 0
Aug 14 20:31:18.628949 n bluetoothd[2821]: src/adapter.c:trigger_start_discovery()
Aug 14 20:31:18.628960 n bluetoothd[2821]: src/adapter.c:cancel_passive_scanning()
Aug 14 20:31:18.629005 n bluetoothd[2821]: src/shared/mgmt.c:can_read_data() [0x0000] event 0x0007
Aug 14 20:31:18.629019 n bluetoothd[2821]: src/adapter.c:dev_class_changed_callback() Class: 0x000000
Aug 14 20:31:18.629053 n bluetoothd[2821]: src/shared/mgmt.c:can_read_data() [0x0000] event 0x0006
Aug 14 20:31:18.629066 n bluetoothd[2821]: src/adapter.c:new_settings_callback() Settings: 0x00000ada
Aug 14 20:31:18.629077 n bluetoothd[2821]: src/adapter.c:settings_changed() Changed settings: 0x00000001
Aug 14 20:31:18.629088 n bluetoothd[2821]: src/adapter.c:settings_changed() Pending settings: 0x00000000
Aug 14 20:31:18.629104 n bluetoothd[2821]: src/adapter.c:cancel_passive_scanning()
Aug 14 20:31:18.629115 n bluetoothd[2821]: src/adapter.c:discovery_free() 0x5d6eb32ac410
Aug 14 20:31:18.629140 n bluetoothd[2821]: src/device.c:device_set_rssi_with_delta() rssi 0
Aug 14 20:31:18.629155 n bluetoothd[2821]: src/adapter.c:set_discoverable() sending set mode command for index 0
Aug 14 20:31:18.629167 n bluetoothd[2821]: src/adapter.c:set_mode() sending set mode command for index 0
Aug 14 20:31:18.629201 n bluetoothd[2821]: src/adapter.c:adapter_stop() adapter /org/bluez/hci0 has been disabled
Aug 14 20:31:18.629230 n bluetoothd[2821]: src/rfkill.c:rfkill_event() RFKILL event idx 0 type 2 op 2 soft 1 hard 0
Aug 14 20:31:18.629289 n bluetoothd[2821]: src/rfkill.c:rfkill_event() RFKILL unblock for hci0
Aug 14 20:31:18.629309 n bluetoothd[2821]: src/adapter.c:adapter_set_power_state() off-blocked
Aug 14 20:31:18.629385 n bluetoothd[2821]: src/shared/mgmt.c:send_request() [0x0000] command 0x0007
Aug 14 20:31:18.629452 n bluetoothd[2821]: src/shared/mgmt.c:can_read_data() [0x0000] command 0x0007 complete: 0x00
Aug 14 20:31:18.629474 n bluetoothd[2821]: src/adapter.c:new_settings_callback() Settings: 0x00000ad0
Aug 14 20:31:18.629487 n bluetoothd[2821]: src/adapter.c:settings_changed() Changed settings: 0x0000000a
Aug 14 20:31:18.629502 n bluetoothd[2821]: src/adapter.c:settings_changed() Pending settings: 0x00000000
Aug 14 20:31:18.864120 n bluetoothd[2821]: src/adapter.c:property_set_mode() sending Set Powered command for index 0
Aug 14 20:31:18.864198 n bluetoothd[2821]: src/shared/mgmt.c:send_request() [0x0000] command 0x0005
Aug 14 20:31:18.864225 n bluetoothd[2821]: src/rfkill.c:rfkill_event() RFKILL event idx 0 type 2 op 2 soft 0 hard 0
Aug 14 20:31:18.864320 n bluetoothd[2821]: src/rfkill.c:rfkill_event() RFKILL unblock for hci0
Aug 14 20:31:18.864394 n bluetoothd[2821]: src/adapter.c:adapter_set_power_state() off
Aug 14 20:31:18.864407 n bluetoothd[2821]: src/adapter.c:adapter_set_power_state() off-enabling
Aug 14 20:31:18.864417 n bluetoothd[2821]: src/adapter.c:set_mode() sending set mode command for index 0
Aug 14 20:31:19.052798 n bluetoothd[2821]: src/shared/mgmt.c:can_read_data() [0x0000] event 0x0007
Aug 14 20:31:19.052821 n bluetoothd[2821]: src/adapter.c:dev_class_changed_callback() Class: 0x7c010c
Aug 14 20:31:19.058810 n bluetoothd[2821]: src/shared/mgmt.c:can_read_data() [0x0000] command 0x0005 complete: 0x00
Aug 14 20:31:19.058832 n bluetoothd[2821]: src/adapter.c:property_set_mode_complete() Success (0x00)
Aug 14 20:31:19.058862 n bluetoothd[2821]: src/adapter.c:adapter_set_power_state() on
Aug 14 20:31:19.058876 n bluetoothd[2821]: src/adapter.c:new_settings_callback() Settings: 0x00000ad1
Aug 14 20:31:19.058887 n bluetoothd[2821]: src/adapter.c:settings_changed() Changed settings: 0x00000001
Aug 14 20:31:19.058897 n bluetoothd[2821]: src/adapter.c:settings_changed() Pending settings: 0x00000000
Aug 14 20:31:19.058913 n bluetoothd[2821]: src/adapter.c:adapter_start() adapter /org/bluez/hci0 has been enabled
Aug 14 20:31:19.058924 n bluetoothd[2821]: src/adapter.c:trigger_passive_scanning()
Aug 14 20:31:19.058978 n bluetoothd[2821]: src/shared/mgmt.c:send_request() [0x0000] command 0x0005
Aug 14 20:31:19.059017 n bluetoothd[2821]: src/shared/mgmt.c:can_read_data() [0x0000] command 0x0005 complete: 0x00
Aug 14 20:31:19.059880 n bluetoothd[2821]: src/adapter.c:set_discovery_filter() sender :1.125
Aug 14 20:31:19.059897 n bluetoothd[2821]: src/adapter.c:parse_discovery_filter_dict() filtered discovery params: transport: 7 rssi: 32767 pathloss: 32767  duplicate data: false discoverable true pattern (null)
Aug 14 20:31:19.059915 n bluetoothd[2821]: src/adapter.c:set_discovery_filter() successfully pre-set filter
Aug 14 20:31:19.061017 n bluetoothd[2821]: src/adapter.c:start_discovery() sender :1.125
Aug 14 20:31:19.061028 n bluetoothd[2821]: src/adapter.c:update_discovery_filter()
Aug 14 20:31:19.061033 n bluetoothd[2821]: src/adapter.c:discovery_filter_to_mgmt_cp()
Aug 14 20:31:19.061038 n bluetoothd[2821]: src/adapter.c:set_discoverable() sending set mode command for index 0
Aug 14 20:31:19.061043 n bluetoothd[2821]: src/adapter.c:set_mode() sending set mode command for index 0
Aug 14 20:31:19.061051 n bluetoothd[2821]: src/adapter.c:trigger_start_discovery()
Aug 14 20:31:19.061055 n bluetoothd[2821]: src/adapter.c:cancel_passive_scanning()
Aug 14 20:31:19.061083 n bluetoothd[2821]: src/shared/mgmt.c:send_request() [0x0000] command 0x0007
Aug 14 20:31:19.061095 n bluetoothd[2821]: src/adapter.c:start_discovery_timeout()
Aug 14 20:31:19.061101 n bluetoothd[2821]: src/adapter.c:start_discovery_timeout() adapter->current_discovery_filter == 0
Aug 14 20:31:19.061119 n bluetoothd[2821]: src/shared/mgmt.c:can_read_data() [0x0000] command 0x0007 complete: 0x00
Aug 14 20:31:19.061126 n bluetoothd[2821]: src/adapter.c:new_settings_callback() Settings: 0x00000ad3
Aug 14 20:31:19.061133 n bluetoothd[2821]: src/adapter.c:settings_changed() Changed settings: 0x00000002
Aug 14 20:31:19.061139 n bluetoothd[2821]: src/adapter.c:settings_changed() Pending settings: 0x00000000
Aug 14 20:31:19.061158 n bluetoothd[2821]: src/shared/mgmt.c:send_request() [0x0000] command 0x0006
Aug 14 20:31:19.066735 n bluetoothd[2821]: src/shared/mgmt.c:can_read_data() [0x0000] command 0x0006 complete: 0x00
Aug 14 20:31:19.066749 n bluetoothd[2821]: src/adapter.c:new_settings_callback() Settings: 0x00000adb
Aug 14 20:31:19.066758 n bluetoothd[2821]: src/adapter.c:settings_changed() Changed settings: 0x00000008
Aug 14 20:31:19.066765 n bluetoothd[2821]: src/adapter.c:settings_changed() Pending settings: 0x00000000
Aug 14 20:31:19.066812 n bluetoothd[2821]: src/shared/mgmt.c:send_request() [0x0000] command 0x0023
Aug 14 20:31:19.076691 n bluetoothd[2821]: src/shared/mgmt.c:can_read_data() [0x0000] event 0x0013
Aug 14 20:31:19.076703 n bluetoothd[2821]: src/adapter.c:discovering_callback() hci0 type 7 discovering 1 method 0
Aug 14 20:31:19.076727 n bluetoothd[2821]: src/shared/mgmt.c:can_read_data() [0x0000] command 0x0023 complete: 0x00
Aug 14 20:31:19.076735 n bluetoothd[2821]: src/adapter.c:start_discovery_complete() status 0x00
Aug 14 20:31:19.140321 n bluetoothd[2821]: src/shared/mgmt.c:can_read_data() [0x0000] event 0x0012
Aug 14 20:31:19.140363 n bluetoothd[2821]: src/adapter.c:device_found_callback() hci0 addr AA:BB:CC:00:00:09, rssi -63 flags 0x0004 eir_len 31
Aug 14 20:31:19.287872 n bluetoothd[2821]: src/shared/mgmt.c:can_read_data() [0x0000] event 0x0012
Aug 14 20:31:19.287896 n bluetoothd[2821]: src/adapter.c:device_found_callback() hci0 addr AA:BB:CC:00:00:02, rssi -55 flags 0x0000 eir_len 19
Aug 14 20:31:19.561057 n bluetoothd[2821]: src/shared/mgmt.c:can_read_data() [0x0000] event 0x0012
Aug 14 20:31:19.561074 n bluetoothd[2821]: src/adapter.c:device_found_callback() hci0 addr AA:BB:CC:00:00:10, rssi -59 flags 0x0000 eir_len 29
Aug 14 20:31:19.561097 n bluetoothd[2821]: src/device.c:device_set_legacy() legacy 0
Aug 14 20:31:19.561106 n bluetoothd[2821]: src/device.c:device_set_rssi_with_delta() rssi -59
Aug 14 20:31:19.561124 n bluetoothd[2821]: src/device.c:device_set_flags() flags 2
Aug 14 20:31:19.675528 n bluetoothd[2821]: src/shared/mgmt.c:can_read_data() [0x0000] event 0x0013
Aug 14 20:31:19.675552 n bluetoothd[2821]: src/adapter.c:discovering_callback() hci0 type 7 discovering 0 method 0
Aug 14 20:31:19.675565 n bluetoothd[2821]: src/adapter.c:trigger_start_discovery()
Aug 14 20:31:19.675576 n bluetoothd[2821]: src/adapter.c:cancel_passive_scanning()
Aug 14 20:31:19.675634 n bluetoothd[2821]: src/shared/mgmt.c:can_read_data() [0x0000] event 0x0007
Aug 14 20:31:19.675654 n bluetoothd[2821]: src/adapter.c:dev_class_changed_callback() Class: 0x000000
Aug 14 20:31:19.675689 n bluetoothd[2821]: src/shared/mgmt.c:can_read_data() [0x0000] event 0x0006
Aug 14 20:31:19.675706 n bluetoothd[2821]: src/adapter.c:new_settings_callback() Settings: 0x00000ada
Aug 14 20:31:19.675717 n bluetoothd[2821]: src/adapter.c:settings_changed() Changed settings: 0x00000001
Aug 14 20:31:19.675733 n bluetoothd[2821]: src/adapter.c:settings_changed() Pending settings: 0x00000000
Aug 14 20:31:19.675750 n bluetoothd[2821]: src/adapter.c:cancel_passive_scanning()
Aug 14 20:31:19.675761 n bluetoothd[2821]: src/adapter.c:discovery_free() 0x5d6eb326cfa0
Aug 14 20:31:19.675786 n bluetoothd[2821]: src/device.c:device_set_rssi_with_delta() rssi 0
Aug 14 20:31:19.675802 n bluetoothd[2821]: src/adapter.c:set_discoverable() sending set mode command for index 0
Aug 14 20:31:19.675813 n bluetoothd[2821]: src/adapter.c:set_mode() sending set mode command for index 0
Aug 14 20:31:19.675839 n bluetoothd[2821]: src/adapter.c:adapter_stop() adapter /org/bluez/hci0 has been disabled
Aug 14 20:31:19.675871 n bluetoothd[2821]: src/rfkill.c:rfkill_event() RFKILL event idx 0 type 2 op 2 soft 1 hard 0
Aug 14 20:31:19.675941 n bluetoothd[2821]: src/rfkill.c:rfkill_event() RFKILL unblock for hci0
Aug 14 20:31:19.675954 n bluetoothd[2821]: src/adapter.c:adapter_set_power_state() off-blocked
Aug 14 20:31:19.675991 n bluetoothd[2821]: src/shared/mgmt.c:send_request() [0x0000] command 0x0007
Aug 14 20:31:19.676022 n bluetoothd[2821]: src/shared/mgmt.c:can_read_data() [0x0000] command 0x0007 complete: 0x00
Aug 14 20:31:19.676034 n bluetoothd[2821]: src/adapter.c:new_settings_callback() Settings: 0x00000ad0
Aug 14 20:31:19.676044 n bluetoothd[2821]: src/adapter.c:settings_changed() Changed settings: 0x0000000a
Aug 14 20:31:19.676054 n bluetoothd[2821]: src/adapter.c:settings_changed() Pending settings: 0x00000000
Aug 14 20:31:20.446883 n bluetoothd[2821]: src/adapter.c:property_set_mode() sending Set Powered command for index 0
Aug 14 20:31:20.446952 n bluetoothd[2821]: src/shared/mgmt.c:send_request() [0x0000] command 0x0005
Aug 14 20:31:20.446973 n bluetoothd[2821]: src/rfkill.c:rfkill_event() RFKILL event idx 0 type 2 op 2 soft 0 hard 0
Aug 14 20:31:20.447026 n bluetoothd[2821]: src/rfkill.c:rfkill_event() RFKILL unblock for hci0
Aug 14 20:31:20.447083 n bluetoothd[2821]: src/adapter.c:adapter_set_power_state() off
Aug 14 20:31:20.447096 n bluetoothd[2821]: src/adapter.c:adapter_set_power_state() off-enabling
Aug 14 20:31:20.447104 n bluetoothd[2821]: src/adapter.c:set_mode() sending set mode command for index 0
Aug 14 20:31:20.636135 n bluetoothd[2821]: src/shared/mgmt.c:can_read_data() [0x0000] event 0x0007
Aug 14 20:31:20.636160 n bluetoothd[2821]: src/adapter.c:dev_class_changed_callback() Class: 0x7c010c
Aug 14 20:31:20.642049 n bluetoothd[2821]: src/shared/mgmt.c:can_read_data() [0x0000] command 0x0005 complete: 0x00
Aug 14 20:31:20.642075 n bluetoothd[2821]: src/adapter.c:property_set_mode_complete() Success (0x00)
Aug 14 20:31:20.642118 n bluetoothd[2821]: src/adapter.c:adapter_set_power_state() on
Aug 14 20:31:20.642136 n bluetoothd[2821]: src/adapter.c:new_settings_callback() Settings: 0x00000ad1
Aug 14 20:31:20.642148 n bluetoothd[2821]: src/adapter.c:settings_changed() Changed settings: 0x00000001
Aug 14 20:31:20.642162 n bluetoothd[2821]: src/adapter.c:settings_changed() Pending settings: 0x00000000
Aug 14 20:31:20.642181 n bluetoothd[2821]: src/adapter.c:adapter_start() adapter /org/bluez/hci0 has been enabled
Aug 14 20:31:20.642193 n bluetoothd[2821]: src/adapter.c:trigger_passive_scanning()
Aug 14 20:31:20.642249 n bluetoothd[2821]: src/shared/mgmt.c:send_request() [0x0000] command 0x0005
Aug 14 20:31:20.642281 n bluetoothd[2821]: src/shared/mgmt.c:can_read_data() [0x0000] command 0x0005 complete: 0x00
Aug 14 20:31:20.643381 n bluetoothd[2821]: src/adapter.c:set_discovery_filter() sender :1.125
Aug 14 20:31:20.643392 n bluetoothd[2821]: src/adapter.c:parse_discovery_filter_dict() filtered discovery params: transport: 7 rssi: 32767 pathloss: 32767  duplicate data: false discoverable true pattern (null)
Aug 14 20:31:20.643405 n bluetoothd[2821]: src/adapter.c:set_discovery_filter() successfully pre-set filter
Aug 14 20:31:20.644544 n bluetoothd[2821]: src/adapter.c:start_discovery() sender :1.125
Aug 14 20:31:20.644554 n bluetoothd[2821]: src/adapter.c:update_discovery_filter()
Aug 14 20:31:20.644559 n bluetoothd[2821]: src/adapter.c:discovery_filter_to_mgmt_cp()
Aug 14 20:31:20.644565 n bluetoothd[2821]: src/adapter.c:set_discoverable() sending set mode command for index 0
Aug 14 20:31:20.644571 n bluetoothd[2821]: src/adapter.c:set_mode() sending set mode command for index 0
Aug 14 20:31:20.644579 n bluetoothd[2821]: src/adapter.c:trigger_start_discovery()
Aug 14 20:31:20.644584 n bluetoothd[2821]: src/adapter.c:cancel_passive_scanning()
Aug 14 20:31:20.644610 n bluetoothd[2821]: src/shared/mgmt.c:send_request() [0x0000] command 0x0007
Aug 14 20:31:20.644622 n bluetoothd[2821]: src/adapter.c:start_discovery_timeout()
Aug 14 20:31:20.644627 n bluetoothd[2821]: src/adapter.c:start_discovery_timeout() adapter->current_discovery_filter == 0
Aug 14 20:31:20.644639 n bluetoothd[2821]: src/shared/mgmt.c:can_read_data() [0x0000] command 0x0007 complete: 0x00
Aug 14 20:31:20.644644 n bluetoothd[2821]: src/adapter.c:new_settings_callback() Settings: 0x00000ad3
Aug 14 20:31:20.644650 n bluetoothd[2821]: src/adapter.c:settings_changed() Changed settings: 0x00000002
Aug 14 20:31:20.644655 n bluetoothd[2821]: src/adapter.c:settings_changed() Pending settings: 0x00000000
Aug 14 20:31:20.644675 n bluetoothd[2821]: src/shared/mgmt.c:send_request() [0x0000] command 0x0006
Aug 14 20:31:20.650805 n bluetoothd[2821]: src/shared/mgmt.c:can_read_data() [0x0000] command 0x0006 complete: 0x00
Aug 14 20:31:20.650821 n bluetoothd[2821]: src/adapter.c:new_settings_callback() Settings: 0x00000adb
Aug 14 20:31:20.650830 n bluetoothd[2821]: src/adapter.c:settings_changed() Changed settings: 0x00000008
Aug 14 20:31:20.650841 n bluetoothd[2821]: src/adapter.c:settings_changed() Pending settings: 0x00000000
Aug 14 20:31:20.650895 n bluetoothd[2821]: src/shared/mgmt.c:send_request() [0x0000] command 0x0023
Aug 14 20:31:20.660755 n bluetoothd[2821]: src/shared/mgmt.c:can_read_data() [0x0000] event 0x0013
Aug 14 20:31:20.660769 n bluetoothd[2821]: src/adapter.c:discovering_callback() hci0 type 7 discovering 1 method 0
Aug 14 20:31:20.660792 n bluetoothd[2821]: src/shared/mgmt.c:can_read_data() [0x0000] command 0x0023 complete: 0x00
Aug 14 20:31:20.660800 n bluetoothd[2821]: src/adapter.c:start_discovery_complete() status 0x00
Aug 14 20:31:20.765832 n bluetoothd[2821]: src/shared/mgmt.c:can_read_data() [0x0000] event 0x0012
Aug 14 20:31:20.765849 n bluetoothd[2821]: src/adapter.c:device_found_callback() hci0 addr AA:BB:CC:00:00:02, rssi -56 flags 0x0000 eir_len 19
Aug 14 20:31:20.784925 n bluetoothd[2821]: src/shared/mgmt.c:can_read_data() [0x0000] event 0x0012
Aug 14 20:31:20.784956 n bluetoothd[2821]: src/adapter.c:device_found_callback() hci0 addr AA:BB:CC:00:00:10, rssi -59 flags 0x0000 eir_len 29
Aug 14 20:31:20.784991 n bluetoothd[2821]: src/device.c:device_set_legacy() legacy 0
Aug 14 20:31:20.785004 n bluetoothd[2821]: src/device.c:device_set_rssi_with_delta() rssi -59
Aug 14 20:31:20.785028 n bluetoothd[2821]: src/device.c:device_set_flags() flags 2
Aug 14 20:31:20.788854 n bluetoothd[2821]: src/shared/mgmt.c:can_read_data() [0x0000] event 0x0012
Aug 14 20:31:20.788875 n bluetoothd[2821]: src/adapter.c:device_found_callback() hci0 addr AA:BB:CC:00:00:09, rssi -64 flags 0x0004 eir_len 31
Aug 14 20:31:20.972970 n bluetoothd[2821]: src/shared/mgmt.c:can_read_data() [0x0000] event 0x0012
Aug 14 20:31:20.972997 n bluetoothd[2821]: src/adapter.c:device_found_callback() hci0 addr AA:BB:CC:00:00:02, rssi -51 flags 0x0000 eir_len 19
Aug 14 20:31:21.152944 n bluetoothd[2821]: src/shared/mgmt.c:can_read_data() [0x0000] event 0x0012
Aug 14 20:31:21.152993 n bluetoothd[2821]: src/adapter.c:device_found_callback() hci0 addr AA:BB:CC:00:00:10, rssi -64 flags 0x0000 eir_len 29
Aug 14 20:31:21.153022 n bluetoothd[2821]: src/device.c:device_set_legacy() legacy 0
Aug 14 20:31:21.153046 n bluetoothd[2821]: src/device.c:device_set_flags() flags 2
Aug 14 20:31:21.165424 n bluetoothd[2821]: src/shared/mgmt.c:can_read_data() [0x0000] event 0x0013
Aug 14 20:31:21.165436 n bluetoothd[2821]: src/adapter.c:discovering_callback() hci0 type 7 discovering 0 method 0
Aug 14 20:31:21.165443 n bluetoothd[2821]: src/adapter.c:trigger_start_discovery()
Aug 14 20:31:21.165449 n bluetoothd[2821]: src/adapter.c:cancel_passive_scanning()
Aug 14 20:31:21.165469 n bluetoothd[2821]: src/shared/mgmt.c:can_read_data() [0x0000] event 0x0007
Aug 14 20:31:21.165477 n bluetoothd[2821]: src/adapter.c:dev_class_changed_callback() Class: 0x000000
Aug 14 20:31:21.165497 n bluetoothd[2821]: src/shared/mgmt.c:can_read_data() [0x0000] event 0x0006
Aug 14 20:31:21.165505 n bluetoothd[2821]: src/adapter.c:new_settings_callback() Settings: 0x00000ada
Aug 14 20:31:21.165511 n bluetoothd[2821]: src/adapter.c:settings_changed() Changed settings: 0x00000001
Aug 14 20:31:21.165519 n bluetoothd[2821]: src/adapter.c:settings_changed() Pending settings: 0x00000000
Aug 14 20:31:21.165534 n bluetoothd[2821]: src/adapter.c:cancel_passive_scanning()
Aug 14 20:31:21.165542 n bluetoothd[2821]: src/adapter.c:discovery_free() 0x5d6eb32926e0
Aug 14 20:31:21.165557 n bluetoothd[2821]: src/device.c:device_set_rssi_with_delta() rssi 0
Aug 14 20:31:21.165566 n bluetoothd[2821]: src/adapter.c:set_discoverable() sending set mode command for index 0
Aug 14 20:31:21.165580 n bluetoothd[2821]: src/adapter.c:set_mode() sending set mode command for index 0
Aug 14 20:31:21.165591 n bluetoothd[2821]: src/adapter.c:adapter_stop() adapter /org/bluez/hci0 has been disabled
Aug 14 20:31:21.165622 n bluetoothd[2821]: src/shared/mgmt.c:send_request() [0x0000] command 0x0007
Aug 14 20:31:21.165642 n bluetoothd[2821]: src/shared/mgmt.c:can_read_data() [0x0000] command 0x0007 complete: 0x00
Aug 14 20:31:21.165652 n bluetoothd[2821]: src/adapter.c:new_settings_callback() Settings: 0x00000ad0
Aug 14 20:31:21.165659 n bluetoothd[2821]: src/adapter.c:settings_changed() Changed settings: 0x0000000a
Aug 14 20:31:21.165665 n bluetoothd[2821]: src/adapter.c:settings_changed() Pending settings: 0x00000000
Aug 14 20:31:21.171245 n bluetoothd[2821]: src/rfkill.c:rfkill_event() RFKILL event idx 0 type 2 op 2 soft 1 hard 0
Aug 14 20:31:21.171301 n bluetoothd[2821]: src/rfkill.c:rfkill_event() RFKILL unblock for hci0
Aug 14 20:31:21.171316 n bluetoothd[2821]: src/adapter.c:adapter_set_power_state() off-blocked
Aug 14 20:31:21.297054 n bluetoothd[2821]: src/adapter.c:property_set_mode() sending Set Powered command for index 0
Aug 14 20:31:21.297105 n bluetoothd[2821]: src/rfkill.c:rfkill_event() RFKILL event idx 0 type 2 op 2 soft 0 hard 0
Aug 14 20:31:21.297157 n bluetoothd[2821]: src/rfkill.c:rfkill_event() RFKILL unblock for hci0
Aug 14 20:31:21.297196 n bluetoothd[2821]: src/adapter.c:adapter_set_power_state() off
Aug 14 20:31:21.297207 n bluetoothd[2821]: src/adapter.c:adapter_set_power_state() off-enabling
Aug 14 20:31:21.297215 n bluetoothd[2821]: src/adapter.c:set_mode() sending set mode command for index 0
Aug 14 20:31:21.297243 n bluetoothd[2821]: src/shared/mgmt.c:send_request() [0x0000] command 0x0005
Aug 14 20:31:21.486222 n bluetoothd[2821]: src/shared/mgmt.c:can_read_data() [0x0000] event 0x0007
Aug 14 20:31:21.486243 n bluetoothd[2821]: src/adapter.c:dev_class_changed_callback() Class: 0x7c010c
Aug 14 20:31:21.492073 n bluetoothd[2821]: src/shared/mgmt.c:can_read_data() [0x0000] command 0x0005 complete: 0x00
Aug 14 20:31:21.492102 n bluetoothd[2821]: src/adapter.c:property_set_mode_complete() Success (0x00)
Aug 14 20:31:21.492151 n bluetoothd[2821]: src/adapter.c:adapter_set_power_state() on
Aug 14 20:31:21.492178 n bluetoothd[2821]: src/adapter.c:new_settings_callback() Settings: 0x00000ad1
Aug 14 20:31:21.492190 n bluetoothd[2821]: src/adapter.c:settings_changed() Changed settings: 0x00000001
Aug 14 20:31:21.492203 n bluetoothd[2821]: src/adapter.c:settings_changed() Pending settings: 0x00000000
Aug 14 20:31:21.492221 n bluetoothd[2821]: src/adapter.c:adapter_start() adapter /org/bluez/hci0 has been enabled
Aug 14 20:31:21.492235 n bluetoothd[2821]: src/adapter.c:trigger_passive_scanning()
Aug 14 20:31:21.492301 n bluetoothd[2821]: src/shared/mgmt.c:send_request() [0x0000] command 0x0005
Aug 14 20:31:21.492331 n bluetoothd[2821]: src/shared/mgmt.c:can_read_data() [0x0000] command 0x0005 complete: 0x00
Aug 14 20:31:21.493627 n bluetoothd[2821]: src/adapter.c:set_discovery_filter() sender :1.125
Aug 14 20:31:21.493639 n bluetoothd[2821]: src/adapter.c:parse_discovery_filter_dict() filtered discovery params: transport: 7 rssi: 32767 pathloss: 32767  duplicate data: false discoverable true pattern (null)
Aug 14 20:31:21.493652 n bluetoothd[2821]: src/adapter.c:set_discovery_filter() successfully pre-set filter
Aug 14 20:31:21.494700 n bluetoothd[2821]: src/adapter.c:start_discovery() sender :1.125
Aug 14 20:31:21.494710 n bluetoothd[2821]: src/adapter.c:update_discovery_filter()
Aug 14 20:31:21.494716 n bluetoothd[2821]: src/adapter.c:discovery_filter_to_mgmt_cp()
Aug 14 20:31:21.494721 n bluetoothd[2821]: src/adapter.c:set_discoverable() sending set mode command for index 0
Aug 14 20:31:21.494727 n bluetoothd[2821]: src/adapter.c:set_mode() sending set mode command for index 0
Aug 14 20:31:21.494735 n bluetoothd[2821]: src/adapter.c:trigger_start_discovery()
Aug 14 20:31:21.494740 n bluetoothd[2821]: src/adapter.c:cancel_passive_scanning()
Aug 14 20:31:21.494767 n bluetoothd[2821]: src/shared/mgmt.c:send_request() [0x0000] command 0x0007
Aug 14 20:31:21.494779 n bluetoothd[2821]: src/adapter.c:start_discovery_timeout()
Aug 14 20:31:21.494787 n bluetoothd[2821]: src/adapter.c:start_discovery_timeout() adapter->current_discovery_filter == 0
Aug 14 20:31:21.494801 n bluetoothd[2821]: src/shared/mgmt.c:can_read_data() [0x0000] command 0x0007 complete: 0x00
Aug 14 20:31:21.494806 n bluetoothd[2821]: src/adapter.c:new_settings_callback() Settings: 0x00000ad3
Aug 14 20:31:21.494811 n bluetoothd[2821]: src/adapter.c:settings_changed() Changed settings: 0x00000002
Aug 14 20:31:21.494818 n bluetoothd[2821]: src/adapter.c:settings_changed() Pending settings: 0x00000000
Aug 14 20:31:21.494839 n bluetoothd[2821]: src/shared/mgmt.c:send_request() [0x0000] command 0x0006
Aug 14 20:31:21.500834 n bluetoothd[2821]: src/shared/mgmt.c:can_read_data() [0x0000] command 0x0006 complete: 0x00
Aug 14 20:31:21.500849 n bluetoothd[2821]: src/adapter.c:new_settings_callback() Settings: 0x00000adb
Aug 14 20:31:21.500858 n bluetoothd[2821]: src/adapter.c:settings_changed() Changed settings: 0x00000008
Aug 14 20:31:21.500865 n bluetoothd[2821]: src/adapter.c:settings_changed() Pending settings: 0x00000000
Aug 14 20:31:21.500916 n bluetoothd[2821]: src/shared/mgmt.c:send_request() [0x0000] command 0x0023
Aug 14 20:31:21.510793 n bluetoothd[2821]: src/shared/mgmt.c:can_read_data() [0x0000] event 0x0013
Aug 14 20:31:21.510809 n bluetoothd[2821]: src/adapter.c:discovering_callback() hci0 type 7 discovering 1 method 0
Aug 14 20:31:21.510841 n bluetoothd[2821]: src/shared/mgmt.c:can_read_data() [0x0000] command 0x0023 complete: 0x00
Aug 14 20:31:21.510851 n bluetoothd[2821]: src/adapter.c:start_discovery_complete() status 0x00
Aug 14 20:31:21.601950 n bluetoothd[2821]: src/shared/mgmt.c:can_read_data() [0x0000] event 0x0012
Aug 14 20:31:21.601979 n bluetoothd[2821]: src/adapter.c:device_found_callback() hci0 addr AA:BB:CC:00:00:02, rssi -52 flags 0x0000 eir_len 19
Aug 14 20:31:21.610256 n bluetoothd[2821]: src/shared/mgmt.c:can_read_data() [0x0000] event 0x0012
Aug 14 20:31:21.610277 n bluetoothd[2821]: src/adapter.c:device_found_callback() hci0 addr AA:BB:CC:00:00:10, rssi -64 flags 0x0000 eir_len 29
Aug 14 20:31:21.610303 n bluetoothd[2821]: src/device.c:device_set_legacy() legacy 0
Aug 14 20:31:21.610316 n bluetoothd[2821]: src/device.c:device_set_rssi_with_delta() rssi -64
Aug 14 20:31:21.610365 n bluetoothd[2821]: src/device.c:device_set_flags() flags 2
Aug 14 20:31:21.644545 n bluetoothd[2821]: src/shared/mgmt.c:can_read_data() [0x0000] event 0x0013
Aug 14 20:31:21.644577 n bluetoothd[2821]: src/adapter.c:discovering_callback() hci0 type 7 discovering 0 method 0
Aug 14 20:31:21.644590 n bluetoothd[2821]: src/adapter.c:trigger_start_discovery()
Aug 14 20:31:21.644600 n bluetoothd[2821]: src/adapter.c:cancel_passive_scanning()
Aug 14 20:31:21.644636 n bluetoothd[2821]: src/shared/mgmt.c:can_read_data() [0x0000] event 0x0007
Aug 14 20:31:21.644650 n bluetoothd[2821]: src/adapter.c:dev_class_changed_callback() Class: 0x000000
Aug 14 20:31:21.644684 n bluetoothd[2821]: src/shared/mgmt.c:can_read_data() [0x0000] event 0x0006
Aug 14 20:31:21.644697 n bluetoothd[2821]: src/adapter.c:new_settings_callback() Settings: 0x00000ada
Aug 14 20:31:21.644707 n bluetoothd[2821]: src/adapter.c:settings_changed() Changed settings: 0x00000001
Aug 14 20:31:21.644718 n bluetoothd[2821]: src/adapter.c:settings_changed() Pending settings: 0x00000000
Aug 14 20:31:21.644732 n bluetoothd[2821]: src/adapter.c:cancel_passive_scanning()
Aug 14 20:31:21.644744 n bluetoothd[2821]: src/adapter.c:discovery_free() 0x5d6eb32a86f0
Aug 14 20:31:21.644772 n bluetoothd[2821]: src/device.c:device_set_rssi_with_delta() rssi 0
Aug 14 20:31:21.644792 n bluetoothd[2821]: src/adapter.c:set_discoverable() sending set mode command for index 0
Aug 14 20:31:21.644803 n bluetoothd[2821]: src/adapter.c:set_mode() sending set mode command for index 0
Aug 14 20:31:21.644821 n bluetoothd[2821]: src/adapter.c:adapter_stop() adapter /org/bluez/hci0 has been disabled
Aug 14 20:31:21.644869 n bluetoothd[2821]: src/shared/mgmt.c:send_request() [0x0000] command 0x0007
Aug 14 20:31:21.644899 n bluetoothd[2821]: src/shared/mgmt.c:can_read_data() [0x0000] command 0x0007 complete: 0x00
Aug 14 20:31:21.644910 n bluetoothd[2821]: src/adapter.c:new_settings_callback() Settings: 0x00000ad0
Aug 14 20:31:21.644923 n bluetoothd[2821]: src/adapter.c:settings_changed() Changed settings: 0x0000000a
Aug 14 20:31:21.644938 n bluetoothd[2821]: src/adapter.c:settings_changed() Pending settings: 0x00000000
Aug 14 20:31:21.651042 n bluetoothd[2821]: src/rfkill.c:rfkill_event() RFKILL event idx 0 type 2 op 2 soft 1 hard 0
Aug 14 20:31:21.651100 n bluetoothd[2821]: src/rfkill.c:rfkill_event() RFKILL unblock for hci0
Aug 14 20:31:21.651115 n bluetoothd[2821]: src/adapter.c:adapter_set_power_state() off-blocked
Aug 14 20:31:21.779811 n bluetoothd[2821]: src/adapter.c:property_set_mode() sending Set Powered command for index 0
Aug 14 20:31:21.779895 n bluetoothd[2821]: src/shared/mgmt.c:send_request() [0x0000] command 0x0005
Aug 14 20:31:21.779920 n bluetoothd[2821]: src/rfkill.c:rfkill_event() RFKILL event idx 0 type 2 op 2 soft 0 hard 0
Aug 14 20:31:21.779980 n bluetoothd[2821]: src/rfkill.c:rfkill_event() RFKILL unblock for hci0
Aug 14 20:31:21.780032 n bluetoothd[2821]: src/adapter.c:adapter_set_power_state() off
Aug 14 20:31:21.780044 n bluetoothd[2821]: src/adapter.c:adapter_set_power_state() off-enabling
Aug 14 20:31:21.780059 n bluetoothd[2821]: src/adapter.c:set_mode() sending set mode command for index 0
Aug 14 20:31:21.968858 n bluetoothd[2821]: src/shared/mgmt.c:can_read_data() [0x0000] event 0x0007
Aug 14 20:31:21.968887 n bluetoothd[2821]: src/adapter.c:dev_class_changed_callback() Class: 0x7c010c
Aug 14 20:31:21.974864 n bluetoothd[2821]: src/shared/mgmt.c:can_read_data() [0x0000] command 0x0005 complete: 0x00
Aug 14 20:31:21.974892 n bluetoothd[2821]: src/adapter.c:property_set_mode_complete() Success (0x00)
Aug 14 20:31:21.974937 n bluetoothd[2821]: src/adapter.c:adapter_set_power_state() on
Aug 14 20:31:21.974960 n bluetoothd[2821]: src/adapter.c:new_settings_callback() Settings: 0x00000ad1
Aug 14 20:31:21.974979 n bluetoothd[2821]: src/adapter.c:settings_changed() Changed settings: 0x00000001
Aug 14 20:31:21.974996 n bluetoothd[2821]: src/adapter.c:settings_changed() Pending settings: 0x00000000
Aug 14 20:31:21.975018 n bluetoothd[2821]: src/adapter.c:adapter_start() adapter /org/bluez/hci0 has been enabled
Aug 14 20:31:21.975036 n bluetoothd[2821]: src/adapter.c:trigger_passive_scanning()
Aug 14 20:31:21.975135 n bluetoothd[2821]: src/shared/mgmt.c:send_request() [0x0000] command 0x0005
Aug 14 20:31:21.975186 n bluetoothd[2821]: src/shared/mgmt.c:can_read_data() [0x0000] command 0x0005 complete: 0x00
Aug 14 20:31:21.976067 n bluetoothd[2821]: src/adapter.c:set_discovery_filter() sender :1.125
Aug 14 20:31:21.976086 n bluetoothd[2821]: src/adapter.c:parse_discovery_filter_dict() filtered discovery params: transport: 7 rssi: 32767 pathloss: 32767  duplicate data: false discoverable true pattern (null)
Aug 14 20:31:21.976104 n bluetoothd[2821]: src/adapter.c:set_discovery_filter() successfully pre-set filter
Aug 14 20:31:21.977253 n bluetoothd[2821]: src/adapter.c:start_discovery() sender :1.125
Aug 14 20:31:21.977262 n bluetoothd[2821]: src/adapter.c:update_discovery_filter()
Aug 14 20:31:21.977267 n bluetoothd[2821]: src/adapter.c:discovery_filter_to_mgmt_cp()
Aug 14 20:31:21.977272 n bluetoothd[2821]: src/adapter.c:set_discoverable() sending set mode command for index 0
Aug 14 20:31:21.977277 n bluetoothd[2821]: src/adapter.c:set_mode() sending set mode command for index 0
Aug 14 20:31:21.977285 n bluetoothd[2821]: src/adapter.c:trigger_start_discovery()
Aug 14 20:31:21.977291 n bluetoothd[2821]: src/adapter.c:cancel_passive_scanning()
Aug 14 20:31:21.977317 n bluetoothd[2821]: src/shared/mgmt.c:send_request() [0x0000] command 0x0007
Aug 14 20:31:21.977329 n bluetoothd[2821]: src/adapter.c:start_discovery_timeout()
Aug 14 20:31:21.977343 n bluetoothd[2821]: src/adapter.c:start_discovery_timeout() adapter->current_discovery_filter == 0
Aug 14 20:31:21.977363 n bluetoothd[2821]: src/shared/mgmt.c:can_read_data() [0x0000] command 0x0007 complete: 0x00
Aug 14 20:31:21.977369 n bluetoothd[2821]: src/adapter.c:new_settings_callback() Settings: 0x00000ad3
Aug 14 20:31:21.977374 n bluetoothd[2821]: src/adapter.c:settings_changed() Changed settings: 0x00000002
Aug 14 20:31:21.977378 n bluetoothd[2821]: src/adapter.c:settings_changed() Pending settings: 0x00000000
Aug 14 20:31:21.977401 n bluetoothd[2821]: src/shared/mgmt.c:send_request() [0x0000] command 0x0006
Aug 14 20:31:21.982853 n bluetoothd[2821]: src/shared/mgmt.c:can_read_data() [0x0000] command 0x0006 complete: 0x00
Aug 14 20:31:21.982868 n bluetoothd[2821]: src/adapter.c:new_settings_callback() Settings: 0x00000adb
Aug 14 20:31:21.982879 n bluetoothd[2821]: src/adapter.c:settings_changed() Changed settings: 0x00000008
Aug 14 20:31:21.982888 n bluetoothd[2821]: src/adapter.c:settings_changed() Pending settings: 0x00000000
Aug 14 20:31:21.982941 n bluetoothd[2821]: src/shared/mgmt.c:send_request() [0x0000] command 0x0023
Aug 14 20:31:21.992800 n bluetoothd[2821]: src/shared/mgmt.c:can_read_data() [0x0000] event 0x0013
Aug 14 20:31:21.992809 n bluetoothd[2821]: src/adapter.c:discovering_callback() hci0 type 7 discovering 1 method 0
Aug 14 20:31:21.992826 n bluetoothd[2821]: src/shared/mgmt.c:can_read_data() [0x0000] command 0x0023 complete: 0x00
Aug 14 20:31:21.992833 n bluetoothd[2821]: src/adapter.c:start_discovery_complete() status 0x00
Aug 14 20:31:22.011914 n bluetoothd[2821]: src/shared/mgmt.c:can_read_data() [0x0000] event 0x0012
Aug 14 20:31:22.011938 n bluetoothd[2821]: src/adapter.c:device_found_callback() hci0 addr AA:BB:CC:00:00:10, rssi -59 flags 0x0000 eir_len 29
Aug 14 20:31:22.011972 n bluetoothd[2821]: src/device.c:device_set_legacy() legacy 0
Aug 14 20:31:22.011985 n bluetoothd[2821]: src/device.c:device_set_rssi_with_delta() rssi -59
Aug 14 20:31:22.012008 n bluetoothd[2821]: src/device.c:device_set_flags() flags 2
Aug 14 20:31:22.021853 n bluetoothd[2821]: src/shared/mgmt.c:can_read_data() [0x0000] event 0x0012
Aug 14 20:31:22.021876 n bluetoothd[2821]: src/adapter.c:device_found_callback() hci0 addr AA:BB:CC:00:00:02, rssi -52 flags 0x0000 eir_len 19
Aug 14 20:31:22.098437 n bluetoothd[2821]: src/shared/mgmt.c:can_read_data() [0x0000] event 0x0013
Aug 14 20:31:22.098452 n bluetoothd[2821]: src/adapter.c:discovering_callback() hci0 type 7 discovering 0 method 0
Aug 14 20:31:22.098459 n bluetoothd[2821]: src/adapter.c:trigger_start_discovery()
Aug 14 20:31:22.098465 n bluetoothd[2821]: src/adapter.c:cancel_passive_scanning()
Aug 14 20:31:22.098487 n bluetoothd[2821]: src/shared/mgmt.c:can_read_data() [0x0000] event 0x0007
Aug 14 20:31:22.098499 n bluetoothd[2821]: src/adapter.c:dev_class_changed_callback() Class: 0x000000
Aug 14 20:31:22.098519 n bluetoothd[2821]: src/shared/mgmt.c:can_read_data() [0x0000] event 0x0006
Aug 14 20:31:22.098528 n bluetoothd[2821]: src/adapter.c:new_settings_callback() Settings: 0x00000ada
Aug 14 20:31:22.098533 n bluetoothd[2821]: src/adapter.c:settings_changed() Changed settings: 0x00000001
Aug 14 20:31:22.098539 n bluetoothd[2821]: src/adapter.c:settings_changed() Pending settings: 0x00000000
Aug 14 20:31:22.098547 n bluetoothd[2821]: src/adapter.c:cancel_passive_scanning()
Aug 14 20:31:22.098553 n bluetoothd[2821]: src/adapter.c:discovery_free() 0x5d6eb3253880
Aug 14 20:31:22.098570 n bluetoothd[2821]: src/device.c:device_set_rssi_with_delta() rssi 0
Aug 14 20:31:22.098585 n bluetoothd[2821]: src/adapter.c:set_discoverable() sending set mode command for index 0
Aug 14 20:31:22.098593 n bluetoothd[2821]: src/adapter.c:set_mode() sending set mode command for index 0
Aug 14 20:31:22.098607 n bluetoothd[2821]: src/adapter.c:adapter_stop() adapter /org/bluez/hci0 has been disabled
Aug 14 20:31:22.098646 n bluetoothd[2821]: src/shared/mgmt.c:send_request() [0x0000] command 0x0007
Aug 14 20:31:22.098668 n bluetoothd[2821]: src/shared/mgmt.c:can_read_data() [0x0000] command 0x0007 complete: 0x00
Aug 14 20:31:22.098676 n bluetoothd[2821]: src/adapter.c:new_settings_callback() Settings: 0x00000ad0
Aug 14 20:31:22.098683 n bluetoothd[2821]: src/adapter.c:settings_changed() Changed settings: 0x0000000a
Aug 14 20:31:22.098689 n bluetoothd[2821]: src/adapter.c:settings_changed() Pending settings: 0x00000000
Aug 14 20:31:22.104881 n bluetoothd[2821]: src/rfkill.c:rfkill_event() RFKILL event idx 0 type 2 op 2 soft 1 hard 0
Aug 14 20:31:22.104931 n bluetoothd[2821]: src/rfkill.c:rfkill_event() RFKILL unblock for hci0
Aug 14 20:31:22.104943 n bluetoothd[2821]: src/adapter.c:adapter_set_power_state() off-blocked
Aug 14 20:31:22.246026 n bluetoothd[2821]: src/adapter.c:property_set_mode() sending Set Powered command for index 0
Aug 14 20:31:22.246085 n bluetoothd[2821]: src/shared/mgmt.c:send_request() [0x0000] command 0x0005
Aug 14 20:31:22.246128 n bluetoothd[2821]: src/rfkill.c:rfkill_event() RFKILL event idx 0 type 2 op 2 soft 0 hard 0
Aug 14 20:31:22.246168 n bluetoothd[2821]: src/rfkill.c:rfkill_event() RFKILL unblock for hci0
Aug 14 20:31:22.246214 n bluetoothd[2821]: src/adapter.c:adapter_set_power_state() off
Aug 14 20:31:22.246229 n bluetoothd[2821]: src/adapter.c:adapter_set_power_state() off-enabling
Aug 14 20:31:22.246235 n bluetoothd[2821]: src/adapter.c:set_mode() sending set mode command for index 0
Aug 14 20:31:22.433895 n bluetoothd[2821]: src/shared/mgmt.c:can_read_data() [0x0000] event 0x0007
Aug 14 20:31:22.433928 n bluetoothd[2821]: src/adapter.c:dev_class_changed_callback() Class: 0x7c010c
Aug 14 20:31:22.439890 n bluetoothd[2821]: src/shared/mgmt.c:can_read_data() [0x0000] command 0x0005 complete: 0x00
Aug 14 20:31:22.439933 n bluetoothd[2821]: src/adapter.c:property_set_mode_complete() Success (0x00)
Aug 14 20:31:22.439965 n bluetoothd[2821]: src/adapter.c:adapter_set_power_state() on
Aug 14 20:31:22.439983 n bluetoothd[2821]: src/adapter.c:new_settings_callback() Settings: 0x00000ad1
Aug 14 20:31:22.439994 n bluetoothd[2821]: src/adapter.c:settings_changed() Changed settings: 0x00000001
Aug 14 20:31:22.440004 n bluetoothd[2821]: src/adapter.c:settings_changed() Pending settings: 0x00000000
Aug 14 20:31:22.440022 n bluetoothd[2821]: src/adapter.c:adapter_start() adapter /org/bluez/hci0 has been enabled
Aug 14 20:31:22.440035 n bluetoothd[2821]: src/adapter.c:trigger_passive_scanning()
Aug 14 20:31:22.440103 n bluetoothd[2821]: src/shared/mgmt.c:send_request() [0x0000] command 0x0005
Aug 14 20:31:22.440133 n bluetoothd[2821]: src/shared/mgmt.c:can_read_data() [0x0000] command 0x0005 complete: 0x00
Aug 14 20:31:22.441072 n bluetoothd[2821]: src/adapter.c:set_discovery_filter() sender :1.125
Aug 14 20:31:22.441100 n bluetoothd[2821]: src/adapter.c:parse_discovery_filter_dict() filtered discovery params: transport: 7 rssi: 32767 pathloss: 32767  duplicate data: false discoverable true pattern (null)
Aug 14 20:31:22.441121 n bluetoothd[2821]: src/adapter.c:set_discovery_filter() successfully pre-set filter
Aug 14 20:31:22.442327 n bluetoothd[2821]: src/adapter.c:start_discovery() sender :1.125
Aug 14 20:31:22.442344 n bluetoothd[2821]: src/adapter.c:update_discovery_filter()
Aug 14 20:31:22.442349 n bluetoothd[2821]: src/adapter.c:discovery_filter_to_mgmt_cp()
Aug 14 20:31:22.442355 n bluetoothd[2821]: src/adapter.c:set_discoverable() sending set mode command for index 0
Aug 14 20:31:22.442360 n bluetoothd[2821]: src/adapter.c:set_mode() sending set mode command for index 0
Aug 14 20:31:22.442368 n bluetoothd[2821]: src/adapter.c:trigger_start_discovery()
Aug 14 20:31:22.442376 n bluetoothd[2821]: src/adapter.c:cancel_passive_scanning()
Aug 14 20:31:22.442405 n bluetoothd[2821]: src/shared/mgmt.c:send_request() [0x0000] command 0x0007
Aug 14 20:31:22.442418 n bluetoothd[2821]: src/adapter.c:start_discovery_timeout()
Aug 14 20:31:22.442423 n bluetoothd[2821]: src/adapter.c:start_discovery_timeout() adapter->current_discovery_filter == 0
Aug 14 20:31:22.442435 n bluetoothd[2821]: src/shared/mgmt.c:can_read_data() [0x0000] command 0x0007 complete: 0x00
Aug 14 20:31:22.442440 n bluetoothd[2821]: src/adapter.c:new_settings_callback() Settings: 0x00000ad3
Aug 14 20:31:22.442446 n bluetoothd[2821]: src/adapter.c:settings_changed() Changed settings: 0x00000002
Aug 14 20:31:22.442451 n bluetoothd[2821]: src/adapter.c:settings_changed() Pending settings: 0x00000000
Aug 14 20:31:22.442471 n bluetoothd[2821]: src/shared/mgmt.c:send_request() [0x0000] command 0x0006
Aug 14 20:31:22.447866 n bluetoothd[2821]: src/shared/mgmt.c:can_read_data() [0x0000] command 0x0006 complete: 0x00
Aug 14 20:31:22.447881 n bluetoothd[2821]: src/adapter.c:new_settings_callback() Settings: 0x00000adb
Aug 14 20:31:22.447888 n bluetoothd[2821]: src/adapter.c:settings_changed() Changed settings: 0x00000008
Aug 14 20:31:22.447894 n bluetoothd[2821]: src/adapter.c:settings_changed() Pending settings: 0x00000000
Aug 14 20:31:22.447934 n bluetoothd[2821]: src/shared/mgmt.c:send_request() [0x0000] command 0x0023
Aug 14 20:31:22.459443 n bluetoothd[2821]: src/shared/mgmt.c:can_read_data() [0x0000] command 0x23 status: 0x00
Aug 14 20:31:22.459463 n bluetoothd[2821]: src/adapter.c:start_discovery_complete() status 0x00
Aug 14 20:31:22.459474 n bluetoothd[2821]: Wrong size of start discovery return parameters
Aug 14 20:31:22.459541 n bluetoothd[2821]: src/shared/mgmt.c:can_read_data() [0x0000] event 0x0007
Aug 14 20:31:22.459554 n bluetoothd[2821]: src/adapter.c:dev_class_changed_callback() Class: 0x000000
Aug 14 20:31:22.459587 n bluetoothd[2821]: src/shared/mgmt.c:can_read_data() [0x0000] event 0x0006
Aug 14 20:31:22.459596 n bluetoothd[2821]: src/adapter.c:new_settings_callback() Settings: 0x00000ada
Aug 14 20:31:22.459603 n bluetoothd[2821]: src/adapter.c:settings_changed() Changed settings: 0x00000001
Aug 14 20:31:22.459615 n bluetoothd[2821]: src/adapter.c:settings_changed() Pending settings: 0x00000000
Aug 14 20:31:22.459631 n bluetoothd[2821]: src/adapter.c:cancel_passive_scanning()
Aug 14 20:31:22.459643 n bluetoothd[2821]: src/adapter.c:discovery_free() 0x5d6eb3252fc0
Aug 14 20:31:22.459670 n bluetoothd[2821]: src/adapter.c:set_discoverable() sending set mode command for index 0
Aug 14 20:31:22.459684 n bluetoothd[2821]: src/adapter.c:set_mode() sending set mode command for index 0
Aug 14 20:31:22.459705 n bluetoothd[2821]: src/adapter.c:adapter_stop() adapter /org/bluez/hci0 has been disabled
Aug 14 20:31:22.459741 n bluetoothd[2821]: src/rfkill.c:rfkill_event() RFKILL event idx 0 type 2 op 2 soft 1 hard 0
Aug 14 20:31:22.459796 n bluetoothd[2821]: src/rfkill.c:rfkill_event() RFKILL unblock for hci0
Aug 14 20:31:22.459809 n bluetoothd[2821]: src/adapter.c:adapter_set_power_state() off-blocked
Aug 14 20:31:22.459846 n bluetoothd[2821]: src/shared/mgmt.c:send_request() [0x0000] command 0x0007
Aug 14 20:31:22.459883 n bluetoothd[2821]: src/shared/mgmt.c:can_read_data() [0x0000] command 0x0007 complete: 0x00
Aug 14 20:31:22.459892 n bluetoothd[2821]: src/adapter.c:new_settings_callback() Settings: 0x00000ad0
Aug 14 20:31:22.459902 n bluetoothd[2821]: src/adapter.c:settings_changed() Changed settings: 0x0000000a
Aug 14 20:31:22.459910 n bluetoothd[2821]: src/adapter.c:settings_changed() Pending settings: 0x00000000
Aug 14 20:31:22.630105 n bluetoothd[2821]: src/adapter.c:property_set_mode() sending Set Powered command for index 0
Aug 14 20:31:22.630139 n bluetoothd[2821]: src/rfkill.c:rfkill_event() RFKILL event idx 0 type 2 op 2 soft 0 hard 0
Aug 14 20:31:22.630190 n bluetoothd[2821]: src/rfkill.c:rfkill_event() RFKILL unblock for hci0
Aug 14 20:31:22.630225 n bluetoothd[2821]: src/adapter.c:adapter_set_power_state() off
Aug 14 20:31:22.630234 n bluetoothd[2821]: src/adapter.c:adapter_set_power_state() off-enabling
Aug 14 20:31:22.630243 n bluetoothd[2821]: src/adapter.c:set_mode() sending set mode command for index 0
Aug 14 20:31:22.630276 n bluetoothd[2821]: src/shared/mgmt.c:send_request() [0x0000] command 0x0005
Aug 14 20:31:22.818860 n bluetoothd[2821]: src/shared/mgmt.c:can_read_data() [0x0000] event 0x0007
Aug 14 20:31:22.818879 n bluetoothd[2821]: src/adapter.c:dev_class_changed_callback() Class: 0x7c010c
Aug 14 20:31:22.824874 n bluetoothd[2821]: src/shared/mgmt.c:can_read_data() [0x0000] command 0x0005 complete: 0x00
Aug 14 20:31:22.824891 n bluetoothd[2821]: src/adapter.c:property_set_mode_complete() Success (0x00)
Aug 14 20:31:22.824916 n bluetoothd[2821]: src/adapter.c:adapter_set_power_state() on
Aug 14 20:31:22.824930 n bluetoothd[2821]: src/adapter.c:new_settings_callback() Settings: 0x00000ad1
Aug 14 20:31:22.824939 n bluetoothd[2821]: src/adapter.c:settings_changed() Changed settings: 0x00000001
Aug 14 20:31:22.824949 n bluetoothd[2821]: src/adapter.c:settings_changed() Pending settings: 0x00000000
Aug 14 20:31:22.824961 n bluetoothd[2821]: src/adapter.c:adapter_start() adapter /org/bluez/hci0 has been enabled
Aug 14 20:31:22.824970 n bluetoothd[2821]: src/adapter.c:trigger_passive_scanning()
Aug 14 20:31:22.825015 n bluetoothd[2821]: src/shared/mgmt.c:send_request() [0x0000] command 0x0005
Aug 14 20:31:22.825041 n bluetoothd[2821]: src/shared/mgmt.c:can_read_data() [0x0000] command 0x0005 complete: 0x00
Aug 14 20:31:22.826156 n bluetoothd[2821]: src/adapter.c:set_discovery_filter() sender :1.125
Aug 14 20:31:22.826166 n bluetoothd[2821]: src/adapter.c:parse_discovery_filter_dict() filtered discovery params: transport: 7 rssi: 32767 pathloss: 32767  duplicate data: false discoverable true pattern (null)
Aug 14 20:31:22.826180 n bluetoothd[2821]: src/adapter.c:set_discovery_filter() successfully pre-set filter
Aug 14 20:31:22.827243 n bluetoothd[2821]: src/adapter.c:start_discovery() sender :1.125
Aug 14 20:31:22.827253 n bluetoothd[2821]: src/adapter.c:update_discovery_filter()
Aug 14 20:31:22.827259 n bluetoothd[2821]: src/adapter.c:discovery_filter_to_mgmt_cp()
Aug 14 20:31:22.827265 n bluetoothd[2821]: src/adapter.c:set_discoverable() sending set mode command for index 0
Aug 14 20:31:22.827271 n bluetoothd[2821]: src/adapter.c:set_mode() sending set mode command for index 0
Aug 14 20:31:22.827279 n bluetoothd[2821]: src/adapter.c:trigger_start_discovery()
Aug 14 20:31:22.827285 n bluetoothd[2821]: src/adapter.c:cancel_passive_scanning()
Aug 14 20:31:22.827316 n bluetoothd[2821]: src/shared/mgmt.c:send_request() [0x0000] command 0x0007
Aug 14 20:31:22.827329 n bluetoothd[2821]: src/adapter.c:start_discovery_timeout()
Aug 14 20:31:22.827341 n bluetoothd[2821]: src/adapter.c:start_discovery_timeout() adapter->current_discovery_filter == 0
Aug 14 20:31:22.827355 n bluetoothd[2821]: src/shared/mgmt.c:can_read_data() [0x0000] command 0x0007 complete: 0x00
Aug 14 20:31:22.827362 n bluetoothd[2821]: src/adapter.c:new_settings_callback() Settings: 0x00000ad3
Aug 14 20:31:22.827367 n bluetoothd[2821]: src/adapter.c:settings_changed() Changed settings: 0x00000002
Aug 14 20:31:22.827375 n bluetoothd[2821]: src/adapter.c:settings_changed() Pending settings: 0x00000000
Aug 14 20:31:22.827403 n bluetoothd[2821]: src/shared/mgmt.c:send_request() [0x0000] command 0x0006
Aug 14 20:31:22.832872 n bluetoothd[2821]: src/shared/mgmt.c:can_read_data() [0x0000] command 0x0006 complete: 0x00
Aug 14 20:31:22.832884 n bluetoothd[2821]: src/adapter.c:new_settings_callback() Settings: 0x00000adb
Aug 14 20:31:22.832890 n bluetoothd[2821]: src/adapter.c:settings_changed() Changed settings: 0x00000008
Aug 14 20:31:22.832896 n bluetoothd[2821]: src/adapter.c:settings_changed() Pending settings: 0x00000000
Aug 14 20:31:22.832934 n bluetoothd[2821]: src/shared/mgmt.c:send_request() [0x0000] command 0x0023
Aug 14 20:31:22.842835 n bluetoothd[2821]: src/shared/mgmt.c:can_read_data() [0x0000] event 0x0013
Aug 14 20:31:22.842845 n bluetoothd[2821]: src/adapter.c:discovering_callback() hci0 type 7 discovering 1 method 0
Aug 14 20:31:22.842865 n bluetoothd[2821]: src/shared/mgmt.c:can_read_data() [0x0000] command 0x0023 complete: 0x00
Aug 14 20:31:22.842873 n bluetoothd[2821]: src/adapter.c:start_discovery_complete() status 0x00
Aug 14 20:31:22.857844 n bluetoothd[2821]: src/shared/mgmt.c:can_read_data() [0x0000] event 0x0012
Aug 14 20:31:22.857858 n bluetoothd[2821]: src/adapter.c:device_found_callback() hci0 addr AA:BB:CC:00:00:02, rssi -50 flags 0x0000 eir_len 19
Aug 14 20:31:22.975567 n bluetoothd[2821]: src/shared/mgmt.c:can_read_data() [0x0000] event 0x0013
Aug 14 20:31:22.975597 n bluetoothd[2821]: src/adapter.c:discovering_callback() hci0 type 7 discovering 0 method 0
Aug 14 20:31:22.975611 n bluetoothd[2821]: src/adapter.c:trigger_start_discovery()
Aug 14 20:31:22.975622 n bluetoothd[2821]: src/adapter.c:cancel_passive_scanning()
Aug 14 20:31:22.975687 n bluetoothd[2821]: src/shared/mgmt.c:can_read_data() [0x0000] event 0x0007
Aug 14 20:31:22.975710 n bluetoothd[2821]: src/adapter.c:dev_class_changed_callback() Class: 0x000000
Aug 14 20:31:22.975748 n bluetoothd[2821]: src/shared/mgmt.c:can_read_data() [0x0000] event 0x0006
Aug 14 20:31:22.975761 n bluetoothd[2821]: src/adapter.c:new_settings_callback() Settings: 0x00000ada
Aug 14 20:31:22.975773 n bluetoothd[2821]: src/adapter.c:settings_changed() Changed settings: 0x00000001
Aug 14 20:31:22.975783 n bluetoothd[2821]: src/adapter.c:settings_changed() Pending settings: 0x00000000
Aug 14 20:31:22.975811 n bluetoothd[2821]: src/adapter.c:cancel_passive_scanning()
Aug 14 20:31:22.975827 n bluetoothd[2821]: src/adapter.c:discovery_free() 0x5d6eb3253880
Aug 14 20:31:22.975855 n bluetoothd[2821]: src/adapter.c:set_discoverable() sending set mode command for index 0
Aug 14 20:31:22.975867 n bluetoothd[2821]: src/adapter.c:set_mode() sending set mode command for index 0
Aug 14 20:31:22.975891 n bluetoothd[2821]: src/adapter.c:adapter_stop() adapter /org/bluez/hci0 has been disabled
Aug 14 20:31:22.975951 n bluetoothd[2821]: src/shared/mgmt.c:send_request() [0x0000] command 0x0007
Aug 14 20:31:22.975992 n bluetoothd[2821]: src/shared/mgmt.c:can_read_data() [0x0000] command 0x0007 complete: 0x00
Aug 14 20:31:22.976009 n bluetoothd[2821]: src/adapter.c:new_settings_callback() Settings: 0x00000ad0
Aug 14 20:31:22.976024 n bluetoothd[2821]: src/adapter.c:settings_changed() Changed settings: 0x0000000a
Aug 14 20:31:22.976034 n bluetoothd[2821]: src/adapter.c:settings_changed() Pending settings: 0x00000000
Aug 14 20:31:22.983440 n bluetoothd[2821]: src/rfkill.c:rfkill_event() RFKILL event idx 0 type 2 op 2 soft 1 hard 0
Aug 14 20:31:22.983474 n bluetoothd[2821]: src/rfkill.c:rfkill_event() RFKILL unblock for hci0
Aug 14 20:31:22.983480 n bluetoothd[2821]: src/adapter.c:adapter_set_power_state() off-blocked
Aug 14 20:31:23.131073 n bluetoothd[2821]: src/adapter.c:property_set_mode() sending Set Powered command for index 0
Aug 14 20:31:23.131120 n bluetoothd[2821]: src/shared/mgmt.c:send_request() [0x0000] command 0x0005
Aug 14 20:31:23.131141 n bluetoothd[2821]: src/rfkill.c:rfkill_event() RFKILL event idx 0 type 2 op 2 soft 0 hard 0
Aug 14 20:31:23.131209 n bluetoothd[2821]: src/rfkill.c:rfkill_event() RFKILL unblock for hci0
Aug 14 20:31:23.131245 n bluetoothd[2821]: src/adapter.c:adapter_set_power_state() off
Aug 14 20:31:23.131259 n bluetoothd[2821]: src/adapter.c:adapter_set_power_state() off-enabling
Aug 14 20:31:23.131267 n bluetoothd[2821]: src/adapter.c:set_mode() sending set mode command for index 0
Aug 14 20:31:23.318908 n bluetoothd[2821]: src/shared/mgmt.c:can_read_data() [0x0000] event 0x0007
Aug 14 20:31:23.318933 n bluetoothd[2821]: src/adapter.c:dev_class_changed_callback() Class: 0x7c010c
Aug 14 20:31:23.324923 n bluetoothd[2821]: src/shared/mgmt.c:can_read_data() [0x0000] command 0x0005 complete: 0x00
Aug 14 20:31:23.324946 n bluetoothd[2821]: src/adapter.c:property_set_mode_complete() Success (0x00)
Aug 14 20:31:23.324981 n bluetoothd[2821]: src/adapter.c:adapter_set_power_state() on
Aug 14 20:31:23.324997 n bluetoothd[2821]: src/adapter.c:new_settings_callback() Settings: 0x00000ad1
Aug 14 20:31:23.325007 n bluetoothd[2821]: src/adapter.c:settings_changed() Changed settings: 0x00000001
Aug 14 20:31:23.325018 n bluetoothd[2821]: src/adapter.c:settings_changed() Pending settings: 0x00000000
Aug 14 20:31:23.325033 n bluetoothd[2821]: src/adapter.c:adapter_start() adapter /org/bluez/hci0 has been enabled
Aug 14 20:31:23.325046 n bluetoothd[2821]: src/adapter.c:trigger_passive_scanning()
Aug 14 20:31:23.325101 n bluetoothd[2821]: src/shared/mgmt.c:send_request() [0x0000] command 0x0005
Aug 14 20:31:23.325132 n bluetoothd[2821]: src/shared/mgmt.c:can_read_data() [0x0000] command 0x0005 complete: 0x00
Aug 14 20:31:23.325998 n bluetoothd[2821]: src/adapter.c:set_discovery_filter() sender :1.125
Aug 14 20:31:23.326024 n bluetoothd[2821]: src/adapter.c:parse_discovery_filter_dict() filtered discovery params: transport: 7 rssi: 32767 pathloss: 32767  duplicate data: false discoverable true pattern (null)
Aug 14 20:31:23.326045 n bluetoothd[2821]: src/adapter.c:set_discovery_filter() successfully pre-set filter
Aug 14 20:31:23.326986 n bluetoothd[2821]: src/adapter.c:start_discovery() sender :1.125
Aug 14 20:31:23.326996 n bluetoothd[2821]: src/adapter.c:update_discovery_filter()
Aug 14 20:31:23.327002 n bluetoothd[2821]: src/adapter.c:discovery_filter_to_mgmt_cp()
Aug 14 20:31:23.327008 n bluetoothd[2821]: src/adapter.c:set_discoverable() sending set mode command for index 0
Aug 14 20:31:23.327014 n bluetoothd[2821]: src/adapter.c:set_mode() sending set mode command for index 0
Aug 14 20:31:23.327023 n bluetoothd[2821]: src/adapter.c:trigger_start_discovery()
Aug 14 20:31:23.327029 n bluetoothd[2821]: src/adapter.c:cancel_passive_scanning()
Aug 14 20:31:23.327069 n bluetoothd[2821]: src/shared/mgmt.c:send_request() [0x0000] command 0x0007
Aug 14 20:31:23.327083 n bluetoothd[2821]: src/adapter.c:start_discovery_timeout()
Aug 14 20:31:23.327089 n bluetoothd[2821]: src/adapter.c:start_discovery_timeout() adapter->current_discovery_filter == 0
Aug 14 20:31:23.327101 n bluetoothd[2821]: src/shared/mgmt.c:can_read_data() [0x0000] command 0x0007 complete: 0x00
Aug 14 20:31:23.327107 n bluetoothd[2821]: src/adapter.c:new_settings_callback() Settings: 0x00000ad3
Aug 14 20:31:23.327112 n bluetoothd[2821]: src/adapter.c:settings_changed() Changed settings: 0x00000002
Aug 14 20:31:23.327116 n bluetoothd[2821]: src/adapter.c:settings_changed() Pending settings: 0x00000000
Aug 14 20:31:23.327134 n bluetoothd[2821]: src/shared/mgmt.c:send_request() [0x0000] command 0x0006
Aug 14 20:31:23.332938 n bluetoothd[2821]: src/shared/mgmt.c:can_read_data() [0x0000] command 0x0006 complete: 0x00
Aug 14 20:31:23.332961 n bluetoothd[2821]: src/adapter.c:new_settings_callback() Settings: 0x00000adb
Aug 14 20:31:23.332972 n bluetoothd[2821]: src/adapter.c:settings_changed() Changed settings: 0x00000008
Aug 14 20:31:23.332982 n bluetoothd[2821]: src/adapter.c:settings_changed() Pending settings: 0x00000000
Aug 14 20:31:23.333042 n bluetoothd[2821]: src/shared/mgmt.c:send_request() [0x0000] command 0x0023
Aug 14 20:31:23.342880 n bluetoothd[2821]: src/shared/mgmt.c:can_read_data() [0x0000] event 0x0013
Aug 14 20:31:23.342897 n bluetoothd[2821]: src/adapter.c:discovering_callback() hci0 type 7 discovering 1 method 0
Aug 14 20:31:23.342923 n bluetoothd[2821]: src/shared/mgmt.c:can_read_data() [0x0000] command 0x0023 complete: 0x00
Aug 14 20:31:23.342933 n bluetoothd[2821]: src/adapter.c:start_discovery_complete() status 0x00
Aug 14 20:31:23.478818 n bluetoothd[2821]: src/shared/mgmt.c:can_read_data() [0x0000] event 0x0013
Aug 14 20:31:23.478849 n bluetoothd[2821]: src/adapter.c:discovering_callback() hci0 type 7 discovering 0 method 0
Aug 14 20:31:23.478862 n bluetoothd[2821]: src/adapter.c:trigger_start_discovery()
Aug 14 20:31:23.478877 n bluetoothd[2821]: src/adapter.c:cancel_passive_scanning()
Aug 14 20:31:23.478922 n bluetoothd[2821]: src/shared/mgmt.c:can_read_data() [0x0000] event 0x0007
Aug 14 20:31:23.478943 n bluetoothd[2821]: src/adapter.c:dev_class_changed_callback() Class: 0x000000
Aug 14 20:31:23.478977 n bluetoothd[2821]: src/shared/mgmt.c:can_read_data() [0x0000] event 0x0006
Aug 14 20:31:23.478994 n bluetoothd[2821]: src/adapter.c:new_settings_callback() Settings: 0x00000ada
Aug 14 20:31:23.479005 n bluetoothd[2821]: src/adapter.c:settings_changed() Changed settings: 0x00000001
Aug 14 20:31:23.479015 n bluetoothd[2821]: src/adapter.c:settings_changed() Pending settings: 0x00000000
Aug 14 20:31:23.479032 n bluetoothd[2821]: src/adapter.c:cancel_passive_scanning()
Aug 14 20:31:23.479050 n bluetoothd[2821]: src/adapter.c:discovery_free() 0x5d6eb3291040
Aug 14 20:31:23.479088 n bluetoothd[2821]: src/adapter.c:set_discoverable() sending set mode command for index 0
Aug 14 20:31:23.479105 n bluetoothd[2821]: src/adapter.c:set_mode() sending set mode command for index 0
Aug 14 20:31:23.479129 n bluetoothd[2821]: src/adapter.c:adapter_stop() adapter /org/bluez/hci0 has been disabled
Aug 14 20:31:23.479172 n bluetoothd[2821]: src/rfkill.c:rfkill_event() RFKILL event idx 0 type 2 op 2 soft 1 hard 0
Aug 14 20:31:23.479244 n bluetoothd[2821]: src/rfkill.c:rfkill_event() RFKILL unblock for hci0
Aug 14 20:31:23.479262 n bluetoothd[2821]: src/adapter.c:adapter_set_power_state() off-blocked
Aug 14 20:31:23.479317 n bluetoothd[2821]: src/shared/mgmt.c:send_request() [0x0000] command 0x0007
Aug 14 20:31:23.479373 n bluetoothd[2821]: src/shared/mgmt.c:can_read_data() [0x0000] command 0x0007 complete: 0x00
Aug 14 20:31:23.479381 n bluetoothd[2821]: src/adapter.c:new_settings_callback() Settings: 0x00000ad0
Aug 14 20:31:23.479387 n bluetoothd[2821]: src/adapter.c:settings_changed() Changed settings: 0x0000000a
Aug 14 20:31:23.479393 n bluetoothd[2821]: src/adapter.c:settings_changed() Pending settings: 0x00000000
Aug 14 20:31:23.647960 n bluetoothd[2821]: src/adapter.c:property_set_mode() sending Set Powered command for index 0
Aug 14 20:31:23.648020 n bluetoothd[2821]: src/shared/mgmt.c:send_request() [0x0000] command 0x0005
Aug 14 20:31:23.648045 n bluetoothd[2821]: src/rfkill.c:rfkill_event() RFKILL event idx 0 type 2 op 2 soft 0 hard 0
Aug 14 20:31:23.648104 n bluetoothd[2821]: src/rfkill.c:rfkill_event() RFKILL unblock for hci0
Aug 14 20:31:23.648148 n bluetoothd[2821]: src/adapter.c:adapter_set_power_state() off
Aug 14 20:31:23.648161 n bluetoothd[2821]: src/adapter.c:adapter_set_power_state() off-enabling
Aug 14 20:31:23.648172 n bluetoothd[2821]: src/adapter.c:set_mode() sending set mode command for index 0
Aug 14 20:31:23.836073 n bluetoothd[2821]: src/shared/mgmt.c:can_read_data() [0x0000] event 0x0007
Aug 14 20:31:23.836107 n bluetoothd[2821]: src/adapter.c:dev_class_changed_callback() Class: 0x7c010c
Aug 14 20:31:23.841981 n bluetoothd[2821]: src/shared/mgmt.c:can_read_data() [0x0000] command 0x0005 complete: 0x00
Aug 14 20:31:23.842028 n bluetoothd[2821]: src/adapter.c:property_set_mode_complete() Success (0x00)
Aug 14 20:31:23.842059 n bluetoothd[2821]: src/adapter.c:adapter_set_power_state() on
Aug 14 20:31:23.842075 n bluetoothd[2821]: src/adapter.c:new_settings_callback() Settings: 0x00000ad1
Aug 14 20:31:23.842087 n bluetoothd[2821]: src/adapter.c:settings_changed() Changed settings: 0x00000001
Aug 14 20:31:23.842101 n bluetoothd[2821]: src/adapter.c:settings_changed() Pending settings: 0x00000000
Aug 14 20:31:23.842122 n bluetoothd[2821]: src/adapter.c:adapter_start() adapter /org/bluez/hci0 has been enabled
Aug 14 20:31:23.842134 n bluetoothd[2821]: src/adapter.c:trigger_passive_scanning()
Aug 14 20:31:23.842195 n bluetoothd[2821]: src/shared/mgmt.c:send_request() [0x0000] command 0x0005
Aug 14 20:31:23.842243 n bluetoothd[2821]: src/shared/mgmt.c:can_read_data() [0x0000] command 0x0005 complete: 0x00
Aug 14 20:31:23.843244 n bluetoothd[2821]: src/adapter.c:set_discovery_filter() sender :1.125
Aug 14 20:31:23.843256 n bluetoothd[2821]: src/adapter.c:parse_discovery_filter_dict() filtered discovery params: transport: 7 rssi: 32767 pathloss: 32767  duplicate data: false discoverable true pattern (null)
Aug 14 20:31:23.843276 n bluetoothd[2821]: src/adapter.c:set_discovery_filter() successfully pre-set filter
Aug 14 20:31:23.844330 n bluetoothd[2821]: src/adapter.c:start_discovery() sender :1.125
Aug 14 20:31:23.844344 n bluetoothd[2821]: src/adapter.c:update_discovery_filter()
Aug 14 20:31:23.844348 n bluetoothd[2821]: src/adapter.c:discovery_filter_to_mgmt_cp()
Aug 14 20:31:23.844353 n bluetoothd[2821]: src/adapter.c:set_discoverable() sending set mode command for index 0
Aug 14 20:31:23.844359 n bluetoothd[2821]: src/adapter.c:set_mode() sending set mode command for index 0
Aug 14 20:31:23.844369 n bluetoothd[2821]: src/adapter.c:trigger_start_discovery()
Aug 14 20:31:23.844374 n bluetoothd[2821]: src/adapter.c:cancel_passive_scanning()
Aug 14 20:31:23.844401 n bluetoothd[2821]: src/shared/mgmt.c:send_request() [0x0000] command 0x0007
Aug 14 20:31:23.844414 n bluetoothd[2821]: src/adapter.c:start_discovery_timeout()
Aug 14 20:31:23.844421 n bluetoothd[2821]: src/adapter.c:start_discovery_timeout() adapter->current_discovery_filter == 0
Aug 14 20:31:23.844440 n bluetoothd[2821]: src/shared/mgmt.c:can_read_data() [0x0000] command 0x0007 complete: 0x00
Aug 14 20:31:23.844445 n bluetoothd[2821]: src/adapter.c:new_settings_callback() Settings: 0x00000ad3
Aug 14 20:31:23.844450 n bluetoothd[2821]: src/adapter.c:settings_changed() Changed settings: 0x00000002
Aug 14 20:31:23.844456 n bluetoothd[2821]: src/adapter.c:settings_changed() Pending settings: 0x00000000
Aug 14 20:31:23.844479 n bluetoothd[2821]: src/shared/mgmt.c:send_request() [0x0000] command 0x0006
Aug 14 20:31:23.849960 n bluetoothd[2821]: src/shared/mgmt.c:can_read_data() [0x0000] command 0x0006 complete: 0x00
Aug 14 20:31:23.849973 n bluetoothd[2821]: src/adapter.c:new_settings_callback() Settings: 0x00000adb
Aug 14 20:31:23.849980 n bluetoothd[2821]: src/adapter.c:settings_changed() Changed settings: 0x00000008
Aug 14 20:31:23.849988 n bluetoothd[2821]: src/adapter.c:settings_changed() Pending settings: 0x00000000
Aug 14 20:31:23.850046 n bluetoothd[2821]: src/shared/mgmt.c:send_request() [0x0000] command 0x0023
Aug 14 20:31:23.862426 n bluetoothd[2821]: src/shared/mgmt.c:can_read_data() [0x0000] command 0x23 status: 0x00
Aug 14 20:31:23.862442 n bluetoothd[2821]: src/adapter.c:start_discovery_complete() status 0x00
Aug 14 20:31:23.862452 n bluetoothd[2821]: Wrong size of start discovery return parameters
Aug 14 20:31:23.862530 n bluetoothd[2821]: src/shared/mgmt.c:can_read_data() [0x0000] event 0x0007
Aug 14 20:31:23.862549 n bluetoothd[2821]: src/adapter.c:dev_class_changed_callback() Class: 0x000000
Aug 14 20:31:23.862607 n bluetoothd[2821]: src/shared/mgmt.c:can_read_data() [0x0000] event 0x0006
Aug 14 20:31:23.862625 n bluetoothd[2821]: src/adapter.c:new_settings_callback() Settings: 0x00000ada
Aug 14 20:31:23.862644 n bluetoothd[2821]: src/adapter.c:settings_changed() Changed settings: 0x00000001
Aug 14 20:31:23.862659 n bluetoothd[2821]: src/adapter.c:settings_changed() Pending settings: 0x00000000
Aug 14 20:31:23.862680 n bluetoothd[2821]: src/adapter.c:cancel_passive_scanning()
Aug 14 20:31:23.862696 n bluetoothd[2821]: src/adapter.c:discovery_free() 0x5d6eb32612b0
Aug 14 20:31:23.862716 n bluetoothd[2821]: src/adapter.c:set_discoverable() sending set mode command for index 0
Aug 14 20:31:23.862726 n bluetoothd[2821]: src/adapter.c:set_mode() sending set mode command for index 0
Aug 14 20:31:23.862746 n bluetoothd[2821]: src/adapter.c:adapter_stop() adapter /org/bluez/hci0 has been disabled
Aug 14 20:31:23.862784 n bluetoothd[2821]: src/rfkill.c:rfkill_event() RFKILL event idx 0 type 2 op 2 soft 1 hard 0
Aug 14 20:31:23.862842 n bluetoothd[2821]: src/rfkill.c:rfkill_event() RFKILL unblock for hci0
Aug 14 20:31:23.862859 n bluetoothd[2821]: src/adapter.c:adapter_set_power_state() off-blocked
Aug 14 20:31:23.862893 n bluetoothd[2821]: src/shared/mgmt.c:send_request() [0x0000] command 0x0007
Aug 14 20:31:23.862925 n bluetoothd[2821]: src/shared/mgmt.c:can_read_data() [0x0000] command 0x0007 complete: 0x00
Aug 14 20:31:23.862940 n bluetoothd[2821]: src/adapter.c:new_settings_callback() Settings: 0x00000ad0
Aug 14 20:31:23.862955 n bluetoothd[2821]: src/adapter.c:settings_changed() Changed settings: 0x0000000a
Aug 14 20:31:23.862964 n bluetoothd[2821]: src/adapter.c:settings_changed() Pending settings: 0x00000000
Aug 14 20:31:24.181121 n bluetoothd[2821]: src/adapter.c:property_set_mode() sending Set Powered command for index 0
Aug 14 20:31:24.181187 n bluetoothd[2821]: src/shared/mgmt.c:send_request() [0x0000] command 0x0005
Aug 14 20:31:24.181233 n bluetoothd[2821]: src/rfkill.c:rfkill_event() RFKILL event idx 0 type 2 op 2 soft 0 hard 0
Aug 14 20:31:24.181295 n bluetoothd[2821]: src/rfkill.c:rfkill_event() RFKILL unblock for hci0
Aug 14 20:31:24.181357 n bluetoothd[2821]: src/adapter.c:adapter_set_power_state() off
Aug 14 20:31:24.181373 n bluetoothd[2821]: src/adapter.c:adapter_set_power_state() off-enabling
Aug 14 20:31:24.181384 n bluetoothd[2821]: src/adapter.c:set_mode() sending set mode command for index 0
Aug 14 20:31:24.368924 n bluetoothd[2821]: src/shared/mgmt.c:can_read_data() [0x0000] event 0x0007
Aug 14 20:31:24.368947 n bluetoothd[2821]: src/adapter.c:dev_class_changed_callback() Class: 0x7c010c
Aug 14 20:31:24.374965 n bluetoothd[2821]: src/shared/mgmt.c:can_read_data() [0x0000] command 0x0005 complete: 0x00
Aug 14 20:31:24.375003 n bluetoothd[2821]: src/adapter.c:property_set_mode_complete() Success (0x00)
Aug 14 20:31:24.375035 n bluetoothd[2821]: src/adapter.c:adapter_set_power_state() on
Aug 14 20:31:24.375050 n bluetoothd[2821]: src/adapter.c:new_settings_callback() Settings: 0x00000ad1
Aug 14 20:31:24.375064 n bluetoothd[2821]: src/adapter.c:settings_changed() Changed settings: 0x00000001
Aug 14 20:31:24.375075 n bluetoothd[2821]: src/adapter.c:settings_changed() Pending settings: 0x00000000
Aug 14 20:31:24.375089 n bluetoothd[2821]: src/adapter.c:adapter_start() adapter /org/bluez/hci0 has been enabled
Aug 14 20:31:24.375102 n bluetoothd[2821]: src/adapter.c:trigger_passive_scanning()
Aug 14 20:31:24.375171 n bluetoothd[2821]: src/shared/mgmt.c:send_request() [0x0000] command 0x0005
Aug 14 20:31:24.375202 n bluetoothd[2821]: src/shared/mgmt.c:can_read_data() [0x0000] command 0x0005 complete: 0x00
Aug 14 20:31:24.376006 n bluetoothd[2821]: src/adapter.c:set_discovery_filter() sender :1.125
Aug 14 20:31:24.376026 n bluetoothd[2821]: src/adapter.c:parse_discovery_filter_dict() filtered discovery params: transport: 7 rssi: 32767 pathloss: 32767  duplicate data: false discoverable true pattern (null)
Aug 14 20:31:24.376044 n bluetoothd[2821]: src/adapter.c:set_discovery_filter() successfully pre-set filter
Aug 14 20:31:24.377015 n bluetoothd[2821]: src/adapter.c:start_discovery() sender :1.125
Aug 14 20:31:24.377025 n bluetoothd[2821]: src/adapter.c:update_discovery_filter()
Aug 14 20:31:24.377030 n bluetoothd[2821]: src/adapter.c:discovery_filter_to_mgmt_cp()
Aug 14 20:31:24.377036 n bluetoothd[2821]: src/adapter.c:set_discoverable() sending set mode command for index 0
Aug 14 20:31:24.377042 n bluetoothd[2821]: src/adapter.c:set_mode() sending set mode command for index 0
Aug 14 20:31:24.377049 n bluetoothd[2821]: src/adapter.c:trigger_start_discovery()
Aug 14 20:31:24.377055 n bluetoothd[2821]: src/adapter.c:cancel_passive_scanning()
Aug 14 20:31:24.377090 n bluetoothd[2821]: src/shared/mgmt.c:send_request() [0x0000] command 0x0007
Aug 14 20:31:24.377104 n bluetoothd[2821]: src/adapter.c:start_discovery_timeout()
Aug 14 20:31:24.377111 n bluetoothd[2821]: src/adapter.c:start_discovery_timeout() adapter->current_discovery_filter == 0
Aug 14 20:31:24.377127 n bluetoothd[2821]: src/shared/mgmt.c:can_read_data() [0x0000] command 0x0007 complete: 0x00
Aug 14 20:31:24.377140 n bluetoothd[2821]: src/adapter.c:new_settings_callback() Settings: 0x00000ad3
Aug 14 20:31:24.377145 n bluetoothd[2821]: src/adapter.c:settings_changed() Changed settings: 0x00000002
Aug 14 20:31:24.377150 n bluetoothd[2821]: src/adapter.c:settings_changed() Pending settings: 0x00000000
Aug 14 20:31:24.377170 n bluetoothd[2821]: src/shared/mgmt.c:send_request() [0x0000] command 0x0006
Aug 14 20:31:24.382946 n bluetoothd[2821]: src/shared/mgmt.c:can_read_data() [0x0000] command 0x0006 complete: 0x00
Aug 14 20:31:24.382959 n bluetoothd[2821]: src/adapter.c:new_settings_callback() Settings: 0x00000adb
Aug 14 20:31:24.382966 n bluetoothd[2821]: src/adapter.c:settings_changed() Changed settings: 0x00000008
Aug 14 20:31:24.382972 n bluetoothd[2821]: src/adapter.c:settings_changed() Pending settings: 0x00000000
Aug 14 20:31:24.383013 n bluetoothd[2821]: src/shared/mgmt.c:send_request() [0x0000] command 0x0023
Aug 14 20:31:24.392898 n bluetoothd[2821]: src/shared/mgmt.c:can_read_data() [0x0000] event 0x0013
Aug 14 20:31:24.392909 n bluetoothd[2821]: src/adapter.c:discovering_callback() hci0 type 7 discovering 1 method 0
Aug 14 20:31:24.392927 n bluetoothd[2821]: src/shared/mgmt.c:can_read_data() [0x0000] command 0x0023 complete: 0x00
Aug 14 20:31:24.392933 n bluetoothd[2821]: src/adapter.c:start_discovery_complete() status 0x00
Aug 14 20:31:24.425950 n bluetoothd[2821]: src/shared/mgmt.c:can_read_data() [0x0000] event 0x0012
Aug 14 20:31:24.425964 n bluetoothd[2821]: src/adapter.c:device_found_callback() hci0 addr AA:BB:CC:00:00:02, rssi -55 flags 0x0000 eir_len 19
Aug 14 20:31:24.478294 n bluetoothd[2821]: src/shared/mgmt.c:can_read_data() [0x0000] event 0x0012
Aug 14 20:31:24.478321 n bluetoothd[2821]: src/adapter.c:device_found_callback() hci0 addr AA:BB:CC:00:00:10, rssi -65 flags 0x0000 eir_len 29
Aug 14 20:31:24.478382 n bluetoothd[2821]: src/device.c:device_set_legacy() legacy 0
Aug 14 20:31:24.478396 n bluetoothd[2821]: src/device.c:device_set_rssi_with_delta() rssi -65
Aug 14 20:31:24.478432 n bluetoothd[2821]: src/device.c:device_set_flags() flags 2
Aug 14 20:31:24.545961 n bluetoothd[2821]: src/shared/mgmt.c:can_read_data() [0x0000] event 0x0013
Aug 14 20:31:24.545989 n bluetoothd[2821]: src/adapter.c:discovering_callback() hci0 type 7 discovering 0 method 0
Aug 14 20:31:24.546007 n bluetoothd[2821]: src/adapter.c:trigger_start_discovery()
Aug 14 20:31:24.546018 n bluetoothd[2821]: src/adapter.c:cancel_passive_scanning()
Aug 14 20:31:24.546084 n bluetoothd[2821]: src/shared/mgmt.c:can_read_data() [0x0000] event 0x0007
Aug 14 20:31:24.546104 n bluetoothd[2821]: src/adapter.c:dev_class_changed_callback() Class: 0x000000
Aug 14 20:31:24.546161 n bluetoothd[2821]: src/shared/mgmt.c:can_read_data() [0x0000] event 0x0006
Aug 14 20:31:24.546175 n bluetoothd[2821]: src/adapter.c:new_settings_callback() Settings: 0x00000ada
Aug 14 20:31:24.546186 n bluetoothd[2821]: src/adapter.c:settings_changed() Changed settings: 0x00000001
Aug 14 20:31:24.546197 n bluetoothd[2821]: src/adapter.c:settings_changed() Pending settings: 0x00000000
Aug 14 20:31:24.546214 n bluetoothd[2821]: src/adapter.c:cancel_passive_scanning()
Aug 14 20:31:24.546226 n bluetoothd[2821]: src/adapter.c:discovery_free() 0x5d6eb32a6770
Aug 14 20:31:24.546250 n bluetoothd[2821]: src/device.c:device_set_rssi_with_delta() rssi 0
Aug 14 20:31:24.546265 n bluetoothd[2821]: src/adapter.c:set_discoverable() sending set mode command for index 0
Aug 14 20:31:24.546277 n bluetoothd[2821]: src/adapter.c:set_mode() sending set mode command for index 0
Aug 14 20:31:24.546295 n bluetoothd[2821]: src/adapter.c:adapter_stop() adapter /org/bluez/hci0 has been disabled
Aug 14 20:31:24.546329 n bluetoothd[2821]: src/rfkill.c:rfkill_event() RFKILL event idx 0 type 2 op 2 soft 1 hard 0
Aug 14 20:31:24.546400 n bluetoothd[2821]: src/rfkill.c:rfkill_event() RFKILL unblock for hci0
Aug 14 20:31:24.546413 n bluetoothd[2821]: src/adapter.c:adapter_set_power_state() off-blocked
Aug 14 20:31:24.546451 n bluetoothd[2821]: src/shared/mgmt.c:send_request() [0x0000] command 0x0007
Aug 14 20:31:24.546507 n bluetoothd[2821]: src/shared/mgmt.c:can_read_data() [0x0000] command 0x0007 complete: 0x00
Aug 14 20:31:24.546518 n bluetoothd[2821]: src/adapter.c:new_settings_callback() Settings: 0x00000ad0
Aug 14 20:31:24.546529 n bluetoothd[2821]: src/adapter.c:settings_changed() Changed settings: 0x0000000a
Aug 14 20:31:24.546539 n bluetoothd[2821]: src/adapter.c:settings_changed() Pending settings: 0x00000000
Aug 14 20:31:24.681165 n bluetoothd[2821]: src/adapter.c:property_set_mode() sending Set Powered command for index 0
Aug 14 20:31:24.681229 n bluetoothd[2821]: src/shared/mgmt.c:send_request() [0x0000] command 0x0005
Aug 14 20:31:24.681248 n bluetoothd[2821]: src/rfkill.c:rfkill_event() RFKILL event idx 0 type 2 op 2 soft 0 hard 0
Aug 14 20:31:24.681326 n bluetoothd[2821]: src/rfkill.c:rfkill_event() RFKILL unblock for hci0
Aug 14 20:31:24.681386 n bluetoothd[2821]: src/adapter.c:adapter_set_power_state() off
Aug 14 20:31:24.681399 n bluetoothd[2821]: src/adapter.c:adapter_set_power_state() off-enabling
Aug 14 20:31:24.681410 n bluetoothd[2821]: src/adapter.c:set_mode() sending set mode command for index 0
Aug 14 20:31:24.868978 n bluetoothd[2821]: src/shared/mgmt.c:can_read_data() [0x0000] event 0x0007
Aug 14 20:31:24.868998 n bluetoothd[2821]: src/adapter.c:dev_class_changed_callback() Class: 0x7c010c
Aug 14 20:31:24.874989 n bluetoothd[2821]: src/shared/mgmt.c:can_read_data() [0x0000] command 0x0005 complete: 0x00
Aug 14 20:31:24.875011 n bluetoothd[2821]: src/adapter.c:property_set_mode_complete() Success (0x00)
Aug 14 20:31:24.875047 n bluetoothd[2821]: src/adapter.c:adapter_set_power_state() on
Aug 14 20:31:24.875069 n bluetoothd[2821]: src/adapter.c:new_settings_callback() Settings: 0x00000ad1
Aug 14 20:31:24.875087 n bluetoothd[2821]: src/adapter.c:settings_changed() Changed settings: 0x00000001
Aug 14 20:31:24.875105 n bluetoothd[2821]: src/adapter.c:settings_changed() Pending settings: 0x00000000
Aug 14 20:31:24.875129 n bluetoothd[2821]: src/adapter.c:adapter_start() adapter /org/bluez/hci0 has been enabled
Aug 14 20:31:24.875148 n bluetoothd[2821]: src/adapter.c:trigger_passive_scanning()
Aug 14 20:31:24.875209 n bluetoothd[2821]: src/shared/mgmt.c:send_request() [0x0000] command 0x0005
Aug 14 20:31:24.875240 n bluetoothd[2821]: src/shared/mgmt.c:can_read_data() [0x0000] command 0x0005 complete: 0x00
Aug 14 20:31:24.876150 n bluetoothd[2821]: src/adapter.c:set_discovery_filter() sender :1.125
Aug 14 20:31:24.876161 n bluetoothd[2821]: src/adapter.c:parse_discovery_filter_dict() filtered discovery params: transport: 7 rssi: 32767 pathloss: 32767  duplicate data: false discoverable true pattern (null)
Aug 14 20:31:24.876174 n bluetoothd[2821]: src/adapter.c:set_discovery_filter() successfully pre-set filter
Aug 14 20:31:24.877099 n bluetoothd[2821]: src/adapter.c:start_discovery() sender :1.125
Aug 14 20:31:24.877110 n bluetoothd[2821]: src/adapter.c:update_discovery_filter()
Aug 14 20:31:24.877116 n bluetoothd[2821]: src/adapter.c:discovery_filter_to_mgmt_cp()
Aug 14 20:31:24.877122 n bluetoothd[2821]: src/adapter.c:set_discoverable() sending set mode command for index 0
Aug 14 20:31:24.877127 n bluetoothd[2821]: src/adapter.c:set_mode() sending set mode command for index 0
Aug 14 20:31:24.877134 n bluetoothd[2821]: src/adapter.c:trigger_start_discovery()
Aug 14 20:31:24.877139 n bluetoothd[2821]: src/adapter.c:cancel_passive_scanning()
Aug 14 20:31:24.877166 n bluetoothd[2821]: src/shared/mgmt.c:send_request() [0x0000] command 0x0007
Aug 14 20:31:24.877178 n bluetoothd[2821]: src/adapter.c:start_discovery_timeout()
Aug 14 20:31:24.877184 n bluetoothd[2821]: src/adapter.c:start_discovery_timeout() adapter->current_discovery_filter == 0
Aug 14 20:31:24.877197 n bluetoothd[2821]: src/shared/mgmt.c:can_read_data() [0x0000] command 0x0007 complete: 0x00
Aug 14 20:31:24.877202 n bluetoothd[2821]: src/adapter.c:new_settings_callback() Settings: 0x00000ad3
Aug 14 20:31:24.877208 n bluetoothd[2821]: src/adapter.c:settings_changed() Changed settings: 0x00000002
Aug 14 20:31:24.877213 n bluetoothd[2821]: src/adapter.c:settings_changed() Pending settings: 0x00000000
Aug 14 20:31:24.877231 n bluetoothd[2821]: src/shared/mgmt.c:send_request() [0x0000] command 0x0006
Aug 14 20:31:24.882970 n bluetoothd[2821]: src/shared/mgmt.c:can_read_data() [0x0000] command 0x0006 complete: 0x00
Aug 14 20:31:24.882986 n bluetoothd[2821]: src/adapter.c:new_settings_callback() Settings: 0x00000adb
Aug 14 20:31:24.882995 n bluetoothd[2821]: src/adapter.c:settings_changed() Changed settings: 0x00000008
Aug 14 20:31:24.883005 n bluetoothd[2821]: src/adapter.c:settings_changed() Pending settings: 0x00000000
Aug 14 20:31:24.883061 n bluetoothd[2821]: src/shared/mgmt.c:send_request() [0x0000] command 0x0023
Aug 14 20:31:24.892921 n bluetoothd[2821]: src/shared/mgmt.c:can_read_data() [0x0000] event 0x0013
Aug 14 20:31:24.892932 n bluetoothd[2821]: src/adapter.c:discovering_callback() hci0 type 7 discovering 1 method 0
Aug 14 20:31:24.892954 n bluetoothd[2821]: src/shared/mgmt.c:can_read_data() [0x0000] command 0x0023 complete: 0x00
Aug 14 20:31:24.892962 n bluetoothd[2821]: src/adapter.c:start_discovery_complete() status 0x00
Aug 14 20:31:24.963961 n bluetoothd[2821]: src/shared/mgmt.c:can_read_data() [0x0000] event 0x0012
Aug 14 20:31:24.963974 n bluetoothd[2821]: src/adapter.c:device_found_callback() hci0 addr AA:BB:CC:00:00:02, rssi -55 flags 0x0000 eir_len 19
Aug 14 20:31:24.982483 n bluetoothd[2821]: src/shared/mgmt.c:can_read_data() [0x0000] event 0x0013
Aug 14 20:31:24.982498 n bluetoothd[2821]: src/adapter.c:discovering_callback() hci0 type 7 discovering 0 method 0
Aug 14 20:31:24.982510 n bluetoothd[2821]: src/adapter.c:trigger_start_discovery()
Aug 14 20:31:24.982521 n bluetoothd[2821]: src/adapter.c:cancel_passive_scanning()
Aug 14 20:31:24.982554 n bluetoothd[2821]: src/shared/mgmt.c:can_read_data() [0x0000] event 0x0007
Aug 14 20:31:24.982571 n bluetoothd[2821]: src/adapter.c:dev_class_changed_callback() Class: 0x000000
Aug 14 20:31:24.982599 n bluetoothd[2821]: src/shared/mgmt.c:can_read_data() [0x0000] event 0x0006
Aug 14 20:31:24.982615 n bluetoothd[2821]: src/adapter.c:new_settings_callback() Settings: 0x00000ada
Aug 14 20:31:24.982624 n bluetoothd[2821]: src/adapter.c:settings_changed() Changed settings: 0x00000001
Aug 14 20:31:24.982631 n bluetoothd[2821]: src/adapter.c:settings_changed() Pending settings: 0x00000000
Aug 14 20:31:24.982641 n bluetoothd[2821]: src/adapter.c:cancel_passive_scanning()
Aug 14 20:31:24.982649 n bluetoothd[2821]: src/adapter.c:discovery_free() 0x5d6eb3285eb0
Aug 14 20:31:24.982673 n bluetoothd[2821]: src/adapter.c:set_discoverable() sending set mode command for index 0
Aug 14 20:31:24.982681 n bluetoothd[2821]: src/adapter.c:set_mode() sending set mode command for index 0
Aug 14 20:31:24.982694 n bluetoothd[2821]: src/adapter.c:adapter_stop() adapter /org/bluez/hci0 has been disabled
Aug 14 20:31:24.982727 n bluetoothd[2821]: src/shared/mgmt.c:send_request() [0x0000] command 0x0007
Aug 14 20:31:24.982746 n bluetoothd[2821]: src/shared/mgmt.c:can_read_data() [0x0000] command 0x0007 complete: 0x00
Aug 14 20:31:24.982753 n bluetoothd[2821]: src/adapter.c:new_settings_callback() Settings: 0x00000ad0
Aug 14 20:31:24.982760 n bluetoothd[2821]: src/adapter.c:settings_changed() Changed settings: 0x0000000a
Aug 14 20:31:24.982766 n bluetoothd[2821]: src/adapter.c:settings_changed() Pending settings: 0x00000000
Aug 14 20:31:24.988455 n bluetoothd[2821]: src/rfkill.c:rfkill_event() RFKILL event idx 0 type 2 op 2 soft 1 hard 0
Aug 14 20:31:24.988487 n bluetoothd[2821]: src/rfkill.c:rfkill_event() RFKILL unblock for hci0
Aug 14 20:31:24.988496 n bluetoothd[2821]: src/adapter.c:adapter_set_power_state() off-blocked
Aug 14 20:31:25.114185 n bluetoothd[2821]: src/adapter.c:property_set_mode() sending Set Powered command for index 0
Aug 14 20:31:25.114257 n bluetoothd[2821]: src/shared/mgmt.c:send_request() [0x0000] command 0x0005
Aug 14 20:31:25.114280 n bluetoothd[2821]: src/rfkill.c:rfkill_event() RFKILL event idx 0 type 2 op 2 soft 0 hard 0
Aug 14 20:31:25.114361 n bluetoothd[2821]: src/rfkill.c:rfkill_event() RFKILL unblock for hci0
Aug 14 20:31:25.114410 n bluetoothd[2821]: src/adapter.c:adapter_set_power_state() off
Aug 14 20:31:25.114421 n bluetoothd[2821]: src/adapter.c:adapter_set_power_state() off-enabling
Aug 14 20:31:25.114430 n bluetoothd[2821]: src/adapter.c:set_mode() sending set mode command for index 0
Aug 14 20:31:25.301985 n bluetoothd[2821]: src/shared/mgmt.c:can_read_data() [0x0000] event 0x0007
Aug 14 20:31:25.302005 n bluetoothd[2821]: src/adapter.c:dev_class_changed_callback() Class: 0x7c010c
Aug 14 20:31:25.307977 n bluetoothd[2821]: src/shared/mgmt.c:can_read_data() [0x0000] command 0x0005 complete: 0x00
Aug 14 20:31:25.307995 n bluetoothd[2821]: src/adapter.c:property_set_mode_complete() Success (0x00)
Aug 14 20:31:25.308021 n bluetoothd[2821]: src/adapter.c:adapter_set_power_state() on
Aug 14 20:31:25.308034 n bluetoothd[2821]: src/adapter.c:new_settings_callback() Settings: 0x00000ad1
Aug 14 20:31:25.308043 n bluetoothd[2821]: src/adapter.c:settings_changed() Changed settings: 0x00000001
Aug 14 20:31:25.308051 n bluetoothd[2821]: src/adapter.c:settings_changed() Pending settings: 0x00000000
Aug 14 20:31:25.308064 n bluetoothd[2821]: src/adapter.c:adapter_start() adapter /org/bluez/hci0 has been enabled
Aug 14 20:31:25.308072 n bluetoothd[2821]: src/adapter.c:trigger_passive_scanning()
Aug 14 20:31:25.308115 n bluetoothd[2821]: src/shared/mgmt.c:send_request() [0x0000] command 0x0005
Aug 14 20:31:25.308147 n bluetoothd[2821]: src/shared/mgmt.c:can_read_data() [0x0000] command 0x0005 complete: 0x00
Aug 14 20:31:25.308898 n bluetoothd[2821]: src/adapter.c:set_discovery_filter() sender :1.125
Aug 14 20:31:25.308913 n bluetoothd[2821]: src/adapter.c:parse_discovery_filter_dict() filtered discovery params: transport: 7 rssi: 32767 pathloss: 32767  duplicate data: false discoverable true pattern (null)
Aug 14 20:31:25.308927 n bluetoothd[2821]: src/adapter.c:set_discovery_filter() successfully pre-set filter
Aug 14 20:31:25.309928 n bluetoothd[2821]: src/adapter.c:start_discovery() sender :1.125
Aug 14 20:31:25.309937 n bluetoothd[2821]: src/adapter.c:update_discovery_filter()
Aug 14 20:31:25.309943 n bluetoothd[2821]: src/adapter.c:discovery_filter_to_mgmt_cp()
Aug 14 20:31:25.309949 n bluetoothd[2821]: src/adapter.c:set_discoverable() sending set mode command for index 0
Aug 14 20:31:25.309955 n bluetoothd[2821]: src/adapter.c:set_mode() sending set mode command for index 0
Aug 14 20:31:25.309962 n bluetoothd[2821]: src/adapter.c:trigger_start_discovery()
Aug 14 20:31:25.309968 n bluetoothd[2821]: src/adapter.c:cancel_passive_scanning()
Aug 14 20:31:25.309995 n bluetoothd[2821]: src/shared/mgmt.c:send_request() [0x0000] command 0x0007
Aug 14 20:31:25.310013 n bluetoothd[2821]: src/adapter.c:start_discovery_timeout()
Aug 14 20:31:25.310021 n bluetoothd[2821]: src/adapter.c:start_discovery_timeout() adapter->current_discovery_filter == 0
Aug 14 20:31:25.310036 n bluetoothd[2821]: src/shared/mgmt.c:can_read_data() [0x0000] command 0x0007 complete: 0x00
Aug 14 20:31:25.310042 n bluetoothd[2821]: src/adapter.c:new_settings_callback() Settings: 0x00000ad3
Aug 14 20:31:25.310047 n bluetoothd[2821]: src/adapter.c:settings_changed() Changed settings: 0x00000002
Aug 14 20:31:25.310053 n bluetoothd[2821]: src/adapter.c:settings_changed() Pending settings: 0x00000000
Aug 14 20:31:25.310077 n bluetoothd[2821]: src/shared/mgmt.c:send_request() [0x0000] command 0x0006
Aug 14 20:31:25.315968 n bluetoothd[2821]: src/shared/mgmt.c:can_read_data() [0x0000] command 0x0006 complete: 0x00
Aug 14 20:31:25.315979 n bluetoothd[2821]: src/adapter.c:new_settings_callback() Settings: 0x00000adb
Aug 14 20:31:25.315986 n bluetoothd[2821]: src/adapter.c:settings_changed() Changed settings: 0x00000008
Aug 14 20:31:25.315992 n bluetoothd[2821]: src/adapter.c:settings_changed() Pending settings: 0x00000000
Aug 14 20:31:25.316032 n bluetoothd[2821]: src/shared/mgmt.c:send_request() [0x0000] command 0x0023
Aug 14 20:31:25.325946 n bluetoothd[2821]: src/shared/mgmt.c:can_read_data() [0x0000] event 0x0013
Aug 14 20:31:25.325961 n bluetoothd[2821]: src/adapter.c:discovering_callback() hci0 type 7 discovering 1 method 0
Aug 14 20:31:25.325990 n bluetoothd[2821]: src/shared/mgmt.c:can_read_data() [0x0000] command 0x0023 complete: 0x00
Aug 14 20:31:25.326011 n bluetoothd[2821]: src/adapter.c:start_discovery_complete() status 0x00
Aug 14 20:31:25.383032 n bluetoothd[2821]: src/shared/mgmt.c:can_read_data() [0x0000] event 0x0012
Aug 14 20:31:25.383062 n bluetoothd[2821]: src/adapter.c:device_found_callback() hci0 addr AA:BB:CC:00:00:02, rssi -53 flags 0x0000 eir_len 19
Aug 14 20:31:25.419034 n bluetoothd[2821]: src/shared/mgmt.c:can_read_data() [0x0000] event 0x0012
Aug 14 20:31:25.419055 n bluetoothd[2821]: src/adapter.c:device_found_callback() hci0 addr AA:BB:CC:00:00:10, rssi -65 flags 0x0000 eir_len 29
Aug 14 20:31:25.419080 n bluetoothd[2821]: src/device.c:device_set_legacy() legacy 0
Aug 14 20:31:25.419093 n bluetoothd[2821]: src/device.c:device_set_rssi_with_delta() rssi -65
Aug 14 20:31:25.419116 n bluetoothd[2821]: src/device.c:device_set_flags() flags 2
Aug 14 20:31:25.444542 n bluetoothd[2821]: src/shared/mgmt.c:can_read_data() [0x0000] event 0x0013
Aug 14 20:31:25.444574 n bluetoothd[2821]: src/adapter.c:discovering_callback() hci0 type 7 discovering 0 method 0
Aug 14 20:31:25.444589 n bluetoothd[2821]: src/adapter.c:trigger_start_discovery()
Aug 14 20:31:25.444601 n bluetoothd[2821]: src/adapter.c:cancel_passive_scanning()
Aug 14 20:31:25.444643 n bluetoothd[2821]: src/shared/mgmt.c:can_read_data() [0x0000] event 0x0007
Aug 14 20:31:25.444662 n bluetoothd[2821]: src/adapter.c:dev_class_changed_callback() Class: 0x000000
Aug 14 20:31:25.444699 n bluetoothd[2821]: src/shared/mgmt.c:can_read_data() [0x0000] event 0x0006
Aug 14 20:31:25.444713 n bluetoothd[2821]: src/adapter.c:new_settings_callback() Settings: 0x00000ada
Aug 14 20:31:25.444729 n bluetoothd[2821]: src/adapter.c:settings_changed() Changed settings: 0x00000001
Aug 14 20:31:25.444741 n bluetoothd[2821]: src/adapter.c:settings_changed() Pending settings: 0x00000000
Aug 14 20:31:25.444757 n bluetoothd[2821]: src/adapter.c:cancel_passive_scanning()
Aug 14 20:31:25.444769 n bluetoothd[2821]: src/adapter.c:discovery_free() 0x5d6eb3285eb0
Aug 14 20:31:25.444791 n bluetoothd[2821]: src/device.c:device_set_rssi_with_delta() rssi 0
Aug 14 20:31:25.444806 n bluetoothd[2821]: src/adapter.c:set_discoverable() sending set mode command for index 0
Aug 14 20:31:25.444828 n bluetoothd[2821]: src/adapter.c:set_mode() sending set mode command for index 0
Aug 14 20:31:25.444845 n bluetoothd[2821]: src/adapter.c:adapter_stop() adapter /org/bluez/hci0 has been disabled
Aug 14 20:31:25.444875 n bluetoothd[2821]: src/rfkill.c:rfkill_event() RFKILL event idx 0 type 2 op 2 soft 1 hard 0
Aug 14 20:31:25.444931 n bluetoothd[2821]: src/rfkill.c:rfkill_event() RFKILL unblock for hci0
Aug 14 20:31:25.444955 n bluetoothd[2821]: src/adapter.c:adapter_set_power_state() off-blocked
Aug 14 20:31:25.444993 n bluetoothd[2821]: src/shared/mgmt.c:send_request() [0x0000] command 0x0007
Aug 14 20:31:25.445035 n bluetoothd[2821]: src/shared/mgmt.c:can_read_data() [0x0000] command 0x0007 complete: 0x00
Aug 14 20:31:25.445052 n bluetoothd[2821]: src/adapter.c:new_settings_callback() Settings: 0x00000ad0
Aug 14 20:31:25.445067 n bluetoothd[2821]: src/adapter.c:settings_changed() Changed settings: 0x0000000a
Aug 14 20:31:25.445083 n bluetoothd[2821]: src/adapter.c:settings_changed() Pending settings: 0x00000000
Aug 14 20:31:25.581038 n bluetoothd[2821]: src/adapter.c:property_set_mode() sending Set Powered command for index 0
Aug 14 20:31:25.581106 n bluetoothd[2821]: src/shared/mgmt.c:send_request() [0x0000] command 0x0005
Aug 14 20:31:25.581126 n bluetoothd[2821]: src/rfkill.c:rfkill_event() RFKILL event idx 0 type 2 op 2 soft 0 hard 0
Aug 14 20:31:25.581187 n bluetoothd[2821]: src/rfkill.c:rfkill_event() RFKILL unblock for hci0
Aug 14 20:31:25.581242 n bluetoothd[2821]: src/adapter.c:adapter_set_power_state() off
Aug 14 20:31:25.581255 n bluetoothd[2821]: src/adapter.c:adapter_set_power_state() off-enabling
Aug 14 20:31:25.581267 n bluetoothd[2821]: src/adapter.c:set_mode() sending set mode command for index 0
Aug 14 20:31:25.769036 n bluetoothd[2821]: src/shared/mgmt.c:can_read_data() [0x0000] event 0x0007
Aug 14 20:31:25.769062 n bluetoothd[2821]: src/adapter.c:dev_class_changed_callback() Class: 0x7c010c
Aug 14 20:31:25.775005 n bluetoothd[2821]: src/shared/mgmt.c:can_read_data() [0x0000] command 0x0005 complete: 0x00
Aug 14 20:31:25.775026 n bluetoothd[2821]: src/adapter.c:property_set_mode_complete() Success (0x00)
Aug 14 20:31:25.775063 n bluetoothd[2821]: src/adapter.c:adapter_set_power_state() on
Aug 14 20:31:25.775076 n bluetoothd[2821]: src/adapter.c:new_settings_callback() Settings: 0x00000ad1
Aug 14 20:31:25.775085 n bluetoothd[2821]: src/adapter.c:settings_changed() Changed settings: 0x00000001
Aug 14 20:31:25.775094 n bluetoothd[2821]: src/adapter.c:settings_changed() Pending settings: 0x00000000
Aug 14 20:31:25.775107 n bluetoothd[2821]: src/adapter.c:adapter_start() adapter /org/bluez/hci0 has been enabled
Aug 14 20:31:25.775116 n bluetoothd[2821]: src/adapter.c:trigger_passive_scanning()
Aug 14 20:31:25.775159 n bluetoothd[2821]: src/shared/mgmt.c:send_request() [0x0000] command 0x0005
Aug 14 20:31:25.775186 n bluetoothd[2821]: src/shared/mgmt.c:can_read_data() [0x0000] command 0x0005 complete: 0x00
Aug 14 20:31:25.775939 n bluetoothd[2821]: src/adapter.c:set_discovery_filter() sender :1.125
Aug 14 20:31:25.775953 n bluetoothd[2821]: src/adapter.c:parse_discovery_filter_dict() filtered discovery params: transport: 7 rssi: 32767 pathloss: 32767  duplicate data: false discoverable true pattern (null)
Aug 14 20:31:25.775968 n bluetoothd[2821]: src/adapter.c:set_discovery_filter() successfully pre-set filter
Aug 14 20:31:25.776923 n bluetoothd[2821]: src/adapter.c:start_discovery() sender :1.125
Aug 14 20:31:25.776934 n bluetoothd[2821]: src/adapter.c:update_discovery_filter()
Aug 14 20:31:25.776939 n bluetoothd[2821]: src/adapter.c:discovery_filter_to_mgmt_cp()
Aug 14 20:31:25.776945 n bluetoothd[2821]: src/adapter.c:set_discoverable() sending set mode command for index 0
Aug 14 20:31:25.776953 n bluetoothd[2821]: src/adapter.c:set_mode() sending set mode command for index 0
Aug 14 20:31:25.776960 n bluetoothd[2821]: src/adapter.c:trigger_start_discovery()
Aug 14 20:31:25.776966 n bluetoothd[2821]: src/adapter.c:cancel_passive_scanning()
Aug 14 20:31:25.776995 n bluetoothd[2821]: src/shared/mgmt.c:send_request() [0x0000] command 0x0007
Aug 14 20:31:25.777011 n bluetoothd[2821]: src/adapter.c:start_discovery_timeout()
Aug 14 20:31:25.777019 n bluetoothd[2821]: src/adapter.c:start_discovery_timeout() adapter->current_discovery_filter == 0
Aug 14 20:31:25.777035 n bluetoothd[2821]: src/shared/mgmt.c:can_read_data() [0x0000] command 0x0007 complete: 0x00
Aug 14 20:31:25.777041 n bluetoothd[2821]: src/adapter.c:new_settings_callback() Settings: 0x00000ad3
Aug 14 20:31:25.777050 n bluetoothd[2821]: src/adapter.c:settings_changed() Changed settings: 0x00000002
Aug 14 20:31:25.777056 n bluetoothd[2821]: src/adapter.c:settings_changed() Pending settings: 0x00000000
Aug 14 20:31:25.777078 n bluetoothd[2821]: src/shared/mgmt.c:send_request() [0x0000] command 0x0006
Aug 14 20:31:25.783009 n bluetoothd[2821]: src/shared/mgmt.c:can_read_data() [0x0000] command 0x0006 complete: 0x00
Aug 14 20:31:25.783024 n bluetoothd[2821]: src/adapter.c:new_settings_callback() Settings: 0x00000adb
Aug 14 20:31:25.783031 n bluetoothd[2821]: src/adapter.c:settings_changed() Changed settings: 0x00000008
Aug 14 20:31:25.783040 n bluetoothd[2821]: src/adapter.c:settings_changed() Pending settings: 0x00000000
Aug 14 20:31:25.783103 n bluetoothd[2821]: src/shared/mgmt.c:send_request() [0x0000] command 0x0023
Aug 14 20:31:25.792954 n bluetoothd[2821]: src/shared/mgmt.c:can_read_data() [0x0000] event 0x0013
Aug 14 20:31:25.792966 n bluetoothd[2821]: src/adapter.c:discovering_callback() hci0 type 7 discovering 1 method 0
Aug 14 20:31:25.792987 n bluetoothd[2821]: src/shared/mgmt.c:can_read_data() [0x0000] command 0x0023 complete: 0x00
Aug 14 20:31:25.792995 n bluetoothd[2821]: src/adapter.c:start_discovery_complete() status 0x00
Aug 14 20:31:25.909428 n bluetoothd[2821]: src/shared/mgmt.c:can_read_data() [0x0000] event 0x0012
Aug 14 20:31:25.909470 n bluetoothd[2821]: src/adapter.c:device_found_callback() hci0 addr AA:BB:CC:00:00:02, rssi -50 flags 0x0000 eir_len 19
Aug 14 20:31:25.934824 n bluetoothd[2821]: src/shared/mgmt.c:can_read_data() [0x0000] event 0x0013
Aug 14 20:31:25.934870 n bluetoothd[2821]: src/adapter.c:discovering_callback() hci0 type 7 discovering 0 method 0
Aug 14 20:31:25.934885 n bluetoothd[2821]: src/adapter.c:trigger_start_discovery()
Aug 14 20:31:25.934903 n bluetoothd[2821]: src/adapter.c:cancel_passive_scanning()
Aug 14 20:31:25.934944 n bluetoothd[2821]: src/shared/mgmt.c:can_read_data() [0x0000] event 0x0007
Aug 14 20:31:25.934975 n bluetoothd[2821]: src/adapter.c:dev_class_changed_callback() Class: 0x000000
Aug 14 20:31:25.935037 n bluetoothd[2821]: src/shared/mgmt.c:can_read_data() [0x0000] event 0x0006
Aug 14 20:31:25.935063 n bluetoothd[2821]: src/adapter.c:new_settings_callback() Settings: 0x00000ada
Aug 14 20:31:25.935080 n bluetoothd[2821]: src/adapter.c:settings_changed() Changed settings: 0x00000001
Aug 14 20:31:25.935102 n bluetoothd[2821]: src/adapter.c:settings_changed() Pending settings: 0x00000000
Aug 14 20:31:25.935125 n bluetoothd[2821]: src/adapter.c:cancel_passive_scanning()
Aug 14 20:31:25.935144 n bluetoothd[2821]: src/adapter.c:discovery_free() 0x5d6eb3292ce0
Aug 14 20:31:25.935175 n bluetoothd[2821]: src/adapter.c:set_discoverable() sending set mode command for index 0
Aug 14 20:31:25.935196 n bluetoothd[2821]: src/adapter.c:set_mode() sending set mode command for index 0
Aug 14 20:31:25.935224 n bluetoothd[2821]: src/adapter.c:adapter_stop() adapter /org/bluez/hci0 has been disabled
Aug 14 20:31:25.935261 n bluetoothd[2821]: src/rfkill.c:rfkill_event() RFKILL event idx 0 type 2 op 2 soft 1 hard 0
Aug 14 20:31:25.935370 n bluetoothd[2821]: src/rfkill.c:rfkill_event() RFKILL unblock for hci0
Aug 14 20:31:25.935391 n bluetoothd[2821]: src/adapter.c:adapter_set_power_state() off-blocked
Aug 14 20:31:25.935467 n bluetoothd[2821]: src/shared/mgmt.c:send_request() [0x0000] command 0x0007
Aug 14 20:31:25.935539 n bluetoothd[2821]: src/shared/mgmt.c:can_read_data() [0x0000] command 0x0007 complete: 0x00
Aug 14 20:31:25.935553 n bluetoothd[2821]: src/adapter.c:new_settings_callback() Settings: 0x00000ad0
Aug 14 20:31:25.935575 n bluetoothd[2821]: src/adapter.c:settings_changed() Changed settings: 0x0000000a
Aug 14 20:31:25.935588 n bluetoothd[2821]: src/adapter.c:settings_changed() Pending settings: 0x00000000
Aug 14 20:31:26.064984 n bluetoothd[2821]: src/adapter.c:property_set_mode() sending Set Powered command for index 0
Aug 14 20:31:26.065040 n bluetoothd[2821]: src/shared/mgmt.c:send_request() [0x0000] command 0x0005
Aug 14 20:31:26.065066 n bluetoothd[2821]: src/rfkill.c:rfkill_event() RFKILL event idx 0 type 2 op 2 soft 0 hard 0
Aug 14 20:31:26.065130 n bluetoothd[2821]: src/rfkill.c:rfkill_event() RFKILL unblock for hci0
Aug 14 20:31:26.065174 n bluetoothd[2821]: src/adapter.c:adapter_set_power_state() off
Aug 14 20:31:26.065186 n bluetoothd[2821]: src/adapter.c:adapter_set_power_state() off-enabling
Aug 14 20:31:26.065195 n bluetoothd[2821]: src/adapter.c:set_mode() sending set mode command for index 0
Aug 14 20:31:26.254018 n bluetoothd[2821]: src/shared/mgmt.c:can_read_data() [0x0000] event 0x0007
Aug 14 20:31:26.254042 n bluetoothd[2821]: src/adapter.c:dev_class_changed_callback() Class: 0x7c010c
Aug 14 20:31:26.260057 n bluetoothd[2821]: src/shared/mgmt.c:can_read_data() [0x0000] command 0x0005 complete: 0x00
Aug 14 20:31:26.260077 n bluetoothd[2821]: src/adapter.c:property_set_mode_complete() Success (0x00)
Aug 14 20:31:26.260112 n bluetoothd[2821]: src/adapter.c:adapter_set_power_state() on
Aug 14 20:31:26.260131 n bluetoothd[2821]: src/adapter.c:new_settings_callback() Settings: 0x00000ad1
Aug 14 20:31:26.260146 n bluetoothd[2821]: src/adapter.c:settings_changed() Changed settings: 0x00000001
Aug 14 20:31:26.260158 n bluetoothd[2821]: src/adapter.c:settings_changed() Pending settings: 0x00000000
Aug 14 20:31:26.260177 n bluetoothd[2821]: src/adapter.c:adapter_start() adapter /org/bluez/hci0 has been enabled
Aug 14 20:31:26.260190 n bluetoothd[2821]: src/adapter.c:trigger_passive_scanning()
Aug 14 20:31:26.260259 n bluetoothd[2821]: src/shared/mgmt.c:send_request() [0x0000] command 0x0005
Aug 14 20:31:26.260295 n bluetoothd[2821]: src/shared/mgmt.c:can_read_data() [0x0000] command 0x0005 complete: 0x00
Aug 14 20:31:26.260991 n bluetoothd[2821]: src/adapter.c:set_discovery_filter() sender :1.125
Aug 14 20:31:26.261005 n bluetoothd[2821]: src/adapter.c:parse_discovery_filter_dict() filtered discovery params: transport: 7 rssi: 32767 pathloss: 32767  duplicate data: false discoverable true pattern (null)
Aug 14 20:31:26.261021 n bluetoothd[2821]: src/adapter.c:set_discovery_filter() successfully pre-set filter
Aug 14 20:31:26.261999 n bluetoothd[2821]: src/adapter.c:start_discovery() sender :1.125
Aug 14 20:31:26.262012 n bluetoothd[2821]: src/adapter.c:update_discovery_filter()
Aug 14 20:31:26.262021 n bluetoothd[2821]: src/adapter.c:discovery_filter_to_mgmt_cp()
Aug 14 20:31:26.262029 n bluetoothd[2821]: src/adapter.c:set_discoverable() sending set mode command for index 0
Aug 14 20:31:26.262037 n bluetoothd[2821]: src/adapter.c:set_mode() sending set mode command for index 0
Aug 14 20:31:26.262049 n bluetoothd[2821]: src/adapter.c:trigger_start_discovery()
Aug 14 20:31:26.262056 n bluetoothd[2821]: src/adapter.c:cancel_passive_scanning()
Aug 14 20:31:26.262102 n bluetoothd[2821]: src/shared/mgmt.c:send_request() [0x0000] command 0x0007
Aug 14 20:31:26.262119 n bluetoothd[2821]: src/adapter.c:start_discovery_timeout()
Aug 14 20:31:26.262127 n bluetoothd[2821]: src/adapter.c:start_discovery_timeout() adapter->current_discovery_filter == 0
Aug 14 20:31:26.262152 n bluetoothd[2821]: src/shared/mgmt.c:can_read_data() [0x0000] command 0x0007 complete: 0x00
Aug 14 20:31:26.262161 n bluetoothd[2821]: src/adapter.c:new_settings_callback() Settings: 0x00000ad3
Aug 14 20:31:26.262168 n bluetoothd[2821]: src/adapter.c:settings_changed() Changed settings: 0x00000002
Aug 14 20:31:26.262176 n bluetoothd[2821]: src/adapter.c:settings_changed() Pending settings: 0x00000000
Aug 14 20:31:26.262204 n bluetoothd[2821]: src/shared/mgmt.c:send_request() [0x0000] command 0x0006
Aug 14 20:31:26.268021 n bluetoothd[2821]: src/shared/mgmt.c:can_read_data() [0x0000] command 0x0006 complete: 0x00
Aug 14 20:31:26.268038 n bluetoothd[2821]: src/adapter.c:new_settings_callback() Settings: 0x00000adb
Aug 14 20:31:26.268049 n bluetoothd[2821]: src/adapter.c:settings_changed() Changed settings: 0x00000008
Aug 14 20:31:26.268061 n bluetoothd[2821]: src/adapter.c:settings_changed() Pending settings: 0x00000000
Aug 14 20:31:26.268122 n bluetoothd[2821]: src/shared/mgmt.c:send_request() [0x0000] command 0x0023
Aug 14 20:31:26.280449 n bluetoothd[2821]: src/shared/mgmt.c:can_read_data() [0x0000] command 0x23 status: 0x00
Aug 14 20:31:26.280465 n bluetoothd[2821]: src/adapter.c:start_discovery_complete() status 0x00
Aug 14 20:31:26.280473 n bluetoothd[2821]: Wrong size of start discovery return parameters
Aug 14 20:31:26.280531 n bluetoothd[2821]: src/shared/mgmt.c:can_read_data() [0x0000] event 0x0007
Aug 14 20:31:26.280542 n bluetoothd[2821]: src/adapter.c:dev_class_changed_callback() Class: 0x000000
Aug 14 20:31:26.280569 n bluetoothd[2821]: src/shared/mgmt.c:can_read_data() [0x0000] event 0x0006
Aug 14 20:31:26.280581 n bluetoothd[2821]: src/adapter.c:new_settings_callback() Settings: 0x00000ada
Aug 14 20:31:26.280588 n bluetoothd[2821]: src/adapter.c:settings_changed() Changed settings: 0x00000001
Aug 14 20:31:26.280595 n bluetoothd[2821]: src/adapter.c:settings_changed() Pending settings: 0x00000000
Aug 14 20:31:26.280605 n bluetoothd[2821]: src/adapter.c:cancel_passive_scanning()
Aug 14 20:31:26.280615 n bluetoothd[2821]: src/adapter.c:discovery_free() 0x5d6eb3253880
Aug 14 20:31:26.280632 n bluetoothd[2821]: src/adapter.c:set_discoverable() sending set mode command for index 0
Aug 14 20:31:26.280640 n bluetoothd[2821]: src/adapter.c:set_mode() sending set mode command for index 0
Aug 14 20:31:26.280650 n bluetoothd[2821]: src/adapter.c:adapter_stop() adapter /org/bluez/hci0 has been disabled
Aug 14 20:31:26.280695 n bluetoothd[2821]: src/shared/mgmt.c:send_request() [0x0000] command 0x0007
Aug 14 20:31:26.280714 n bluetoothd[2821]: src/shared/mgmt.c:can_read_data() [0x0000] command 0x0007 complete: 0x00
Aug 14 20:31:26.280721 n bluetoothd[2821]: src/adapter.c:new_settings_callback() Settings: 0x00000ad0
Aug 14 20:31:26.280728 n bluetoothd[2821]: src/adapter.c:settings_changed() Changed settings: 0x0000000a
Aug 14 20:31:26.280734 n bluetoothd[2821]: src/adapter.c:settings_changed() Pending settings: 0x00000000
Aug 14 20:31:26.285842 n bluetoothd[2821]: src/rfkill.c:rfkill_event() RFKILL event idx 0 type 2 op 2 soft 1 hard 0
Aug 14 20:31:26.285876 n bluetoothd[2821]: src/rfkill.c:rfkill_event() RFKILL unblock for hci0
Aug 14 20:31:26.285883 n bluetoothd[2821]: src/adapter.c:adapter_set_power_state() off-blocked
Aug 14 20:31:26.414788 n bluetoothd[2821]: src/adapter.c:property_set_mode() sending Set Powered command for index 0
Aug 14 20:31:26.414855 n bluetoothd[2821]: src/shared/mgmt.c:send_request() [0x0000] command 0x0005
Aug 14 20:31:26.414881 n bluetoothd[2821]: src/rfkill.c:rfkill_event() RFKILL event idx 0 type 2 op 2 soft 0 hard 0
Aug 14 20:31:26.414935 n bluetoothd[2821]: src/rfkill.c:rfkill_event() RFKILL unblock for hci0
Aug 14 20:31:26.414980 n bluetoothd[2821]: src/adapter.c:adapter_set_power_state() off
Aug 14 20:31:26.414989 n bluetoothd[2821]: src/adapter.c:adapter_set_power_state() off-enabling
Aug 14 20:31:26.414996 n bluetoothd[2821]: src/adapter.c:set_mode() sending set mode command for index 0
Aug 14 20:31:26.604998 n bluetoothd[2821]: src/shared/mgmt.c:can_read_data() [0x0000] event 0x0007
Aug 14 20:31:26.605017 n bluetoothd[2821]: src/adapter.c:dev_class_changed_callback() Class: 0x7c010c
Aug 14 20:31:26.611012 n bluetoothd[2821]: src/shared/mgmt.c:can_read_data() [0x0000] command 0x0005 complete: 0x00
Aug 14 20:31:26.611027 n bluetoothd[2821]: src/adapter.c:property_set_mode_complete() Success (0x00)
Aug 14 20:31:26.611051 n bluetoothd[2821]: src/adapter.c:adapter_set_power_state() on
Aug 14 20:31:26.611063 n bluetoothd[2821]: src/adapter.c:new_settings_callback() Settings: 0x00000ad1
Aug 14 20:31:26.611073 n bluetoothd[2821]: src/adapter.c:settings_changed() Changed settings: 0x00000001
Aug 14 20:31:26.611084 n bluetoothd[2821]: src/adapter.c:settings_changed() Pending settings: 0x00000000
Aug 14 20:31:26.611096 n bluetoothd[2821]: src/adapter.c:adapter_start() adapter /org/bluez/hci0 has been enabled
Aug 14 20:31:26.611106 n bluetoothd[2821]: src/adapter.c:trigger_passive_scanning()
Aug 14 20:31:26.611148 n bluetoothd[2821]: src/shared/mgmt.c:send_request() [0x0000] command 0x0005
Aug 14 20:31:26.611177 n bluetoothd[2821]: src/shared/mgmt.c:can_read_data() [0x0000] command 0x0005 complete: 0x00
Aug 14 20:31:26.612217 n bluetoothd[2821]: src/adapter.c:set_discovery_filter() sender :1.125
Aug 14 20:31:26.612235 n bluetoothd[2821]: src/adapter.c:parse_discovery_filter_dict() filtered discovery params: transport: 7 rssi: 32767 pathloss: 32767  duplicate data: false discoverable true pattern (null)
Aug 14 20:31:26.612253 n bluetoothd[2821]: src/adapter.c:set_discovery_filter() successfully pre-set filter
Aug 14 20:31:26.613262 n bluetoothd[2821]: src/adapter.c:start_discovery() sender :1.125
Aug 14 20:31:26.613273 n bluetoothd[2821]: src/adapter.c:update_discovery_filter()
Aug 14 20:31:26.613279 n bluetoothd[2821]: src/adapter.c:discovery_filter_to_mgmt_cp()
Aug 14 20:31:26.613286 n bluetoothd[2821]: src/adapter.c:set_discoverable() sending set mode command for index 0
Aug 14 20:31:26.613293 n bluetoothd[2821]: src/adapter.c:set_mode() sending set mode command for index 0
Aug 14 20:31:26.613301 n bluetoothd[2821]: src/adapter.c:trigger_start_discovery()
Aug 14 20:31:26.613307 n bluetoothd[2821]: src/adapter.c:cancel_passive_scanning()
Aug 14 20:31:26.613345 n bluetoothd[2821]: src/shared/mgmt.c:send_request() [0x0000] command 0x0007
Aug 14 20:31:26.613359 n bluetoothd[2821]: src/adapter.c:start_discovery_timeout()
Aug 14 20:31:26.613364 n bluetoothd[2821]: src/adapter.c:start_discovery_timeout() adapter->current_discovery_filter == 0
Aug 14 20:31:26.613377 n bluetoothd[2821]: src/shared/mgmt.c:can_read_data() [0x0000] command 0x0007 complete: 0x00
Aug 14 20:31:26.613384 n bluetoothd[2821]: src/adapter.c:new_settings_callback() Settings: 0x00000ad3
Aug 14 20:31:26.613390 n bluetoothd[2821]: src/adapter.c:settings_changed() Changed settings: 0x00000002
Aug 14 20:31:26.613396 n bluetoothd[2821]: src/adapter.c:settings_changed() Pending settings: 0x00000000
Aug 14 20:31:26.613421 n bluetoothd[2821]: src/shared/mgmt.c:send_request() [0x0000] command 0x0006
Aug 14 20:31:26.619040 n bluetoothd[2821]: src/shared/mgmt.c:can_read_data() [0x0000] command 0x0006 complete: 0x00
Aug 14 20:31:26.619055 n bluetoothd[2821]: src/adapter.c:new_settings_callback() Settings: 0x00000adb
Aug 14 20:31:26.619063 n bluetoothd[2821]: src/adapter.c:settings_changed() Changed settings: 0x00000008
Aug 14 20:31:26.619070 n bluetoothd[2821]: src/adapter.c:settings_changed() Pending settings: 0x00000000
Aug 14 20:31:26.619115 n bluetoothd[2821]: src/shared/mgmt.c:send_request() [0x0000] command 0x0023
Aug 14 20:31:26.629011 n bluetoothd[2821]: src/shared/mgmt.c:can_read_data() [0x0000] event 0x0013
Aug 14 20:31:26.629030 n bluetoothd[2821]: src/adapter.c:discovering_callback() hci0 type 7 discovering 1 method 0
Aug 14 20:31:26.629066 n bluetoothd[2821]: src/shared/mgmt.c:can_read_data() [0x0000] command 0x0023 complete: 0x00
Aug 14 20:31:26.629080 n bluetoothd[2821]: src/adapter.c:start_discovery_complete() status 0x00
Aug 14 20:31:26.656009 n bluetoothd[2821]: src/shared/mgmt.c:can_read_data() [0x0000] event 0x0012
Aug 14 20:31:26.656023 n bluetoothd[2821]: src/adapter.c:device_found_callback() hci0 addr AA:BB:CC:00:00:10, rssi -66 flags 0x0000 eir_len 29
Aug 14 20:31:26.656045 n bluetoothd[2821]: src/device.c:device_set_legacy() legacy 0
Aug 14 20:31:26.656054 n bluetoothd[2821]: src/device.c:device_set_rssi_with_delta() rssi -66
Aug 14 20:31:26.656074 n bluetoothd[2821]: src/device.c:device_set_flags() flags 2
Aug 14 20:31:26.759670 n bluetoothd[2821]: src/shared/mgmt.c:can_read_data() [0x0000] event 0x0013
Aug 14 20:31:26.759715 n bluetoothd[2821]: src/adapter.c:discovering_callback() hci0 type 7 discovering 0 method 0
Aug 14 20:31:26.759748 n bluetoothd[2821]: src/adapter.c:trigger_start_discovery()
Aug 14 20:31:26.759783 n bluetoothd[2821]: src/adapter.c:cancel_passive_scanning()
Aug 14 20:31:26.759869 n bluetoothd[2821]: src/shared/mgmt.c:can_read_data() [0x0000] event 0x0007
Aug 14 20:31:26.759904 n bluetoothd[2821]: src/adapter.c:dev_class_changed_callback() Class: 0x000000
Aug 14 20:31:26.759959 n bluetoothd[2821]: src/shared/mgmt.c:can_read_data() [0x0000] event 0x0006
Aug 14 20:31:26.759981 n bluetoothd[2821]: src/adapter.c:new_settings_callback() Settings: 0x00000ada
Aug 14 20:31:26.760001 n bluetoothd[2821]: src/adapter.c:settings_changed() Changed settings: 0x00000001
Aug 14 20:31:26.760018 n bluetoothd[2821]: src/adapter.c:settings_changed() Pending settings: 0x00000000
Aug 14 20:31:26.760043 n bluetoothd[2821]: src/adapter.c:cancel_passive_scanning()
Aug 14 20:31:26.760065 n bluetoothd[2821]: src/adapter.c:discovery_free() 0x5d6eb3285e10
Aug 14 20:31:26.760107 n bluetoothd[2821]: src/device.c:device_set_rssi_with_delta() rssi 0
Aug 14 20:31:26.760133 n bluetoothd[2821]: src/adapter.c:set_discoverable() sending set mode command for index 0
Aug 14 20:31:26.760152 n bluetoothd[2821]: src/adapter.c:set_mode() sending set mode command for index 0
Aug 14 20:31:26.760178 n bluetoothd[2821]: src/adapter.c:adapter_stop() adapter /org/bluez/hci0 has been disabled
Aug 14 20:31:26.760241 n bluetoothd[2821]: src/rfkill.c:rfkill_event() RFKILL event idx 0 type 2 op 2 soft 1 hard 0
Aug 14 20:31:26.760355 n bluetoothd[2821]: src/rfkill.c:rfkill_event() RFKILL unblock for hci0
Aug 14 20:31:26.760377 n bluetoothd[2821]: src/adapter.c:adapter_set_power_state() off-blocked
Aug 14 20:31:26.760431 n bluetoothd[2821]: src/shared/mgmt.c:send_request() [0x0000] command 0x0007
Aug 14 20:31:26.760473 n bluetoothd[2821]: src/shared/mgmt.c:can_read_data() [0x0000] command 0x0007 complete: 0x00
Aug 14 20:31:26.760489 n bluetoothd[2821]: src/adapter.c:new_settings_callback() Settings: 0x00000ad0
Aug 14 20:31:26.760506 n bluetoothd[2821]: src/adapter.c:settings_changed() Changed settings: 0x0000000a
Aug 14 20:31:26.760521 n bluetoothd[2821]: src/adapter.c:settings_changed() Pending settings: 0x00000000
Aug 14 20:31:26.931174 n bluetoothd[2821]: src/adapter.c:property_set_mode() sending Set Powered command for index 0
Aug 14 20:31:26.931252 n bluetoothd[2821]: src/shared/mgmt.c:send_request() [0x0000] command 0x0005
Aug 14 20:31:26.931298 n bluetoothd[2821]: src/rfkill.c:rfkill_event() RFKILL event idx 0 type 2 op 2 soft 0 hard 0
Aug 14 20:31:26.931378 n bluetoothd[2821]: src/rfkill.c:rfkill_event() RFKILL unblock for hci0
Aug 14 20:31:26.931427 n bluetoothd[2821]: src/adapter.c:adapter_set_power_state() off
Aug 14 20:31:26.931443 n bluetoothd[2821]: src/adapter.c:adapter_set_power_state() off-enabling
Aug 14 20:31:26.931455 n bluetoothd[2821]: src/adapter.c:set_mode() sending set mode command for index 0
Aug 14 20:31:27.119065 n bluetoothd[2821]: src/shared/mgmt.c:can_read_data() [0x0000] event 0x0007
Aug 14 20:31:27.119090 n bluetoothd[2821]: src/adapter.c:dev_class_changed_callback() Class: 0x7c010c
Aug 14 20:31:27.125075 n bluetoothd[2821]: src/shared/mgmt.c:can_read_data() [0x0000] command 0x0005 complete: 0x00
Aug 14 20:31:27.125097 n bluetoothd[2821]: src/adapter.c:property_set_mode_complete() Success (0x00)
Aug 14 20:31:27.125131 n bluetoothd[2821]: src/adapter.c:adapter_set_power_state() on
Aug 14 20:31:27.125146 n bluetoothd[2821]: src/adapter.c:new_settings_callback() Settings: 0x00000ad1
Aug 14 20:31:27.125157 n bluetoothd[2821]: src/adapter.c:settings_changed() Changed settings: 0x00000001
Aug 14 20:31:27.125169 n bluetoothd[2821]: src/adapter.c:settings_changed() Pending settings: 0x00000000
Aug 14 20:31:27.125184 n bluetoothd[2821]: src/adapter.c:adapter_start() adapter /org/bluez/hci0 has been enabled
Aug 14 20:31:27.125197 n bluetoothd[2821]: src/adapter.c:trigger_passive_scanning()
Aug 14 20:31:27.125252 n bluetoothd[2821]: src/shared/mgmt.c:send_request() [0x0000] command 0x0005
Aug 14 20:31:27.125283 n bluetoothd[2821]: src/shared/mgmt.c:can_read_data() [0x0000] command 0x0005 complete: 0x00
Aug 14 20:31:27.125903 n bluetoothd[2821]: src/adapter.c:set_discovery_filter() sender :1.125
Aug 14 20:31:27.125918 n bluetoothd[2821]: src/adapter.c:parse_discovery_filter_dict() filtered discovery params: transport: 7 rssi: 32767 pathloss: 32767  duplicate data: false discoverable true pattern (null)
Aug 14 20:31:27.125933 n bluetoothd[2821]: src/adapter.c:set_discovery_filter() successfully pre-set filter
Aug 14 20:31:27.126869 n bluetoothd[2821]: src/adapter.c:start_discovery() sender :1.125
Aug 14 20:31:27.126879 n bluetoothd[2821]: src/adapter.c:update_discovery_filter()
Aug 14 20:31:27.126884 n bluetoothd[2821]: src/adapter.c:discovery_filter_to_mgmt_cp()
Aug 14 20:31:27.126890 n bluetoothd[2821]: src/adapter.c:set_discoverable() sending set mode command for index 0
Aug 14 20:31:27.126895 n bluetoothd[2821]: src/adapter.c:set_mode() sending set mode command for index 0
Aug 14 20:31:27.126903 n bluetoothd[2821]: src/adapter.c:trigger_start_discovery()
Aug 14 20:31:27.126909 n bluetoothd[2821]: src/adapter.c:cancel_passive_scanning()
Aug 14 20:31:27.126938 n bluetoothd[2821]: src/shared/mgmt.c:send_request() [0x0000] command 0x0007
Aug 14 20:31:27.126951 n bluetoothd[2821]: src/adapter.c:start_discovery_timeout()
Aug 14 20:31:27.126956 n bluetoothd[2821]: src/adapter.c:start_discovery_timeout() adapter->current_discovery_filter == 0
Aug 14 20:31:27.126969 n bluetoothd[2821]: src/shared/mgmt.c:can_read_data() [0x0000] command 0x0007 complete: 0x00
Aug 14 20:31:27.126975 n bluetoothd[2821]: src/adapter.c:new_settings_callback() Settings: 0x00000ad3
Aug 14 20:31:27.126981 n bluetoothd[2821]: src/adapter.c:settings_changed() Changed settings: 0x00000002
Aug 14 20:31:27.126985 n bluetoothd[2821]: src/adapter.c:settings_changed() Pending settings: 0x00000000
Aug 14 20:31:27.127006 n bluetoothd[2821]: src/shared/mgmt.c:send_request() [0x0000] command 0x0006
Aug 14 20:31:27.133070 n bluetoothd[2821]: src/shared/mgmt.c:can_read_data() [0x0000] command 0x0006 complete: 0x00
Aug 14 20:31:27.133083 n bluetoothd[2821]: src/adapter.c:new_settings_callback() Settings: 0x00000adb
Aug 14 20:31:27.133091 n bluetoothd[2821]: src/adapter.c:settings_changed() Changed settings: 0x00000008
Aug 14 20:31:27.133099 n bluetoothd[2821]: src/adapter.c:settings_changed() Pending settings: 0x00000000
Aug 14 20:31:27.133157 n bluetoothd[2821]: src/shared/mgmt.c:send_request() [0x0000] command 0x0023
Aug 14 20:31:27.143004 n bluetoothd[2821]: src/shared/mgmt.c:can_read_data() [0x0000] event 0x0013
Aug 14 20:31:27.143018 n bluetoothd[2821]: src/adapter.c:discovering_callback() hci0 type 7 discovering 1 method 0
Aug 14 20:31:27.143038 n bluetoothd[2821]: src/shared/mgmt.c:can_read_data() [0x0000] command 0x0023 complete: 0x00
Aug 14 20:31:27.143047 n bluetoothd[2821]: src/adapter.c:start_discovery_complete() status 0x00
Aug 14 20:31:27.194046 n bluetoothd[2821]: src/shared/mgmt.c:can_read_data() [0x0000] event 0x0012
Aug 14 20:31:27.194065 n bluetoothd[2821]: src/adapter.c:device_found_callback() hci0 addr AA:BB:CC:00:00:10, rssi -58 flags 0x0000 eir_len 29
Aug 14 20:31:27.194083 n bluetoothd[2821]: src/device.c:device_set_legacy() legacy 0
Aug 14 20:31:27.194090 n bluetoothd[2821]: src/device.c:device_set_rssi_with_delta() rssi -58
Aug 14 20:31:27.194109 n bluetoothd[2821]: src/device.c:device_set_flags() flags 2
Aug 14 20:31:27.303315 n bluetoothd[2821]: src/shared/mgmt.c:can_read_data() [0x0000] event 0x0012
Aug 14 20:31:27.303350 n bluetoothd[2821]: src/adapter.c:device_found_callback() hci0 addr AA:BB:CC:00:00:02, rssi -49 flags 0x0000 eir_len 19
Aug 14 20:31:27.409464 n bluetoothd[2821]: src/shared/mgmt.c:can_read_data() [0x0000] event 0x0012
Aug 14 20:31:27.409496 n bluetoothd[2821]: src/adapter.c:device_found_callback() hci0 addr AA:BB:CC:00:00:09, rssi -62 flags 0x0004 eir_len 31
Aug 14 20:31:28.006349 n bluetoothd[2821]: src/shared/mgmt.c:can_read_data() [0x0000] event 0x0012
Aug 14 20:31:28.006368 n bluetoothd[2821]: src/adapter.c:device_found_callback() hci0 addr AA:BB:CC:00:00:02, rssi -50 flags 0x0000 eir_len 19
Aug 14 20:31:28.006529 n bluetoothd[2821]: src/shared/mgmt.c:can_read_data() [0x0000] event 0x0012
Aug 14 20:31:28.006543 n bluetoothd[2821]: src/adapter.c:device_found_callback() hci0 addr AA:BB:CC:00:00:14, rssi -90 flags 0x0004 eir_len 8
Aug 14 20:31:28.304237 n bluetoothd[2821]: src/shared/mgmt.c:can_read_data() [0x0000] event 0x0012
Aug 14 20:31:28.304272 n bluetoothd[2821]: src/adapter.c:device_found_callback() hci0 addr AA:BB:CC:00:00:02, rssi -53 flags 0x0000 eir_len 19
Aug 14 20:31:28.313662 n bluetoothd[2821]: src/shared/mgmt.c:can_read_data() [0x0000] event 0x0013
Aug 14 20:31:28.313700 n bluetoothd[2821]: src/adapter.c:discovering_callback() hci0 type 7 discovering 0 method 0
Aug 14 20:31:28.313713 n bluetoothd[2821]: src/adapter.c:trigger_start_discovery()
Aug 14 20:31:28.313729 n bluetoothd[2821]: src/adapter.c:cancel_passive_scanning()
Aug 14 20:31:28.313769 n bluetoothd[2821]: src/shared/mgmt.c:can_read_data() [0x0000] event 0x0007
Aug 14 20:31:28.313783 n bluetoothd[2821]: src/adapter.c:dev_class_changed_callback() Class: 0x000000
Aug 14 20:31:28.313818 n bluetoothd[2821]: src/shared/mgmt.c:can_read_data() [0x0000] event 0x0006
Aug 14 20:31:28.313836 n bluetoothd[2821]: src/adapter.c:new_settings_callback() Settings: 0x00000ada
Aug 14 20:31:28.313851 n bluetoothd[2821]: src/adapter.c:settings_changed() Changed settings: 0x00000001
Aug 14 20:31:28.313862 n bluetoothd[2821]: src/adapter.c:settings_changed() Pending settings: 0x00000000
Aug 14 20:31:28.313878 n bluetoothd[2821]: src/adapter.c:cancel_passive_scanning()
Aug 14 20:31:28.313889 n bluetoothd[2821]: src/adapter.c:discovery_free() 0x5d6eb326ed40
Aug 14 20:31:28.313915 n bluetoothd[2821]: src/device.c:device_set_rssi_with_delta() rssi 0
Aug 14 20:31:28.313937 n bluetoothd[2821]: src/adapter.c:set_discoverable() sending set mode command for index 0
Aug 14 20:31:28.313955 n bluetoothd[2821]: src/adapter.c:set_mode() sending set mode command for index 0
Aug 14 20:31:28.313985 n bluetoothd[2821]: src/adapter.c:adapter_stop() adapter /org/bluez/hci0 has been disabled
Aug 14 20:31:28.314038 n bluetoothd[2821]: src/rfkill.c:rfkill_event() RFKILL event idx 0 type 2 op 2 soft 1 hard 0
Aug 14 20:31:28.314101 n bluetoothd[2821]: src/rfkill.c:rfkill_event() RFKILL unblock for hci0
Aug 14 20:31:28.314113 n bluetoothd[2821]: src/adapter.c:adapter_set_power_state() off-blocked
Aug 14 20:31:28.314149 n bluetoothd[2821]: src/shared/mgmt.c:send_request() [0x0000] command 0x0007
Aug 14 20:31:28.314181 n bluetoothd[2821]: src/shared/mgmt.c:can_read_data() [0x0000] command 0x0007 complete: 0x00
Aug 14 20:31:28.314193 n bluetoothd[2821]: src/adapter.c:new_settings_callback() Settings: 0x00000ad0
Aug 14 20:31:28.314203 n bluetoothd[2821]: src/adapter.c:settings_changed() Changed settings: 0x0000000a
Aug 14 20:31:28.314213 n bluetoothd[2821]: src/adapter.c:settings_changed() Pending settings: 0x00000000
Aug 14 20:31:29.266623 n bluetoothd[2821]: src/adapter.c:property_set_mode() sending Set Powered command for index 0
Aug 14 20:31:29.266691 n bluetoothd[2821]: src/shared/mgmt.c:send_request() [0x0000] command 0x0005
Aug 14 20:31:29.266719 n bluetoothd[2821]: src/rfkill.c:rfkill_event() RFKILL event idx 0 type 2 op 2 soft 0 hard 0
Aug 14 20:31:29.266775 n bluetoothd[2821]: src/rfkill.c:rfkill_event() RFKILL unblock for hci0
Aug 14 20:31:29.266843 n bluetoothd[2821]: src/adapter.c:adapter_set_power_state() off
Aug 14 20:31:29.266858 n bluetoothd[2821]: src/adapter.c:adapter_set_power_state() off-enabling
Aug 14 20:31:29.266878 n bluetoothd[2821]: src/adapter.c:set_mode() sending set mode command for index 0
Aug 14 20:31:29.454187 n bluetoothd[2821]: src/shared/mgmt.c:can_read_data() [0x0000] event 0x0007
Aug 14 20:31:29.454212 n bluetoothd[2821]: src/adapter.c:dev_class_changed_callback() Class: 0x7c010c
Aug 14 20:31:29.460211 n bluetoothd[2821]: src/shared/mgmt.c:can_read_data() [0x0000] command 0x0005 complete: 0x00
Aug 14 20:31:29.460231 n bluetoothd[2821]: src/adapter.c:property_set_mode_complete() Success (0x00)
Aug 14 20:31:29.460263 n bluetoothd[2821]: src/adapter.c:adapter_set_power_state() on
Aug 14 20:31:29.460278 n bluetoothd[2821]: src/adapter.c:new_settings_callback() Settings: 0x00000ad1
Aug 14 20:31:29.460290 n bluetoothd[2821]: src/adapter.c:settings_changed() Changed settings: 0x00000001
Aug 14 20:31:29.460302 n bluetoothd[2821]: src/adapter.c:settings_changed() Pending settings: 0x00000000
Aug 14 20:31:29.460317 n bluetoothd[2821]: src/adapter.c:adapter_start() adapter /org/bluez/hci0 has been enabled
Aug 14 20:31:29.460328 n bluetoothd[2821]: src/adapter.c:trigger_passive_scanning()
Aug 14 20:31:29.460466 n bluetoothd[2821]: src/shared/mgmt.c:send_request() [0x0000] command 0x0005
Aug 14 20:31:29.460509 n bluetoothd[2821]: src/shared/mgmt.c:can_read_data() [0x0000] command 0x0005 complete: 0x00
Aug 14 20:31:29.461240 n bluetoothd[2821]: src/adapter.c:set_discovery_filter() sender :1.125
Aug 14 20:31:29.461253 n bluetoothd[2821]: src/adapter.c:parse_discovery_filter_dict() filtered discovery params: transport: 7 rssi: 32767 pathloss: 32767  duplicate data: false discoverable true pattern (null)
Aug 14 20:31:29.461266 n bluetoothd[2821]: src/adapter.c:set_discovery_filter() successfully pre-set filter
Aug 14 20:31:29.462157 n bluetoothd[2821]: src/adapter.c:start_discovery() sender :1.125
Aug 14 20:31:29.462168 n bluetoothd[2821]: src/adapter.c:update_discovery_filter()
Aug 14 20:31:29.462173 n bluetoothd[2821]: src/adapter.c:discovery_filter_to_mgmt_cp()
Aug 14 20:31:29.462178 n bluetoothd[2821]: src/adapter.c:set_discoverable() sending set mode command for index 0
Aug 14 20:31:29.462184 n bluetoothd[2821]: src/adapter.c:set_mode() sending set mode command for index 0
Aug 14 20:31:29.462191 n bluetoothd[2821]: src/adapter.c:trigger_start_discovery()
Aug 14 20:31:29.462196 n bluetoothd[2821]: src/adapter.c:cancel_passive_scanning()
Aug 14 20:31:29.462224 n bluetoothd[2821]: src/shared/mgmt.c:send_request() [0x0000] command 0x0007
Aug 14 20:31:29.462236 n bluetoothd[2821]: src/adapter.c:start_discovery_timeout()
Aug 14 20:31:29.462242 n bluetoothd[2821]: src/adapter.c:start_discovery_timeout() adapter->current_discovery_filter == 0
Aug 14 20:31:29.462255 n bluetoothd[2821]: src/shared/mgmt.c:can_read_data() [0x0000] command 0x0007 complete: 0x00
Aug 14 20:31:29.462260 n bluetoothd[2821]: src/adapter.c:new_settings_callback() Settings: 0x00000ad3
Aug 14 20:31:29.462264 n bluetoothd[2821]: src/adapter.c:settings_changed() Changed settings: 0x00000002
Aug 14 20:31:29.462269 n bluetoothd[2821]: src/adapter.c:settings_changed() Pending settings: 0x00000000
Aug 14 20:31:29.462291 n bluetoothd[2821]: src/shared/mgmt.c:send_request() [0x0000] command 0x0006
Aug 14 20:31:29.468161 n bluetoothd[2821]: src/shared/mgmt.c:can_read_data() [0x0000] command 0x0006 complete: 0x00
Aug 14 20:31:29.468181 n bluetoothd[2821]: src/adapter.c:new_settings_callback() Settings: 0x00000adb
Aug 14 20:31:29.468194 n bluetoothd[2821]: src/adapter.c:settings_changed() Changed settings: 0x00000008
Aug 14 20:31:29.468208 n bluetoothd[2821]: src/adapter.c:settings_changed() Pending settings: 0x00000000
Aug 14 20:31:29.468282 n bluetoothd[2821]: src/shared/mgmt.c:send_request() [0x0000] command 0x0023
Aug 14 20:31:29.478114 n bluetoothd[2821]: src/shared/mgmt.c:can_read_data() [0x0000] event 0x0013
Aug 14 20:31:29.478129 n bluetoothd[2821]: src/adapter.c:discovering_callback() hci0 type 7 discovering 1 method 0
Aug 14 20:31:29.478156 n bluetoothd[2821]: src/shared/mgmt.c:can_read_data() [0x0000] command 0x0023 complete: 0x00
Aug 14 20:31:29.478167 n bluetoothd[2821]: src/adapter.c:start_discovery_complete() status 0x00
Aug 14 20:31:29.509220 n bluetoothd[2821]: src/shared/mgmt.c:can_read_data() [0x0000] event 0x0012
Aug 14 20:31:29.509239 n bluetoothd[2821]: src/adapter.c:device_found_callback() hci0 addr AA:BB:CC:00:00:02, rssi -57 flags 0x0000 eir_len 19
Aug 14 20:31:29.602221 n bluetoothd[2821]: src/shared/mgmt.c:can_read_data() [0x0000] event 0x0012
Aug 14 20:31:29.602260 n bluetoothd[2821]: src/adapter.c:device_found_callback() hci0 addr AA:BB:CC:00:00:09, rssi -72 flags 0x0004 eir_len 31
Aug 14 20:31:29.653181 n bluetoothd[2821]: src/shared/mgmt.c:can_read_data() [0x0000] event 0x0012
Aug 14 20:31:29.653221 n bluetoothd[2821]: src/adapter.c:device_found_callback() hci0 addr AA:BB:CC:00:00:10, rssi -61 flags 0x0000 eir_len 29
Aug 14 20:31:29.653248 n bluetoothd[2821]: src/device.c:device_set_legacy() legacy 0
Aug 14 20:31:29.653262 n bluetoothd[2821]: src/device.c:device_set_rssi_with_delta() rssi -61
Aug 14 20:31:29.653286 n bluetoothd[2821]: src/device.c:device_set_flags() flags 2
Aug 14 20:31:30.297246 n bluetoothd[2821]: src/shared/mgmt.c:can_read_data() [0x0000] event 0x0012
Aug 14 20:31:30.297265 n bluetoothd[2821]: src/adapter.c:device_found_callback() hci0 addr AA:BB:CC:00:00:02, rssi -57 flags 0x0000 eir_len 19
Aug 14 20:31:30.301151 n bluetoothd[2821]: src/shared/mgmt.c:can_read_data() [0x0000] event 0x0012
Aug 14 20:31:30.301165 n bluetoothd[2821]: src/adapter.c:device_found_callback() hci0 addr AA:BB:CC:00:00:11, rssi -74 flags 0x0000 eir_len 35
Aug 14 20:31:30.301183 n bluetoothd[2821]: src/device.c:device_store_cached_name() Can't store name for private addressed device /org/bluez/hci0/dev_AA:BB:CC:00:00:11
Aug 14 20:31:30.301190 n bluetoothd[2821]: src/device.c:device_set_legacy() legacy 0
Aug 14 20:31:30.301197 n bluetoothd[2821]: src/device.c:device_set_rssi_with_delta() rssi -74
Aug 14 20:31:30.301215 n bluetoothd[2821]: src/device.c:device_set_flags() flags 2
Aug 14 20:31:30.672322 n bluetoothd[2821]: src/shared/mgmt.c:can_read_data() [0x0000] event 0x0012
Aug 14 20:31:30.672363 n bluetoothd[2821]: src/adapter.c:device_found_callback() hci0 addr AA:BB:CC:00:00:02, rssi -53 flags 0x0000 eir_len 19
Aug 14 20:31:30.680508 n bluetoothd[2821]: src/shared/mgmt.c:can_read_data() [0x0000] event 0x0013
Aug 14 20:31:30.680528 n bluetoothd[2821]: src/adapter.c:discovering_callback() hci0 type 7 discovering 0 method 0
Aug 14 20:31:30.680540 n bluetoothd[2821]: src/adapter.c:trigger_start_discovery()
Aug 14 20:31:30.680551 n bluetoothd[2821]: src/adapter.c:cancel_passive_scanning()
Aug 14 20:31:30.680586 n bluetoothd[2821]: src/shared/mgmt.c:can_read_data() [0x0000] event 0x0007
Aug 14 20:31:30.680603 n bluetoothd[2821]: src/adapter.c:dev_class_changed_callback() Class: 0x000000
Aug 14 20:31:30.680637 n bluetoothd[2821]: src/shared/mgmt.c:can_read_data() [0x0000] event 0x0006
Aug 14 20:31:30.680650 n bluetoothd[2821]: src/adapter.c:new_settings_callback() Settings: 0x00000ada
Aug 14 20:31:30.680665 n bluetoothd[2821]: src/adapter.c:settings_changed() Changed settings: 0x00000001
Aug 14 20:31:30.680677 n bluetoothd[2821]: src/adapter.c:settings_changed() Pending settings: 0x00000000
Aug 14 20:31:30.680706 n bluetoothd[2821]: src/adapter.c:cancel_passive_scanning()
Aug 14 20:31:30.680717 n bluetoothd[2821]: src/adapter.c:discovery_free() 0x5d6eb32ad120
Aug 14 20:31:30.680737 n bluetoothd[2821]: src/device.c:device_set_rssi_with_delta() rssi 0
Aug 14 20:31:30.680753 n bluetoothd[2821]: src/device.c:device_set_rssi_with_delta() rssi 0
Aug 14 20:31:30.680779 n bluetoothd[2821]: src/adapter.c:set_discoverable() sending set mode command for index 0
Aug 14 20:31:30.680793 n bluetoothd[2821]: src/adapter.c:set_mode() sending set mode command for index 0
Aug 14 20:31:30.680838 n bluetoothd[2821]: src/adapter.c:adapter_stop() adapter /org/bluez/hci0 has been disabled
Aug 14 20:31:30.680883 n bluetoothd[2821]: src/rfkill.c:rfkill_event() RFKILL event idx 0 type 2 op 2 soft 1 hard 0
Aug 14 20:31:30.680986 n bluetoothd[2821]: src/rfkill.c:rfkill_event() RFKILL unblock for hci0
Aug 14 20:31:30.681007 n bluetoothd[2821]: src/adapter.c:adapter_set_power_state() off-blocked
Aug 14 20:31:30.681082 n bluetoothd[2821]: src/shared/mgmt.c:send_request() [0x0000] command 0x0007
Aug 14 20:31:30.681125 n bluetoothd[2821]: src/shared/mgmt.c:can_read_data() [0x0000] command 0x0007 complete: 0x00
Aug 14 20:31:30.681143 n bluetoothd[2821]: src/adapter.c:new_settings_callback() Settings: 0x00000ad0
Aug 14 20:31:30.681157 n bluetoothd[2821]: src/adapter.c:settings_changed() Changed settings: 0x0000000a
Aug 14 20:31:30.681172 n bluetoothd[2821]: src/adapter.c:settings_changed() Pending settings: 0x00000000
Aug 14 20:31:32.566556 n bluetoothd[2821]: src/adapter.c:property_set_mode() sending Set Powered command for index 0
Aug 14 20:31:32.566622 n bluetoothd[2821]: src/shared/mgmt.c:send_request() [0x0000] command 0x0005
Aug 14 20:31:32.566647 n bluetoothd[2821]: src/rfkill.c:rfkill_event() RFKILL event idx 0 type 2 op 2 soft 0 hard 0
Aug 14 20:31:32.566709 n bluetoothd[2821]: src/rfkill.c:rfkill_event() RFKILL unblock for hci0
Aug 14 20:31:32.566759 n bluetoothd[2821]: src/adapter.c:adapter_set_power_state() off
Aug 14 20:31:32.566780 n bluetoothd[2821]: src/adapter.c:adapter_set_power_state() off-enabling
Aug 14 20:31:32.566791 n bluetoothd[2821]: src/adapter.c:set_mode() sending set mode command for index 0
Aug 14 20:31:32.754313 n bluetoothd[2821]: src/shared/mgmt.c:can_read_data() [0x0000] event 0x0007
Aug 14 20:31:32.754348 n bluetoothd[2821]: src/adapter.c:dev_class_changed_callback() Class: 0x7c010c
Aug 14 20:31:32.760354 n bluetoothd[2821]: src/shared/mgmt.c:can_read_data() [0x0000] command 0x0005 complete: 0x00
Aug 14 20:31:32.760374 n bluetoothd[2821]: src/adapter.c:property_set_mode_complete() Success (0x00)
Aug 14 20:31:32.760412 n bluetoothd[2821]: src/adapter.c:adapter_set_power_state() on
Aug 14 20:31:32.760428 n bluetoothd[2821]: src/adapter.c:new_settings_callback() Settings: 0x00000ad1
Aug 14 20:31:32.760443 n bluetoothd[2821]: src/adapter.c:settings_changed() Changed settings: 0x00000001
Aug 14 20:31:32.760453 n bluetoothd[2821]: src/adapter.c:settings_changed() Pending settings: 0x00000000
Aug 14 20:31:32.760469 n bluetoothd[2821]: src/adapter.c:adapter_start() adapter /org/bluez/hci0 has been enabled
Aug 14 20:31:32.760482 n bluetoothd[2821]: src/adapter.c:trigger_passive_scanning()
Aug 14 20:31:32.760539 n bluetoothd[2821]: src/shared/mgmt.c:send_request() [0x0000] command 0x0005
Aug 14 20:31:32.760570 n bluetoothd[2821]: src/shared/mgmt.c:can_read_data() [0x0000] command 0x0005 complete: 0x00
Aug 14 20:31:32.761524 n bluetoothd[2821]: src/adapter.c:set_discovery_filter() sender :1.125
Aug 14 20:31:32.761542 n bluetoothd[2821]: src/adapter.c:parse_discovery_filter_dict() filtered discovery params: transport: 7 rssi: 32767 pathloss: 32767  duplicate data: false discoverable true pattern (null)
Aug 14 20:31:32.761559 n bluetoothd[2821]: src/adapter.c:set_discovery_filter() successfully pre-set filter
Aug 14 20:31:32.762650 n bluetoothd[2821]: src/adapter.c:start_discovery() sender :1.125
Aug 14 20:31:32.762662 n bluetoothd[2821]: src/adapter.c:update_discovery_filter()
Aug 14 20:31:32.762672 n bluetoothd[2821]: src/adapter.c:discovery_filter_to_mgmt_cp()
Aug 14 20:31:32.762682 n bluetoothd[2821]: src/adapter.c:set_discoverable() sending set mode command for index 0
Aug 14 20:31:32.762691 n bluetoothd[2821]: src/adapter.c:set_mode() sending set mode command for index 0
Aug 14 20:31:32.762707 n bluetoothd[2821]: src/adapter.c:trigger_start_discovery()
Aug 14 20:31:32.762717 n bluetoothd[2821]: src/adapter.c:cancel_passive_scanning()
Aug 14 20:31:32.762762 n bluetoothd[2821]: src/shared/mgmt.c:send_request() [0x0000] command 0x0007
Aug 14 20:31:32.762781 n bluetoothd[2821]: src/adapter.c:start_discovery_timeout()
Aug 14 20:31:32.762792 n bluetoothd[2821]: src/adapter.c:start_discovery_timeout() adapter->current_discovery_filter == 0
Aug 14 20:31:32.762812 n bluetoothd[2821]: src/shared/mgmt.c:can_read_data() [0x0000] command 0x0007 complete: 0x00
Aug 14 20:31:32.762820 n bluetoothd[2821]: src/adapter.c:new_settings_callback() Settings: 0x00000ad3
Aug 14 20:31:32.762828 n bluetoothd[2821]: src/adapter.c:settings_changed() Changed settings: 0x00000002
Aug 14 20:31:32.762839 n bluetoothd[2821]: src/adapter.c:settings_changed() Pending settings: 0x00000000
Aug 14 20:31:32.762872 n bluetoothd[2821]: src/shared/mgmt.c:send_request() [0x0000] command 0x0006
Aug 14 20:31:32.768276 n bluetoothd[2821]: src/shared/mgmt.c:can_read_data() [0x0000] command 0x0006 complete: 0x00
Aug 14 20:31:32.768297 n bluetoothd[2821]: src/adapter.c:new_settings_callback() Settings: 0x00000adb
Aug 14 20:31:32.768319 n bluetoothd[2821]: src/adapter.c:settings_changed() Changed settings: 0x00000008
Aug 14 20:31:32.768350 n bluetoothd[2821]: src/adapter.c:settings_changed() Pending settings: 0x00000000
Aug 14 20:31:32.768439 n bluetoothd[2821]: src/shared/mgmt.c:send_request() [0x0000] command 0x0023
Aug 14 20:31:32.778237 n bluetoothd[2821]: src/shared/mgmt.c:can_read_data() [0x0000] event 0x0013
Aug 14 20:31:32.778260 n bluetoothd[2821]: src/adapter.c:discovering_callback() hci0 type 7 discovering 1 method 0
Aug 14 20:31:32.778302 n bluetoothd[2821]: src/shared/mgmt.c:can_read_data() [0x0000] command 0x0023 complete: 0x00
Aug 14 20:31:32.778316 n bluetoothd[2821]: src/adapter.c:start_discovery_complete() status 0x00
Aug 14 20:31:32.875314 n bluetoothd[2821]: src/shared/mgmt.c:can_read_data() [0x0000] event 0x0012
Aug 14 20:31:32.875340 n bluetoothd[2821]: src/adapter.c:device_found_callback() hci0 addr AA:BB:CC:00:00:02, rssi -53 flags 0x0000 eir_len 19
Aug 14 20:31:32.905386 n bluetoothd[2821]: src/shared/mgmt.c:can_read_data() [0x0000] event 0x0012
Aug 14 20:31:32.905419 n bluetoothd[2821]: src/adapter.c:device_found_callback() hci0 addr AA:BB:CC:00:00:10, rssi -64 flags 0x0000 eir_len 29
Aug 14 20:31:32.905443 n bluetoothd[2821]: src/device.c:device_set_legacy() legacy 0
Aug 14 20:31:32.905452 n bluetoothd[2821]: src/device.c:device_set_rssi_with_delta() rssi -64
Aug 14 20:31:32.905475 n bluetoothd[2821]: src/device.c:device_set_flags() flags 2
Aug 14 20:31:32.909767 n bluetoothd[2821]: src/shared/mgmt.c:can_read_data() [0x0000] event 0x0012
Aug 14 20:31:32.909798 n bluetoothd[2821]: src/adapter.c:device_found_callback() hci0 addr AA:BB:CC:00:00:09, rssi -64 flags 0x0004 eir_len 31
Aug 14 20:31:33.171509 n bluetoothd[2821]: src/shared/mgmt.c:can_read_data() [0x0000] event 0x0012
Aug 14 20:31:33.171542 n bluetoothd[2821]: src/adapter.c:device_found_callback() hci0 addr AA:BB:CC:00:00:10, rssi -64 flags 0x0000 eir_len 29
Aug 14 20:31:33.171586 n bluetoothd[2821]: src/device.c:device_set_legacy() legacy 0
Aug 14 20:31:33.171614 n bluetoothd[2821]: src/device.c:device_set_flags() flags 2
Aug 14 20:31:33.397575 n bluetoothd[2821]: src/shared/mgmt.c:can_read_data() [0x0000] event 0x0012
Aug 14 20:31:33.397607 n bluetoothd[2821]: src/adapter.c:device_found_callback() hci0 addr AA:BB:CC:00:00:02, rssi -57 flags 0x0000 eir_len 19
Aug 14 20:31:33.442648 n bluetoothd[2821]: src/shared/mgmt.c:can_read_data() [0x0000] event 0x0012
Aug 14 20:31:33.442680 n bluetoothd[2821]: src/adapter.c:device_found_callback() hci0 addr AA:BB:CC:00:00:11, rssi -75 flags 0x0000 eir_len 14
Aug 14 20:31:33.442724 n bluetoothd[2821]: src/device.c:device_store_cached_name() Can't store name for private addressed device /org/bluez/hci0/dev_AA:BB:CC:00:00:11
Aug 14 20:31:33.442742 n bluetoothd[2821]: src/device.c:device_set_legacy() legacy 0
Aug 14 20:31:33.442758 n bluetoothd[2821]: src/device.c:device_set_rssi_with_delta() rssi -75
Aug 14 20:31:33.442794 n bluetoothd[2821]: src/device.c:device_set_flags() flags 2
Aug 14 20:31:33.627663 n bluetoothd[2821]: src/shared/mgmt.c:can_read_data() [0x0000] event 0x0012
Aug 14 20:31:33.627706 n bluetoothd[2821]: src/adapter.c:device_found_callback() hci0 addr AA:BB:CC:00:00:02, rssi -57 flags 0x0000 eir_len 19
Aug 14 20:31:33.634648 n bluetoothd[2821]: src/shared/mgmt.c:can_read_data() [0x0000] event 0x0013
Aug 14 20:31:33.634678 n bluetoothd[2821]: src/adapter.c:discovering_callback() hci0 type 7 discovering 0 method 0
Aug 14 20:31:33.634699 n bluetoothd[2821]: src/adapter.c:trigger_start_discovery()
Aug 14 20:31:33.634720 n bluetoothd[2821]: src/adapter.c:cancel_passive_scanning()
Aug 14 20:31:33.634819 n bluetoothd[2821]: src/shared/mgmt.c:can_read_data() [0x0000] event 0x0007
Aug 14 20:31:33.634849 n bluetoothd[2821]: src/adapter.c:dev_class_changed_callback() Class: 0x000000
Aug 14 20:31:33.634916 n bluetoothd[2821]: src/shared/mgmt.c:can_read_data() [0x0000] event 0x0006
Aug 14 20:31:33.634950 n bluetoothd[2821]: src/adapter.c:new_settings_callback() Settings: 0x00000ada
Aug 14 20:31:33.634971 n bluetoothd[2821]: src/adapter.c:settings_changed() Changed settings: 0x00000001
Aug 14 20:31:33.634990 n bluetoothd[2821]: src/adapter.c:settings_changed() Pending settings: 0x00000000
Aug 14 20:31:33.635011 n bluetoothd[2821]: src/adapter.c:cancel_passive_scanning()
Aug 14 20:31:33.635029 n bluetoothd[2821]: src/adapter.c:discovery_free() 0x5d6eb32642f0
Aug 14 20:31:33.635057 n bluetoothd[2821]: src/device.c:device_set_rssi_with_delta() rssi 0
Aug 14 20:31:33.635109 n bluetoothd[2821]: src/device.c:device_set_rssi_with_delta() rssi 0
Aug 14 20:31:33.635129 n bluetoothd[2821]: src/adapter.c:set_discoverable() sending set mode command for index 0
Aug 14 20:31:33.635147 n bluetoothd[2821]: src/adapter.c:set_mode() sending set mode command for index 0
Aug 14 20:31:33.635174 n bluetoothd[2821]: src/adapter.c:adapter_stop() adapter /org/bluez/hci0 has been disabled
Aug 14 20:31:33.635193 n bluetoothd[2821]: src/rfkill.c:rfkill_event() RFKILL event idx 0 type 2 op 2 soft 1 hard 0
Aug 14 20:31:33.635243 n bluetoothd[2821]: src/rfkill.c:rfkill_event() RFKILL unblock for hci0
Aug 14 20:31:33.635260 n bluetoothd[2821]: src/adapter.c:adapter_set_power_state() off-blocked
Aug 14 20:31:33.635286 n bluetoothd[2821]: src/shared/mgmt.c:send_request() [0x0000] command 0x0007
Aug 14 20:31:33.635306 n bluetoothd[2821]: src/shared/mgmt.c:can_read_data() [0x0000] command 0x0007 complete: 0x00
Aug 14 20:31:33.635314 n bluetoothd[2821]: src/adapter.c:new_settings_callback() Settings: 0x00000ad0
Aug 14 20:31:33.635322 n bluetoothd[2821]: src/adapter.c:settings_changed() Changed settings: 0x0000000a
Aug 14 20:31:33.635329 n bluetoothd[2821]: src/adapter.c:settings_changed() Pending settings: 0x00000000
Aug 14 20:31:34.282434 n bluetoothd[2821]: src/adapter.c:property_set_mode() sending Set Powered command for index 0
Aug 14 20:31:34.282532 n bluetoothd[2821]: src/shared/mgmt.c:send_request() [0x0000] command 0x0005
Aug 14 20:31:34.282564 n bluetoothd[2821]: src/rfkill.c:rfkill_event() RFKILL event idx 0 type 2 op 2 soft 0 hard 0
Aug 14 20:31:34.282608 n bluetoothd[2821]: src/rfkill.c:rfkill_event() RFKILL unblock for hci0
Aug 14 20:31:34.282656 n bluetoothd[2821]: src/adapter.c:adapter_set_power_state() off
Aug 14 20:31:34.282668 n bluetoothd[2821]: src/adapter.c:adapter_set_power_state() off-enabling
Aug 14 20:31:34.282677 n bluetoothd[2821]: src/adapter.c:set_mode() sending set mode command for index 0
Aug 14 20:31:34.471402 n bluetoothd[2821]: src/shared/mgmt.c:can_read_data() [0x0000] event 0x0007
Aug 14 20:31:34.471435 n bluetoothd[2821]: src/adapter.c:dev_class_changed_callback() Class: 0x7c010c
Aug 14 20:31:34.477376 n bluetoothd[2821]: src/shared/mgmt.c:can_read_data() [0x0000] command 0x0005 complete: 0x00
Aug 14 20:31:34.477403 n bluetoothd[2821]: src/adapter.c:property_set_mode_complete() Success (0x00)
Aug 14 20:31:34.477439 n bluetoothd[2821]: src/adapter.c:adapter_set_power_state() on
Aug 14 20:31:34.477455 n bluetoothd[2821]: src/adapter.c:new_settings_callback() Settings: 0x00000ad1
Aug 14 20:31:34.477466 n bluetoothd[2821]: src/adapter.c:settings_changed() Changed settings: 0x00000001
Aug 14 20:31:34.477477 n bluetoothd[2821]: src/adapter.c:settings_changed() Pending settings: 0x00000000
Aug 14 20:31:34.477496 n bluetoothd[2821]: src/adapter.c:adapter_start() adapter /org/bluez/hci0 has been enabled
Aug 14 20:31:34.477514 n bluetoothd[2821]: src/adapter.c:trigger_passive_scanning()
Aug 14 20:31:34.477594 n bluetoothd[2821]: src/shared/mgmt.c:send_request() [0x0000] command 0x0005
Aug 14 20:31:34.477641 n bluetoothd[2821]: src/shared/mgmt.c:can_read_data() [0x0000] command 0x0005 complete: 0x00
Aug 14 20:31:34.478655 n bluetoothd[2821]: src/adapter.c:set_discovery_filter() sender :1.125
Aug 14 20:31:34.478679 n bluetoothd[2821]: src/adapter.c:parse_discovery_filter_dict() filtered discovery params: transport: 7 rssi: 32767 pathloss: 32767  duplicate data: false discoverable true pattern (null)
Aug 14 20:31:34.478700 n bluetoothd[2821]: src/adapter.c:set_discovery_filter() successfully pre-set filter
Aug 14 20:31:34.479742 n bluetoothd[2821]: src/adapter.c:start_discovery() sender :1.125
Aug 14 20:31:34.479753 n bluetoothd[2821]: src/adapter.c:update_discovery_filter()
Aug 14 20:31:34.479759 n bluetoothd[2821]: src/adapter.c:discovery_filter_to_mgmt_cp()
Aug 14 20:31:34.479764 n bluetoothd[2821]: src/adapter.c:set_discoverable() sending set mode command for index 0
Aug 14 20:31:34.479770 n bluetoothd[2821]: src/adapter.c:set_mode() sending set mode command for index 0
Aug 14 20:31:34.479778 n bluetoothd[2821]: src/adapter.c:trigger_start_discovery()
Aug 14 20:31:34.479784 n bluetoothd[2821]: src/adapter.c:cancel_passive_scanning()
Aug 14 20:31:34.479814 n bluetoothd[2821]: src/shared/mgmt.c:send_request() [0x0000] command 0x0007
Aug 14 20:31:34.479826 n bluetoothd[2821]: src/adapter.c:start_discovery_timeout()
Aug 14 20:31:34.479832 n bluetoothd[2821]: src/adapter.c:start_discovery_timeout() adapter->current_discovery_filter == 0
Aug 14 20:31:34.479844 n bluetoothd[2821]: src/shared/mgmt.c:can_read_data() [0x0000] command 0x0007 complete: 0x00
Aug 14 20:31:34.479849 n bluetoothd[2821]: src/adapter.c:new_settings_callback() Settings: 0x00000ad3
Aug 14 20:31:34.479854 n bluetoothd[2821]: src/adapter.c:settings_changed() Changed settings: 0x00000002
Aug 14 20:31:34.479859 n bluetoothd[2821]: src/adapter.c:settings_changed() Pending settings: 0x00000000
Aug 14 20:31:34.479878 n bluetoothd[2821]: src/shared/mgmt.c:send_request() [0x0000] command 0x0006
Aug 14 20:31:34.485349 n bluetoothd[2821]: src/shared/mgmt.c:can_read_data() [0x0000] command 0x0006 complete: 0x00
Aug 14 20:31:34.485365 n bluetoothd[2821]: src/adapter.c:new_settings_callback() Settings: 0x00000adb
Aug 14 20:31:34.485375 n bluetoothd[2821]: src/adapter.c:settings_changed() Changed settings: 0x00000008
Aug 14 20:31:34.485385 n bluetoothd[2821]: src/adapter.c:settings_changed() Pending settings: 0x00000000
Aug 14 20:31:34.485440 n bluetoothd[2821]: src/shared/mgmt.c:send_request() [0x0000] command 0x0023
Aug 14 20:31:34.495283 n bluetoothd[2821]: src/shared/mgmt.c:can_read_data() [0x0000] event 0x0013
Aug 14 20:31:34.495294 n bluetoothd[2821]: src/adapter.c:discovering_callback() hci0 type 7 discovering 1 method 0
Aug 14 20:31:34.495311 n bluetoothd[2821]: src/shared/mgmt.c:can_read_data() [0x0000] command 0x0023 complete: 0x00
Aug 14 20:31:34.495317 n bluetoothd[2821]: src/adapter.c:start_discovery_complete() status 0x00
Aug 14 20:31:34.548428 n bluetoothd[2821]: src/shared/mgmt.c:can_read_data() [0x0000] event 0x0012
Aug 14 20:31:34.548492 n bluetoothd[2821]: src/adapter.c:device_found_callback() hci0 addr AA:BB:CC:00:00:10, rssi -64 flags 0x0000 eir_len 29
Aug 14 20:31:34.548533 n bluetoothd[2821]: src/device.c:device_set_legacy() legacy 0
Aug 14 20:31:34.548544 n bluetoothd[2821]: src/device.c:device_set_rssi_with_delta() rssi -64
Aug 14 20:31:34.548573 n bluetoothd[2821]: src/device.c:device_set_flags() flags 2
Aug 14 20:31:34.663422 n bluetoothd[2821]: src/shared/mgmt.c:can_read_data() [0x0000] event 0x0012
Aug 14 20:31:34.663454 n bluetoothd[2821]: src/adapter.c:device_found_callback() hci0 addr AA:BB:CC:00:00:02, rssi -54 flags 0x0000 eir_len 19
Aug 14 20:31:34.845766 n bluetoothd[2821]: src/shared/mgmt.c:can_read_data() [0x0000] event 0x0012
Aug 14 20:31:34.845802 n bluetoothd[2821]: src/adapter.c:device_found_callback() hci0 addr AA:BB:CC:00:00:09, rssi -64 flags 0x0004 eir_len 31
Aug 14 20:31:34.954484 n bluetoothd[2821]: src/shared/mgmt.c:can_read_data() [0x0000] event 0x0012
Aug 14 20:31:34.954528 n bluetoothd[2821]: src/adapter.c:device_found_callback() hci0 addr AA:BB:CC:00:00:13, rssi -92 flags 0x0000 eir_len 18
Aug 14 20:31:34.954569 n bluetoothd[2821]: src/device.c:device_set_legacy() legacy 0
Aug 14 20:31:34.954592 n bluetoothd[2821]: src/device.c:device_set_rssi_with_delta() rssi -92
Aug 14 20:31:34.954622 n bluetoothd[2821]: src/device.c:device_set_tx_power() tx_power 7
Aug 14 20:31:34.954648 n bluetoothd[2821]: src/device.c:device_set_flags() flags 26
Aug 14 20:31:34.963489 n bluetoothd[2821]: src/shared/mgmt.c:can_read_data() [0x0000] event 0x0013
Aug 14 20:31:34.963522 n bluetoothd[2821]: src/adapter.c:discovering_callback() hci0 type 7 discovering 0 method 0
Aug 14 20:31:34.963542 n bluetoothd[2821]: src/adapter.c:trigger_start_discovery()
Aug 14 20:31:34.963559 n bluetoothd[2821]: src/adapter.c:cancel_passive_scanning()
Aug 14 20:31:34.963635 n bluetoothd[2821]: src/shared/mgmt.c:can_read_data() [0x0000] event 0x0007
Aug 14 20:31:34.963655 n bluetoothd[2821]: src/adapter.c:dev_class_changed_callback() Class: 0x000000
Aug 14 20:31:34.963715 n bluetoothd[2821]: src/shared/mgmt.c:can_read_data() [0x0000] event 0x0006
Aug 14 20:31:34.963745 n bluetoothd[2821]: src/adapter.c:new_settings_callback() Settings: 0x00000ada
Aug 14 20:31:34.963765 n bluetoothd[2821]: src/adapter.c:settings_changed() Changed settings: 0x00000001
Aug 14 20:31:34.963782 n bluetoothd[2821]: src/adapter.c:settings_changed() Pending settings: 0x00000000
Aug 14 20:31:34.963809 n bluetoothd[2821]: src/adapter.c:cancel_passive_scanning()
Aug 14 20:31:34.963826 n bluetoothd[2821]: src/adapter.c:discovery_free() 0x5d6eb32ac820
Aug 14 20:31:34.963867 n bluetoothd[2821]: src/device.c:device_set_rssi_with_delta() rssi 0
Aug 14 20:31:34.963896 n bluetoothd[2821]: src/device.c:device_set_tx_power() tx_power 127
Aug 14 20:31:34.963917 n bluetoothd[2821]: src/device.c:device_set_rssi_with_delta() rssi 0
Aug 14 20:31:34.963939 n bluetoothd[2821]: src/adapter.c:set_discoverable() sending set mode command for index 0
Aug 14 20:31:34.963960 n bluetoothd[2821]: src/adapter.c:set_mode() sending set mode command for index 0
Aug 14 20:31:34.963999 n bluetoothd[2821]: src/adapter.c:adapter_stop() adapter /org/bluez/hci0 has been disabled
Aug 14 20:31:34.964050 n bluetoothd[2821]: src/rfkill.c:rfkill_event() RFKILL event idx 0 type 2 op 2 soft 1 hard 0
Aug 14 20:31:34.964119 n bluetoothd[2821]: src/rfkill.c:rfkill_event() RFKILL unblock for hci0
Aug 14 20:31:34.964141 n bluetoothd[2821]: src/adapter.c:adapter_set_power_state() off-blocked
Aug 14 20:31:34.964211 n bluetoothd[2821]: src/shared/mgmt.c:send_request() [0x0000] command 0x0007
Aug 14 20:31:34.964276 n bluetoothd[2821]: src/shared/mgmt.c:can_read_data() [0x0000] command 0x0007 complete: 0x00
Aug 14 20:31:34.964293 n bluetoothd[2821]: src/adapter.c:new_settings_callback() Settings: 0x00000ad0
Aug 14 20:31:34.964309 n bluetoothd[2821]: src/adapter.c:settings_changed() Changed settings: 0x0000000a
Aug 14 20:31:34.964325 n bluetoothd[2821]: src/adapter.c:settings_changed() Pending settings: 0x00000000
Aug 14 20:31:35.415301 n bluetoothd[2821]: src/adapter.c:property_set_mode() sending Set Powered command for index 0
Aug 14 20:31:35.415377 n bluetoothd[2821]: src/shared/mgmt.c:send_request() [0x0000] command 0x0005
Aug 14 20:31:35.415432 n bluetoothd[2821]: src/rfkill.c:rfkill_event() RFKILL event idx 0 type 2 op 2 soft 0 hard 0
Aug 14 20:31:35.415493 n bluetoothd[2821]: src/rfkill.c:rfkill_event() RFKILL unblock for hci0
Aug 14 20:31:35.415535 n bluetoothd[2821]: src/adapter.c:adapter_set_power_state() off
Aug 14 20:31:35.415549 n bluetoothd[2821]: src/adapter.c:adapter_set_power_state() off-enabling
Aug 14 20:31:35.415560 n bluetoothd[2821]: src/adapter.c:set_mode() sending set mode command for index 0
Aug 14 20:31:35.604799 n bluetoothd[2821]: src/shared/mgmt.c:can_read_data() [0x0000] event 0x0007
Aug 14 20:31:35.604855 n bluetoothd[2821]: src/adapter.c:dev_class_changed_callback() Class: 0x7c010c
Aug 14 20:31:35.610387 n bluetoothd[2821]: src/shared/mgmt.c:can_read_data() [0x0000] command 0x0005 complete: 0x00
Aug 14 20:31:35.610419 n bluetoothd[2821]: src/adapter.c:property_set_mode_complete() Success (0x00)
Aug 14 20:31:35.610466 n bluetoothd[2821]: src/adapter.c:adapter_set_power_state() on
Aug 14 20:31:35.610486 n bluetoothd[2821]: src/adapter.c:new_settings_callback() Settings: 0x00000ad1
Aug 14 20:31:35.610506 n bluetoothd[2821]: src/adapter.c:settings_changed() Changed settings: 0x00000001
Aug 14 20:31:35.610527 n bluetoothd[2821]: src/adapter.c:settings_changed() Pending settings: 0x00000000
Aug 14 20:31:35.610553 n bluetoothd[2821]: src/adapter.c:adapter_start() adapter /org/bluez/hci0 has been enabled
Aug 14 20:31:35.610573 n bluetoothd[2821]: src/adapter.c:trigger_passive_scanning()
Aug 14 20:31:35.610665 n bluetoothd[2821]: src/shared/mgmt.c:send_request() [0x0000] command 0x0005
Aug 14 20:31:35.610710 n bluetoothd[2821]: src/shared/mgmt.c:can_read_data() [0x0000] command 0x0005 complete: 0x00
Aug 14 20:31:35.611378 n bluetoothd[2821]: src/adapter.c:set_discovery_filter() sender :1.125
Aug 14 20:31:35.611392 n bluetoothd[2821]: src/adapter.c:parse_discovery_filter_dict() filtered discovery params: transport: 7 rssi: 32767 pathloss: 32767  duplicate data: false discoverable true pattern (null)
Aug 14 20:31:35.611408 n bluetoothd[2821]: src/adapter.c:set_discovery_filter() successfully pre-set filter
Aug 14 20:31:35.612389 n bluetoothd[2821]: src/adapter.c:start_discovery() sender :1.125
Aug 14 20:31:35.612400 n bluetoothd[2821]: src/adapter.c:update_discovery_filter()
Aug 14 20:31:35.612407 n bluetoothd[2821]: src/adapter.c:discovery_filter_to_mgmt_cp()
Aug 14 20:31:35.612416 n bluetoothd[2821]: src/adapter.c:set_discoverable() sending set mode command for index 0
Aug 14 20:31:35.612426 n bluetoothd[2821]: src/adapter.c:set_mode() sending set mode command for index 0
Aug 14 20:31:35.612436 n bluetoothd[2821]: src/adapter.c:trigger_start_discovery()
Aug 14 20:31:35.612446 n bluetoothd[2821]: src/adapter.c:cancel_passive_scanning()
Aug 14 20:31:35.612486 n bluetoothd[2821]: src/shared/mgmt.c:send_request() [0x0000] command 0x0007
Aug 14 20:31:35.612505 n bluetoothd[2821]: src/adapter.c:start_discovery_timeout()
Aug 14 20:31:35.612515 n bluetoothd[2821]: src/adapter.c:start_discovery_timeout() adapter->current_discovery_filter == 0
Aug 14 20:31:35.612533 n bluetoothd[2821]: src/shared/mgmt.c:can_read_data() [0x0000] command 0x0007 complete: 0x00
Aug 14 20:31:35.612541 n bluetoothd[2821]: src/adapter.c:new_settings_callback() Settings: 0x00000ad3
Aug 14 20:31:35.612550 n bluetoothd[2821]: src/adapter.c:settings_changed() Changed settings: 0x00000002
Aug 14 20:31:35.612558 n bluetoothd[2821]: src/adapter.c:settings_changed() Pending settings: 0x00000000
Aug 14 20:31:35.612589 n bluetoothd[2821]: src/shared/mgmt.c:send_request() [0x0000] command 0x0006
Aug 14 20:31:35.618379 n bluetoothd[2821]: src/shared/mgmt.c:can_read_data() [0x0000] command 0x0006 complete: 0x00
Aug 14 20:31:35.618395 n bluetoothd[2821]: src/adapter.c:new_settings_callback() Settings: 0x00000adb
Aug 14 20:31:35.618410 n bluetoothd[2821]: src/adapter.c:settings_changed() Changed settings: 0x00000008
Aug 14 20:31:35.618424 n bluetoothd[2821]: src/adapter.c:settings_changed() Pending settings: 0x00000000
Aug 14 20:31:35.618499 n bluetoothd[2821]: src/shared/mgmt.c:send_request() [0x0000] command 0x0023
Aug 14 20:31:35.628351 n bluetoothd[2821]: src/shared/mgmt.c:can_read_data() [0x0000] event 0x0013
Aug 14 20:31:35.628366 n bluetoothd[2821]: src/adapter.c:discovering_callback() hci0 type 7 discovering 1 method 0
Aug 14 20:31:35.628398 n bluetoothd[2821]: src/shared/mgmt.c:can_read_data() [0x0000] command 0x0023 complete: 0x00
Aug 14 20:31:35.628410 n bluetoothd[2821]: src/adapter.c:start_discovery_complete() status 0x00
Aug 14 20:31:35.640362 n bluetoothd[2821]: src/shared/mgmt.c:can_read_data() [0x0000] event 0x0012
Aug 14 20:31:35.640384 n bluetoothd[2821]: src/adapter.c:device_found_callback() hci0 addr AA:BB:CC:00:00:10, rssi -60 flags 0x0000 eir_len 29
Aug 14 20:31:35.640420 n bluetoothd[2821]: src/device.c:device_set_legacy() legacy 0
Aug 14 20:31:35.640438 n bluetoothd[2821]: src/device.c:device_set_rssi_with_delta() rssi -60
Aug 14 20:31:35.640468 n bluetoothd[2821]: src/device.c:device_set_flags() flags 2
Aug 14 20:31:35.654401 n bluetoothd[2821]: src/shared/mgmt.c:can_read_data() [0x0000] event 0x0012
Aug 14 20:31:35.654437 n bluetoothd[2821]: src/adapter.c:device_found_callback() hci0 addr AA:BB:CC:00:00:09, rssi -66 flags 0x0004 eir_len 31
Aug 14 20:31:35.676524 n bluetoothd[2821]: src/shared/mgmt.c:can_read_data() [0x0000] event 0x0012
Aug 14 20:31:35.676543 n bluetoothd[2821]: src/adapter.c:device_found_callback() hci0 addr AA:BB:CC:00:00:13, rssi -93 flags 0x0000 eir_len 18
Aug 14 20:31:35.676570 n bluetoothd[2821]: src/device.c:device_set_legacy() legacy 0
Aug 14 20:31:35.676585 n bluetoothd[2821]: src/device.c:device_set_rssi_with_delta() rssi -93
Aug 14 20:31:35.676604 n bluetoothd[2821]: src/device.c:device_set_tx_power() tx_power 7
Aug 14 20:31:35.676623 n bluetoothd[2821]: src/device.c:device_set_flags() flags 26
Aug 14 20:31:35.711389 n bluetoothd[2821]: src/shared/mgmt.c:can_read_data() [0x0000] event 0x0012
Aug 14 20:31:35.711405 n bluetoothd[2821]: src/adapter.c:device_found_callback() hci0 addr AA:BB:CC:00:00:02, rssi -50 flags 0x0000 eir_len 19
Aug 14 20:31:35.871500 n bluetoothd[2821]: src/shared/mgmt.c:can_read_data() [0x0000] event 0x0012
Aug 14 20:31:35.871528 n bluetoothd[2821]: src/adapter.c:device_found_callback() hci0 addr AA:BB:CC:00:00:10, rssi -60 flags 0x0000 eir_len 29
Aug 14 20:31:35.871576 n bluetoothd[2821]: src/device.c:device_set_legacy() legacy 0
Aug 14 20:31:35.871618 n bluetoothd[2821]: src/device.c:device_set_flags() flags 2
Aug 14 20:31:35.887070 n bluetoothd[2821]: src/shared/mgmt.c:can_read_data() [0x0000] event 0x0013
Aug 14 20:31:35.887091 n bluetoothd[2821]: src/adapter.c:discovering_callback() hci0 type 7 discovering 0 method 0
Aug 14 20:31:35.887106 n bluetoothd[2821]: src/adapter.c:trigger_start_discovery()
Aug 14 20:31:35.887132 n bluetoothd[2821]: src/adapter.c:cancel_passive_scanning()
Aug 14 20:31:35.887171 n bluetoothd[2821]: src/shared/mgmt.c:can_read_data() [0x0000] event 0x0007
Aug 14 20:31:35.887186 n bluetoothd[2821]: src/adapter.c:dev_class_changed_callback() Class: 0x000000
Aug 14 20:31:35.887243 n bluetoothd[2821]: src/shared/mgmt.c:can_read_data() [0x0000] event 0x0006
Aug 14 20:31:35.887275 n bluetoothd[2821]: src/adapter.c:new_settings_callback() Settings: 0x00000ada
Aug 14 20:31:35.887290 n bluetoothd[2821]: src/adapter.c:settings_changed() Changed settings: 0x00000001
Aug 14 20:31:35.887304 n bluetoothd[2821]: src/adapter.c:settings_changed() Pending settings: 0x00000000
Aug 14 20:31:35.887327 n bluetoothd[2821]: src/adapter.c:cancel_passive_scanning()
Aug 14 20:31:35.887358 n bluetoothd[2821]: src/adapter.c:discovery_free() 0x5d6eb325e130
Aug 14 20:31:35.887389 n bluetoothd[2821]: src/device.c:device_set_rssi_with_delta() rssi 0
Aug 14 20:31:35.887411 n bluetoothd[2821]: src/device.c:device_set_tx_power() tx_power 127
Aug 14 20:31:35.887430 n bluetoothd[2821]: src/device.c:device_set_rssi_with_delta() rssi 0
Aug 14 20:31:35.887475 n bluetoothd[2821]: src/adapter.c:set_discoverable() sending set mode command for index 0
Aug 14 20:31:35.887491 n bluetoothd[2821]: src/adapter.c:set_mode() sending set mode command for index 0
Aug 14 20:31:35.887527 n bluetoothd[2821]: src/adapter.c:adapter_stop() adapter /org/bluez/hci0 has been disabled
Aug 14 20:31:35.887565 n bluetoothd[2821]: src/rfkill.c:rfkill_event() RFKILL event idx 0 type 2 op 2 soft 1 hard 0
Aug 14 20:31:35.887624 n bluetoothd[2821]: src/rfkill.c:rfkill_event() RFKILL unblock for hci0
Aug 14 20:31:35.887639 n bluetoothd[2821]: src/adapter.c:adapter_set_power_state() off-blocked
Aug 14 20:31:35.887695 n bluetoothd[2821]: src/shared/mgmt.c:send_request() [0x0000] command 0x0007
Aug 14 20:31:35.887734 n bluetoothd[2821]: src/shared/mgmt.c:can_read_data() [0x0000] command 0x0007 complete: 0x00
Aug 14 20:31:35.887747 n bluetoothd[2821]: src/adapter.c:new_settings_callback() Settings: 0x00000ad0
Aug 14 20:31:35.887760 n bluetoothd[2821]: src/adapter.c:settings_changed() Changed settings: 0x0000000a
Aug 14 20:31:35.887773 n bluetoothd[2821]: src/adapter.c:settings_changed() Pending settings: 0x00000000
Aug 14 20:31:36.249178 n bluetoothd[2821]: src/adapter.c:property_set_mode() sending Set Powered command for index 0
Aug 14 20:31:36.249240 n bluetoothd[2821]: src/shared/mgmt.c:send_request() [0x0000] command 0x0005
Aug 14 20:31:36.249264 n bluetoothd[2821]: src/rfkill.c:rfkill_event() RFKILL event idx 0 type 2 op 2 soft 0 hard 0
Aug 14 20:31:36.249315 n bluetoothd[2821]: src/rfkill.c:rfkill_event() RFKILL unblock for hci0
Aug 14 20:31:36.249376 n bluetoothd[2821]: src/adapter.c:adapter_set_power_state() off
Aug 14 20:31:36.249390 n bluetoothd[2821]: src/adapter.c:adapter_set_power_state() off-enabling
Aug 14 20:31:36.249400 n bluetoothd[2821]: src/adapter.c:set_mode() sending set mode command for index 0
Aug 14 20:31:36.437393 n bluetoothd[2821]: src/shared/mgmt.c:can_read_data() [0x0000] event 0x0007
Aug 14 20:31:36.437405 n bluetoothd[2821]: src/adapter.c:dev_class_changed_callback() Class: 0x7c010c
Aug 14 20:31:36.443388 n bluetoothd[2821]: src/shared/mgmt.c:can_read_data() [0x0000] command 0x0005 complete: 0x00
Aug 14 20:31:36.443399 n bluetoothd[2821]: src/adapter.c:property_set_mode_complete() Success (0x00)
Aug 14 20:31:36.443418 n bluetoothd[2821]: src/adapter.c:adapter_set_power_state() on
Aug 14 20:31:36.443427 n bluetoothd[2821]: src/adapter.c:new_settings_callback() Settings: 0x00000ad1
Aug 14 20:31:36.443434 n bluetoothd[2821]: src/adapter.c:settings_changed() Changed settings: 0x00000001
Aug 14 20:31:36.443440 n bluetoothd[2821]: src/adapter.c:settings_changed() Pending settings: 0x00000000
Aug 14 20:31:36.443450 n bluetoothd[2821]: src/adapter.c:adapter_start() adapter /org/bluez/hci0 has been enabled
Aug 14 20:31:36.443459 n bluetoothd[2821]: src/adapter.c:trigger_passive_scanning()
Aug 14 20:31:36.443491 n bluetoothd[2821]: src/shared/mgmt.c:send_request() [0x0000] command 0x0005
Aug 14 20:31:36.443509 n bluetoothd[2821]: src/shared/mgmt.c:can_read_data() [0x0000] command 0x0005 complete: 0x00
Aug 14 20:31:36.444051 n bluetoothd[2821]: src/adapter.c:set_discovery_filter() sender :1.125
Aug 14 20:31:36.444063 n bluetoothd[2821]: src/adapter.c:parse_discovery_filter_dict() filtered discovery params: transport: 7 rssi: 32767 pathloss: 32767  duplicate data: false discoverable true pattern (null)
Aug 14 20:31:36.444077 n bluetoothd[2821]: src/adapter.c:set_discovery_filter() successfully pre-set filter
Aug 14 20:31:36.445139 n bluetoothd[2821]: src/adapter.c:start_discovery() sender :1.125
Aug 14 20:31:36.445149 n bluetoothd[2821]: src/adapter.c:update_discovery_filter()
Aug 14 20:31:36.445154 n bluetoothd[2821]: src/adapter.c:discovery_filter_to_mgmt_cp()
Aug 14 20:31:36.445160 n bluetoothd[2821]: src/adapter.c:set_discoverable() sending set mode command for index 0
Aug 14 20:31:36.445166 n bluetoothd[2821]: src/adapter.c:set_mode() sending set mode command for index 0
Aug 14 20:31:36.445174 n bluetoothd[2821]: src/adapter.c:trigger_start_discovery()
Aug 14 20:31:36.445180 n bluetoothd[2821]: src/adapter.c:cancel_passive_scanning()
Aug 14 20:31:36.445208 n bluetoothd[2821]: src/shared/mgmt.c:send_request() [0x0000] command 0x0007
Aug 14 20:31:36.445222 n bluetoothd[2821]: src/adapter.c:start_discovery_timeout()
Aug 14 20:31:36.445227 n bluetoothd[2821]: src/adapter.c:start_discovery_timeout() adapter->current_discovery_filter == 0
Aug 14 20:31:36.445242 n bluetoothd[2821]: src/shared/mgmt.c:can_read_data() [0x0000] command 0x0007 complete: 0x00
Aug 14 20:31:36.445248 n bluetoothd[2821]: src/adapter.c:new_settings_callback() Settings: 0x00000ad3
Aug 14 20:31:36.445254 n bluetoothd[2821]: src/adapter.c:settings_changed() Changed settings: 0x00000002
Aug 14 20:31:36.445259 n bluetoothd[2821]: src/adapter.c:settings_changed() Pending settings: 0x00000000
Aug 14 20:31:36.445283 n bluetoothd[2821]: src/shared/mgmt.c:send_request() [0x0000] command 0x0006
Aug 14 20:31:36.451447 n bluetoothd[2821]: src/shared/mgmt.c:can_read_data() [0x0000] command 0x0006 complete: 0x00
Aug 14 20:31:36.451464 n bluetoothd[2821]: src/adapter.c:new_settings_callback() Settings: 0x00000adb
Aug 14 20:31:36.451473 n bluetoothd[2821]: src/adapter.c:settings_changed() Changed settings: 0x00000008
Aug 14 20:31:36.451481 n bluetoothd[2821]: src/adapter.c:settings_changed() Pending settings: 0x00000000
Aug 14 20:31:36.451533 n bluetoothd[2821]: src/shared/mgmt.c:send_request() [0x0000] command 0x0023
Aug 14 20:31:36.461389 n bluetoothd[2821]: src/shared/mgmt.c:can_read_data() [0x0000] event 0x0013
Aug 14 20:31:36.461403 n bluetoothd[2821]: src/adapter.c:discovering_callback() hci0 type 7 discovering 1 method 0
Aug 14 20:31:36.461425 n bluetoothd[2821]: src/shared/mgmt.c:can_read_data() [0x0000] command 0x0023 complete: 0x00
Aug 14 20:31:36.461433 n bluetoothd[2821]: src/adapter.c:start_discovery_complete() status 0x00
Aug 14 20:31:36.472379 n bluetoothd[2821]: src/shared/mgmt.c:can_read_data() [0x0000] event 0x0012
Aug 14 20:31:36.472393 n bluetoothd[2821]: src/adapter.c:device_found_callback() hci0 addr AA:BB:CC:00:00:10, rssi -62 flags 0x0000 eir_len 29
Aug 14 20:31:36.472412 n bluetoothd[2821]: src/device.c:device_set_legacy() legacy 0
Aug 14 20:31:36.472420 n bluetoothd[2821]: src/device.c:device_set_rssi_with_delta() rssi -62
Aug 14 20:31:36.472438 n bluetoothd[2821]: src/device.c:device_set_flags() flags 2
Aug 14 20:31:36.480374 n bluetoothd[2821]: src/shared/mgmt.c:can_read_data() [0x0000] event 0x0012
Aug 14 20:31:36.480387 n bluetoothd[2821]: src/adapter.c:device_found_callback() hci0 addr AA:BB:CC:00:00:09, rssi -66 flags 0x0004 eir_len 31
Aug 14 20:31:36.546505 n bluetoothd[2821]: src/shared/mgmt.c:can_read_data() [0x0000] event 0x0012
Aug 14 20:31:36.546530 n bluetoothd[2821]: src/adapter.c:device_found_callback() hci0 addr AA:BB:CC:00:00:02, rssi -50 flags 0x0000 eir_len 19
Aug 14 20:31:36.561539 n bluetoothd[2821]: src/shared/mgmt.c:can_read_data() [0x0000] event 0x0013
Aug 14 20:31:36.561572 n bluetoothd[2821]: src/adapter.c:discovering_callback() hci0 type 7 discovering 0 method 0
Aug 14 20:31:36.561585 n bluetoothd[2821]: src/adapter.c:trigger_start_discovery()
Aug 14 20:31:36.561596 n bluetoothd[2821]: src/adapter.c:cancel_passive_scanning()
Aug 14 20:31:36.561636 n bluetoothd[2821]: src/shared/mgmt.c:can_read_data() [0x0000] event 0x0007
Aug 14 20:31:36.561653 n bluetoothd[2821]: src/adapter.c:dev_class_changed_callback() Class: 0x000000
Aug 14 20:31:36.561689 n bluetoothd[2821]: src/shared/mgmt.c:can_read_data() [0x0000] event 0x0006
Aug 14 20:31:36.561702 n bluetoothd[2821]: src/adapter.c:new_settings_callback() Settings: 0x00000ada
Aug 14 20:31:36.561716 n bluetoothd[2821]: src/adapter.c:settings_changed() Changed settings: 0x00000001
Aug 14 20:31:36.561728 n bluetoothd[2821]: src/adapter.c:settings_changed() Pending settings: 0x00000000
Aug 14 20:31:36.561743 n bluetoothd[2821]: src/adapter.c:cancel_passive_scanning()
Aug 14 20:31:36.561755 n bluetoothd[2821]: src/adapter.c:discovery_free() 0x5d6eb325e190
Aug 14 20:31:36.561790 n bluetoothd[2821]: src/device.c:device_set_rssi_with_delta() rssi 0
Aug 14 20:31:36.561811 n bluetoothd[2821]: src/adapter.c:set_discoverable() sending set mode command for index 0
Aug 14 20:31:36.561823 n bluetoothd[2821]: src/adapter.c:set_mode() sending set mode command for index 0
Aug 14 20:31:36.561840 n bluetoothd[2821]: src/adapter.c:adapter_stop() adapter /org/bluez/hci0 has been disabled
Aug 14 20:31:36.561882 n bluetoothd[2821]: src/rfkill.c:rfkill_event() RFKILL event idx 0 type 2 op 2 soft 1 hard 0
Aug 14 20:31:36.561970 n bluetoothd[2821]: src/rfkill.c:rfkill_event() RFKILL unblock for hci0
Aug 14 20:31:36.561985 n bluetoothd[2821]: src/adapter.c:adapter_set_power_state() off-blocked
Aug 14 20:31:36.562034 n bluetoothd[2821]: src/shared/mgmt.c:send_request() [0x0000] command 0x0007
Aug 14 20:31:36.562078 n bluetoothd[2821]: src/shared/mgmt.c:can_read_data() [0x0000] command 0x0007 complete: 0x00
Aug 14 20:31:36.562097 n bluetoothd[2821]: src/adapter.c:new_settings_callback() Settings: 0x00000ad0
Aug 14 20:31:36.562115 n bluetoothd[2821]: src/adapter.c:settings_changed() Changed settings: 0x0000000a
Aug 14 20:31:36.562132 n bluetoothd[2821]: src/adapter.c:settings_changed() Pending settings: 0x00000000
Aug 14 20:31:36.732580 n bluetoothd[2821]: src/adapter.c:property_set_mode() sending Set Powered command for index 0
Aug 14 20:31:36.732645 n bluetoothd[2821]: src/shared/mgmt.c:send_request() [0x0000] command 0x0005
Aug 14 20:31:36.732677 n bluetoothd[2821]: src/rfkill.c:rfkill_event() RFKILL event idx 0 type 2 op 2 soft 0 hard 0
Aug 14 20:31:36.732729 n bluetoothd[2821]: src/rfkill.c:rfkill_event() RFKILL unblock for hci0
Aug 14 20:31:36.732776 n bluetoothd[2821]: src/adapter.c:adapter_set_power_state() off
Aug 14 20:31:36.732789 n bluetoothd[2821]: src/adapter.c:adapter_set_power_state() off-enabling
Aug 14 20:31:36.732801 n bluetoothd[2821]: src/adapter.c:set_mode() sending set mode command for index 0
Aug 14 20:31:36.922238 n bluetoothd[2821]: src/shared/mgmt.c:can_read_data() [0x0000] event 0x0007
Aug 14 20:31:36.922275 n bluetoothd[2821]: src/adapter.c:dev_class_changed_callback() Class: 0x7c010c
Aug 14 20:31:36.929240 n bluetoothd[2821]: src/shared/mgmt.c:can_read_data() [0x0000] command 0x0005 complete: 0x00
Aug 14 20:31:36.929282 n bluetoothd[2821]: src/adapter.c:property_set_mode_complete() Success (0x00)
Aug 14 20:31:36.929314 n bluetoothd[2821]: src/adapter.c:adapter_set_power_state() on
Aug 14 20:31:36.929330 n bluetoothd[2821]: src/adapter.c:new_settings_callback() Settings: 0x00000ad1
Aug 14 20:31:36.929361 n bluetoothd[2821]: src/adapter.c:settings_changed() Changed settings: 0x00000001
Aug 14 20:31:36.929382 n bluetoothd[2821]: src/adapter.c:settings_changed() Pending settings: 0x00000000
Aug 14 20:31:36.929402 n bluetoothd[2821]: src/adapter.c:adapter_start() adapter /org/bluez/hci0 has been enabled
Aug 14 20:31:36.929415 n bluetoothd[2821]: src/adapter.c:trigger_passive_scanning()
Aug 14 20:31:36.929506 n bluetoothd[2821]: src/shared/mgmt.c:send_request() [0x0000] command 0x0005
Aug 14 20:31:36.929547 n bluetoothd[2821]: src/shared/mgmt.c:can_read_data() [0x0000] command 0x0005 complete: 0x00
Aug 14 20:31:36.930634 n bluetoothd[2821]: src/adapter.c:set_discovery_filter() sender :1.125
Aug 14 20:31:36.930645 n bluetoothd[2821]: src/adapter.c:parse_discovery_filter_dict() filtered discovery params: transport: 7 rssi: 32767 pathloss: 32767  duplicate data: false discoverable true pattern (null)
Aug 14 20:31:36.930658 n bluetoothd[2821]: src/adapter.c:set_discovery_filter() successfully pre-set filter
Aug 14 20:31:36.931615 n bluetoothd[2821]: src/adapter.c:start_discovery() sender :1.125
Aug 14 20:31:36.931624 n bluetoothd[2821]: src/adapter.c:update_discovery_filter()
Aug 14 20:31:36.931630 n bluetoothd[2821]: src/adapter.c:discovery_filter_to_mgmt_cp()
Aug 14 20:31:36.931636 n bluetoothd[2821]: src/adapter.c:set_discoverable() sending set mode command for index 0
Aug 14 20:31:36.931643 n bluetoothd[2821]: src/adapter.c:set_mode() sending set mode command for index 0
Aug 14 20:31:36.931651 n bluetoothd[2821]: src/adapter.c:trigger_start_discovery()
Aug 14 20:31:36.931655 n bluetoothd[2821]: src/adapter.c:cancel_passive_scanning()
Aug 14 20:31:36.931682 n bluetoothd[2821]: src/shared/mgmt.c:send_request() [0x0000] command 0x0007
Aug 14 20:31:36.931694 n bluetoothd[2821]: src/adapter.c:start_discovery_timeout()
Aug 14 20:31:36.931700 n bluetoothd[2821]: src/adapter.c:start_discovery_timeout() adapter->current_discovery_filter == 0
Aug 14 20:31:36.931712 n bluetoothd[2821]: src/shared/mgmt.c:can_read_data() [0x0000] command 0x0007 complete: 0x00
Aug 14 20:31:36.931719 n bluetoothd[2821]: src/adapter.c:new_settings_callback() Settings: 0x00000ad3
Aug 14 20:31:36.931727 n bluetoothd[2821]: src/adapter.c:settings_changed() Changed settings: 0x00000002
Aug 14 20:31:36.931731 n bluetoothd[2821]: src/adapter.c:settings_changed() Pending settings: 0x00000000
Aug 14 20:31:36.931751 n bluetoothd[2821]: src/shared/mgmt.c:send_request() [0x0000] command 0x0006
Aug 14 20:31:36.937418 n bluetoothd[2821]: src/shared/mgmt.c:can_read_data() [0x0000] command 0x0006 complete: 0x00
Aug 14 20:31:36.937435 n bluetoothd[2821]: src/adapter.c:new_settings_callback() Settings: 0x00000adb
Aug 14 20:31:36.937445 n bluetoothd[2821]: src/adapter.c:settings_changed() Changed settings: 0x00000008
Aug 14 20:31:36.937455 n bluetoothd[2821]: src/adapter.c:settings_changed() Pending settings: 0x00000000
Aug 14 20:31:36.937513 n bluetoothd[2821]: src/shared/mgmt.c:send_request() [0x0000] command 0x0023
Aug 14 20:31:36.947400 n bluetoothd[2821]: src/shared/mgmt.c:can_read_data() [0x0000] event 0x0013
Aug 14 20:31:36.947416 n bluetoothd[2821]: src/adapter.c:discovering_callback() hci0 type 7 discovering 1 method 0
Aug 14 20:31:36.947442 n bluetoothd[2821]: src/shared/mgmt.c:can_read_data() [0x0000] command 0x0023 complete: 0x00
Aug 14 20:31:36.947451 n bluetoothd[2821]: src/adapter.c:start_discovery_complete() status 0x00
Aug 14 20:31:36.978417 n bluetoothd[2821]: src/shared/mgmt.c:can_read_data() [0x0000] event 0x0012
Aug 14 20:31:36.978432 n bluetoothd[2821]: src/adapter.c:device_found_callback() hci0 addr AA:BB:CC:00:00:02, rssi -57 flags 0x0000 eir_len 19
Aug 14 20:31:37.011515 n bluetoothd[2821]: src/shared/mgmt.c:can_read_data() [0x0000] event 0x0013
Aug 14 20:31:37.011548 n bluetoothd[2821]: src/adapter.c:discovering_callback() hci0 type 7 discovering 0 method 0
Aug 14 20:31:37.011572 n bluetoothd[2821]: src/adapter.c:trigger_start_discovery()
Aug 14 20:31:37.011585 n bluetoothd[2821]: src/adapter.c:cancel_passive_scanning()
Aug 14 20:31:37.011625 n bluetoothd[2821]: src/shared/mgmt.c:can_read_data() [0x0000] event 0x0007
Aug 14 20:31:37.011649 n bluetoothd[2821]: src/adapter.c:dev_class_changed_callback() Class: 0x000000
Aug 14 20:31:37.011709 n bluetoothd[2821]: src/shared/mgmt.c:can_read_data() [0x0000] event 0x0006
Aug 14 20:31:37.011741 n bluetoothd[2821]: src/adapter.c:new_settings_callback() Settings: 0x00000ada
Aug 14 20:31:37.011762 n bluetoothd[2821]: src/adapter.c:settings_changed() Changed settings: 0x00000001
Aug 14 20:31:37.011780 n bluetoothd[2821]: src/adapter.c:settings_changed() Pending settings: 0x00000000
Aug 14 20:31:37.011827 n bluetoothd[2821]: src/adapter.c:cancel_passive_scanning()
Aug 14 20:31:37.011851 n bluetoothd[2821]: src/adapter.c:discovery_free() 0x5d6eb3292cc0
Aug 14 20:31:37.011882 n bluetoothd[2821]: src/adapter.c:set_discoverable() sending set mode command for index 0
Aug 14 20:31:37.011897 n bluetoothd[2821]: src/adapter.c:set_mode() sending set mode command for index 0
Aug 14 20:31:37.011916 n bluetoothd[2821]: src/adapter.c:adapter_stop() adapter /org/bluez/hci0 has been disabled
Aug 14 20:31:37.011961 n bluetoothd[2821]: src/rfkill.c:rfkill_event() RFKILL event idx 0 type 2 op 2 soft 1 hard 0
Aug 14 20:31:37.012049 n bluetoothd[2821]: src/rfkill.c:rfkill_event() RFKILL unblock for hci0
Aug 14 20:31:37.012073 n bluetoothd[2821]: src/adapter.c:adapter_set_power_state() off-blocked
Aug 14 20:31:37.012149 n bluetoothd[2821]: src/shared/mgmt.c:send_request() [0x0000] command 0x0007
Aug 14 20:31:37.012194 n bluetoothd[2821]: src/shared/mgmt.c:can_read_data() [0x0000] command 0x0007 complete: 0x00
Aug 14 20:31:37.012211 n bluetoothd[2821]: src/adapter.c:new_settings_callback() Settings: 0x00000ad0
Aug 14 20:31:37.012226 n bluetoothd[2821]: src/adapter.c:settings_changed() Changed settings: 0x0000000a
Aug 14 20:31:37.012245 n bluetoothd[2821]: src/adapter.c:settings_changed() Pending settings: 0x00000000
Aug 14 20:31:37.198664 n bluetoothd[2821]: src/adapter.c:property_set_mode() sending Set Powered command for index 0
Aug 14 20:31:37.198702 n bluetoothd[2821]: src/rfkill.c:rfkill_event() RFKILL event idx 0 type 2 op 2 soft 0 hard 0
Aug 14 20:31:37.198783 n bluetoothd[2821]: src/rfkill.c:rfkill_event() RFKILL unblock for hci0
Aug 14 20:31:37.198835 n bluetoothd[2821]: src/adapter.c:adapter_set_power_state() off
Aug 14 20:31:37.198849 n bluetoothd[2821]: src/adapter.c:adapter_set_power_state() off-enabling
Aug 14 20:31:37.198860 n bluetoothd[2821]: src/adapter.c:set_mode() sending set mode command for index 0
Aug 14 20:31:37.198919 n bluetoothd[2821]: src/shared/mgmt.c:send_request() [0x0000] command 0x0005
Aug 14 20:31:37.386436 n bluetoothd[2821]: src/shared/mgmt.c:can_read_data() [0x0000] event 0x0007
Aug 14 20:31:37.386467 n bluetoothd[2821]: src/adapter.c:dev_class_changed_callback() Class: 0x7c010c
Aug 14 20:31:37.392461 n bluetoothd[2821]: src/shared/mgmt.c:can_read_data() [0x0000] command 0x0005 complete: 0x00
Aug 14 20:31:37.392488 n bluetoothd[2821]: src/adapter.c:property_set_mode_complete() Success (0x00)
Aug 14 20:31:37.392519 n bluetoothd[2821]: src/adapter.c:adapter_set_power_state() on
Aug 14 20:31:37.392534 n bluetoothd[2821]: src/adapter.c:new_settings_callback() Settings: 0x00000ad1
Aug 14 20:31:37.392545 n bluetoothd[2821]: src/adapter.c:settings_changed() Changed settings: 0x00000001
Aug 14 20:31:37.392555 n bluetoothd[2821]: src/adapter.c:settings_changed() Pending settings: 0x00000000
Aug 14 20:31:37.392570 n bluetoothd[2821]: src/adapter.c:adapter_start() adapter /org/bluez/hci0 has been enabled
Aug 14 20:31:37.392581 n bluetoothd[2821]: src/adapter.c:trigger_passive_scanning()
Aug 14 20:31:37.392644 n bluetoothd[2821]: src/shared/mgmt.c:send_request() [0x0000] command 0x0005
Aug 14 20:31:37.392679 n bluetoothd[2821]: src/shared/mgmt.c:can_read_data() [0x0000] command 0x0005 complete: 0x00
Aug 14 20:31:37.393643 n bluetoothd[2821]: src/adapter.c:set_discovery_filter() sender :1.125
Aug 14 20:31:37.393656 n bluetoothd[2821]: src/adapter.c:parse_discovery_filter_dict() filtered discovery params: transport: 7 rssi: 32767 pathloss: 32767  duplicate data: false discoverable true pattern (null)
Aug 14 20:31:37.393669 n bluetoothd[2821]: src/adapter.c:set_discovery_filter() successfully pre-set filter
Aug 14 20:31:37.394676 n bluetoothd[2821]: src/adapter.c:start_discovery() sender :1.125
Aug 14 20:31:37.394686 n bluetoothd[2821]: src/adapter.c:update_discovery_filter()
Aug 14 20:31:37.394691 n bluetoothd[2821]: src/adapter.c:discovery_filter_to_mgmt_cp()
Aug 14 20:31:37.394697 n bluetoothd[2821]: src/adapter.c:set_discoverable() sending set mode command for index 0
Aug 14 20:31:37.394702 n bluetoothd[2821]: src/adapter.c:set_mode() sending set mode command for index 0
Aug 14 20:31:37.394711 n bluetoothd[2821]: src/adapter.c:trigger_start_discovery()
Aug 14 20:31:37.394717 n bluetoothd[2821]: src/adapter.c:cancel_passive_scanning()
Aug 14 20:31:37.394745 n bluetoothd[2821]: src/shared/mgmt.c:send_request() [0x0000] command 0x0007
Aug 14 20:31:37.394757 n bluetoothd[2821]: src/adapter.c:start_discovery_timeout()
Aug 14 20:31:37.394763 n bluetoothd[2821]: src/adapter.c:start_discovery_timeout() adapter->current_discovery_filter == 0
Aug 14 20:31:37.394775 n bluetoothd[2821]: src/shared/mgmt.c:can_read_data() [0x0000] command 0x0007 complete: 0x00
Aug 14 20:31:37.394781 n bluetoothd[2821]: src/adapter.c:new_settings_callback() Settings: 0x00000ad3
Aug 14 20:31:37.394786 n bluetoothd[2821]: src/adapter.c:settings_changed() Changed settings: 0x00000002
Aug 14 20:31:37.394791 n bluetoothd[2821]: src/adapter.c:settings_changed() Pending settings: 0x00000000
Aug 14 20:31:37.394814 n bluetoothd[2821]: src/shared/mgmt.c:send_request() [0x0000] command 0x0006
Aug 14 20:31:37.400449 n bluetoothd[2821]: src/shared/mgmt.c:can_read_data() [0x0000] command 0x0006 complete: 0x00
Aug 14 20:31:37.400465 n bluetoothd[2821]: src/adapter.c:new_settings_callback() Settings: 0x00000adb
Aug 14 20:31:37.400474 n bluetoothd[2821]: src/adapter.c:settings_changed() Changed settings: 0x00000008
Aug 14 20:31:37.400482 n bluetoothd[2821]: src/adapter.c:settings_changed() Pending settings: 0x00000000
Aug 14 20:31:37.400534 n bluetoothd[2821]: src/shared/mgmt.c:send_request() [0x0000] command 0x0023
Aug 14 20:31:37.411424 n bluetoothd[2821]: src/shared/mgmt.c:can_read_data() [0x0000] command 0x23 status: 0x00
Aug 14 20:31:37.411433 n bluetoothd[2821]: src/adapter.c:start_discovery_complete() status 0x00
Aug 14 20:31:37.411439 n bluetoothd[2821]: Wrong size of start discovery return parameters
Aug 14 20:31:37.411476 n bluetoothd[2821]: src/shared/mgmt.c:can_read_data() [0x0000] event 0x0007
Aug 14 20:31:37.411484 n bluetoothd[2821]: src/adapter.c:dev_class_changed_callback() Class: 0x000000
Aug 14 20:31:37.411505 n bluetoothd[2821]: src/shared/mgmt.c:can_read_data() [0x0000] event 0x0006
Aug 14 20:31:37.411511 n bluetoothd[2821]: src/adapter.c:new_settings_callback() Settings: 0x00000ada
Aug 14 20:31:37.411517 n bluetoothd[2821]: src/adapter.c:settings_changed() Changed settings: 0x00000001
Aug 14 20:31:37.411522 n bluetoothd[2821]: src/adapter.c:settings_changed() Pending settings: 0x00000000
Aug 14 20:31:37.411530 n bluetoothd[2821]: src/adapter.c:cancel_passive_scanning()
Aug 14 20:31:37.411536 n bluetoothd[2821]: src/adapter.c:discovery_free() 0x5d6eb3292170
Aug 14 20:31:37.411554 n bluetoothd[2821]: src/adapter.c:set_discoverable() sending set mode command for index 0
Aug 14 20:31:37.411562 n bluetoothd[2821]: src/adapter.c:set_mode() sending set mode command for index 0
Aug 14 20:31:37.411574 n bluetoothd[2821]: src/adapter.c:adapter_stop() adapter /org/bluez/hci0 has been disabled
Aug 14 20:31:37.411607 n bluetoothd[2821]: src/shared/mgmt.c:send_request() [0x0000] command 0x0007
Aug 14 20:31:37.411629 n bluetoothd[2821]: src/shared/mgmt.c:can_read_data() [0x0000] command 0x0007 complete: 0x00
Aug 14 20:31:37.411637 n bluetoothd[2821]: src/adapter.c:new_settings_callback() Settings: 0x00000ad0
Aug 14 20:31:37.411644 n bluetoothd[2821]: src/adapter.c:settings_changed() Changed settings: 0x0000000a
Aug 14 20:31:37.411651 n bluetoothd[2821]: src/adapter.c:settings_changed() Pending settings: 0x00000000
Aug 14 20:31:37.417364 n bluetoothd[2821]: src/rfkill.c:rfkill_event() RFKILL event idx 0 type 2 op 2 soft 1 hard 0
Aug 14 20:31:37.417419 n bluetoothd[2821]: src/rfkill.c:rfkill_event() RFKILL unblock for hci0
Aug 14 20:31:37.417435 n bluetoothd[2821]: src/adapter.c:adapter_set_power_state() off-blocked
Aug 14 20:31:37.598845 n bluetoothd[2821]: src/adapter.c:property_set_mode() sending Set Powered command for index 0
Aug 14 20:31:37.598910 n bluetoothd[2821]: src/shared/mgmt.c:send_request() [0x0000] command 0x0005
Aug 14 20:31:37.598930 n bluetoothd[2821]: src/rfkill.c:rfkill_event() RFKILL event idx 0 type 2 op 2 soft 0 hard 0
Aug 14 20:31:37.598991 n bluetoothd[2821]: src/rfkill.c:rfkill_event() RFKILL unblock for hci0
Aug 14 20:31:37.599027 n bluetoothd[2821]: src/adapter.c:adapter_set_power_state() off
Aug 14 20:31:37.599040 n bluetoothd[2821]: src/adapter.c:adapter_set_power_state() off-enabling
Aug 14 20:31:37.599050 n bluetoothd[2821]: src/adapter.c:set_mode() sending set mode command for index 0
Aug 14 20:31:37.786467 n bluetoothd[2821]: src/shared/mgmt.c:can_read_data() [0x0000] event 0x0007
Aug 14 20:31:37.786500 n bluetoothd[2821]: src/adapter.c:dev_class_changed_callback() Class: 0x7c010c
Aug 14 20:31:37.792525 n bluetoothd[2821]: src/shared/mgmt.c:can_read_data() [0x0000] command 0x0005 complete: 0x00
Aug 14 20:31:37.792547 n bluetoothd[2821]: src/adapter.c:property_set_mode_complete() Success (0x00)
Aug 14 20:31:37.792583 n bluetoothd[2821]: src/adapter.c:adapter_set_power_state() on
Aug 14 20:31:37.792599 n bluetoothd[2821]: src/adapter.c:new_settings_callback() Settings: 0x00000ad1
Aug 14 20:31:37.792613 n bluetoothd[2821]: src/adapter.c:settings_changed() Changed settings: 0x00000001
Aug 14 20:31:37.792623 n bluetoothd[2821]: src/adapter.c:settings_changed() Pending settings: 0x00000000
Aug 14 20:31:37.792639 n bluetoothd[2821]: src/adapter.c:adapter_start() adapter /org/bluez/hci0 has been enabled
Aug 14 20:31:37.792651 n bluetoothd[2821]: src/adapter.c:trigger_passive_scanning()
Aug 14 20:31:37.792707 n bluetoothd[2821]: src/shared/mgmt.c:send_request() [0x0000] command 0x0005
Aug 14 20:31:37.792739 n bluetoothd[2821]: src/shared/mgmt.c:can_read_data() [0x0000] command 0x0005 complete: 0x00
Aug 14 20:31:37.793623 n bluetoothd[2821]: src/adapter.c:set_discovery_filter() sender :1.125
Aug 14 20:31:37.793635 n bluetoothd[2821]: src/adapter.c:parse_discovery_filter_dict() filtered discovery params: transport: 7 rssi: 32767 pathloss: 32767  duplicate data: false discoverable true pattern (null)
Aug 14 20:31:37.793648 n bluetoothd[2821]: src/adapter.c:set_discovery_filter() successfully pre-set filter
Aug 14 20:31:37.794667 n bluetoothd[2821]: src/adapter.c:start_discovery() sender :1.125
Aug 14 20:31:37.794677 n bluetoothd[2821]: src/adapter.c:update_discovery_filter()
Aug 14 20:31:37.794683 n bluetoothd[2821]: src/adapter.c:discovery_filter_to_mgmt_cp()
Aug 14 20:31:37.794689 n bluetoothd[2821]: src/adapter.c:set_discoverable() sending set mode command for index 0
Aug 14 20:31:37.794695 n bluetoothd[2821]: src/adapter.c:set_mode() sending set mode command for index 0
Aug 14 20:31:37.794705 n bluetoothd[2821]: src/adapter.c:trigger_start_discovery()
Aug 14 20:31:37.794712 n bluetoothd[2821]: src/adapter.c:cancel_passive_scanning()
Aug 14 20:31:37.794742 n bluetoothd[2821]: src/shared/mgmt.c:send_request() [0x0000] command 0x0007
Aug 14 20:31:37.794754 n bluetoothd[2821]: src/adapter.c:start_discovery_timeout()
Aug 14 20:31:37.794759 n bluetoothd[2821]: src/adapter.c:start_discovery_timeout() adapter->current_discovery_filter == 0
Aug 14 20:31:37.794777 n bluetoothd[2821]: src/shared/mgmt.c:can_read_data() [0x0000] command 0x0007 complete: 0x00
Aug 14 20:31:37.794783 n bluetoothd[2821]: src/adapter.c:new_settings_callback() Settings: 0x00000ad3
Aug 14 20:31:37.794790 n bluetoothd[2821]: src/adapter.c:settings_changed() Changed settings: 0x00000002
Aug 14 20:31:37.794797 n bluetoothd[2821]: src/adapter.c:settings_changed() Pending settings: 0x00000000
Aug 14 20:31:37.794817 n bluetoothd[2821]: src/shared/mgmt.c:send_request() [0x0000] command 0x0006
Aug 14 20:31:37.800488 n bluetoothd[2821]: src/shared/mgmt.c:can_read_data() [0x0000] command 0x0006 complete: 0x00
Aug 14 20:31:37.800504 n bluetoothd[2821]: src/adapter.c:new_settings_callback() Settings: 0x00000adb
Aug 14 20:31:37.800512 n bluetoothd[2821]: src/adapter.c:settings_changed() Changed settings: 0x00000008
Aug 14 20:31:37.800519 n bluetoothd[2821]: src/adapter.c:settings_changed() Pending settings: 0x00000000
Aug 14 20:31:37.800561 n bluetoothd[2821]: src/shared/mgmt.c:send_request() [0x0000] command 0x0023
Aug 14 20:31:37.810402 n bluetoothd[2821]: src/shared/mgmt.c:can_read_data() [0x0000] event 0x0013
Aug 14 20:31:37.810415 n bluetoothd[2821]: src/adapter.c:discovering_callback() hci0 type 7 discovering 1 method 0
Aug 14 20:31:37.810432 n bluetoothd[2821]: src/shared/mgmt.c:can_read_data() [0x0000] command 0x0023 complete: 0x00
Aug 14 20:31:37.810439 n bluetoothd[2821]: src/adapter.c:start_discovery_complete() status 0x00
Aug 14 20:31:37.825485 n bluetoothd[2821]: src/shared/mgmt.c:can_read_data() [0x0000] event 0x0012
Aug 14 20:31:37.825506 n bluetoothd[2821]: src/adapter.c:device_found_callback() hci0 addr AA:BB:CC:00:00:10, rssi -61 flags 0x0000 eir_len 29
Aug 14 20:31:37.825534 n bluetoothd[2821]: src/device.c:device_set_legacy() legacy 0
Aug 14 20:31:37.825546 n bluetoothd[2821]: src/device.c:device_set_rssi_with_delta() rssi -61
Aug 14 20:31:37.825571 n bluetoothd[2821]: src/device.c:device_set_flags() flags 2
Aug 14 20:31:37.859891 n bluetoothd[2821]: src/shared/mgmt.c:can_read_data() [0x0000] event 0x0012
Aug 14 20:31:37.859920 n bluetoothd[2821]: src/adapter.c:device_found_callback() hci0 addr AA:BB:CC:00:00:09, rssi -60 flags 0x0004 eir_len 31
Aug 14 20:31:37.924792 n bluetoothd[2821]: src/shared/mgmt.c:can_read_data() [0x0000] event 0x0012
Aug 14 20:31:37.924818 n bluetoothd[2821]: src/adapter.c:device_found_callback() hci0 addr AA:BB:CC:00:00:02, rssi -50 flags 0x0000 eir_len 19
Aug 14 20:31:37.964512 n bluetoothd[2821]: src/shared/mgmt.c:can_read_data() [0x0000] event 0x0013
Aug 14 20:31:37.964534 n bluetoothd[2821]: src/adapter.c:discovering_callback() hci0 type 7 discovering 0 method 0
Aug 14 20:31:37.964546 n bluetoothd[2821]: src/adapter.c:trigger_start_discovery()
Aug 14 20:31:37.964557 n bluetoothd[2821]: src/adapter.c:cancel_passive_scanning()
Aug 14 20:31:37.964609 n bluetoothd[2821]: src/shared/mgmt.c:can_read_data() [0x0000] event 0x0007
Aug 14 20:31:37.964630 n bluetoothd[2821]: src/adapter.c:dev_class_changed_callback() Class: 0x000000
Aug 14 20:31:37.964665 n bluetoothd[2821]: src/shared/mgmt.c:can_read_data() [0x0000] event 0x0006
Aug 14 20:31:37.964678 n bluetoothd[2821]: src/adapter.c:new_settings_callback() Settings: 0x00000ada
Aug 14 20:31:37.964691 n bluetoothd[2821]: src/adapter.c:settings_changed() Changed settings: 0x00000001
Aug 14 20:31:37.964708 n bluetoothd[2821]: src/adapter.c:settings_changed() Pending settings: 0x00000000
Aug 14 20:31:37.964725 n bluetoothd[2821]: src/adapter.c:cancel_passive_scanning()
Aug 14 20:31:37.964737 n bluetoothd[2821]: src/adapter.c:discovery_free() 0x5d6eb325e130
Aug 14 20:31:37.964760 n bluetoothd[2821]: src/device.c:device_set_rssi_with_delta() rssi 0
Aug 14 20:31:37.964779 n bluetoothd[2821]: src/adapter.c:set_discoverable() sending set mode command for index 0
Aug 14 20:31:37.964791 n bluetoothd[2821]: src/adapter.c:set_mode() sending set mode command for index 0
Aug 14 20:31:37.964812 n bluetoothd[2821]: src/adapter.c:adapter_stop() adapter /org/bluez/hci0 has been disabled
Aug 14 20:31:37.964840 n bluetoothd[2821]: src/rfkill.c:rfkill_event() RFKILL event idx 0 type 2 op 2 soft 1 hard 0
Aug 14 20:31:37.964920 n bluetoothd[2821]: src/rfkill.c:rfkill_event() RFKILL unblock for hci0
Aug 14 20:31:37.964941 n bluetoothd[2821]: src/adapter.c:adapter_set_power_state() off-blocked
Aug 14 20:31:37.964993 n bluetoothd[2821]: src/shared/mgmt.c:send_request() [0x0000] command 0x0007
Aug 14 20:31:37.965023 n bluetoothd[2821]: src/shared/mgmt.c:can_read_data() [0x0000] command 0x0007 complete: 0x00
Aug 14 20:31:37.965034 n bluetoothd[2821]: src/adapter.c:new_settings_callback() Settings: 0x00000ad0
Aug 14 20:31:37.965049 n bluetoothd[2821]: src/adapter.c:settings_changed() Changed settings: 0x0000000a
Aug 14 20:31:37.965059 n bluetoothd[2821]: src/adapter.c:settings_changed() Pending settings: 0x00000000
Aug 14 20:31:38.115731 n bluetoothd[2821]: src/adapter.c:property_set_mode() sending Set Powered command for index 0
Aug 14 20:31:38.115786 n bluetoothd[2821]: src/shared/mgmt.c:send_request() [0x0000] command 0x0005
Aug 14 20:31:38.115807 n bluetoothd[2821]: src/rfkill.c:rfkill_event() RFKILL event idx 0 type 2 op 2 soft 0 hard 0
Aug 14 20:31:38.115861 n bluetoothd[2821]: src/rfkill.c:rfkill_event() RFKILL unblock for hci0
Aug 14 20:31:38.115897 n bluetoothd[2821]: src/adapter.c:adapter_set_power_state() off
Aug 14 20:31:38.115910 n bluetoothd[2821]: src/adapter.c:adapter_set_power_state() off-enabling
Aug 14 20:31:38.115924 n bluetoothd[2821]: src/adapter.c:set_mode() sending set mode command for index 0
Aug 14 20:31:38.304515 n bluetoothd[2821]: src/shared/mgmt.c:can_read_data() [0x0000] event 0x0007
Aug 14 20:31:38.304551 n bluetoothd[2821]: src/adapter.c:dev_class_changed_callback() Class: 0x7c010c
Aug 14 20:31:38.310479 n bluetoothd[2821]: src/shared/mgmt.c:can_read_data() [0x0000] command 0x0005 complete: 0x00
Aug 14 20:31:38.310495 n bluetoothd[2821]: src/adapter.c:property_set_mode_complete() Success (0x00)
Aug 14 20:31:38.310519 n bluetoothd[2821]: src/adapter.c:adapter_set_power_state() on
Aug 14 20:31:38.310532 n bluetoothd[2821]: src/adapter.c:new_settings_callback() Settings: 0x00000ad1
Aug 14 20:31:38.310541 n bluetoothd[2821]: src/adapter.c:settings_changed() Changed settings: 0x00000001
Aug 14 20:31:38.310552 n bluetoothd[2821]: src/adapter.c:settings_changed() Pending settings: 0x00000000
Aug 14 20:31:38.310564 n bluetoothd[2821]: src/adapter.c:adapter_start() adapter /org/bluez/hci0 has been enabled
Aug 14 20:31:38.310574 n bluetoothd[2821]: src/adapter.c:trigger_passive_scanning()
Aug 14 20:31:38.310619 n bluetoothd[2821]: src/shared/mgmt.c:send_request() [0x0000] command 0x0005
Aug 14 20:31:38.310643 n bluetoothd[2821]: src/shared/mgmt.c:can_read_data() [0x0000] command 0x0005 complete: 0x00
Aug 14 20:31:38.311393 n bluetoothd[2821]: src/adapter.c:set_discovery_filter() sender :1.125
Aug 14 20:31:38.311405 n bluetoothd[2821]: src/adapter.c:parse_discovery_filter_dict() filtered discovery params: transport: 7 rssi: 32767 pathloss: 32767  duplicate data: false discoverable true pattern (null)
Aug 14 20:31:38.311417 n bluetoothd[2821]: src/adapter.c:set_discovery_filter() successfully pre-set filter
Aug 14 20:31:38.312309 n bluetoothd[2821]: src/adapter.c:start_discovery() sender :1.125
Aug 14 20:31:38.312317 n bluetoothd[2821]: src/adapter.c:update_discovery_filter()
Aug 14 20:31:38.312322 n bluetoothd[2821]: src/adapter.c:discovery_filter_to_mgmt_cp()
Aug 14 20:31:38.312327 n bluetoothd[2821]: src/adapter.c:set_discoverable() sending set mode command for index 0
Aug 14 20:31:38.312336 n bluetoothd[2821]: src/adapter.c:set_mode() sending set mode command for index 0
Aug 14 20:31:38.312344 n bluetoothd[2821]: src/adapter.c:trigger_start_discovery()
Aug 14 20:31:38.312349 n bluetoothd[2821]: src/adapter.c:cancel_passive_scanning()
Aug 14 20:31:38.312382 n bluetoothd[2821]: src/shared/mgmt.c:send_request() [0x0000] command 0x0007
Aug 14 20:31:38.312394 n bluetoothd[2821]: src/adapter.c:start_discovery_timeout()
Aug 14 20:31:38.312400 n bluetoothd[2821]: src/adapter.c:start_discovery_timeout() adapter->current_discovery_filter == 0
Aug 14 20:31:38.312413 n bluetoothd[2821]: src/shared/mgmt.c:can_read_data() [0x0000] command 0x0007 complete: 0x00
Aug 14 20:31:38.312418 n bluetoothd[2821]: src/adapter.c:new_settings_callback() Settings: 0x00000ad3
Aug 14 20:31:38.312423 n bluetoothd[2821]: src/adapter.c:settings_changed() Changed settings: 0x00000002
Aug 14 20:31:38.312427 n bluetoothd[2821]: src/adapter.c:settings_changed() Pending settings: 0x00000000
Aug 14 20:31:38.312447 n bluetoothd[2821]: src/shared/mgmt.c:send_request() [0x0000] command 0x0006
Aug 14 20:31:38.318479 n bluetoothd[2821]: src/shared/mgmt.c:can_read_data() [0x0000] command 0x0006 complete: 0x00
Aug 14 20:31:38.318494 n bluetoothd[2821]: src/adapter.c:new_settings_callback() Settings: 0x00000adb
Aug 14 20:31:38.318503 n bluetoothd[2821]: src/adapter.c:settings_changed() Changed settings: 0x00000008
Aug 14 20:31:38.318516 n bluetoothd[2821]: src/adapter.c:settings_changed() Pending settings: 0x00000000
Aug 14 20:31:38.318571 n bluetoothd[2821]: src/shared/mgmt.c:send_request() [0x0000] command 0x0023
Aug 14 20:31:38.328443 n bluetoothd[2821]: src/shared/mgmt.c:can_read_data() [0x0000] event 0x0013
Aug 14 20:31:38.328457 n bluetoothd[2821]: src/adapter.c:discovering_callback() hci0 type 7 discovering 1 method 0
Aug 14 20:31:38.328488 n bluetoothd[2821]: src/shared/mgmt.c:can_read_data() [0x0000] command 0x0023 complete: 0x00
Aug 14 20:31:38.328498 n bluetoothd[2821]: src/adapter.c:start_discovery_complete() status 0x00
Aug 14 20:31:38.370592 n bluetoothd[2821]: src/shared/mgmt.c:can_read_data() [0x0000] event 0x0012
Aug 14 20:31:38.370609 n bluetoothd[2821]: src/adapter.c:device_found_callback() hci0 addr AA:BB:CC:00:00:11, rssi -79 flags 0x0000 eir_len 14
Aug 14 20:31:38.370633 n bluetoothd[2821]: src/device.c:device_store_cached_name() Can't store name for private addressed device /org/bluez/hci0/dev_AA:BB:CC:00:00:11
Aug 14 20:31:38.370641 n bluetoothd[2821]: src/device.c:device_set_legacy() legacy 0
Aug 14 20:31:38.370647 n bluetoothd[2821]: src/device.c:device_set_rssi_with_delta() rssi -79
Aug 14 20:31:38.370669 n bluetoothd[2821]: src/device.c:device_set_flags() flags 2
Aug 14 20:31:38.371460 n bluetoothd[2821]: src/shared/mgmt.c:can_read_data() [0x0000] event 0x0012
Aug 14 20:31:38.371481 n bluetoothd[2821]: src/adapter.c:device_found_callback() hci0 addr AA:BB:CC:00:00:10, rssi -66 flags 0x0000 eir_len 29
Aug 14 20:31:38.371493 n bluetoothd[2821]: src/device.c:device_set_legacy() legacy 0
Aug 14 20:31:38.371500 n bluetoothd[2821]: src/device.c:device_set_rssi_with_delta() rssi -66
Aug 14 20:31:38.371510 n bluetoothd[2821]: src/device.c:device_set_flags() flags 2
Aug 14 20:31:38.405176 n bluetoothd[2821]: src/shared/mgmt.c:can_read_data() [0x0000] event 0x0012
Aug 14 20:31:38.405219 n bluetoothd[2821]: src/adapter.c:device_found_callback() hci0 addr AA:BB:CC:00:00:09, rssi -61 flags 0x0004 eir_len 31
Aug 14 20:31:38.455512 n bluetoothd[2821]: src/shared/mgmt.c:can_read_data() [0x0000] event 0x0012
Aug 14 20:31:38.455540 n bluetoothd[2821]: src/adapter.c:device_found_callback() hci0 addr AA:BB:CC:00:00:02, rssi -53 flags 0x0000 eir_len 19
Aug 14 20:31:38.473448 n bluetoothd[2821]: src/shared/mgmt.c:can_read_data() [0x0000] event 0x0013
Aug 14 20:31:38.473463 n bluetoothd[2821]: src/adapter.c:discovering_callback() hci0 type 7 discovering 0 method 0
Aug 14 20:31:38.473469 n bluetoothd[2821]: src/adapter.c:trigger_start_discovery()
Aug 14 20:31:38.473475 n bluetoothd[2821]: src/adapter.c:cancel_passive_scanning()
Aug 14 20:31:38.473500 n bluetoothd[2821]: src/shared/mgmt.c:can_read_data() [0x0000] event 0x0007
Aug 14 20:31:38.473509 n bluetoothd[2821]: src/adapter.c:dev_class_changed_callback() Class: 0x000000
Aug 14 20:31:38.473544 n bluetoothd[2821]: src/shared/mgmt.c:can_read_data() [0x0000] event 0x0006
Aug 14 20:31:38.473557 n bluetoothd[2821]: src/adapter.c:new_settings_callback() Settings: 0x00000ada
Aug 14 20:31:38.473568 n bluetoothd[2821]: src/adapter.c:settings_changed() Changed settings: 0x00000001
Aug 14 20:31:38.473579 n bluetoothd[2821]: src/adapter.c:settings_changed() Pending settings: 0x00000000
Aug 14 20:31:38.473594 n bluetoothd[2821]: src/adapter.c:cancel_passive_scanning()
Aug 14 20:31:38.473606 n bluetoothd[2821]: src/adapter.c:discovery_free() 0x5d6eb32901f0
Aug 14 20:31:38.473632 n bluetoothd[2821]: src/device.c:device_set_rssi_with_delta() rssi 0
Aug 14 20:31:38.473648 n bluetoothd[2821]: src/device.c:device_set_rssi_with_delta() rssi 0
Aug 14 20:31:38.473661 n bluetoothd[2821]: src/adapter.c:set_discoverable() sending set mode command for index 0
Aug 14 20:31:38.473673 n bluetoothd[2821]: src/adapter.c:set_mode() sending set mode command for index 0
Aug 14 20:31:38.473691 n bluetoothd[2821]: src/adapter.c:adapter_stop() adapter /org/bluez/hci0 has been disabled
Aug 14 20:31:38.473773 n bluetoothd[2821]: src/shared/mgmt.c:send_request() [0x0000] command 0x0007
Aug 14 20:31:38.473804 n bluetoothd[2821]: src/shared/mgmt.c:can_read_data() [0x0000] command 0x0007 complete: 0x00
Aug 14 20:31:38.473816 n bluetoothd[2821]: src/adapter.c:new_settings_callback() Settings: 0x00000ad0
Aug 14 20:31:38.473826 n bluetoothd[2821]: src/adapter.c:settings_changed() Changed settings: 0x0000000a
Aug 14 20:31:38.473837 n bluetoothd[2821]: src/adapter.c:settings_changed() Pending settings: 0x00000000
Aug 14 20:31:38.479577 n bluetoothd[2821]: src/rfkill.c:rfkill_event() RFKILL event idx 0 type 2 op 2 soft 1 hard 0
Aug 14 20:31:38.479624 n bluetoothd[2821]: src/rfkill.c:rfkill_event() RFKILL unblock for hci0
Aug 14 20:31:38.479631 n bluetoothd[2821]: src/adapter.c:adapter_set_power_state() off-blocked
Aug 14 20:31:38.615588 n bluetoothd[2821]: src/adapter.c:property_set_mode() sending Set Powered command for index 0
Aug 14 20:31:38.615643 n bluetoothd[2821]: src/shared/mgmt.c:send_request() [0x0000] command 0x0005
Aug 14 20:31:38.615663 n bluetoothd[2821]: src/rfkill.c:rfkill_event() RFKILL event idx 0 type 2 op 2 soft 0 hard 0
Aug 14 20:31:38.615726 n bluetoothd[2821]: src/rfkill.c:rfkill_event() RFKILL unblock for hci0
Aug 14 20:31:38.615774 n bluetoothd[2821]: src/adapter.c:adapter_set_power_state() off
Aug 14 20:31:38.615786 n bluetoothd[2821]: src/adapter.c:adapter_set_power_state() off-enabling
Aug 14 20:31:38.615796 n bluetoothd[2821]: src/adapter.c:set_mode() sending set mode command for index 0
Aug 14 20:31:38.804533 n bluetoothd[2821]: src/shared/mgmt.c:can_read_data() [0x0000] event 0x0007
Aug 14 20:31:38.804565 n bluetoothd[2821]: src/adapter.c:dev_class_changed_callback() Class: 0x7c010c
Aug 14 20:31:38.810535 n bluetoothd[2821]: src/shared/mgmt.c:can_read_data() [0x0000] command 0x0005 complete: 0x00
Aug 14 20:31:38.810565 n bluetoothd[2821]: src/adapter.c:property_set_mode_complete() Success (0x00)
Aug 14 20:31:38.810599 n bluetoothd[2821]: src/adapter.c:adapter_set_power_state() on
Aug 14 20:31:38.810614 n bluetoothd[2821]: src/adapter.c:new_settings_callback() Settings: 0x00000ad1
Aug 14 20:31:38.810628 n bluetoothd[2821]: src/adapter.c:settings_changed() Changed settings: 0x00000001
Aug 14 20:31:38.810638 n bluetoothd[2821]: src/adapter.c:settings_changed() Pending settings: 0x00000000
Aug 14 20:31:38.810654 n bluetoothd[2821]: src/adapter.c:adapter_start() adapter /org/bluez/hci0 has been enabled
Aug 14 20:31:38.810666 n bluetoothd[2821]: src/adapter.c:trigger_passive_scanning()
Aug 14 20:31:38.810724 n bluetoothd[2821]: src/shared/mgmt.c:send_request() [0x0000] command 0x0005
Aug 14 20:31:38.810755 n bluetoothd[2821]: src/shared/mgmt.c:can_read_data() [0x0000] command 0x0005 complete: 0x00
Aug 14 20:31:38.811546 n bluetoothd[2821]: src/adapter.c:set_discovery_filter() sender :1.125
Aug 14 20:31:38.811557 n bluetoothd[2821]: src/adapter.c:parse_discovery_filter_dict() filtered discovery params: transport: 7 rssi: 32767 pathloss: 32767  duplicate data: false discoverable true pattern (null)
Aug 14 20:31:38.811570 n bluetoothd[2821]: src/adapter.c:set_discovery_filter() successfully pre-set filter
Aug 14 20:31:38.812618 n bluetoothd[2821]: src/adapter.c:start_discovery() sender :1.125
Aug 14 20:31:38.812628 n bluetoothd[2821]: src/adapter.c:update_discovery_filter()
Aug 14 20:31:38.812633 n bluetoothd[2821]: src/adapter.c:discovery_filter_to_mgmt_cp()
Aug 14 20:31:38.812639 n bluetoothd[2821]: src/adapter.c:set_discoverable() sending set mode command for index 0
Aug 14 20:31:38.812644 n bluetoothd[2821]: src/adapter.c:set_mode() sending set mode command for index 0
Aug 14 20:31:38.812652 n bluetoothd[2821]: src/adapter.c:trigger_start_discovery()
Aug 14 20:31:38.812659 n bluetoothd[2821]: src/adapter.c:cancel_passive_scanning()
Aug 14 20:31:38.812686 n bluetoothd[2821]: src/shared/mgmt.c:send_request() [0x0000] command 0x0007
Aug 14 20:31:38.812699 n bluetoothd[2821]: src/adapter.c:start_discovery_timeout()
Aug 14 20:31:38.812705 n bluetoothd[2821]: src/adapter.c:start_discovery_timeout() adapter->current_discovery_filter == 0
Aug 14 20:31:38.812717 n bluetoothd[2821]: src/shared/mgmt.c:can_read_data() [0x0000] command 0x0007 complete: 0x00
Aug 14 20:31:38.812724 n bluetoothd[2821]: src/adapter.c:new_settings_callback() Settings: 0x00000ad3
Aug 14 20:31:38.812729 n bluetoothd[2821]: src/adapter.c:settings_changed() Changed settings: 0x00000002
Aug 14 20:31:38.812733 n bluetoothd[2821]: src/adapter.c:settings_changed() Pending settings: 0x00000000
Aug 14 20:31:38.812752 n bluetoothd[2821]: src/shared/mgmt.c:send_request() [0x0000] command 0x0006
Aug 14 20:31:38.818515 n bluetoothd[2821]: src/shared/mgmt.c:can_read_data() [0x0000] command 0x0006 complete: 0x00
Aug 14 20:31:38.818532 n bluetoothd[2821]: src/adapter.c:new_settings_callback() Settings: 0x00000adb
Aug 14 20:31:38.818541 n bluetoothd[2821]: src/adapter.c:settings_changed() Changed settings: 0x00000008
Aug 14 20:31:38.818557 n bluetoothd[2821]: src/adapter.c:settings_changed() Pending settings: 0x00000000
Aug 14 20:31:38.818609 n bluetoothd[2821]: src/shared/mgmt.c:send_request() [0x0000] command 0x0023
Aug 14 20:31:38.828446 n bluetoothd[2821]: src/shared/mgmt.c:can_read_data() [0x0000] event 0x0013
Aug 14 20:31:38.828460 n bluetoothd[2821]: src/adapter.c:discovering_callback() hci0 type 7 discovering 1 method 0
Aug 14 20:31:38.828483 n bluetoothd[2821]: src/shared/mgmt.c:can_read_data() [0x0000] command 0x0023 complete: 0x00
Aug 14 20:31:38.828491 n bluetoothd[2821]: src/adapter.c:start_discovery_complete() status 0x00
Aug 14 20:31:38.867555 n bluetoothd[2821]: src/shared/mgmt.c:can_read_data() [0x0000] event 0x0012
Aug 14 20:31:38.867584 n bluetoothd[2821]: src/adapter.c:device_found_callback() hci0 addr AA:BB:CC:00:00:02, rssi -57 flags 0x0000 eir_len 19
Aug 14 20:31:38.913547 n bluetoothd[2821]: src/shared/mgmt.c:can_read_data() [0x0000] event 0x0013
Aug 14 20:31:38.913580 n bluetoothd[2821]: src/adapter.c:discovering_callback() hci0 type 7 discovering 0 method 0
Aug 14 20:31:38.913593 n bluetoothd[2821]: src/adapter.c:trigger_start_discovery()
Aug 14 20:31:38.913606 n bluetoothd[2821]: src/adapter.c:cancel_passive_scanning()
Aug 14 20:31:38.913643 n bluetoothd[2821]: src/shared/mgmt.c:can_read_data() [0x0000] event 0x0007
Aug 14 20:31:38.913659 n bluetoothd[2821]: src/adapter.c:dev_class_changed_callback() Class: 0x000000
Aug 14 20:31:38.913701 n bluetoothd[2821]: src/shared/mgmt.c:can_read_data() [0x0000] event 0x0006
Aug 14 20:31:38.913714 n bluetoothd[2821]: src/adapter.c:new_settings_callback() Settings: 0x00000ada
Aug 14 20:31:38.913726 n bluetoothd[2821]: src/adapter.c:settings_changed() Changed settings: 0x00000001
Aug 14 20:31:38.913737 n bluetoothd[2821]: src/adapter.c:settings_changed() Pending settings: 0x00000000
Aug 14 20:31:38.913754 n bluetoothd[2821]: src/adapter.c:cancel_passive_scanning()
Aug 14 20:31:38.913773 n bluetoothd[2821]: src/adapter.c:discovery_free() 0x5d6eb328d460
Aug 14 20:31:38.913815 n bluetoothd[2821]: src/adapter.c:set_discoverable() sending set mode command for index 0
Aug 14 20:31:38.913827 n bluetoothd[2821]: src/adapter.c:set_mode() sending set mode command for index 0
Aug 14 20:31:38.913844 n bluetoothd[2821]: src/adapter.c:adapter_stop() adapter /org/bluez/hci0 has been disabled
Aug 14 20:31:38.913907 n bluetoothd[2821]: src/shared/mgmt.c:send_request() [0x0000] command 0x0007
Aug 14 20:31:38.913939 n bluetoothd[2821]: src/shared/mgmt.c:can_read_data() [0x0000] command 0x0007 complete: 0x00
Aug 14 20:31:38.913951 n bluetoothd[2821]: src/adapter.c:new_settings_callback() Settings: 0x00000ad0
Aug 14 20:31:38.913961 n bluetoothd[2821]: src/adapter.c:settings_changed() Changed settings: 0x0000000a
Aug 14 20:31:38.913972 n bluetoothd[2821]: src/adapter.c:settings_changed() Pending settings: 0x00000000
Aug 14 20:31:38.920067 n bluetoothd[2821]: src/rfkill.c:rfkill_event() RFKILL event idx 0 type 2 op 2 soft 1 hard 0
Aug 14 20:31:38.920125 n bluetoothd[2821]: src/rfkill.c:rfkill_event() RFKILL unblock for hci0
Aug 14 20:31:38.920142 n bluetoothd[2821]: src/adapter.c:adapter_set_power_state() off-blocked
Aug 14 20:31:39.065583 n bluetoothd[2821]: src/adapter.c:property_set_mode() sending Set Powered command for index 0
Aug 14 20:31:39.065639 n bluetoothd[2821]: src/shared/mgmt.c:send_request() [0x0000] command 0x0005
Aug 14 20:31:39.065705 n bluetoothd[2821]: src/rfkill.c:rfkill_event() RFKILL event idx 0 type 2 op 2 soft 0 hard 0
Aug 14 20:31:39.065765 n bluetoothd[2821]: src/rfkill.c:rfkill_event() RFKILL unblock for hci0
Aug 14 20:31:39.065809 n bluetoothd[2821]: src/adapter.c:adapter_set_power_state() off
Aug 14 20:31:39.065820 n bluetoothd[2821]: src/adapter.c:adapter_set_power_state() off-enabling
Aug 14 20:31:39.065827 n bluetoothd[2821]: src/adapter.c:set_mode() sending set mode command for index 0
Aug 14 20:31:39.254538 n bluetoothd[2821]: src/shared/mgmt.c:can_read_data() [0x0000] event 0x0007
Aug 14 20:31:39.254570 n bluetoothd[2821]: src/adapter.c:dev_class_changed_callback() Class: 0x7c010c
Aug 14 20:31:39.260529 n bluetoothd[2821]: src/shared/mgmt.c:can_read_data() [0x0000] command 0x0005 complete: 0x00
Aug 14 20:31:39.260561 n bluetoothd[2821]: src/adapter.c:property_set_mode_complete() Success (0x00)
Aug 14 20:31:39.260587 n bluetoothd[2821]: src/adapter.c:adapter_set_power_state() on
Aug 14 20:31:39.260603 n bluetoothd[2821]: src/adapter.c:new_settings_callback() Settings: 0x00000ad1
Aug 14 20:31:39.260622 n bluetoothd[2821]: src/adapter.c:settings_changed() Changed settings: 0x00000001
Aug 14 20:31:39.260638 n bluetoothd[2821]: src/adapter.c:settings_changed() Pending settings: 0x00000000
Aug 14 20:31:39.260655 n bluetoothd[2821]: src/adapter.c:adapter_start() adapter /org/bluez/hci0 has been enabled
Aug 14 20:31:39.260671 n bluetoothd[2821]: src/adapter.c:trigger_passive_scanning()
Aug 14 20:31:39.260734 n bluetoothd[2821]: src/shared/mgmt.c:send_request() [0x0000] command 0x0005
Aug 14 20:31:39.260779 n bluetoothd[2821]: src/shared/mgmt.c:can_read_data() [0x0000] command 0x0005 complete: 0x00
Aug 14 20:31:39.261517 n bluetoothd[2821]: src/adapter.c:set_discovery_filter() sender :1.125
Aug 14 20:31:39.261529 n bluetoothd[2821]: src/adapter.c:parse_discovery_filter_dict() filtered discovery params: transport: 7 rssi: 32767 pathloss: 32767  duplicate data: false discoverable true pattern (null)
Aug 14 20:31:39.261542 n bluetoothd[2821]: src/adapter.c:set_discovery_filter() successfully pre-set filter
Aug 14 20:31:39.262599 n bluetoothd[2821]: src/adapter.c:start_discovery() sender :1.125
Aug 14 20:31:39.262608 n bluetoothd[2821]: src/adapter.c:update_discovery_filter()
Aug 14 20:31:39.262614 n bluetoothd[2821]: src/adapter.c:discovery_filter_to_mgmt_cp()
Aug 14 20:31:39.262620 n bluetoothd[2821]: src/adapter.c:set_discoverable() sending set mode command for index 0
Aug 14 20:31:39.262625 n bluetoothd[2821]: src/adapter.c:set_mode() sending set mode command for index 0
Aug 14 20:31:39.262632 n bluetoothd[2821]: src/adapter.c:trigger_start_discovery()
Aug 14 20:31:39.262637 n bluetoothd[2821]: src/adapter.c:cancel_passive_scanning()
Aug 14 20:31:39.262664 n bluetoothd[2821]: src/shared/mgmt.c:send_request() [0x0000] command 0x0007
Aug 14 20:31:39.262677 n bluetoothd[2821]: src/adapter.c:start_discovery_timeout()
Aug 14 20:31:39.262683 n bluetoothd[2821]: src/adapter.c:start_discovery_timeout() adapter->current_discovery_filter == 0
Aug 14 20:31:39.262697 n bluetoothd[2821]: src/shared/mgmt.c:can_read_data() [0x0000] command 0x0007 complete: 0x00
Aug 14 20:31:39.262703 n bluetoothd[2821]: src/adapter.c:new_settings_callback() Settings: 0x00000ad3
Aug 14 20:31:39.262709 n bluetoothd[2821]: src/adapter.c:settings_changed() Changed settings: 0x00000002
Aug 14 20:31:39.262713 n bluetoothd[2821]: src/adapter.c:settings_changed() Pending settings: 0x00000000
Aug 14 20:31:39.262735 n bluetoothd[2821]: src/shared/mgmt.c:send_request() [0x0000] command 0x0006
Aug 14 20:31:39.268551 n bluetoothd[2821]: src/shared/mgmt.c:can_read_data() [0x0000] command 0x0006 complete: 0x00
Aug 14 20:31:39.268569 n bluetoothd[2821]: src/adapter.c:new_settings_callback() Settings: 0x00000adb
Aug 14 20:31:39.268579 n bluetoothd[2821]: src/adapter.c:settings_changed() Changed settings: 0x00000008
Aug 14 20:31:39.268591 n bluetoothd[2821]: src/adapter.c:settings_changed() Pending settings: 0x00000000
Aug 14 20:31:39.268672 n bluetoothd[2821]: src/shared/mgmt.c:send_request() [0x0000] command 0x0023
Aug 14 20:31:39.278500 n bluetoothd[2821]: src/shared/mgmt.c:can_read_data() [0x0000] event 0x0013
Aug 14 20:31:39.278512 n bluetoothd[2821]: src/adapter.c:discovering_callback() hci0 type 7 discovering 1 method 0
Aug 14 20:31:39.278532 n bluetoothd[2821]: src/shared/mgmt.c:can_read_data() [0x0000] command 0x0023 complete: 0x00
Aug 14 20:31:39.278538 n bluetoothd[2821]: src/adapter.c:start_discovery_complete() status 0x00
Aug 14 20:31:39.290501 n bluetoothd[2821]: src/shared/mgmt.c:can_read_data() [0x0000] event 0x0012
Aug 14 20:31:39.290518 n bluetoothd[2821]: src/adapter.c:device_found_callback() hci0 addr AA:BB:CC:00:00:02, rssi -50 flags 0x0000 eir_len 19
Aug 14 20:31:39.320868 n bluetoothd[2821]: src/shared/mgmt.c:can_read_data() [0x0000] event 0x0012
Aug 14 20:31:39.320884 n bluetoothd[2821]: src/adapter.c:device_found_callback() hci0 addr AA:BB:CC:00:00:10, rssi -62 flags 0x0000 eir_len 29
Aug 14 20:31:39.320914 n bluetoothd[2821]: src/device.c:device_set_legacy() legacy 0
Aug 14 20:31:39.320921 n bluetoothd[2821]: src/device.c:device_set_rssi_with_delta() rssi -62
Aug 14 20:31:39.320938 n bluetoothd[2821]: src/device.c:device_set_flags() flags 2
Aug 14 20:31:39.347465 n bluetoothd[2821]: src/shared/mgmt.c:can_read_data() [0x0000] event 0x0013
Aug 14 20:31:39.347484 n bluetoothd[2821]: src/adapter.c:discovering_callback() hci0 type 7 discovering 0 method 0
Aug 14 20:31:39.347497 n bluetoothd[2821]: src/adapter.c:trigger_start_discovery()
Aug 14 20:31:39.347503 n bluetoothd[2821]: src/adapter.c:cancel_passive_scanning()
Aug 14 20:31:39.347534 n bluetoothd[2821]: src/shared/mgmt.c:can_read_data() [0x0000] event 0x0007
Aug 14 20:31:39.347542 n bluetoothd[2821]: src/adapter.c:dev_class_changed_callback() Class: 0x000000
Aug 14 20:31:39.347572 n bluetoothd[2821]: src/shared/mgmt.c:can_read_data() [0x0000] event 0x0006
Aug 14 20:31:39.347579 n bluetoothd[2821]: src/adapter.c:new_settings_callback() Settings: 0x00000ada
Aug 14 20:31:39.347588 n bluetoothd[2821]: src/adapter.c:settings_changed() Changed settings: 0x00000001
Aug 14 20:31:39.347600 n bluetoothd[2821]: src/adapter.c:settings_changed() Pending settings: 0x00000000
Aug 14 20:31:39.347618 n bluetoothd[2821]: src/adapter.c:cancel_passive_scanning()
Aug 14 20:31:39.347626 n bluetoothd[2821]: src/adapter.c:discovery_free() 0x5d6eb328d460
Aug 14 20:31:39.347647 n bluetoothd[2821]: src/device.c:device_set_rssi_with_delta() rssi 0
Aug 14 20:31:39.347657 n bluetoothd[2821]: src/adapter.c:set_discoverable() sending set mode command for index 0
Aug 14 20:31:39.347663 n bluetoothd[2821]: src/adapter.c:set_mode() sending set mode command for index 0
Aug 14 20:31:39.347674 n bluetoothd[2821]: src/adapter.c:adapter_stop() adapter /org/bluez/hci0 has been disabled
Aug 14 20:31:39.347703 n bluetoothd[2821]: src/shared/mgmt.c:send_request() [0x0000] command 0x0007
Aug 14 20:31:39.347719 n bluetoothd[2821]: src/shared/mgmt.c:can_read_data() [0x0000] command 0x0007 complete: 0x00
Aug 14 20:31:39.347727 n bluetoothd[2821]: src/adapter.c:new_settings_callback() Settings: 0x00000ad0
Aug 14 20:31:39.347732 n bluetoothd[2821]: src/adapter.c:settings_changed() Changed settings: 0x0000000a
Aug 14 20:31:39.347738 n bluetoothd[2821]: src/adapter.c:settings_changed() Pending settings: 0x00000000
Aug 14 20:31:39.353178 n bluetoothd[2821]: src/rfkill.c:rfkill_event() RFKILL event idx 0 type 2 op 2 soft 1 hard 0
Aug 14 20:31:39.353205 n bluetoothd[2821]: src/rfkill.c:rfkill_event() RFKILL unblock for hci0
Aug 14 20:31:39.353214 n bluetoothd[2821]: src/adapter.c:adapter_set_power_state() off-blocked
Aug 14 20:31:39.480876 n bluetoothd[2821]: src/adapter.c:property_set_mode() sending Set Powered command for index 0
Aug 14 20:31:39.480913 n bluetoothd[2821]: src/rfkill.c:rfkill_event() RFKILL event idx 0 type 2 op 2 soft 0 hard 0
Aug 14 20:31:39.480986 n bluetoothd[2821]: src/rfkill.c:rfkill_event() RFKILL unblock for hci0
Aug 14 20:31:39.481044 n bluetoothd[2821]: src/adapter.c:adapter_set_power_state() off
Aug 14 20:31:39.481062 n bluetoothd[2821]: src/adapter.c:adapter_set_power_state() off-enabling
Aug 14 20:31:39.481072 n bluetoothd[2821]: src/adapter.c:set_mode() sending set mode command for index 0
Aug 14 20:31:39.481109 n bluetoothd[2821]: src/shared/mgmt.c:send_request() [0x0000] command 0x0005
Aug 14 20:31:39.669501 n bluetoothd[2821]: src/shared/mgmt.c:can_read_data() [0x0000] event 0x0007
Aug 14 20:31:39.669520 n bluetoothd[2821]: src/adapter.c:dev_class_changed_callback() Class: 0x7c010c
Aug 14 20:31:39.675545 n bluetoothd[2821]: src/shared/mgmt.c:can_read_data() [0x0000] command 0x0005 complete: 0x00
Aug 14 20:31:39.675582 n bluetoothd[2821]: src/adapter.c:property_set_mode_complete() Success (0x00)
Aug 14 20:31:39.675612 n bluetoothd[2821]: src/adapter.c:adapter_set_power_state() on
Aug 14 20:31:39.675627 n bluetoothd[2821]: src/adapter.c:new_settings_callback() Settings: 0x00000ad1
Aug 14 20:31:39.675638 n bluetoothd[2821]: src/adapter.c:settings_changed() Changed settings: 0x00000001
Aug 14 20:31:39.675650 n bluetoothd[2821]: src/adapter.c:settings_changed() Pending settings: 0x00000000
Aug 14 20:31:39.675664 n bluetoothd[2821]: src/adapter.c:adapter_start() adapter /org/bluez/hci0 has been enabled
Aug 14 20:31:39.675675 n bluetoothd[2821]: src/adapter.c:trigger_passive_scanning()
Aug 14 20:31:39.675741 n bluetoothd[2821]: src/shared/mgmt.c:send_request() [0x0000] command 0x0005
Aug 14 20:31:39.675771 n bluetoothd[2821]: src/shared/mgmt.c:can_read_data() [0x0000] command 0x0005 complete: 0x00
Aug 14 20:31:39.676624 n bluetoothd[2821]: src/adapter.c:set_discovery_filter() sender :1.125
Aug 14 20:31:39.676645 n bluetoothd[2821]: src/adapter.c:parse_discovery_filter_dict() filtered discovery params: transport: 7 rssi: 32767 pathloss: 32767  duplicate data: false discoverable true pattern (null)
Aug 14 20:31:39.676665 n bluetoothd[2821]: src/adapter.c:set_discovery_filter() successfully pre-set filter
Aug 14 20:31:39.677636 n bluetoothd[2821]: src/adapter.c:start_discovery() sender :1.125
Aug 14 20:31:39.677644 n bluetoothd[2821]: src/adapter.c:update_discovery_filter()
Aug 14 20:31:39.677649 n bluetoothd[2821]: src/adapter.c:discovery_filter_to_mgmt_cp()
Aug 14 20:31:39.677655 n bluetoothd[2821]: src/adapter.c:set_discoverable() sending set mode command for index 0
Aug 14 20:31:39.677661 n bluetoothd[2821]: src/adapter.c:set_mode() sending set mode command for index 0
Aug 14 20:31:39.677671 n bluetoothd[2821]: src/adapter.c:trigger_start_discovery()
Aug 14 20:31:39.677677 n bluetoothd[2821]: src/adapter.c:cancel_passive_scanning()
Aug 14 20:31:39.677706 n bluetoothd[2821]: src/shared/mgmt.c:send_request() [0x0000] command 0x0007
Aug 14 20:31:39.677718 n bluetoothd[2821]: src/adapter.c:start_discovery_timeout()
Aug 14 20:31:39.677723 n bluetoothd[2821]: src/adapter.c:start_discovery_timeout() adapter->current_discovery_filter == 0
Aug 14 20:31:39.677736 n bluetoothd[2821]: src/shared/mgmt.c:can_read_data() [0x0000] command 0x0007 complete: 0x00
Aug 14 20:31:39.677743 n bluetoothd[2821]: src/adapter.c:new_settings_callback() Settings: 0x00000ad3
Aug 14 20:31:39.677755 n bluetoothd[2821]: src/adapter.c:settings_changed() Changed settings: 0x00000002
Aug 14 20:31:39.677763 n bluetoothd[2821]: src/adapter.c:settings_changed() Pending settings: 0x00000000
Aug 14 20:31:39.677798 n bluetoothd[2821]: src/shared/mgmt.c:send_request() [0x0000] command 0x0006
Aug 14 20:31:39.683523 n bluetoothd[2821]: src/shared/mgmt.c:can_read_data() [0x0000] command 0x0006 complete: 0x00
Aug 14 20:31:39.683537 n bluetoothd[2821]: src/adapter.c:new_settings_callback() Settings: 0x00000adb
Aug 14 20:31:39.683546 n bluetoothd[2821]: src/adapter.c:settings_changed() Changed settings: 0x00000008
Aug 14 20:31:39.683556 n bluetoothd[2821]: src/adapter.c:settings_changed() Pending settings: 0x00000000
Aug 14 20:31:39.683611 n bluetoothd[2821]: src/shared/mgmt.c:send_request() [0x0000] command 0x0023
Aug 14 20:31:39.693485 n bluetoothd[2821]: src/shared/mgmt.c:can_read_data() [0x0000] event 0x0013
Aug 14 20:31:39.693498 n bluetoothd[2821]: src/adapter.c:discovering_callback() hci0 type 7 discovering 1 method 0
Aug 14 20:31:39.693520 n bluetoothd[2821]: src/shared/mgmt.c:can_read_data() [0x0000] command 0x0023 complete: 0x00
Aug 14 20:31:39.693530 n bluetoothd[2821]: src/adapter.c:start_discovery_complete() status 0x00
Aug 14 20:31:39.708483 n bluetoothd[2821]: src/shared/mgmt.c:can_read_data() [0x0000] event 0x0012
Aug 14 20:31:39.708496 n bluetoothd[2821]: src/adapter.c:device_found_callback() hci0 addr AA:BB:CC:00:00:02, rssi -50 flags 0x0000 eir_len 19
Aug 14 20:31:39.726569 n bluetoothd[2821]: src/shared/mgmt.c:can_read_data() [0x0000] event 0x0012
Aug 14 20:31:39.726591 n bluetoothd[2821]: src/adapter.c:device_found_callback() hci0 addr AA:BB:CC:00:00:10, rssi -66 flags 0x0000 eir_len 29
Aug 14 20:31:39.726619 n bluetoothd[2821]: src/device.c:device_set_legacy() legacy 0
Aug 14 20:31:39.726632 n bluetoothd[2821]: src/device.c:device_set_rssi_with_delta() rssi -66
Aug 14 20:31:39.726656 n bluetoothd[2821]: src/device.c:device_set_flags() flags 2
Aug 14 20:31:39.783599 n bluetoothd[2821]: src/shared/mgmt.c:can_read_data() [0x0000] event 0x0012
Aug 14 20:31:39.783629 n bluetoothd[2821]: src/adapter.c:device_found_callback() hci0 addr AA:BB:CC:00:00:09, rssi -66 flags 0x0004 eir_len 31
Aug 14 20:31:39.828783 n bluetoothd[2821]: src/shared/mgmt.c:can_read_data() [0x0000] event 0x0013
Aug 14 20:31:39.828819 n bluetoothd[2821]: src/adapter.c:discovering_callback() hci0 type 7 discovering 0 method 0
Aug 14 20:31:39.828835 n bluetoothd[2821]: src/adapter.c:trigger_start_discovery()
Aug 14 20:31:39.828851 n bluetoothd[2821]: src/adapter.c:cancel_passive_scanning()
Aug 14 20:31:39.828892 n bluetoothd[2821]: src/shared/mgmt.c:can_read_data() [0x0000] event 0x0007
Aug 14 20:31:39.828914 n bluetoothd[2821]: src/adapter.c:dev_class_changed_callback() Class: 0x000000
Aug 14 20:31:39.828951 n bluetoothd[2821]: src/shared/mgmt.c:can_read_data() [0x0000] event 0x0006
Aug 14 20:31:39.828966 n bluetoothd[2821]: src/adapter.c:new_settings_callback() Settings: 0x00000ada
Aug 14 20:31:39.828977 n bluetoothd[2821]: src/adapter.c:settings_changed() Changed settings: 0x00000001
Aug 14 20:31:39.828989 n bluetoothd[2821]: src/adapter.c:settings_changed() Pending settings: 0x00000000
Aug 14 20:31:39.829006 n bluetoothd[2821]: src/adapter.c:cancel_passive_scanning()
Aug 14 20:31:39.829021 n bluetoothd[2821]: src/adapter.c:discovery_free() 0x5d6eb32901f0
Aug 14 20:31:39.829051 n bluetoothd[2821]: src/device.c:device_set_rssi_with_delta() rssi 0
Aug 14 20:31:39.829069 n bluetoothd[2821]: src/adapter.c:set_discoverable() sending set mode command for index 0
Aug 14 20:31:39.829081 n bluetoothd[2821]: src/adapter.c:set_mode() sending set mode command for index 0
Aug 14 20:31:39.829101 n bluetoothd[2821]: src/adapter.c:adapter_stop() adapter /org/bluez/hci0 has been disabled
Aug 14 20:31:39.829148 n bluetoothd[2821]: src/rfkill.c:rfkill_event() RFKILL event idx 0 type 2 op 2 soft 1 hard 0
Aug 14 20:31:39.829208 n bluetoothd[2821]: src/rfkill.c:rfkill_event() RFKILL unblock for hci0
Aug 14 20:31:39.829222 n bluetoothd[2821]: src/adapter.c:adapter_set_power_state() off-blocked
Aug 14 20:31:39.829279 n bluetoothd[2821]: src/shared/mgmt.c:send_request() [0x0000] command 0x0007
Aug 14 20:31:39.829321 n bluetoothd[2821]: src/shared/mgmt.c:can_read_data() [0x0000] command 0x0007 complete: 0x00
Aug 14 20:31:39.829361 n bluetoothd[2821]: src/adapter.c:new_settings_callback() Settings: 0x00000ad0
Aug 14 20:31:39.829379 n bluetoothd[2821]: src/adapter.c:settings_changed() Changed settings: 0x0000000a
Aug 14 20:31:39.829391 n bluetoothd[2821]: src/adapter.c:settings_changed() Pending settings: 0x00000000
Aug 14 20:31:39.980049 n bluetoothd[2821]: src/adapter.c:property_set_mode() sending Set Powered command for index 0
Aug 14 20:31:39.980101 n bluetoothd[2821]: src/shared/mgmt.c:send_request() [0x0000] command 0x0005
Aug 14 20:31:39.980121 n bluetoothd[2821]: src/rfkill.c:rfkill_event() RFKILL event idx 0 type 2 op 2 soft 0 hard 0
Aug 14 20:31:39.980160 n bluetoothd[2821]: src/rfkill.c:rfkill_event() RFKILL unblock for hci0
Aug 14 20:31:39.980206 n bluetoothd[2821]: src/adapter.c:adapter_set_power_state() off
Aug 14 20:31:39.980219 n bluetoothd[2821]: src/adapter.c:adapter_set_power_state() off-enabling
Aug 14 20:31:39.980230 n bluetoothd[2821]: src/adapter.c:set_mode() sending set mode command for index 0
Aug 14 20:31:40.168524 n bluetoothd[2821]: src/shared/mgmt.c:can_read_data() [0x0000] event 0x0007
Aug 14 20:31:40.168538 n bluetoothd[2821]: src/adapter.c:dev_class_changed_callback() Class: 0x7c010c
Aug 14 20:31:40.174497 n bluetoothd[2821]: src/shared/mgmt.c:can_read_data() [0x0000] command 0x0005 complete: 0x00
Aug 14 20:31:40.174507 n bluetoothd[2821]: src/adapter.c:property_set_mode_complete() Success (0x00)
Aug 14 20:31:40.174525 n bluetoothd[2821]: src/adapter.c:adapter_set_power_state() on
Aug 14 20:31:40.174532 n bluetoothd[2821]: src/adapter.c:new_settings_callback() Settings: 0x00000ad1
Aug 14 20:31:40.174539 n bluetoothd[2821]: src/adapter.c:settings_changed() Changed settings: 0x00000001
Aug 14 20:31:40.174544 n bluetoothd[2821]: src/adapter.c:settings_changed() Pending settings: 0x00000000
Aug 14 20:31:40.174554 n bluetoothd[2821]: src/adapter.c:adapter_start() adapter /org/bluez/hci0 has been enabled
Aug 14 20:31:40.174560 n bluetoothd[2821]: src/adapter.c:trigger_passive_scanning()
Aug 14 20:31:40.174591 n bluetoothd[2821]: src/shared/mgmt.c:send_request() [0x0000] command 0x0005
Aug 14 20:31:40.174609 n bluetoothd[2821]: src/shared/mgmt.c:can_read_data() [0x0000] command 0x0005 complete: 0x00
Aug 14 20:31:40.175569 n bluetoothd[2821]: src/adapter.c:set_discovery_filter() sender :1.125
Aug 14 20:31:40.175585 n bluetoothd[2821]: src/adapter.c:parse_discovery_filter_dict() filtered discovery params: transport: 7 rssi: 32767 pathloss: 32767  duplicate data: false discoverable true pattern (null)
Aug 14 20:31:40.175602 n bluetoothd[2821]: src/adapter.c:set_discovery_filter() successfully pre-set filter
Aug 14 20:31:40.176736 n bluetoothd[2821]: src/adapter.c:start_discovery() sender :1.125
Aug 14 20:31:40.176744 n bluetoothd[2821]: src/adapter.c:update_discovery_filter()
Aug 14 20:31:40.176750 n bluetoothd[2821]: src/adapter.c:discovery_filter_to_mgmt_cp()
Aug 14 20:31:40.176755 n bluetoothd[2821]: src/adapter.c:set_discoverable() sending set mode command for index 0
Aug 14 20:31:40.176760 n bluetoothd[2821]: src/adapter.c:set_mode() sending set mode command for index 0
Aug 14 20:31:40.176768 n bluetoothd[2821]: src/adapter.c:trigger_start_discovery()
Aug 14 20:31:40.176774 n bluetoothd[2821]: src/adapter.c:cancel_passive_scanning()
Aug 14 20:31:40.176800 n bluetoothd[2821]: src/shared/mgmt.c:send_request() [0x0000] command 0x0007
Aug 14 20:31:40.176813 n bluetoothd[2821]: src/adapter.c:start_discovery_timeout()
Aug 14 20:31:40.176818 n bluetoothd[2821]: src/adapter.c:start_discovery_timeout() adapter->current_discovery_filter == 0
Aug 14 20:31:40.176832 n bluetoothd[2821]: src/shared/mgmt.c:can_read_data() [0x0000] command 0x0007 complete: 0x00
Aug 14 20:31:40.176840 n bluetoothd[2821]: src/adapter.c:new_settings_callback() Settings: 0x00000ad3
Aug 14 20:31:40.176848 n bluetoothd[2821]: src/adapter.c:settings_changed() Changed settings: 0x00000002
Aug 14 20:31:40.176854 n bluetoothd[2821]: src/adapter.c:settings_changed() Pending settings: 0x00000000
Aug 14 20:31:40.176876 n bluetoothd[2821]: src/shared/mgmt.c:send_request() [0x0000] command 0x0006
Aug 14 20:31:40.182579 n bluetoothd[2821]: src/shared/mgmt.c:can_read_data() [0x0000] command 0x0006 complete: 0x00
Aug 14 20:31:40.182591 n bluetoothd[2821]: src/adapter.c:new_settings_callback() Settings: 0x00000adb
Aug 14 20:31:40.182600 n bluetoothd[2821]: src/adapter.c:settings_changed() Changed settings: 0x00000008
Aug 14 20:31:40.182608 n bluetoothd[2821]: src/adapter.c:settings_changed() Pending settings: 0x00000000
Aug 14 20:31:40.182649 n bluetoothd[2821]: src/shared/mgmt.c:send_request() [0x0000] command 0x0023
Aug 14 20:31:40.192506 n bluetoothd[2821]: src/shared/mgmt.c:can_read_data() [0x0000] event 0x0013
Aug 14 20:31:40.192520 n bluetoothd[2821]: src/adapter.c:discovering_callback() hci0 type 7 discovering 1 method 0
Aug 14 20:31:40.192542 n bluetoothd[2821]: src/shared/mgmt.c:can_read_data() [0x0000] command 0x0023 complete: 0x00
Aug 14 20:31:40.192550 n bluetoothd[2821]: src/adapter.c:start_discovery_complete() status 0x00
Aug 14 20:31:40.235663 n bluetoothd[2821]: src/shared/mgmt.c:can_read_data() [0x0000] event 0x0012
Aug 14 20:31:40.235708 n bluetoothd[2821]: src/adapter.c:device_found_callback() hci0 addr AA:BB:CC:00:00:02, rssi -57 flags 0x0000 eir_len 19
Aug 14 20:31:40.261907 n bluetoothd[2821]: src/shared/mgmt.c:can_read_data() [0x0000] event 0x0012
Aug 14 20:31:40.261928 n bluetoothd[2821]: src/adapter.c:device_found_callback() hci0 addr AA:BB:CC:00:00:10, rssi -65 flags 0x0000 eir_len 29
Aug 14 20:31:40.261961 n bluetoothd[2821]: src/device.c:device_set_legacy() legacy 0
Aug 14 20:31:40.261974 n bluetoothd[2821]: src/device.c:device_set_rssi_with_delta() rssi -65
Aug 14 20:31:40.261999 n bluetoothd[2821]: src/device.c:device_set_flags() flags 2
Aug 14 20:31:40.341198 n bluetoothd[2821]: src/shared/mgmt.c:can_read_data() [0x0000] event 0x0012
Aug 14 20:31:40.341230 n bluetoothd[2821]: src/adapter.c:device_found_callback() hci0 addr AA:BB:CC:00:00:09, rssi -62 flags 0x0004 eir_len 31
Aug 14 20:31:40.363799 n bluetoothd[2821]: src/shared/mgmt.c:can_read_data() [0x0000] event 0x0012
Aug 14 20:31:40.363811 n bluetoothd[2821]: src/adapter.c:device_found_callback() hci0 addr AA:BB:CC:00:00:11, rssi -80 flags 0x0000 eir_len 35
Aug 14 20:31:40.363829 n bluetoothd[2821]: src/device.c:device_store_cached_name() Can't store name for private addressed device /org/bluez/hci0/dev_AA:BB:CC:00:00:11
Aug 14 20:31:40.363841 n bluetoothd[2821]: src/device.c:device_set_legacy() legacy 0
Aug 14 20:31:40.363848 n bluetoothd[2821]: src/device.c:device_set_rssi_with_delta() rssi -80
Aug 14 20:31:40.363864 n bluetoothd[2821]: src/device.c:device_set_flags() flags 2
Aug 14 20:31:40.525453 n bluetoothd[2821]: src/shared/mgmt.c:can_read_data() [0x0000] event 0x0012
Aug 14 20:31:40.525480 n bluetoothd[2821]: src/adapter.c:device_found_callback() hci0 addr AA:BB:CC:00:00:10, rssi -68 flags 0x0000 eir_len 29
Aug 14 20:31:40.525513 n bluetoothd[2821]: src/device.c:device_set_legacy() legacy 0
Aug 14 20:31:40.525533 n bluetoothd[2821]: src/device.c:device_set_flags() flags 2
Aug 14 20:31:41.331842 n bluetoothd[2821]: src/shared/mgmt.c:can_read_data() [0x0000] event 0x0012
Aug 14 20:31:41.331859 n bluetoothd[2821]: src/adapter.c:device_found_callback() hci0 addr AA:BB:CC:00:00:02, rssi -49 flags 0x0000 eir_len 19
Aug 14 20:31:41.331959 n bluetoothd[2821]: src/shared/mgmt.c:can_read_data() [0x0000] event 0x0012
Aug 14 20:31:41.331967 n bluetoothd[2821]: src/adapter.c:device_found_callback() hci0 addr AA:BB:CC:00:00:08, rssi -91 flags 0x0004 eir_len 28
Aug 14 20:31:50.550185 n bluetoothd[2821]: src/shared/mgmt.c:can_read_data() [0x0000] event 0x0013
Aug 14 20:31:50.550216 n bluetoothd[2821]: src/adapter.c:discovering_callback() hci0 type 7 discovering 0 method 0
Aug 14 20:31:50.550230 n bluetoothd[2821]: src/adapter.c:trigger_start_discovery()
Aug 14 20:31:50.550242 n bluetoothd[2821]: src/adapter.c:cancel_passive_scanning()
Aug 14 20:31:51.784808 n bluetoothd[2821]: src/adapter.c:stop_discovery() sender :1.125
Aug 14 20:31:51.784832 n bluetoothd[2821]: src/adapter.c:set_discoverable() sending set mode command for index 0
Aug 14 20:31:51.784839 n bluetoothd[2821]: src/adapter.c:set_mode() sending set mode command for index 0
Aug 14 20:31:51.784851 n bluetoothd[2821]: src/adapter.c:discovery_remove() owner :1.125
Aug 14 20:31:51.784868 n bluetoothd[2821]: src/device.c:device_set_rssi_with_delta() rssi 0
Aug 14 20:31:51.784879 n bluetoothd[2821]: src/device.c:device_set_rssi_with_delta() rssi 0
Aug 14 20:31:51.784892 n bluetoothd[2821]: src/adapter.c:trigger_passive_scanning()
Aug 14 20:31:51.784960 n bluetoothd[2821]: src/device.c:connect_profiles() /org/bluez/hci0/dev_AA:BB:CC:00:00:02 (all), client :1.125
Aug 14 20:31:51.785045 n bluetoothd[2821]: src/service.c:btd_service_ref() 0x5d6eb3277fe0: ref=3
Aug 14 20:31:51.785055 n bluetoothd[2821]: src/service.c:change_state() 0x5d6eb3277fe0: device AA:BB:CC:00:00:02 profile Hands-Free Voice gateway state changed: disconnected -> connecting (0)
Aug 14 20:31:51.785088 n bluetoothd[2821]: src/shared/mgmt.c:send_request() [0x0000] command 0x0007
Aug 14 20:31:52.759126 n bluetoothd[2821]: src/shared/mgmt.c:can_read_data() [0x0000] command 0x0007 complete: 0x00
Aug 14 20:31:52.759149 n bluetoothd[2821]: src/adapter.c:new_settings_callback() Settings: 0x00000ad1
Aug 14 20:31:52.759165 n bluetoothd[2821]: src/adapter.c:settings_changed() Changed settings: 0x0000000a
Aug 14 20:31:52.759175 n bluetoothd[2821]: src/adapter.c:settings_changed() Pending settings: 0x00000000
Aug 14 20:31:52.796065 n bluetoothd[2821]: src/shared/mgmt.c:can_read_data() [0x0000] event 0x000b
Aug 14 20:31:52.796087 n bluetoothd[2821]: src/adapter.c:connected_callback() hci0 device AA:BB:CC:00:00:02 connected eir_len 12
Aug 14 20:31:53.054551 n bluetoothd[2821]: src/profile.c:ext_connect() Hands-Free Voice gateway connected to AA:BB:CC:00:00:02
Aug 14 20:31:53.055326 n bluetoothd[2821]: src/service.c:change_state() 0x5d6eb3277fe0: device AA:BB:CC:00:00:02 profile Hands-Free Voice gateway state changed: connecting -> connected (0)
Aug 14 20:31:53.055348 n bluetoothd[2821]: src/device.c:device_profile_connected() Hands-Free Voice gateway Success (0)
Aug 14 20:31:53.055374 n bluetoothd[2821]: profiles/audio/a2dp.c:a2dp_sink_connect() path /org/bluez/hci0/dev_AA:BB:CC:00:00:02
Aug 14 20:31:53.055407 n bluetoothd[2821]: profiles/audio/avdtp.c:avdtp_ref() 0x5d6eb3281a30: ref=1
Aug 14 20:31:53.055414 n bluetoothd[2821]: profiles/audio/avdtp.c:avdtp_ref() 0x5d6eb3281a30: ref=2
Aug 14 20:31:53.055421 n bluetoothd[2821]: profiles/audio/a2dp.c:setup_ref() 0x5d6eb328e470: ref=1
Aug 14 20:31:53.055474 n bluetoothd[2821]: profiles/audio/sink.c:sink_set_state() State changed /org/bluez/hci0/dev_AA:BB:CC:00:00:02: SINK_STATE_DISCONNECTED -> SINK_STATE_CONNECTING
Aug 14 20:31:53.055483 n bluetoothd[2821]: profiles/audio/sink.c:sink_connect() stream creation in progress
Aug 14 20:31:53.055489 n bluetoothd[2821]: src/service.c:change_state() 0x5d6eb325d890: device AA:BB:CC:00:00:02 profile a2dp-sink state changed: disconnected -> connecting (0)
Aug 14 20:31:53.055499 n bluetoothd[2821]: plugins/policy.c:policy_connect() /org/bluez/hci0/dev_AA:BB:CC:00:00:02 profile a2dp-sink
Aug 14 20:31:53.055506 n bluetoothd[2821]: plugins/policy.c:service_cb() Added Hands-Free Voice gateway reconnect 1
Aug 14 20:31:53.081492 n bluetoothd[2821]: profiles/audio/avdtp.c:avdtp_connect_cb() AVDTP: connected signaling channel to AA:BB:CC:00:00:02
Aug 14 20:31:53.081512 n bluetoothd[2821]: profiles/audio/avdtp.c:avdtp_connect_cb() AVDTP imtu=672, omtu=895
Aug 14 20:31:53.081588 n bluetoothd[2821]: profiles/audio/avdtp.c:avdtp_register_remote_sep() seid 7 type 1 media 0 delay_reporting false
Aug 14 20:31:53.081622 n bluetoothd[2821]: profiles/audio/a2dp.c:register_remote_sep() Found remote SEP: /org/bluez/hci0/dev_AA:BB:CC:00:00:02/sep7
Aug 14 20:31:53.081639 n bluetoothd[2821]: profiles/audio/avdtp.c:avdtp_register_remote_sep() seid 6 type 1 media 0 delay_reporting false
Aug 14 20:31:53.081666 n bluetoothd[2821]: profiles/audio/a2dp.c:register_remote_sep() Found remote SEP: /org/bluez/hci0/dev_AA:BB:CC:00:00:02/sep6
Aug 14 20:31:53.081682 n bluetoothd[2821]: profiles/audio/avdtp.c:avdtp_register_remote_sep() seid 5 type 1 media 0 delay_reporting false
Aug 14 20:31:53.081708 n bluetoothd[2821]: profiles/audio/a2dp.c:register_remote_sep() Found remote SEP: /org/bluez/hci0/dev_AA:BB:CC:00:00:02/sep5
Aug 14 20:31:53.081722 n bluetoothd[2821]: profiles/audio/avdtp.c:avdtp_register_remote_sep() seid 4 type 1 media 0 delay_reporting false
Aug 14 20:31:53.081745 n bluetoothd[2821]: profiles/audio/a2dp.c:register_remote_sep() Found remote SEP: /org/bluez/hci0/dev_AA:BB:CC:00:00:02/sep4
Aug 14 20:31:53.081764 n bluetoothd[2821]: profiles/audio/avdtp.c:avdtp_register_remote_sep() seid 8 type 1 media 0 delay_reporting false
Aug 14 20:31:53.081785 n bluetoothd[2821]: profiles/audio/a2dp.c:register_remote_sep() Found remote SEP: /org/bluez/hci0/dev_AA:BB:CC:00:00:02/sep8
Aug 14 20:31:53.081798 n bluetoothd[2821]: profiles/audio/a2dp.c:load_remote_sep() LastUsed: lseid 3 rseid 7
Aug 14 20:31:53.116419 n bluetoothd[2821]: profiles/audio/avdtp.c:session_cb()
Aug 14 20:31:53.116442 n bluetoothd[2821]: profiles/audio/avdtp.c:avdtp_parse_resp() DISCOVER request succeeded
Aug 14 20:31:53.116452 n bluetoothd[2821]: profiles/audio/avdtp.c:avdtp_discover_resp() seid 7 type 1 media 0 in use 0
Aug 14 20:31:53.116461 n bluetoothd[2821]: profiles/audio/avdtp.c:avdtp_discover_resp() seid 6 type 1 media 0 in use 0
Aug 14 20:31:53.116469 n bluetoothd[2821]: profiles/audio/avdtp.c:avdtp_discover_resp() seid 5 type 1 media 0 in use 0
Aug 14 20:31:53.116479 n bluetoothd[2821]: profiles/audio/avdtp.c:avdtp_discover_resp() seid 4 type 1 media 0 in use 0
Aug 14 20:31:53.116488 n bluetoothd[2821]: profiles/audio/avdtp.c:avdtp_discover_resp() seid 8 type 1 media 0 in use 0
Aug 14 20:31:53.116498 n bluetoothd[2821]: profiles/audio/a2dp.c:discover_cb() version 0x0103 err (nil)
Aug 14 20:31:53.122500 n bluetoothd[2821]: profiles/audio/sink.c:discovery_complete() Discovery complete
Aug 14 20:31:53.122512 n bluetoothd[2821]: profiles/audio/a2dp.c:endpoint_match_codec_ind() vendor 0x000000d7 codec 0x0024
Aug 14 20:31:53.122519 n bluetoothd[2821]: profiles/audio/a2dp.c:endpoint_match_codec_ind() vendor 0x0000004f codec 0x0001
Aug 14 20:31:53.122531 n bluetoothd[2821]: profiles/audio/a2dp.c:setup_ref() 0x5d6eb328e470: ref=2
Aug 14 20:31:53.122538 n bluetoothd[2821]: profiles/audio/a2dp.c:endpoint_match_codec_ind() vendor 0x000000d7 codec 0x0024
Aug 14 20:31:53.122544 n bluetoothd[2821]: profiles/audio/a2dp.c:setup_ref() 0x5d6eb328e470: ref=3
Aug 14 20:31:53.122576 n bluetoothd[2821]: profiles/audio/media.c:media_endpoint_async_call() Calling SelectConfiguration: name = :1.85 path = /MediaEndpoint/A2DPSource/aptx_hd
Aug 14 20:31:53.122584 n bluetoothd[2821]: profiles/audio/a2dp.c:setup_unref() 0x5d6eb328e470: ref=2
Aug 14 20:31:53.122823 n bluetoothd[2821]: profiles/audio/a2dp.c:a2dp_config() a2dp_config: selected SEP 0x5d6eb326b410
Aug 14 20:31:53.122831 n bluetoothd[2821]: profiles/audio/a2dp.c:setup_ref() 0x5d6eb328e470: ref=3
Aug 14 20:31:53.122838 n bluetoothd[2821]: profiles/audio/a2dp.c:endpoint_match_codec_ind() vendor 0x000000d7 codec 0x0024
Aug 14 20:31:53.122844 n bluetoothd[2821]: profiles/audio/avdtp.c:avdtp_set_configuration() 0x5d6eb3281a30: int_seid=3, acp_seid=7
Aug 14 20:31:53.122857 n bluetoothd[2821]: profiles/audio/a2dp.c:setup_unref() 0x5d6eb328e470: ref=2
Aug 14 20:31:53.122864 n bluetoothd[2821]: profiles/audio/a2dp.c:setup_unref() 0x5d6eb328e470: ref=1
Aug 14 20:31:53.406569 n bluetoothd[2821]: profiles/audio/avdtp.c:session_cb()
Aug 14 20:31:53.406601 n bluetoothd[2821]: profiles/audio/avdtp.c:avdtp_parse_resp() SET_CONFIGURATION request succeeded
Aug 14 20:31:53.406618 n bluetoothd[2821]: profiles/audio/a2dp.c:setconf_cfm() Source 0x5d6eb326b410: Set_Configuration_Cfm
Aug 14 20:31:53.406631 n bluetoothd[2821]: profiles/audio/a2dp.c:setup_ref() 0x5d6eb328e470: ref=2
Aug 14 20:31:53.406777 n bluetoothd[2821]: profiles/audio/media.c:media_endpoint_async_call() Calling SetConfiguration: name = :1.85 path = /MediaEndpoint/A2DPSource/aptx_hd
Aug 14 20:31:53.406794 n bluetoothd[2821]: profiles/audio/avdtp.c:avdtp_sep_set_state() stream state changed: IDLE -> CONFIGURED
Aug 14 20:31:53.409071 n bluetoothd[2821]: profiles/audio/a2dp.c:setup_unref() 0x5d6eb328e470: ref=1
Aug 14 20:31:53.418406 n bluetoothd[2821]: profiles/audio/avdtp.c:session_cb()
Aug 14 20:31:53.418424 n bluetoothd[2821]: profiles/audio/avdtp.c:avdtp_parse_resp() OPEN request succeeded
Aug 14 20:31:53.431904 n bluetoothd[2821]: src/battery.c:btd_battery_register() path = /org/bluez/hci0/dev_AA:BB:CC:00:00:02
Aug 14 20:31:53.431926 n bluetoothd[2821]: src/battery.c:btd_battery_register() registered Battery object: /org/bluez/hci0/dev_AA:BB:CC:00:00:02
Aug 14 20:31:53.431935 n bluetoothd[2821]: src/battery.c:provided_battery_added_cb() provided battery added /org/freedesktop/pipewire/battery/org/bluez/hci0/dev_AA:BB:CC:00:00:02
Aug 14 20:31:53.431945 n bluetoothd[2821]: src/battery.c:btd_battery_update() path = /org/bluez/hci0/dev_AA:BB:CC:00:00:02
Aug 14 20:31:53.448429 n bluetoothd[2821]: profiles/audio/avdtp.c:avdtp_connect_cb() AVDTP: connected transport channel to AA:BB:CC:00:00:02
Aug 14 20:31:53.448456 n bluetoothd[2821]: profiles/audio/avdtp.c:handle_transport_connect() Flushable packets enabled
Aug 14 20:31:53.448475 n bluetoothd[2821]: profiles/audio/avdtp.c:handle_transport_connect() sk 42, omtu 895, send buffer size 106496
Aug 14 20:31:53.448487 n bluetoothd[2821]: profiles/audio/a2dp.c:open_cfm() Source 0x5d6eb326b410: Open_Cfm
Aug 14 20:31:53.448499 n bluetoothd[2821]: profiles/audio/a2dp.c:setup_unref() 0x5d6eb328e470: ref=0
Aug 14 20:31:53.448516 n bluetoothd[2821]: profiles/audio/a2dp.c:setup_free() 0x5d6eb328e470
Aug 14 20:31:53.448527 n bluetoothd[2821]: profiles/audio/avdtp.c:avdtp_unref() 0x5d6eb3281a30: ref=1
Aug 14 20:31:53.448539 n bluetoothd[2821]: profiles/audio/avdtp.c:avdtp_sep_set_state() stream state changed: CONFIGURED -> OPEN
Aug 14 20:31:53.448556 n bluetoothd[2821]: src/service.c:change_state() 0x5d6eb325d890: device AA:BB:CC:00:00:02 profile a2dp-sink state changed: connecting -> connected (0)
Aug 14 20:31:53.448571 n bluetoothd[2821]: src/device.c:device_profile_connected() a2dp-sink Success (0)
Aug 14 20:31:53.448587 n bluetoothd[2821]: src/device.c:device_profile_connected() returning response to :1.125
Aug 14 20:31:53.448637 n bluetoothd[2821]: plugins/policy.c:policy_connect() /org/bluez/hci0/dev_AA:BB:CC:00:00:02 profile avrcp-controller
Aug 14 20:31:53.448651 n bluetoothd[2821]: profiles/audio/avrcp.c:avrcp_connect() path /org/bluez/hci0/dev_AA:BB:CC:00:00:02
Aug 14 20:31:53.448663 n bluetoothd[2821]: profiles/audio/avctp.c:avctp_set_state() AVCTP Connecting
Aug 14 20:31:53.448744 n bluetoothd[2821]: src/service.c:change_state() 0x5d6eb325d790: device AA:BB:CC:00:00:02 profile avrcp-controller state changed: disconnected -> connecting (0)
Aug 14 20:31:53.448767 n bluetoothd[2821]: plugins/policy.c:service_cb() Added a2dp-sink reconnect 1
Aug 14 20:31:53.448798 n bluetoothd[2821]: profiles/audio/sink.c:sink_set_state() State changed /org/bluez/hci0/dev_AA:BB:CC:00:00:02: SINK_STATE_CONNECTING -> SINK_STATE_CONNECTED
Aug 14 20:31:53.448821 n bluetoothd[2821]: profiles/audio/transport.c:transport_update_playing() /org/bluez/hci0/dev_AA:BB:CC:00:00:02/sep7/fd5 State=TRANSPORT_STATE_IDLE Playing=0
Aug 14 20:31:53.449238 n bluetoothd[2821]: src/adapter.c:set_discovery_filter() sender :1.125
Aug 14 20:31:53.449258 n bluetoothd[2821]: src/adapter.c:parse_discovery_filter_dict() filtered discovery params: transport: 7 rssi: 32767 pathloss: 32767  duplicate data: false discoverable true pattern (null)
Aug 14 20:31:53.449689 n bluetoothd[2821]: src/adapter.c:start_discovery() sender :1.125
Aug 14 20:31:53.449706 n bluetoothd[2821]: src/adapter.c:update_discovery_filter()
Aug 14 20:31:53.449717 n bluetoothd[2821]: src/adapter.c:discovery_filter_to_mgmt_cp()
Aug 14 20:31:53.449729 n bluetoothd[2821]: src/adapter.c:set_discoverable() sending set mode command for index 0
Aug 14 20:31:53.449741 n bluetoothd[2821]: src/adapter.c:set_mode() sending set mode command for index 0
Aug 14 20:31:53.449757 n bluetoothd[2821]: src/adapter.c:trigger_start_discovery()
Aug 14 20:31:53.449768 n bluetoothd[2821]: src/adapter.c:cancel_passive_scanning()
Aug 14 20:31:53.449822 n bluetoothd[2821]: src/shared/mgmt.c:send_request() [0x0000] command 0x0007
Aug 14 20:31:53.449849 n bluetoothd[2821]: src/adapter.c:start_discovery_timeout()
Aug 14 20:31:53.449860 n bluetoothd[2821]: src/adapter.c:start_discovery_timeout() adapter->current_discovery_filter == 0
Aug 14 20:31:53.449886 n bluetoothd[2821]: src/shared/mgmt.c:can_read_data() [0x0000] command 0x0007 complete: 0x00
Aug 14 20:31:53.449896 n bluetoothd[2821]: src/adapter.c:new_settings_callback() Settings: 0x00000ad3
Aug 14 20:31:53.449901 n bluetoothd[2821]: src/adapter.c:settings_changed() Changed settings: 0x00000002
Aug 14 20:31:53.449906 n bluetoothd[2821]: src/adapter.c:settings_changed() Pending settings: 0x00000000
Aug 14 20:31:53.449924 n bluetoothd[2821]: src/shared/mgmt.c:send_request() [0x0000] command 0x0006
Aug 14 20:31:53.457051 n bluetoothd[2821]: src/shared/mgmt.c:can_read_data() [0x0000] command 0x0006 complete: 0x00
Aug 14 20:31:53.457068 n bluetoothd[2821]: src/adapter.c:new_settings_callback() Settings: 0x00000adb
Aug 14 20:31:53.457079 n bluetoothd[2821]: src/adapter.c:settings_changed() Changed settings: 0x00000008
Aug 14 20:31:53.457089 n bluetoothd[2821]: src/adapter.c:settings_changed() Pending settings: 0x00000000
Aug 14 20:31:53.457154 n bluetoothd[2821]: src/shared/mgmt.c:send_request() [0x0000] command 0x0023
Aug 14 20:31:53.474389 n bluetoothd[2821]: profiles/audio/avctp.c:avctp_connect_cb() AVCTP: connected to AA:BB:CC:00:00:02
Aug 14 20:31:53.474604 n bluetoothd[2821]: profiles/audio/avctp.c:init_uinput() AVRCP: uinput initialized for MOMENTUM 4
Aug 14 20:31:53.474619 n bluetoothd[2821]: profiles/audio/avrcp.c:controller_init() 0x5d6eb3284980 version 0x0106
Aug 14 20:31:53.474627 n bluetoothd[2821]: src/service.c:change_state() 0x5d6eb325d850: device AA:BB:CC:00:00:02 profile audio-avrcp-target state changed: disconnected -> connected (0)
Aug 14 20:31:53.474648 n bluetoothd[2821]: profiles/audio/player.c:media_player_controller_create() /org/bluez/hci0/dev_AA:BB:CC:00:00:02/player0
Aug 14 20:31:53.474660 n bluetoothd[2821]: profiles/audio/avrcp.c:target_init() 0x5d6eb327c590 version 0x0106
Aug 14 20:31:53.474669 n bluetoothd[2821]: src/service.c:change_state() 0x5d6eb325d790: device AA:BB:CC:00:00:02 profile avrcp-controller state changed: connecting -> connected (0)
Aug 14 20:31:53.474676 n bluetoothd[2821]: src/device.c:device_profile_connected() avrcp-controller Success (0)
Aug 14 20:31:53.474684 n bluetoothd[2821]: profiles/audio/avctp.c:avctp_set_state() AVCTP Connected
Aug 14 20:31:53.476985 n bluetoothd[2821]: src/shared/mgmt.c:can_read_data() [0x0000] event 0x0013
Aug 14 20:31:53.476996 n bluetoothd[2821]: src/adapter.c:discovering_callback() hci0 type 7 discovering 1 method 0
Aug 14 20:31:53.477020 n bluetoothd[2821]: src/shared/mgmt.c:can_read_data() [0x0000] command 0x0023 complete: 0x00
Aug 14 20:31:53.477028 n bluetoothd[2821]: src/adapter.c:start_discovery_complete() status 0x00
Aug 14 20:31:53.532158 n bluetoothd[2821]: profiles/audio/avrcp.c:handle_vendordep_pdu() AVRCP PDU 0x31, company 0x001958 len 0x0005
Aug 14 20:31:53.592162 n bluetoothd[2821]: src/shared/mgmt.c:can_read_data() [0x0000] event 0x0012
Aug 14 20:31:53.592192 n bluetoothd[2821]: src/adapter.c:device_found_callback() hci0 addr AA:BB:CC:00:00:02, rssi -52 flags 0x0000 eir_len 19
Aug 14 20:31:53.592391 n bluetoothd[2821]: src/shared/mgmt.c:can_read_data() [0x0000] event 0x0012
Aug 14 20:31:53.592421 n bluetoothd[2821]: src/adapter.c:device_found_callback() hci0 addr AA:BB:CC:00:00:09, rssi -67 flags 0x0004 eir_len 31
Aug 14 20:31:53.598143 n bluetoothd[2821]: src/shared/mgmt.c:can_read_data() [0x0000] event 0x0012
Aug 14 20:31:53.598165 n bluetoothd[2821]: src/adapter.c:device_found_callback() hci0 addr AA:BB:CC:00:00:10, rssi -73 flags 0x0000 eir_len 29
Aug 14 20:31:53.598192 n bluetoothd[2821]: src/device.c:device_set_legacy() legacy 0
Aug 14 20:31:53.598204 n bluetoothd[2821]: src/device.c:device_set_rssi_with_delta() rssi -73
Aug 14 20:31:53.598228 n bluetoothd[2821]: src/device.c:device_set_flags() flags 2
Aug 14 20:31:53.779063 n bluetoothd[2821]: src/shared/mgmt.c:can_read_data() [0x0000] event 0x0012
Aug 14 20:31:53.779077 n bluetoothd[2821]: src/adapter.c:device_found_callback() hci0 addr AA:BB:CC:00:00:02, rssi -55 flags 0x0000 eir_len 19
Aug 14 20:31:54.067044 n bluetoothd[2821]: src/device.c:search_cb() AA:BB:CC:00:00:02: No service update
Aug 14 20:31:54.067068 n bluetoothd[2821]: src/device.c:device_svc_resolved() /org/bluez/hci0/dev_AA:BB:CC:00:00:02 err 0
Aug 14 20:31:55.211619 n bluetoothd[2821]: src/shared/mgmt.c:can_read_data() [0x0000] event 0x0012
Aug 14 20:31:55.211652 n bluetoothd[2821]: src/adapter.c:device_found_callback() hci0 addr AA:BB:CC:00:00:08, rssi -92 flags 0x0004 eir_len 28
Aug 14 20:31:55.623240 n bluetoothd[2821]: src/shared/mgmt.c:can_read_data() [0x0000] event 0x0012
Aug 14 20:31:55.623278 n bluetoothd[2821]: src/adapter.c:device_found_callback() hci0 addr AA:BB:CC:00:00:11, rssi -73 flags 0x0000 eir_len 14
Aug 14 20:31:55.623327 n bluetoothd[2821]: src/device.c:device_store_cached_name() Can't store name for private addressed device /org/bluez/hci0/dev_AA:BB:CC:00:00:11
Aug 14 20:31:55.623359 n bluetoothd[2821]: src/device.c:device_set_legacy() legacy 0
Aug 14 20:31:55.623375 n bluetoothd[2821]: src/device.c:device_set_rssi_with_delta() rssi -73
Aug 14 20:31:55.623409 n bluetoothd[2821]: src/device.c:device_set_flags() flags 2
Aug 14 20:31:55.707430 n bluetoothd[2821]: profiles/audio/player.c:media_player_set_status() stopped
Aug 14 20:31:55.840435 n bluetoothd[2821]: src/agent.c:unregister_agent() agent :1.125
Aug 14 20:31:55.840453 n bluetoothd[2821]: src/agent.c:agent_disconnect() Agent :1.125 disconnected
Aug 14 20:31:55.840469 n bluetoothd[2821]: src/agent.c:remove_default_agent() Default agent cleared
Aug 14 20:31:55.840476 n bluetoothd[2821]: src/adapter.c:set_mode() sending set mode command for index 0
Aug 14 20:31:55.840486 n bluetoothd[2821]: src/agent.c:agent_destroy() agent :1.125
Aug 14 20:31:55.840494 n bluetoothd[2821]: src/agent.c:agent_unref() 0x5d6eb32831f0: ref=0
Aug 14 20:31:55.840541 n bluetoothd[2821]: src/shared/mgmt.c:send_request() [0x0000] command 0x0009
Aug 14 20:31:55.840568 n bluetoothd[2821]: src/shared/mgmt.c:can_read_data() [0x0000] command 0x0009 complete: 0x00
Aug 14 20:31:55.840575 n bluetoothd[2821]: src/adapter.c:new_settings_callback() Settings: 0x00000acb
Aug 14 20:31:55.840582 n bluetoothd[2821]: src/adapter.c:settings_changed() Changed settings: 0x00000010
Aug 14 20:31:55.840588 n bluetoothd[2821]: src/adapter.c:settings_changed() Pending settings: 0x00000000
Aug 14 20:31:55.841437 n bluetoothd[2821]: src/adapter.c:stop_discovery() sender :1.125
Aug 14 20:31:55.841453 n bluetoothd[2821]: src/adapter.c:set_discoverable() sending set mode command for index 0
Aug 14 20:31:55.841464 n bluetoothd[2821]: src/adapter.c:set_mode() sending set mode command for index 0
Aug 14 20:31:55.841519 n bluetoothd[2821]: src/shared/mgmt.c:send_request() [0x0000] command 0x0007
Aug 14 20:31:55.844116 n bluetoothd[2821]: src/shared/mgmt.c:can_read_data() [0x0000] command 0x0007 complete: 0x00
Aug 14 20:31:55.844129 n bluetoothd[2821]: src/adapter.c:new_settings_callback() Settings: 0x00000ac1
Aug 14 20:31:55.844136 n bluetoothd[2821]: src/adapter.c:settings_changed() Changed settings: 0x0000000a
Aug 14 20:31:55.844144 n bluetoothd[2821]: src/adapter.c:settings_changed() Pending settings: 0x00000000
Aug 14 20:31:55.847619 n bluetoothd[2821]: src/shared/mgmt.c:send_request() [0x0000] command 0x0024
Aug 14 20:31:55.850115 n bluetoothd[2821]: src/shared/mgmt.c:can_read_data() [0x0000] command 0x0024 complete: 0x00
Aug 14 20:31:55.850127 n bluetoothd[2821]: src/adapter.c:stop_discovery_complete() status 0x00
Aug 14 20:31:55.850153 n bluetoothd[2821]: src/adapter.c:discovery_remove() owner :1.125
Aug 14 20:31:55.850166 n bluetoothd[2821]: src/device.c:device_set_rssi_with_delta() rssi 0
Aug 14 20:31:55.850183 n bluetoothd[2821]: src/device.c:device_set_rssi_with_delta() rssi 0
Aug 14 20:31:55.850204 n bluetoothd[2821]: src/adapter.c:trigger_passive_scanning()
Aug 14 20:31:55.850233 n bluetoothd[2821]: src/shared/mgmt.c:can_read_data() [0x0000] event 0x0013
Aug 14 20:31:55.850244 n bluetoothd[2821]: src/adapter.c:discovering_callback() hci0 type 7 discovering 0 method 0
Aug 14 20:31:55.864421 n bluetoothd[2821]: profiles/audio/transport.c:media_owner_create() Owner created: sender=:1.85
Aug 14 20:31:55.864441 n bluetoothd[2821]: profiles/audio/transport.c:media_transport_resume() Transport /org/bluez/hci0/dev_AA:BB:CC:00:00:02/sep7/fd5 Owner :1.85
Aug 14 20:31:55.864450 n bluetoothd[2821]: profiles/audio/avdtp.c:avdtp_ref() 0x5d6eb3281a30: ref=2
Aug 14 20:31:55.864457 n bluetoothd[2821]: profiles/audio/a2dp.c:a2dp_sep_lock() SEP 0x5d6eb326b410 locked
Aug 14 20:31:55.864464 n bluetoothd[2821]: profiles/audio/avdtp.c:avdtp_ref() 0x5d6eb3281a30: ref=3
Aug 14 20:31:55.864471 n bluetoothd[2821]: profiles/audio/a2dp.c:setup_ref() 0x5d6eb32a9780: ref=1
Aug 14 20:31:55.864488 n bluetoothd[2821]: profiles/audio/transport.c:transport_set_state() State changed /org/bluez/hci0/dev_AA:BB:CC:00:00:02/sep7/fd5: TRANSPORT_STATE_IDLE -> TRANSPORT_STATE_REQUESTING
Aug 14 20:31:55.864495 n bluetoothd[2821]: profiles/audio/transport.c:media_request_create() Request created: method=Acquire id=14
Aug 14 20:31:55.864501 n bluetoothd[2821]: profiles/audio/transport.c:media_owner_add() Owner :1.85 Request Acquire
Aug 14 20:31:55.864508 n bluetoothd[2821]: profiles/audio/transport.c:media_transport_set_owner() Transport /org/bluez/hci0/dev_AA:BB:CC:00:00:02/sep7/fd5 Owner :1.85
Aug 14 20:31:55.881439 n bluetoothd[2821]: profiles/audio/avdtp.c:session_cb()
Aug 14 20:31:55.881470 n bluetoothd[2821]: profiles/audio/avdtp.c:avdtp_parse_resp() START request succeeded
Aug 14 20:31:55.881484 n bluetoothd[2821]: profiles/audio/a2dp.c:start_cfm() Source 0x5d6eb326b410: Start_Cfm
Aug 14 20:31:55.881497 n bluetoothd[2821]: /org/bluez/hci0/dev_AA:BB:CC:00:00:02/sep7/fd5: fd(42) ready
Aug 14 20:31:55.881564 n bluetoothd[2821]: profiles/audio/transport.c:media_owner_remove() Owner :1.85 Request Acquire
Aug 14 20:31:55.881579 n bluetoothd[2821]: profiles/audio/transport.c:transport_set_state() State changed /org/bluez/hci0/dev_AA:BB:CC:00:00:02/sep7/fd5: TRANSPORT_STATE_REQUESTING -> TRANSPORT_STATE_ACTIVE
Aug 14 20:31:55.881602 n bluetoothd[2821]: profiles/audio/a2dp.c:setup_unref() 0x5d6eb32a9780: ref=0
Aug 14 20:31:55.881615 n bluetoothd[2821]: profiles/audio/a2dp.c:setup_free() 0x5d6eb32a9780
Aug 14 20:31:55.881626 n bluetoothd[2821]: profiles/audio/avdtp.c:avdtp_unref() 0x5d6eb3281a30: ref=2
Aug 14 20:31:55.881637 n bluetoothd[2821]: profiles/audio/avdtp.c:avdtp_sep_set_state() stream state changed: OPEN -> STREAMING
Aug 14 20:31:55.881647 n bluetoothd[2821]: profiles/audio/sink.c:sink_set_state() State changed /org/bluez/hci0/dev_AA:BB:CC:00:00:02: SINK_STATE_CONNECTED -> SINK_STATE_PLAYING
Aug 14 20:31:55.881656 n bluetoothd[2821]: profiles/audio/transport.c:transport_update_playing() /org/bluez/hci0/dev_AA:BB:CC:00:00:02/sep7/fd5 State=TRANSPORT_STATE_ACTIVE Playing=1
Aug 14 20:31:55.882015 n bluetoothd[2821]: profiles/audio/transport.c:media_transport_set_volume() Transport /org/bluez/hci0/dev_AA:BB:CC:00:00:02/sep7/fd5 level 93
Aug 14 20:32:06.283463 n bluetoothd[2821]: src/device.c:device_remove() Removing device /org/bluez/hci0/dev_AA:BB:CC:00:00:13
Aug 14 20:32:06.283538 n bluetoothd[2821]: src/device.c:btd_device_unref() Freeing device /org/bluez/hci0/dev_AA:BB:CC:00:00:13
Aug 14 20:32:06.283562 n bluetoothd[2821]: src/device.c:device_free() 0x5d6eb3290370
Aug 14 20:32:14.279846 n bluetoothd[2821]: profiles/audio/transport.c:transport_set_state() State changed /org/bluez/hci0/dev_AA:BB:CC:00:00:02/sep7/fd5: TRANSPORT_STATE_ACTIVE -> TRANSPORT_STATE_SUSPENDING
Aug 14 20:32:14.279865 n bluetoothd[2821]: profiles/audio/transport.c:media_transport_suspend() Transport /org/bluez/hci0/dev_AA:BB:CC:00:00:02/sep7/fd5 Owner :1.85
Aug 14 20:32:14.279874 n bluetoothd[2821]: profiles/audio/avdtp.c:avdtp_ref() 0x5d6eb3281a30: ref=3
Aug 14 20:32:14.279880 n bluetoothd[2821]: profiles/audio/a2dp.c:setup_ref() 0x5d6eb32902d0: ref=1
Aug 14 20:32:14.279898 n bluetoothd[2821]: profiles/audio/transport.c:media_request_create() Request created: method=Release id=15
Aug 14 20:32:14.279906 n bluetoothd[2821]: profiles/audio/transport.c:media_owner_add() Owner :1.85 Request Release
Aug 14 20:32:14.305440 n bluetoothd[2821]: profiles/audio/avdtp.c:session_cb()
Aug 14 20:32:14.305469 n bluetoothd[2821]: profiles/audio/avdtp.c:avdtp_parse_resp() SUSPEND request succeeded
Aug 14 20:32:14.305485 n bluetoothd[2821]: profiles/audio/avdtp.c:avdtp_sep_set_state() stream state changed: STREAMING -> OPEN
Aug 14 20:32:14.305501 n bluetoothd[2821]: profiles/audio/sink.c:sink_set_state() State changed /org/bluez/hci0/dev_AA:BB:CC:00:00:02: SINK_STATE_PLAYING -> SINK_STATE_CONNECTED
Aug 14 20:32:14.305517 n bluetoothd[2821]: profiles/audio/transport.c:transport_update_playing() /org/bluez/hci0/dev_AA:BB:CC:00:00:02/sep7/fd5 State=TRANSPORT_STATE_SUSPENDING Playing=0
Aug 14 20:32:14.305532 n bluetoothd[2821]: profiles/audio/a2dp.c:suspend_cfm() Source 0x5d6eb326b410: Suspend_Cfm
Aug 14 20:32:14.305549 n bluetoothd[2821]: profiles/audio/transport.c:media_request_reply() Request Release Reply Success
Aug 14 20:32:14.305587 n bluetoothd[2821]: profiles/audio/transport.c:media_owner_remove() Owner :1.85 Request Release
Aug 14 20:32:14.305602 n bluetoothd[2821]: profiles/audio/a2dp.c:a2dp_sep_unlock() SEP 0x5d6eb326b410 unlocked
Aug 14 20:32:14.305616 n bluetoothd[2821]: profiles/audio/transport.c:transport_set_state() State changed /org/bluez/hci0/dev_AA:BB:CC:00:00:02/sep7/fd5: TRANSPORT_STATE_SUSPENDING -> TRANSPORT_STATE_IDLE
Aug 14 20:32:14.305637 n bluetoothd[2821]: profiles/audio/transport.c:media_transport_remove_owner() Transport /org/bluez/hci0/dev_AA:BB:CC:00:00:02/sep7/fd5 Owner :1.85
Aug 14 20:32:14.305659 n bluetoothd[2821]: profiles/audio/transport.c:media_owner_free() Owner :1.85
Aug 14 20:32:14.305671 n bluetoothd[2821]: profiles/audio/a2dp.c:setup_unref() 0x5d6eb32902d0: ref=0
Aug 14 20:32:14.305682 n bluetoothd[2821]: profiles/audio/a2dp.c:setup_free() 0x5d6eb32902d0
Aug 14 20:32:14.305695 n bluetoothd[2821]: profiles/audio/avdtp.c:avdtp_unref() 0x5d6eb3281a30: ref=2
Aug 14 20:32:24.285829 n bluetoothd[2821]: src/device.c:device_remove() Removing device /org/bluez/hci0/dev_AA:BB:CC:00:00:10
Aug 14 20:32:24.285912 n bluetoothd[2821]: src/device.c:btd_device_unref() Freeing device /org/bluez/hci0/dev_AA:BB:CC:00:00:10
Aug 14 20:32:24.285936 n bluetoothd[2821]: src/device.c:device_free() 0x5d6eb3283730
Aug 14 20:32:26.277410 n bluetoothd[2821]: src/device.c:device_remove() Removing device /org/bluez/hci0/dev_AA:BB:CC:00:00:11
Aug 14 20:32:26.277469 n bluetoothd[2821]: src/device.c:btd_device_unref() Freeing device /org/bluez/hci0/dev_AA:BB:CC:00:00:11
Aug 14 20:32:26.277484 n bluetoothd[2821]: src/device.c:device_free() 0x5d6eb32a5d50
Aug 14 20:32:32.249605 n bluetoothd[2821]: profiles/audio/transport.c:media_owner_create() Owner created: sender=:1.85
Aug 14 20:32:32.249625 n bluetoothd[2821]: profiles/audio/transport.c:media_transport_resume() Transport /org/bluez/hci0/dev_AA:BB:CC:00:00:02/sep7/fd5 Owner :1.85
Aug 14 20:32:32.249633 n bluetoothd[2821]: profiles/audio/a2dp.c:a2dp_sep_lock() SEP 0x5d6eb326b410 locked
Aug 14 20:32:32.249641 n bluetoothd[2821]: profiles/audio/avdtp.c:avdtp_ref() 0x5d6eb3281a30: ref=3
Aug 14 20:32:32.249648 n bluetoothd[2821]: profiles/audio/a2dp.c:setup_ref() 0x5d6eb328e350: ref=1
Aug 14 20:32:32.249664 n bluetoothd[2821]: profiles/audio/transport.c:transport_set_state() State changed /org/bluez/hci0/dev_AA:BB:CC:00:00:02/sep7/fd5: TRANSPORT_STATE_IDLE -> TRANSPORT_STATE_REQUESTING
Aug 14 20:32:32.249672 n bluetoothd[2821]: profiles/audio/transport.c:media_request_create() Request created: method=Acquire id=16
Aug 14 20:32:32.249678 n bluetoothd[2821]: profiles/audio/transport.c:media_owner_add() Owner :1.85 Request Acquire
Aug 14 20:32:32.249684 n bluetoothd[2821]: profiles/audio/transport.c:media_transport_set_owner() Transport /org/bluez/hci0/dev_AA:BB:CC:00:00:02/sep7/fd5 Owner :1.85
Aug 14 20:32:38.281438 n bluetoothd[2821]: profiles/audio/avdtp.c:cancel_request() Start: Connection timed out (110)
Aug 14 20:32:38.281466 n bluetoothd[2821]: profiles/audio/a2dp.c:start_cfm() Source 0x5d6eb326b410: Start_Cfm
Aug 14 20:32:38.281480 n bluetoothd[2821]: profiles/audio/transport.c:media_transport_remove_owner() Transport /org/bluez/hci0/dev_AA:BB:CC:00:00:02/sep7/fd5 Owner :1.85
Aug 14 20:32:38.281495 n bluetoothd[2821]: profiles/audio/transport.c:media_request_reply() Request Acquire Reply Input/output error
Aug 14 20:32:38.281545 n bluetoothd[2821]: profiles/audio/transport.c:media_owner_free() Owner :1.85
Aug 14 20:32:38.281556 n bluetoothd[2821]: profiles/audio/transport.c:media_owner_remove() Owner :1.85 Request Acquire
Aug 14 20:32:38.281567 n bluetoothd[2821]: profiles/audio/transport.c:media_transport_suspend() Transport /org/bluez/hci0/dev_AA:BB:CC:00:00:02/sep7/fd5 Owner
Aug 14 20:32:38.281581 n bluetoothd[2821]: profiles/audio/transport.c:transport_set_state() State changed /org/bluez/hci0/dev_AA:BB:CC:00:00:02/sep7/fd5: TRANSPORT_STATE_REQUESTING -> TRANSPORT_STATE_IDLE
Aug 14 20:32:38.281593 n bluetoothd[2821]: profiles/audio/a2dp.c:a2dp_sep_unlock() SEP 0x5d6eb326b410 unlocked
Aug 14 20:32:38.281605 n bluetoothd[2821]: profiles/audio/a2dp.c:setup_unref() 0x5d6eb328e350: ref=0
Aug 14 20:32:38.281618 n bluetoothd[2821]: profiles/audio/a2dp.c:setup_free() 0x5d6eb328e350
Aug 14 20:32:38.281629 n bluetoothd[2821]: profiles/audio/avdtp.c:avdtp_unref() 0x5d6eb3281a30: ref=2
Aug 14 20:32:39.912808 n bluetoothd[2821]: profiles/audio/transport.c:media_owner_create() Owner created: sender=:1.85
Aug 14 20:32:39.912836 n bluetoothd[2821]: profiles/audio/transport.c:media_transport_resume() Transport /org/bluez/hci0/dev_AA:BB:CC:00:00:02/sep7/fd5 Owner :1.85
Aug 14 20:32:39.912848 n bluetoothd[2821]: profiles/audio/a2dp.c:a2dp_sep_lock() SEP 0x5d6eb326b410 locked
Aug 14 20:32:39.912859 n bluetoothd[2821]: profiles/audio/avdtp.c:avdtp_ref() 0x5d6eb3281a30: ref=3
Aug 14 20:32:39.912869 n bluetoothd[2821]: profiles/audio/a2dp.c:setup_ref() 0x5d6eb328d4f0: ref=1
Aug 14 20:32:39.912880 n bluetoothd[2821]: profiles/audio/avdtp.c:send_request() Unable to send requests while aborting
Aug 14 20:32:39.912890 n bluetoothd[2821]: profiles/audio/a2dp.c:a2dp_resume() avdtp_start failed
Aug 14 20:32:39.912905 n bluetoothd[2821]: profiles/audio/a2dp.c:setup_unref() 0x5d6eb328d4f0: ref=0
Aug 14 20:32:39.912919 n bluetoothd[2821]: profiles/audio/a2dp.c:setup_free() 0x5d6eb328d4f0
Aug 14 20:32:39.912935 n bluetoothd[2821]: profiles/audio/avdtp.c:avdtp_unref() 0x5d6eb3281a30: ref=2
Aug 14 20:32:39.912951 n bluetoothd[2821]: profiles/audio/a2dp.c:a2dp_sep_unlock() SEP 0x5d6eb326b410 unlocked
Aug 14 20:32:39.912967 n bluetoothd[2821]: profiles/audio/transport.c:media_owner_free() Owner :1.85
Aug 14 20:32:40.276459 n bluetoothd[2821]: profiles/audio/avdtp.c:cancel_request() Abort: Connection timed out (110)
Aug 14 20:32:40.276478 n bluetoothd[2821]: profiles/audio/avdtp.c:avdtp_ref() 0x5d6eb3281a30: ref=3
Aug 14 20:32:40.276486 n bluetoothd[2821]: profiles/audio/avdtp.c:connection_lost() Disconnected from AA:BB:CC:00:00:02
Aug 14 20:32:40.276494 n bluetoothd[2821]: profiles/audio/a2dp.c:abort_cfm() Source 0x5d6eb326b410: Abort_Cfm
Aug 14 20:32:40.276501 n bluetoothd[2821]: profiles/audio/avdtp.c:avdtp_sep_set_state() stream state changed: OPEN -> IDLE
Aug 14 20:32:40.276555 n bluetoothd[2821]: profiles/audio/avdtp.c:avdtp_unref() 0x5d6eb3281a30: ref=2
Aug 14 20:32:40.276601 n bluetoothd[2821]: src/service.c:change_state() 0x5d6eb325d890: device AA:BB:CC:00:00:02 profile a2dp-sink state changed: connected -> disconnected (0)
Aug 14 20:32:40.276619 n bluetoothd[2821]: plugins/policy.c:policy_disconnect() /org/bluez/hci0/dev_AA:BB:CC:00:00:02 profile avrcp-controller
Aug 14 20:32:40.276631 n bluetoothd[2821]: src/service.c:change_state() 0x5d6eb325d790: device AA:BB:CC:00:00:02 profile avrcp-controller state changed: connected -> disconnecting (0)
Aug 14 20:32:40.276641 n bluetoothd[2821]: profiles/audio/avrcp.c:avrcp_disconnect() path /org/bluez/hci0/dev_AA:BB:CC:00:00:02
Aug 14 20:32:40.276653 n bluetoothd[2821]: src/service.c:change_state() 0x5d6eb325d850: device AA:BB:CC:00:00:02 profile audio-avrcp-target state changed: connected -> disconnected (0)
Aug 14 20:32:40.276663 n bluetoothd[2821]: src/service.c:change_state() 0x5d6eb325d790: device AA:BB:CC:00:00:02 profile avrcp-controller state changed: disconnecting -> disconnected (0)
Aug 14 20:32:40.276671 n bluetoothd[2821]: profiles/audio/avrcp.c:controller_destroy() 0x5d6eb3284980
Aug 14 20:32:40.276681 n bluetoothd[2821]: profiles/audio/player.c:media_player_destroy() /org/bluez/hci0/dev_AA:BB:CC:00:00:02/player0
Aug 14 20:32:40.276725 n bluetoothd[2821]: profiles/audio/avrcp.c:target_destroy() 0x5d6eb327c590
Aug 14 20:32:40.276745 n bluetoothd[2821]: profiles/audio/avctp.c:avctp_set_state() AVCTP Disconnected
Aug 14 20:32:40.276786 n bluetoothd[2821]: profiles/audio/avctp.c:avctp_disconnected() AVCTP: closing uinput for AA:BB:CC:00:00:02
Aug 14 20:32:40.304537 n bluetoothd[2821]: profiles/audio/avdtp.c:avdtp_unref() 0x5d6eb3281a30: ref=1
Aug 14 20:32:40.304608 n bluetoothd[2821]: profiles/audio/sink.c:sink_set_state() State changed /org/bluez/hci0/dev_AA:BB:CC:00:00:02: SINK_STATE_CONNECTED -> SINK_STATE_DISCONNECTED
Aug 14 20:32:40.304624 n bluetoothd[2821]: profiles/audio/a2dp.c:channel_remove() chan 0x5d6eb327e560
Aug 14 20:32:40.304789 n bluetoothd[2821]: profiles/audio/avdtp.c:avdtp_unref() 0x5d6eb3281a30: ref=0
Aug 14 20:32:40.304801 n bluetoothd[2821]: profiles/audio/avdtp.c:avdtp_free() 0x5d6eb3281a30
Aug 14 20:32:48.986292 n bluetoothd[2821]: src/agent.c:add_default_agent() Default agent set to :1.125 /org/gnome/bluetooth/settings
Aug 14 20:32:48.986308 n bluetoothd[2821]: src/adapter.c:set_mode() sending set mode command for index 0
Aug 14 20:32:48.986319 n bluetoothd[2821]: src/agent.c:agent_ref() 0x5d6eb3264cf0: ref=1
Aug 14 20:32:48.986326 n bluetoothd[2821]: src/agent.c:register_agent() agent :1.125
Aug 14 20:32:48.986389 n bluetoothd[2821]: src/shared/mgmt.c:send_request() [0x0000] command 0x0009
Aug 14 20:32:48.986412 n bluetoothd[2821]: src/shared/mgmt.c:can_read_data() [0x0000] command 0x0009 complete: 0x00
Aug 14 20:32:48.986420 n bluetoothd[2821]: src/adapter.c:new_settings_callback() Settings: 0x00000ad1
Aug 14 20:32:48.986426 n bluetoothd[2821]: src/adapter.c:settings_changed() Changed settings: 0x00000010
Aug 14 20:32:48.986432 n bluetoothd[2821]: src/adapter.c:settings_changed() Pending settings: 0x00000000
Aug 14 20:32:48.986461 n bluetoothd[2821]: src/shared/mgmt.c:send_request() [0x0000] command 0x0018
Aug 14 20:32:48.986484 n bluetoothd[2821]: src/shared/mgmt.c:can_read_data() [0x0000] command 0x0018 complete: 0x00
Aug 14 20:32:48.988140 n bluetoothd[2821]: src/adapter.c:set_discovery_filter() sender :1.125
Aug 14 20:32:48.988158 n bluetoothd[2821]: src/adapter.c:parse_discovery_filter_dict() filtered discovery params: transport: 7 rssi: 32767 pathloss: 32767  duplicate data: false discoverable true pattern (null)
Aug 14 20:32:48.988405 n bluetoothd[2821]: src/adapter.c:start_discovery() sender :1.125
Aug 14 20:32:48.988415 n bluetoothd[2821]: src/adapter.c:update_discovery_filter()
Aug 14 20:32:48.988421 n bluetoothd[2821]: src/adapter.c:discovery_filter_to_mgmt_cp()
Aug 14 20:32:48.988428 n bluetoothd[2821]: src/adapter.c:set_discoverable() sending set mode command for index 0
Aug 14 20:32:48.988433 n bluetoothd[2821]: src/adapter.c:set_mode() sending set mode command for index 0
Aug 14 20:32:48.988442 n bluetoothd[2821]: src/adapter.c:trigger_start_discovery()
Aug 14 20:32:48.988447 n bluetoothd[2821]: src/adapter.c:cancel_passive_scanning()
Aug 14 20:32:48.988486 n bluetoothd[2821]: src/shared/mgmt.c:send_request() [0x0000] command 0x0007
Aug 14 20:32:48.988507 n bluetoothd[2821]: src/adapter.c:start_discovery_timeout()
Aug 14 20:32:48.988514 n bluetoothd[2821]: src/adapter.c:start_discovery_timeout() adapter->current_discovery_filter == 0
Aug 14 20:32:48.988536 n bluetoothd[2821]: src/shared/mgmt.c:can_read_data() [0x0000] command 0x0007 complete: 0x00
Aug 14 20:32:48.988545 n bluetoothd[2821]: src/adapter.c:new_settings_callback() Settings: 0x00000ad3
Aug 14 20:32:48.988555 n bluetoothd[2821]: src/adapter.c:settings_changed() Changed settings: 0x00000002
Aug 14 20:32:48.988561 n bluetoothd[2821]: src/adapter.c:settings_changed() Pending settings: 0x00000000
Aug 14 20:32:48.988587 n bluetoothd[2821]: src/shared/mgmt.c:send_request() [0x0000] command 0x0006
Aug 14 20:32:51.022475 n bluetoothd[2821]: src/shared/mgmt.c:can_read_data() [0x0000] command 0x06 status: 0x05
Aug 14 20:32:51.022490 n bluetoothd[2821]: Failed to set mode: Authentication Failed (0x05)
Aug 14 20:32:51.022533 n bluetoothd[2821]: src/shared/mgmt.c:send_request() [0x0000] command 0x0023
Aug 14 20:32:53.621598 n bluetoothd[2821]: src/service.c:change_state() 0x5d6eb3277fe0: device AA:BB:CC:00:00:02 profile Hands-Free Voice gateway state changed: connected -> disconnecting (0)
Aug 14 20:32:53.623545 n bluetoothd[2821]: src/profile.c:ext_io_disconnected() Hands-Free Voice gateway disconnected from AA:BB:CC:00:00:02
Aug 14 20:32:53.623560 n bluetoothd[2821]: src/service.c:change_state() 0x5d6eb3277fe0: device AA:BB:CC:00:00:02 profile Hands-Free Voice gateway state changed: disconnecting -> disconnected (0)
Aug 14 20:32:53.623588 n bluetoothd[2821]: src/service.c:btd_service_unref() 0x5d6eb3277fe0: ref=2
Aug 14 20:32:53.623616 n bluetoothd[2821]: src/battery.c:provided_battery_removed_cb() provided battery removed /org/freedesktop/pipewire/battery/org/bluez/hci0/dev_AA:BB:CC:00:00:02
Aug 14 20:32:53.623624 n bluetoothd[2821]: src/battery.c:btd_battery_unregister() path = /org/bluez/hci0/dev_AA:BB:CC:00:00:02
Aug 14 20:32:55.118461 n bluetoothd[2821]: src/shared/mgmt.c:can_read_data() [0x0000] command 0x0023 complete: 0x05
Aug 14 20:32:55.118480 n bluetoothd[2821]: src/adapter.c:start_discovery_complete() status 0x05
Aug 14 20:32:55.118521 n bluetoothd[2821]: src/adapter.c:discovery_remove() owner :1.125
Aug 14 20:32:55.740315 n bluetoothd[2821]: src/agent.c:unregister_agent() agent :1.125
Aug 14 20:32:55.740329 n bluetoothd[2821]: src/agent.c:agent_disconnect() Agent :1.125 disconnected
Aug 14 20:32:55.740350 n bluetoothd[2821]: src/agent.c:remove_default_agent() Default agent cleared
Aug 14 20:32:55.740357 n bluetoothd[2821]: src/adapter.c:set_mode() sending set mode command for index 0
Aug 14 20:32:55.740372 n bluetoothd[2821]: src/agent.c:agent_destroy() agent :1.125
Aug 14 20:32:55.740381 n bluetoothd[2821]: src/agent.c:agent_unref() 0x5d6eb3264cf0: ref=0
Aug 14 20:32:55.740422 n bluetoothd[2821]: src/shared/mgmt.c:send_request() [0x0000] command 0x0009
Aug 14 20:32:55.740437 n bluetoothd[2821]: src/shared/mgmt.c:can_read_data() [0x0000] command 0x0009 complete: 0x00
Aug 14 20:32:55.740442 n bluetoothd[2821]: src/adapter.c:new_settings_callback() Settings: 0x00000acb
Aug 14 20:32:55.740447 n bluetoothd[2821]: src/adapter.c:settings_changed() Changed settings: 0x00000018
Aug 14 20:32:55.740452 n bluetoothd[2821]: src/adapter.c:settings_changed() Pending settings: 0x00000000
Aug 14 20:32:56.276271 n bluetoothd[2821]: src/shared/mgmt.c:send_request() [0x0000] command 0x0014
Aug 14 20:32:59.036290 n bluetoothd[2821]: src/agent.c:add_default_agent() Default agent set to :1.125 /org/gnome/bluetooth/settings
Aug 14 20:32:59.036308 n bluetoothd[2821]: src/adapter.c:set_mode() sending set mode command for index 0
Aug 14 20:32:59.036317 n bluetoothd[2821]: src/agent.c:agent_ref() 0x5d6eb327e880: ref=1
Aug 14 20:32:59.036324 n bluetoothd[2821]: src/agent.c:register_agent() agent :1.125
Aug 14 20:32:59.038113 n bluetoothd[2821]: src/adapter.c:set_discovery_filter() sender :1.125
Aug 14 20:32:59.038133 n bluetoothd[2821]: src/adapter.c:parse_discovery_filter_dict() filtered discovery params: transport: 7 rssi: 32767 pathloss: 32767  duplicate data: false discoverable true pattern (null)
Aug 14 20:32:59.038463 n bluetoothd[2821]: src/adapter.c:start_discovery() sender :1.125
Aug 14 20:32:59.038476 n bluetoothd[2821]: src/adapter.c:update_discovery_filter()
Aug 14 20:32:59.038485 n bluetoothd[2821]: src/adapter.c:discovery_filter_to_mgmt_cp()
Aug 14 20:32:59.038494 n bluetoothd[2821]: src/adapter.c:trigger_start_discovery()
Aug 14 20:32:59.038503 n bluetoothd[2821]: src/adapter.c:cancel_passive_scanning()
Aug 14 20:32:59.038525 n bluetoothd[2821]: src/adapter.c:start_discovery_timeout()
Aug 14 20:32:59.038536 n bluetoothd[2821]: src/adapter.c:start_discovery_timeout() adapter->current_discovery_filter == 0
Aug 14 20:32:59.214668 n bluetoothd[2821]: src/shared/mgmt.c:can_read_data() [0x0000] event 0x000c
Aug 14 20:32:59.214696 n bluetoothd[2821]: src/adapter.c:dev_disconnected() Device AA:BB:CC:00:00:02 disconnected, reason 19
Aug 14 20:32:59.214709 n bluetoothd[2821]: src/adapter.c:adapter_remove_connection()
Aug 14 20:32:59.214818 n bluetoothd[2821]: plugins/policy.c:disconnect_cb() reason 19
Aug 14 20:32:59.214833 n bluetoothd[2821]: src/adapter.c:bonding_attempt_complete() hci0 bdaddr AA:BB:CC:00:00:02 type 0 status 0xe
Aug 14 20:32:59.214846 n bluetoothd[2821]: src/device.c:device_bonding_complete() bonding (nil) status 0x0e
Aug 14 20:32:59.214857 n bluetoothd[2821]: src/device.c:device_bonding_failed() status 14
Aug 14 20:32:59.214870 n bluetoothd[2821]: src/adapter.c:resume_discovery()
Aug 14 20:32:59.214886 n bluetoothd[2821]: src/adapter.c:trigger_start_discovery()
Aug 14 20:32:59.214902 n bluetoothd[2821]: src/adapter.c:cancel_passive_scanning()
Aug 14 20:32:59.234527 n bluetoothd[2821]: src/shared/mgmt.c:can_read_data() [0x0000] command 0x0014 complete: 0x00
Aug 14 20:32:59.234546 n bluetoothd[2821]: src/adapter.c:dev_disconnected() Device AA:BB:CC:00:00:02 disconnected, reason 2
Aug 14 20:32:59.234557 n bluetoothd[2821]: src/adapter.c:adapter_remove_connection()
Aug 14 20:32:59.234568 n bluetoothd[2821]: No matching connection for device
Aug 14 20:32:59.234585 n bluetoothd[2821]: plugins/policy.c:disconnect_cb() reason 2
Aug 14 20:32:59.234596 n bluetoothd[2821]: src/adapter.c:bonding_attempt_complete() hci0 bdaddr AA:BB:CC:00:00:02 type 0 status 0xe
Aug 14 20:32:59.234607 n bluetoothd[2821]: src/device.c:device_bonding_complete() bonding (nil) status 0x0e
Aug 14 20:32:59.234617 n bluetoothd[2821]: src/device.c:device_bonding_failed() status 14
Aug 14 20:32:59.234625 n bluetoothd[2821]: src/adapter.c:resume_discovery()
Aug 14 20:32:59.234634 n bluetoothd[2821]: src/adapter.c:trigger_start_discovery()
Aug 14 20:32:59.234643 n bluetoothd[2821]: src/adapter.c:cancel_passive_scanning()
Aug 14 20:32:59.234693 n bluetoothd[2821]: src/shared/mgmt.c:send_request() [0x0000] command 0x0009
Aug 14 20:32:59.234718 n bluetoothd[2821]: src/shared/mgmt.c:can_read_data() [0x0000] command 0x0009 complete: 0x00
Aug 14 20:32:59.234728 n bluetoothd[2821]: src/adapter.c:new_settings_callback() Settings: 0x00000adb
Aug 14 20:32:59.234737 n bluetoothd[2821]: src/adapter.c:settings_changed() Changed settings: 0x00000010
Aug 14 20:32:59.234745 n bluetoothd[2821]: src/adapter.c:settings_changed() Pending settings: 0x00000000
Aug 14 20:32:59.234785 n bluetoothd[2821]: src/shared/mgmt.c:send_request() [0x0000] command 0x0018
Aug 14 20:32:59.234808 n bluetoothd[2821]: src/shared/mgmt.c:can_read_data() [0x0000] command 0x0018 complete: 0x00
Aug 14 20:32:59.234850 n bluetoothd[2821]: src/shared/mgmt.c:send_request() [0x0000] command 0x0023
Aug 14 20:33:03.310588 n bluetoothd[2821]: src/shared/mgmt.c:can_read_data() [0x0000] command 0x0023 complete: 0x05
Aug 14 20:33:03.310612 n bluetoothd[2821]: src/adapter.c:start_discovery_complete() status 0x05
Aug 14 20:33:03.310675 n bluetoothd[2821]: src/adapter.c:discovery_remove() owner :1.125
Aug 14 21:02:55.593351 n bluetoothd[2821]: src/device.c:connect_profiles() /org/bluez/hci0/dev_AA:BB:CC:00:00:02 (all), client :1.88
Aug 14 21:02:55.593446 n bluetoothd[2821]: src/service.c:btd_service_ref() 0x5d6eb3277fe0: ref=3
Aug 14 21:02:55.593457 n bluetoothd[2821]: src/service.c:change_state() 0x5d6eb3277fe0: device AA:BB:CC:00:00:02 profile Hands-Free Voice gateway state changed: disconnected -> connecting (0)
Aug 14 21:03:12.642073 n bluetoothd[2821]: src/device.c:connect_profiles() /org/bluez/hci0/dev_AA:BB:CC:00:00:02 (all), client :1.125
Aug 14 21:03:12.644623 n bluetoothd[2821]: src/adapter.c:set_discovery_filter() sender :1.125
Aug 14 21:03:12.644642 n bluetoothd[2821]: src/adapter.c:parse_discovery_filter_dict() filtered discovery params: transport: 7 rssi: 32767 pathloss: 32767  duplicate data: false discoverable true pattern (null)
Aug 14 21:03:12.644960 n bluetoothd[2821]: src/adapter.c:start_discovery() sender :1.125
Aug 14 21:03:12.644975 n bluetoothd[2821]: src/adapter.c:update_discovery_filter()
Aug 14 21:03:12.644984 n bluetoothd[2821]: src/adapter.c:discovery_filter_to_mgmt_cp()
Aug 14 21:03:12.644994 n bluetoothd[2821]: src/adapter.c:trigger_start_discovery()
Aug 14 21:03:12.645003 n bluetoothd[2821]: src/adapter.c:cancel_passive_scanning()
Aug 14 21:03:12.645027 n bluetoothd[2821]: src/adapter.c:start_discovery_timeout()
Aug 14 21:03:12.645041 n bluetoothd[2821]: src/adapter.c:start_discovery_timeout() adapter->current_discovery_filter == 0
Aug 14 21:03:12.645105 n bluetoothd[2821]: src/shared/mgmt.c:send_request() [0x0000] command 0x0023
Aug 14 21:03:15.373276 n bluetoothd[2821]: src/adapter.c:stop_discovery() sender :1.125
Aug 14 21:03:15.373316 n bluetoothd[2821]: src/device.c:connect_profiles() /org/bluez/hci0/dev_AA:BB:CC:00:00:02 (all), client :1.125
Aug 14 21:03:15.374681 n bluetoothd[2821]: src/adapter.c:set_discovery_filter() sender :1.125
Aug 14 21:03:15.374699 n bluetoothd[2821]: src/adapter.c:parse_discovery_filter_dict() filtered discovery params: transport: 7 rssi: 32767 pathloss: 32767  duplicate data: false discoverable true pattern (null)
Aug 14 21:03:15.374709 n bluetoothd[2821]: src/adapter.c:update_discovery_filter()
Aug 14 21:03:15.374717 n bluetoothd[2821]: src/adapter.c:discovery_filter_to_mgmt_cp()
Aug 14 21:03:15.374724 n bluetoothd[2821]: src/adapter.c:trigger_start_discovery()
Aug 14 21:03:15.374732 n bluetoothd[2821]: src/adapter.c:cancel_passive_scanning()
Aug 14 21:03:15.374765 n bluetoothd[2821]: src/adapter.c:start_discovery_timeout()
Aug 14 21:03:15.374774 n bluetoothd[2821]: src/adapter.c:start_discovery_timeout() adapter->current_discovery_filter == 0
Aug 14 21:03:15.375075 n bluetoothd[2821]: src/adapter.c:start_discovery() sender :1.125
Aug 14 21:03:16.007695 n bluetoothd[2821]: src/device.c:connect_profiles() /org/bluez/hci0/dev_AA:BB:CC:00:00:02 (all), client :1.125
Aug 14 21:03:16.008993 n bluetoothd[2821]: src/adapter.c:set_discovery_filter() sender :1.125
Aug 14 21:03:16.009012 n bluetoothd[2821]: src/adapter.c:parse_discovery_filter_dict() filtered discovery params: transport: 7 rssi: 32767 pathloss: 32767  duplicate data: false discoverable true pattern (null)
Aug 14 21:03:16.009023 n bluetoothd[2821]: src/adapter.c:update_discovery_filter()
Aug 14 21:03:16.009033 n bluetoothd[2821]: src/adapter.c:discovery_filter_to_mgmt_cp()
Aug 14 21:03:16.009043 n bluetoothd[2821]: src/adapter.c:trigger_start_discovery()
Aug 14 21:03:16.009055 n bluetoothd[2821]: src/adapter.c:cancel_passive_scanning()
Aug 14 21:03:16.009095 n bluetoothd[2821]: src/adapter.c:start_discovery_timeout()
Aug 14 21:03:16.009114 n bluetoothd[2821]: src/adapter.c:start_discovery_timeout() adapter->current_discovery_filter == 0
Aug 14 21:03:16.009482 n bluetoothd[2821]: src/adapter.c:start_discovery() sender :1.125
Aug 14 21:03:16.473629 n bluetoothd[2821]: src/device.c:connect_profiles() /org/bluez/hci0/dev_AA:BB:CC:00:00:02 (all), client :1.125
Aug 14 21:03:16.474931 n bluetoothd[2821]: src/adapter.c:set_discovery_filter() sender :1.125
Aug 14 21:03:16.474951 n bluetoothd[2821]: src/adapter.c:parse_discovery_filter_dict() filtered discovery params: transport: 7 rssi: 32767 pathloss: 32767  duplicate data: false discoverable true pattern (null)
Aug 14 21:03:16.474962 n bluetoothd[2821]: src/adapter.c:update_discovery_filter()
Aug 14 21:03:16.474972 n bluetoothd[2821]: src/adapter.c:discovery_filter_to_mgmt_cp()
Aug 14 21:03:16.474981 n bluetoothd[2821]: src/adapter.c:trigger_start_discovery()
Aug 14 21:03:16.474996 n bluetoothd[2821]: src/adapter.c:cancel_passive_scanning()
Aug 14 21:03:16.475052 n bluetoothd[2821]: src/adapter.c:start_discovery_timeout()
Aug 14 21:03:16.475063 n bluetoothd[2821]: src/adapter.c:start_discovery_timeout() adapter->current_discovery_filter == 0
Aug 14 21:03:16.475347 n bluetoothd[2821]: src/adapter.c:start_discovery() sender :1.125
Aug 14 21:03:16.750764 n bluetoothd[2821]: src/shared/mgmt.c:can_read_data() [0x0000] command 0x0023 complete: 0x05
Aug 14 21:03:16.750793 n bluetoothd[2821]: src/adapter.c:start_discovery_complete() status 0x05
Aug 14 21:03:16.750850 n bluetoothd[2821]: src/adapter.c:discovery_remove() owner :1.125
Aug 14 21:03:16.750955 n bluetoothd[2821]: src/shared/mgmt.c:send_request() [0x0000] command 0x0023
Aug 14 21:03:20.846475 n bluetoothd[2821]: src/shared/mgmt.c:can_read_data() [0x0000] command 0x0023 complete: 0x05
Aug 14 21:03:20.846494 n bluetoothd[2821]: src/adapter.c:start_discovery_complete() status 0x05
Aug 14 21:03:20.846543 n bluetoothd[2821]: src/shared/mgmt.c:send_request() [0x0000] command 0x0023
Aug 14 21:03:24.942876 n bluetoothd[2821]: src/shared/mgmt.c:can_read_data() [0x0000] command 0x0023 complete: 0x05
Aug 14 21:03:24.942908 n bluetoothd[2821]: src/adapter.c:start_discovery_complete() status 0x05
Aug 14 21:03:24.943018 n bluetoothd[2821]: src/shared/mgmt.c:send_request() [0x0000] command 0x0023
Aug 14 21:03:26.994468 n bluetoothd[2821]: src/shared/mgmt.c:can_read_data() [0x0000] command 0x23 status: 0x00
Aug 14 21:03:26.994484 n bluetoothd[2821]: src/adapter.c:start_discovery_complete() status 0x00
Aug 14 21:03:27.924137 n systemd[1]: bluetooth.service: Main process exited, code=dumped, status=11/SEGV
Aug 14 21:03:27.924283 n systemd[1]: bluetooth.service: Failed with result 'core-dump'.
Aug 14 21:03:28.245099 n systemd[1]: bluetooth.service: Scheduled restart job, restart counter is at 1.
Aug 14 21:03:28.263621 n (uetoothd)[29890]: bluetooth.service: ConfigurationDirectory 'bluetooth' already exists but the mode is different. (File system: 755 ConfigurationDirectoryMode: 555)
Aug 14 21:03:28.263628 n systemd[1]: Starting bluetooth.service - Bluetooth service...
Aug 14 21:03:28.297631 n bluetoothd[29890]: Bluetooth daemon 5.72
Aug 14 21:03:28.297687 n bluetoothd[29890]: src/main.c:parse_config() parsing /etc/bluetooth/main.conf
Aug 14 21:03:28.298711 n systemd[1]: Started bluetooth.service - Bluetooth service.
Aug 14 21:03:28.298770 n bluetoothd[29890]: src/adapter.c:adapter_init() sending read version command
Aug 14 21:03:28.298802 n bluetoothd[29890]: Starting SDP server
Aug 14 21:03:28.298836 n bluetoothd[29890]: src/sdpd-service.c:register_device_id() Adding device id record for 0002:1d6b:0246:0548
Aug 14 21:03:28.298849 n bluetoothd[29890]: src/plugin.c:plugin_init() Loading builtin plugins
Aug 14 21:03:28.298869 n bluetoothd[29890]: src/plugin.c:add_plugin() Loading hostname plugin
Aug 14 21:03:28.298877 n bluetoothd[29890]: src/plugin.c:add_plugin() Loading wiimote plugin
Aug 14 21:03:28.298885 n bluetoothd[29890]: src/plugin.c:add_plugin() Loading autopair plugin
Aug 14 21:03:28.298892 n bluetoothd[29890]: src/plugin.c:add_plugin() Loading policy plugin
Aug 14 21:03:28.298898 n bluetoothd[29890]: src/plugin.c:add_plugin() Loading neard plugin
Aug 14 21:03:28.298906 n bluetoothd[29890]: src/plugin.c:add_plugin() Loading sap plugin
Aug 14 21:03:28.298914 n bluetoothd[29890]: src/plugin.c:add_plugin() Loading a2dp plugin
Aug 14 21:03:28.298920 n bluetoothd[29890]: src/plugin.c:add_plugin() Loading avrcp plugin
Aug 14 21:03:28.298928 n bluetoothd[29890]: src/plugin.c:add_plugin() Loading network plugin
Aug 14 21:03:28.298935 n bluetoothd[29890]: src/plugin.c:add_plugin() Loading input plugin
Aug 14 21:03:28.298941 n bluetoothd[29890]: src/plugin.c:add_plugin() Loading hog plugin
Aug 14 21:03:28.298945 n bluetoothd[29890]: src/plugin.c:add_plugin() Loading health plugin
Aug 14 21:03:28.298951 n bluetoothd[29890]: src/plugin.c:add_plugin() Loading gap plugin
Aug 14 21:03:28.298956 n bluetoothd[29890]: src/plugin.c:add_plugin() Loading scanparam plugin
Aug 14 21:03:28.298961 n bluetoothd[29890]: src/plugin.c:add_plugin() Loading deviceinfo plugin
Aug 14 21:03:28.298966 n bluetoothd[29890]: src/plugin.c:add_plugin() Loading midi plugin
Aug 14 21:03:28.298971 n bluetoothd[29890]: src/plugin.c:add_plugin() Loading battery plugin
Aug 14 21:03:28.298977 n bluetoothd[29890]: src/plugin.c:add_plugin() Loading bap plugin
Aug 14 21:03:28.298982 n bluetoothd[29890]: src/plugin.c:add_plugin() Loading bass plugin
Aug 14 21:03:28.298987 n bluetoothd[29890]: src/plugin.c:add_plugin() Loading mcp plugin
Aug 14 21:03:28.298992 n bluetoothd[29890]: src/plugin.c:add_plugin() Loading vcp plugin
Aug 14 21:03:28.299001 n bluetoothd[29890]: src/plugin.c:add_plugin() Loading micp plugin
Aug 14 21:03:28.299006 n bluetoothd[29890]: src/plugin.c:add_plugin() Loading csip plugin
Aug 14 21:03:28.299011 n bluetoothd[29890]: src/plugin.c:plugin_init() Loading plugins /usr/lib/x86_64-linux-gnu/bluetooth/plugins
Aug 14 21:03:28.299213 n bluetoothd[29890]: src/plugin.c:add_plugin() Loading sixaxis plugin
Aug 14 21:03:28.299233 n bluetoothd[29890]: src/profile.c:btd_profile_register() D-Bus experimental not enabled
Aug 14 21:03:28.299238 n bluetoothd[29890]: src/plugin.c:plugin_init() System does not support csip plugin
Aug 14 21:03:28.299243 n bluetoothd[29890]: profiles/audio/micp.c:micp_init() D-Bus experimental not enabled
Aug 14 21:03:28.299248 n bluetoothd[29890]: src/plugin.c:plugin_init() System does not support micp plugin
Aug 14 21:03:28.299253 n bluetoothd[29890]: src/profile.c:btd_profile_register() D-Bus experimental not enabled
Aug 14 21:03:28.299260 n bluetoothd[29890]: src/plugin.c:plugin_init() System does not support vcp plugin
Aug 14 21:03:28.299264 n bluetoothd[29890]: src/profile.c:btd_profile_register() D-Bus experimental not enabled
Aug 14 21:03:28.299269 n bluetoothd[29890]: src/plugin.c:plugin_init() System does not support mcp plugin
Aug 14 21:03:28.299273 n bluetoothd[29890]: src/profile.c:btd_profile_register() D-Bus experimental not enabled
Aug 14 21:03:28.299279 n bluetoothd[29890]: src/plugin.c:plugin_init() System does not support bass plugin
Aug 14 21:03:28.299284 n bluetoothd[29890]: src/profile.c:btd_profile_register() D-Bus experimental not enabled
Aug 14 21:03:28.299289 n bluetoothd[29890]: src/plugin.c:plugin_init() System does not support bap plugin
Aug 14 21:03:28.299299 n bluetoothd[29890]: profiles/health/hdp.c:hdp_manager_start() Starting Health manager
Aug 14 21:03:28.299308 n bluetoothd[29890]: profiles/input/suspend-none.c:suspend_init()
Aug 14 21:03:28.299343 n bluetoothd[29890]: profiles/network/manager.c:read_config() /etc/bluetooth/network.conf: Key file does not have key “DisableSecurity” in group “General”
Aug 14 21:03:28.299351 n bluetoothd[29890]: profiles/network/manager.c:read_config() Config options: Security=true
Aug 14 21:03:28.299367 n bluetoothd[29890]: plugins/neard.c:neard_init() Setup neard plugin
Aug 14 21:03:28.299628 n bluetoothd[29890]: plugins/hostname.c:read_dmi_fallback() chassis: laptop
Aug 14 21:03:28.299644 n bluetoothd[29890]: plugins/hostname.c:read_dmi_fallback() major: 0x01 minor: 0x03
Aug 14 21:03:28.299650 n bluetoothd[29890]: plugins/hostname.c:read_transient_hostname() read transient hostname: 'n'
Aug 14 21:03:28.300160 n bluetoothd[29890]: plugins/sixaxis.c:sixaxis_init()
Aug 14 21:03:28.300262 n bluetoothd[29890]: src/main.c:main() Entering main loop
Aug 14 21:03:28.300304 n bluetoothd[29890]: src/shared/mgmt.c:send_request() [0xffff] command 0x0001
Aug 14 21:03:28.300316 n bluetoothd[29890]: src/rfkill.c:rfkill_event() RFKILL event idx 0 type 2 op 0 soft 1 hard 0
Aug 14 21:03:28.300331 n bluetoothd[29890]: src/shared/mgmt.c:can_read_data() [0xffff] command 0x0001 complete: 0x00
Aug 14 21:03:28.300343 n bluetoothd[29890]: Bluetooth management interface 1.23 initialized
Aug 14 21:03:28.300350 n bluetoothd[29890]: src/adapter.c:read_version_complete() sending read supported commands command
Aug 14 21:03:28.300358 n bluetoothd[29890]: src/adapter.c:read_version_complete() sending read index list command
Aug 14 21:03:28.300369 n bluetoothd[29890]: src/rfkill.c:rfkill_event() RFKILL event idx 1 type 1 op 0 soft 0 hard 0
Aug 14 21:03:28.300391 n bluetoothd[29890]: src/shared/mgmt.c:send_request() [0xffff] command 0x0002
Aug 14 21:03:28.300404 n bluetoothd[29890]: src/shared/mgmt.c:can_read_data() [0xffff] command 0x0002 complete: 0x00
Aug 14 21:03:28.300410 n bluetoothd[29890]: src/adapter.c:read_commands_complete() Number of commands: 89
Aug 14 21:03:28.300419 n bluetoothd[29890]: src/adapter.c:read_commands_complete() Number of events: 44
Aug 14 21:03:28.300425 n bluetoothd[29890]: src/adapter.c:read_commands_complete() enabling kernel-side connection control
Aug 14 21:03:28.300431 n bluetoothd[29890]: src/adapter.c:read_commands_complete() kernel supports the set_blocked_keys op
Aug 14 21:03:28.300440 n bluetoothd[29890]: src/adapter.c:read_commands_complete() kernel supports controller cap command
Aug 14 21:03:28.300449 n bluetoothd[29890]: src/adapter.c:read_commands_complete() kernel supports exp features
Aug 14 21:03:28.300456 n bluetoothd[29890]: src/adapter.c:read_commands_complete() kernel supports set system confic
Aug 14 21:03:28.300462 n bluetoothd[29890]: src/adapter.c:read_commands_complete() kernel supports ext adv commands
Aug 14 21:03:28.300468 n bluetoothd[29890]: src/adapter.c:read_commands_complete() kernel supports suspend/resume events
Aug 14 21:03:28.300488 n bluetoothd[29890]: src/shared/mgmt.c:send_request() [0xffff] command 0x0003
Aug 14 21:03:28.300502 n bluetoothd[29890]: src/shared/mgmt.c:can_read_data() [0xffff] command 0x0003 complete: 0x00
Aug 14 21:03:28.300509 n bluetoothd[29890]: src/adapter.c:read_index_list_complete() Number of controllers: 1
Aug 14 21:03:28.300517 n bluetoothd[29890]: src/adapter.c:read_index_list_complete() Found index 0
Aug 14 21:03:28.300523 n bluetoothd[29890]: src/adapter.c:index_added() index 0
Aug 14 21:03:28.300530 n bluetoothd[29890]: src/adapter.c:reset_adv_monitors() sending remove Adv Monitor command with handle 0
Aug 14 21:03:28.300574 n bluetoothd[29890]: src/adapter.c:btd_adapter_new() System name: BlueZ 5.72
Aug 14 21:03:28.300582 n bluetoothd[29890]: src/adapter.c:btd_adapter_new() Major class: 0
Aug 14 21:03:28.300588 n bluetoothd[29890]: src/adapter.c:btd_adapter_new() Minor class: 0
Aug 14 21:03:28.300594 n bluetoothd[29890]: src/adapter.c:btd_adapter_new() Modalias: usb:v1D6Bp0246d0548
Aug 14 21:03:28.300600 n bluetoothd[29890]: src/adapter.c:btd_adapter_new() Discoverable timeout: 180 seconds
Aug 14 21:03:28.300610 n bluetoothd[29890]: src/adapter.c:btd_adapter_new() Pairable timeout: 0 seconds
Aug 14 21:03:28.300616 n bluetoothd[29890]: src/adapter.c:btd_adapter_new() Power state: off-blocked
Aug 14 21:03:28.300650 n bluetoothd[29890]: src/shared/mgmt.c:send_request() [0x0000] command 0x0053
Aug 14 21:03:28.300670 n bluetoothd[29890]: src/profile.c:unregister_profile() sender :1.85
Aug 14 21:03:28.300687 n bluetoothd[29890]: src/profile.c:register_profile() sender :1.126
Aug 14 21:03:28.300698 n bluetoothd[29890]: src/profile.c:create_ext() Created "Message Notification"
Aug 14 21:03:28.300777 n bluetoothd[29890]: src/profile.c:register_profile() sender :1.126
Aug 14 21:03:28.300787 n bluetoothd[29890]: src/profile.c:create_ext() Created "Message Access"
Aug 14 21:03:28.300800 n bluetoothd[29890]: src/profile.c:register_profile() sender :1.126
Aug 14 21:03:28.300809 n bluetoothd[29890]: src/profile.c:create_ext() Created "Phone Book Access"
Aug 14 21:03:28.300823 n bluetoothd[29890]: src/profile.c:register_profile() sender :1.126
Aug 14 21:03:28.300832 n bluetoothd[29890]: src/profile.c:create_ext() Created "Synchronization"
Aug 14 21:03:28.300845 n bluetoothd[29890]: src/profile.c:register_profile() sender :1.126
Aug 14 21:03:28.300854 n bluetoothd[29890]: src/profile.c:create_ext() Created "File Transfer"
Aug 14 21:03:28.300869 n bluetoothd[29890]: src/profile.c:register_profile() sender :1.126
Aug 14 21:03:28.300881 n bluetoothd[29890]: src/profile.c:create_ext() Created "Object Push"
Aug 14 21:03:28.300904 n bluetoothd[29890]: src/profile.c:register_profile() sender :1.126
Aug 14 21:03:28.300916 n bluetoothd[29890]: src/profile.c:create_ext() Created ":1.126/org/bluez/obex/00005005_0000_1000_8000_0002ee000001/<UUID-04>"
Aug 14 21:03:28.301147 n bluetoothd[29890]: src/agent.c:add_default_agent() Default agent set to :1.125 /org/gnome/bluetooth/settings
Aug 14 21:03:28.301157 n bluetoothd[29890]: src/agent.c:agent_ref() 0x57597f25ac60: ref=1
Aug 14 21:03:28.301164 n bluetoothd[29890]: src/agent.c:register_agent() agent :1.125
Aug 14 21:03:28.301202 n bluetoothd[29890]: src/profile.c:unregister_profile() sender :1.85
Aug 14 21:03:28.301227 n bluetoothd[29890]: src/shared/mgmt.c:can_read_data() [0x0000] command 0x0053 complete: 0x00
Aug 14 21:03:28.301235 n bluetoothd[29890]: src/adapter.c:reset_adv_monitors_complete() Removed all Adv Monitors
Aug 14 21:03:28.301261 n bluetoothd[29890]: src/shared/mgmt.c:send_request() [0x0000] command 0x0049
Aug 14 21:03:28.301276 n bluetoothd[29890]: src/shared/mgmt.c:can_read_data() [0x0000] command 0x0049 complete: 0x00
Aug 14 21:03:28.301283 n bluetoothd[29890]: src/adapter.c:read_exp_features_complete() index 0 status 0x00
Aug 14 21:03:28.301290 n bluetoothd[29890]: src/adapter.c:read_exp_features_complete() <UUID-01> flags 0 action 0
Aug 14 21:03:28.301297 n bluetoothd[29890]: src/adapter.c:read_exp_features_complete() <UUID-02> flags 0 action 0
Aug 14 21:03:28.301305 n bluetoothd[29890]: src/adapter.c:read_info() sending read info command for index 0
Aug 14 21:03:28.301329 n bluetoothd[29890]: src/shared/mgmt.c:send_request() [0x0000] command 0x0004
Aug 14 21:03:28.301351 n bluetoothd[29890]: src/shared/mgmt.c:can_read_data() [0x0000] command 0x0004 complete: 0x00
Aug 14 21:03:28.301359 n bluetoothd[29890]: src/adapter.c:read_info_complete() index 0 status 0x00
Aug 14 21:03:28.301367 n bluetoothd[29890]: src/adapter.c:clear_uuids() sending clear uuids command for index 0
Aug 14 21:03:28.301376 n bluetoothd[29890]: src/adapter.c:clear_devices() sending clear devices command for index 0
Aug 14 21:03:28.301383 n bluetoothd[29890]: src/adapter.c:set_privacy() sending set privacy command for index 0
Aug 14 21:03:28.301393 n bluetoothd[29890]: src/adapter.c:set_privacy() setting privacy mode 0x00 for index 0
Aug 14 21:03:28.301409 n bluetoothd[29890]: src/agent.c:agent_ref() 0x57597f25ac60: ref=2
Aug 14 21:03:28.301417 n bluetoothd[29890]: src/agent.c:agent_unref() 0x57597f25ac60: ref=1
Aug 14 21:03:28.301425 n bluetoothd[29890]: src/battery.c:manager_new()
Aug 14 21:03:28.301436 n bluetoothd[29890]: Battery Provider Manager created
Aug 14 21:03:28.301512 n bluetoothd[29890]: src/gatt-database.c:btd_gatt_database_new() GATT Manager registered for adapter: /org/bluez/hci0
Aug 14 21:03:28.301530 n bluetoothd[29890]: src/adapter.c:adapter_service_add() /org/bluez/hci0
Aug 14 21:03:28.301538 n bluetoothd[29890]: src/sdpd-service.c:add_record_to_server() Adding record with handle 0x10001
Aug 14 21:03:28.301546 n bluetoothd[29890]: src/sdpd-service.c:add_record_to_server() Record pattern UUID 00000007-0000-1000-8000-00805f9
Aug 14 21:03:28.301554 n bluetoothd[29890]: src/sdpd-service.c:add_record_to_server() Record pattern UUID 00000100-0000-1000-8000-00805f9
Aug 14 21:03:28.301562 n bluetoothd[29890]: src/sdpd-service.c:add_record_to_server() Record pattern UUID 00001002-0000-1000-8000-00805f9
Aug 14 21:03:28.301570 n bluetoothd[29890]: src/sdpd-service.c:add_record_to_server() Record pattern UUID 00001800-0000-1000-8000-00805f9
Aug 14 21:03:28.301577 n bluetoothd[29890]: src/adapter.c:adapter_service_insert() /org/bluez/hci0
Aug 14 21:03:28.301586 n bluetoothd[29890]: src/adapter.c:add_uuid() sending add uuid command for index 0
Aug 14 21:03:28.301603 n bluetoothd[29890]: src/adapter.c:adapter_service_add() /org/bluez/hci0
Aug 14 21:03:28.301611 n bluetoothd[29890]: src/sdpd-service.c:add_record_to_server() Adding record with handle 0x10002
Aug 14 21:03:28.301619 n bluetoothd[29890]: src/sdpd-service.c:add_record_to_server() Record pattern UUID 00000007-0000-1000-8000-00805f9
Aug 14 21:03:28.301628 n bluetoothd[29890]: src/sdpd-service.c:add_record_to_server() Record pattern UUID 00000100-0000-1000-8000-00805f9
Aug 14 21:03:28.301635 n bluetoothd[29890]: src/sdpd-service.c:add_record_to_server() Record pattern UUID 00001002-0000-1000-8000-00805f9
Aug 14 21:03:28.301643 n bluetoothd[29890]: src/sdpd-service.c:add_record_to_server() Record pattern UUID 00001801-0000-1000-8000-00805f9
Aug 14 21:03:28.301653 n bluetoothd[29890]: src/adapter.c:adapter_service_insert() /org/bluez/hci0
Aug 14 21:03:28.301660 n bluetoothd[29890]: src/adapter.c:add_uuid() sending add uuid command for index 0
Aug 14 21:03:28.301673 n bluetoothd[29890]: src/adapter.c:adapter_service_add() /org/bluez/hci0
Aug 14 21:03:28.301681 n bluetoothd[29890]: src/sdpd-service.c:add_record_to_server() Adding record with handle 0x10003
Aug 14 21:03:28.301691 n bluetoothd[29890]: src/sdpd-service.c:add_record_to_server() Record pattern UUID 00000007-0000-1000-8000-00805f9
Aug 14 21:03:28.301698 n bluetoothd[29890]: src/sdpd-service.c:add_record_to_server() Record pattern UUID 00000100-0000-1000-8000-00805f9
Aug 14 21:03:28.301709 n bluetoothd[29890]: src/sdpd-service.c:add_record_to_server() Record pattern UUID 00001002-0000-1000-8000-00805f9
Aug 14 21:03:28.301716 n bluetoothd[29890]: src/sdpd-service.c:add_record_to_server() Record pattern UUID 0000180a-0000-1000-8000-00805f9
Aug 14 21:03:28.301723 n bluetoothd[29890]: src/adapter.c:adapter_service_insert() /org/bluez/hci0
Aug 14 21:03:28.301735 n bluetoothd[29890]: src/adapter.c:add_uuid() sending add uuid command for index 0
Aug 14 21:03:28.301742 n bluetoothd[29890]: src/advertising.c:btd_adv_manager_new() LE Advertising Manager created for adapter: /org/bluez/hci0
Aug 14 21:03:28.301800 n bluetoothd[29890]: profiles/audio/a2dp.c:media_server_probe() path /org/bluez/hci0
Aug 14 21:03:28.301814 n bluetoothd[29890]: plugins/policy.c:policy_adapter_probe()
Aug 14 21:03:28.301850 n bluetoothd[29890]: src/adapter.c:set_mode() sending set mode command for index 0
Aug 14 21:03:28.301859 n bluetoothd[29890]: plugins/hostname.c:hostname_probe()
Aug 14 21:03:28.301866 n bluetoothd[29890]: plugins/hostname.c:update_class() major: 0x01 minor: 0x03
Aug 14 21:03:28.301874 n bluetoothd[29890]: src/adapter.c:btd_adapter_set_class() class: major 1 minor 3
Aug 14 21:03:28.301880 n bluetoothd[29890]: src/adapter.c:set_dev_class() sending set device class command for index 0
Aug 14 21:03:28.301914 n bluetoothd[29890]: profiles/network/manager.c:panu_server_probe() path /org/bluez/hci0
Aug 14 21:03:28.301954 n bluetoothd[29890]: profiles/network/server.c:server_register() Registered interface org.bluez.NetworkServer1 on path /org/bluez/hci0
Aug 14 21:03:28.301963 n bluetoothd[29890]: profiles/network/manager.c:gn_server_probe() path /org/bluez/hci0
Aug 14 21:03:28.301972 n bluetoothd[29890]: profiles/network/manager.c:nap_server_probe() path /org/bluez/hci0
Aug 14 21:03:28.301980 n bluetoothd[29890]: profiles/audio/avrcp.c:avrcp_controller_server_probe() path /org/bluez/hci0
Aug 14 21:03:28.302028 n bluetoothd[29890]: src/adapter.c:adapter_service_add() /org/bluez/hci0
Aug 14 21:03:28.302037 n bluetoothd[29890]: src/sdpd-service.c:add_record_to_server() Adding record with handle 0x10004
Aug 14 21:03:28.302048 n bluetoothd[29890]: src/sdpd-service.c:add_record_to_server() Record pattern UUID 00000017-0000-1000-8000-00805f9
Aug 14 21:03:28.302056 n bluetoothd[29890]: src/sdpd-service.c:add_record_to_server() Record pattern UUID 00000100-0000-1000-8000-00805f9
Aug 14 21:03:28.302064 n bluetoothd[29890]: src/sdpd-service.c:add_record_to_server() Record pattern UUID 00001002-0000-1000-8000-00805f9
Aug 14 21:03:28.302072 n bluetoothd[29890]: src/sdpd-service.c:add_record_to_server() Record pattern UUID 0000110e-0000-1000-8000-00805f9
Aug 14 21:03:28.302080 n bluetoothd[29890]: src/sdpd-service.c:add_record_to_server() Record pattern UUID 0000110f-0000-1000-8000-00805f9
Aug 14 21:03:28.302088 n bluetoothd[29890]: src/adapter.c:adapter_service_insert() /org/bluez/hci0
Aug 14 21:03:28.302096 n bluetoothd[29890]: src/adapter.c:add_uuid() sending add uuid command for index 0
Aug 14 21:03:28.302107 n bluetoothd[29890]: profiles/audio/avrcp.c:avrcp_target_server_probe() path /org/bluez/hci0
Aug 14 21:03:28.302117 n bluetoothd[29890]: src/adapter.c:adapter_service_add() /org/bluez/hci0
Aug 14 21:03:28.302125 n bluetoothd[29890]: src/sdpd-service.c:add_record_to_server() Adding record with handle 0x10005
Aug 14 21:03:28.302134 n bluetoothd[29890]: src/sdpd-service.c:add_record_to_server() Record pattern UUID 00000017-0000-1000-8000-00805f9
Aug 14 21:03:28.302141 n bluetoothd[29890]: src/sdpd-service.c:add_record_to_server() Record pattern UUID 00000100-0000-1000-8000-00805f9
Aug 14 21:03:28.302148 n bluetoothd[29890]: src/sdpd-service.c:add_record_to_server() Record pattern UUID 00001002-0000-1000-8000-00805f9
Aug 14 21:03:28.302155 n bluetoothd[29890]: src/sdpd-service.c:add_record_to_server() Record pattern UUID 0000110c-0000-1000-8000-00805f9
Aug 14 21:03:28.302163 n bluetoothd[29890]: src/sdpd-service.c:add_record_to_server() Record pattern UUID 0000110e-0000-1000-8000-00805f9
Aug 14 21:03:28.302170 n bluetoothd[29890]: src/adapter.c:adapter_service_insert() /org/bluez/hci0
Aug 14 21:03:28.302176 n bluetoothd[29890]: src/adapter.c:add_uuid() sending add uuid command for index 0
Aug 14 21:03:28.302187 n bluetoothd[29890]: profiles/audio/a2dp.c:a2dp_sink_server_probe() path /org/bluez/hci0
Aug 14 21:03:28.302198 n bluetoothd[29890]: profiles/audio/a2dp.c:a2dp_source_server_probe() path /org/bluez/hci0
Aug 14 21:03:28.302207 n bluetoothd[29890]: profiles/sap/manager.c:sap_server_probe() path /org/bluez/hci0
Aug 14 21:03:28.302222 n bluetoothd[29890]: profiles/sap/server.c:sap_server_register() Sap driver initialization failed.
Aug 14 21:03:28.302229 n bluetoothd[29890]: sap-server: Operation not permitted (1)
Aug 14 21:03:28.302240 n bluetoothd[29890]: src/profile.c:ext_adapter_probe() "Message Notification" probed
Aug 14 21:03:28.302269 n bluetoothd[29890]: src/profile.c:ext_start_servers() Message Notification listening on PSM 4097
Aug 14 21:03:28.302288 n bluetoothd[29890]: src/profile.c:ext_start_servers() Message Notification listening on chan 17
Aug 14 21:03:28.302325 n bluetoothd[29890]: src/adapter.c:adapter_service_add() /org/bluez/hci0
Aug 14 21:03:28.302343 n bluetoothd[29890]: src/sdpd-service.c:add_record_to_server() Adding record with handle 0x10006
Aug 14 21:03:28.302351 n bluetoothd[29890]: src/sdpd-service.c:add_record_to_server() Record pattern UUID 00000003-0000-1000-8000-00805f9
Aug 14 21:03:28.302358 n bluetoothd[29890]: src/sdpd-service.c:add_record_to_server() Record pattern UUID 00000008-0000-1000-8000-00805f9
Aug 14 21:03:28.302368 n bluetoothd[29890]: src/sdpd-service.c:add_record_to_server() Record pattern UUID 00000100-0000-1000-8000-00805f9
Aug 14 21:03:28.302375 n bluetoothd[29890]: src/sdpd-service.c:add_record_to_server() Record pattern UUID 00001002-0000-1000-8000-00805f9
Aug 14 21:03:28.302383 n bluetoothd[29890]: src/sdpd-service.c:add_record_to_server() Record pattern UUID 00001133-0000-1000-8000-00805f9
Aug 14 21:03:28.302390 n bluetoothd[29890]: src/sdpd-service.c:add_record_to_server() Record pattern UUID 00001134-0000-1000-8000-00805f9
Aug 14 21:03:28.302398 n bluetoothd[29890]: src/adapter.c:adapter_service_insert() /org/bluez/hci0
Aug 14 21:03:28.302405 n bluetoothd[29890]: src/adapter.c:add_uuid() sending add uuid command for index 0
Aug 14 21:03:28.302412 n bluetoothd[29890]: src/profile.c:ext_adapter_probe() "Message Access" probed
Aug 14 21:03:28.302438 n bluetoothd[29890]: src/profile.c:ext_start_servers() Message Access listening on PSM 4099
Aug 14 21:03:28.302459 n bluetoothd[29890]: src/profile.c:ext_start_servers() Message Access listening on chan 16
Aug 14 21:03:28.302493 n bluetoothd[29890]: src/adapter.c:adapter_service_add() /org/bluez/hci0
Aug 14 21:03:28.302500 n bluetoothd[29890]: src/sdpd-service.c:add_record_to_server() Adding record with handle 0x10007
Aug 14 21:03:28.302507 n bluetoothd[29890]: src/sdpd-service.c:add_record_to_server() Record pattern UUID 00000003-0000-1000-8000-00805f9
Aug 14 21:03:28.302516 n bluetoothd[29890]: src/sdpd-service.c:add_record_to_server() Record pattern UUID 00000008-0000-1000-8000-00805f9
Aug 14 21:03:28.302525 n bluetoothd[29890]: src/sdpd-service.c:add_record_to_server() Record pattern UUID 00000100-0000-1000-8000-00805f9
Aug 14 21:03:28.302532 n bluetoothd[29890]: src/sdpd-service.c:add_record_to_server() Record pattern UUID 00001002-0000-1000-8000-00805f9
Aug 14 21:03:28.302544 n bluetoothd[29890]: src/sdpd-service.c:add_record_to_server() Record pattern UUID 00001132-0000-1000-8000-00805f9
Aug 14 21:03:28.302550 n bluetoothd[29890]: src/sdpd-service.c:add_record_to_server() Record pattern UUID 00001134-0000-1000-8000-00805f9
Aug 14 21:03:28.302557 n bluetoothd[29890]: src/adapter.c:adapter_service_insert() /org/bluez/hci0
Aug 14 21:03:28.302569 n bluetoothd[29890]: src/adapter.c:add_uuid() sending add uuid command for index 0
Aug 14 21:03:28.302576 n bluetoothd[29890]: src/profile.c:ext_adapter_probe() "Phone Book Access" probed
Aug 14 21:03:28.302604 n bluetoothd[29890]: src/profile.c:ext_start_servers() Phone Book Access listening on PSM 4101
Aug 14 21:03:28.302624 n bluetoothd[29890]: src/profile.c:ext_start_servers() Phone Book Access listening on chan 15
Aug 14 21:03:28.302654 n bluetoothd[29890]: src/adapter.c:adapter_service_add() /org/bluez/hci0
Aug 14 21:03:28.302661 n bluetoothd[29890]: src/sdpd-service.c:add_record_to_server() Adding record with handle 0x10008
Aug 14 21:03:28.302668 n bluetoothd[29890]: src/sdpd-service.c:add_record_to_server() Record pattern UUID 00000003-0000-1000-8000-00805f9
Aug 14 21:03:28.302675 n bluetoothd[29890]: src/sdpd-service.c:add_record_to_server() Record pattern UUID 00000008-0000-1000-8000-00805f9
Aug 14 21:03:28.302685 n bluetoothd[29890]: src/sdpd-service.c:add_record_to_server() Record pattern UUID 00000100-0000-1000-8000-00805f9
Aug 14 21:03:28.302691 n bluetoothd[29890]: src/sdpd-service.c:add_record_to_server() Record pattern UUID 00001002-0000-1000-8000-00805f9
Aug 14 21:03:28.302700 n bluetoothd[29890]: src/sdpd-service.c:add_record_to_server() Record pattern UUID 0000112f-0000-1000-8000-00805f9
Aug 14 21:03:28.302708 n bluetoothd[29890]: src/sdpd-service.c:add_record_to_server() Record pattern UUID 00001130-0000-1000-8000-00805f9
Aug 14 21:03:28.302715 n bluetoothd[29890]: src/adapter.c:adapter_service_insert() /org/bluez/hci0
Aug 14 21:03:28.302725 n bluetoothd[29890]: src/adapter.c:add_uuid() sending add uuid command for index 0
Aug 14 21:03:28.302733 n bluetoothd[29890]: src/profile.c:ext_adapter_probe() "Synchronization" probed
Aug 14 21:03:28.302754 n bluetoothd[29890]: src/profile.c:ext_start_servers() Synchronization listening on chan 14
Aug 14 21:03:28.302794 n bluetoothd[29890]: src/adapter.c:adapter_service_add() /org/bluez/hci0
Aug 14 21:03:28.302803 n bluetoothd[29890]: src/sdpd-service.c:add_record_to_server() Adding record with handle 0x10009
Aug 14 21:03:28.302810 n bluetoothd[29890]: src/sdpd-service.c:add_record_to_server() Record pattern UUID 00000003-0000-1000-8000-00805f9
Aug 14 21:03:28.302816 n bluetoothd[29890]: src/sdpd-service.c:add_record_to_server() Record pattern UUID 00000008-0000-1000-8000-00805f9
Aug 14 21:03:28.302825 n bluetoothd[29890]: src/sdpd-service.c:add_record_to_server() Record pattern UUID 00000100-0000-1000-8000-00805f9
Aug 14 21:03:28.302832 n bluetoothd[29890]: src/sdpd-service.c:add_record_to_server() Record pattern UUID 00001002-0000-1000-8000-00805f9
Aug 14 21:03:28.302841 n bluetoothd[29890]: src/sdpd-service.c:add_record_to_server() Record pattern UUID 00001104-0000-1000-8000-00805f9
Aug 14 21:03:28.302849 n bluetoothd[29890]: src/adapter.c:adapter_service_insert() /org/bluez/hci0
Aug 14 21:03:28.302857 n bluetoothd[29890]: src/adapter.c:add_uuid() sending add uuid command for index 0
Aug 14 21:03:28.302867 n bluetoothd[29890]: src/profile.c:ext_adapter_probe() "File Transfer" probed
Aug 14 21:03:28.302894 n bluetoothd[29890]: src/profile.c:ext_start_servers() File Transfer listening on PSM 4103
Aug 14 21:03:28.302914 n bluetoothd[29890]: src/profile.c:ext_start_servers() File Transfer listening on chan 10
Aug 14 21:03:28.302944 n bluetoothd[29890]: src/adapter.c:adapter_service_add() /org/bluez/hci0
Aug 14 21:03:28.302953 n bluetoothd[29890]: src/sdpd-service.c:add_record_to_server() Adding record with handle 0x1000a
Aug 14 21:03:28.302961 n bluetoothd[29890]: src/sdpd-service.c:add_record_to_server() Record pattern UUID 00000003-0000-1000-8000-00805f9
Aug 14 21:03:28.302971 n bluetoothd[29890]: src/sdpd-service.c:add_record_to_server() Record pattern UUID 00000008-0000-1000-8000-00805f9
Aug 14 21:03:28.302978 n bluetoothd[29890]: src/sdpd-service.c:add_record_to_server() Record pattern UUID 00000100-0000-1000-8000-00805f9
Aug 14 21:03:28.302985 n bluetoothd[29890]: src/sdpd-service.c:add_record_to_server() Record pattern UUID 00001002-0000-1000-8000-00805f9
Aug 14 21:03:28.302994 n bluetoothd[29890]: src/sdpd-service.c:add_record_to_server() Record pattern UUID 00001106-0000-1000-8000-00805f9
Aug 14 21:03:28.303003 n bluetoothd[29890]: src/adapter.c:adapter_service_insert() /org/bluez/hci0
Aug 14 21:03:28.303013 n bluetoothd[29890]: src/adapter.c:add_uuid() sending add uuid command for index 0
Aug 14 21:03:28.303020 n bluetoothd[29890]: src/profile.c:ext_adapter_probe() "Object Push" probed
Aug 14 21:03:28.303046 n bluetoothd[29890]: src/profile.c:ext_start_servers() Object Push listening on PSM 4105
Aug 14 21:03:28.303063 n bluetoothd[29890]: src/profile.c:ext_start_servers() Object Push listening on chan 9
Aug 14 21:03:28.303094 n bluetoothd[29890]: src/adapter.c:adapter_service_add() /org/bluez/hci0
Aug 14 21:03:28.303102 n bluetoothd[29890]: src/sdpd-service.c:add_record_to_server() Adding record with handle 0x1000b
Aug 14 21:03:28.303109 n bluetoothd[29890]: src/sdpd-service.c:add_record_to_server() Record pattern UUID 00000003-0000-1000-8000-00805f9
Aug 14 21:03:28.303116 n bluetoothd[29890]: src/sdpd-service.c:add_record_to_server() Record pattern UUID 00000008-0000-1000-8000-00805f9
Aug 14 21:03:28.303123 n bluetoothd[29890]: src/sdpd-service.c:add_record_to_server() Record pattern UUID 00000100-0000-1000-8000-00805f9
Aug 14 21:03:28.303130 n bluetoothd[29890]: src/sdpd-service.c:add_record_to_server() Record pattern UUID 00001002-0000-1000-8000-00805f9
Aug 14 21:03:28.303137 n bluetoothd[29890]: src/sdpd-service.c:add_record_to_server() Record pattern UUID 00001105-0000-1000-8000-00805f9
Aug 14 21:03:28.303144 n bluetoothd[29890]: src/adapter.c:adapter_service_insert() /org/bluez/hci0
Aug 14 21:03:28.303151 n bluetoothd[29890]: src/adapter.c:add_uuid() sending add uuid command for index 0
Aug 14 21:03:28.303160 n bluetoothd[29890]: src/profile.c:ext_adapter_probe() ":1.126/org/bluez/obex/00005005_0000_1000_8000_0002ee000001/<UUID-04>" probed
Aug 14 21:03:28.303184 n bluetoothd[29890]: src/adapter.c:adapter_service_add() /org/bluez/hci0
Aug 14 21:03:28.303192 n bluetoothd[29890]: src/sdpd-service.c:add_record_to_server() Adding record with handle 0x1000c
Aug 14 21:03:28.303199 n bluetoothd[29890]: src/sdpd-service.c:add_record_to_server() Record pattern UUID 00000003-0000-1000-8000-00805f9
Aug 14 21:03:28.303206 n bluetoothd[29890]: src/sdpd-service.c:add_record_to_server() Record pattern UUID 00000008-0000-1000-8000-00805f9
Aug 14 21:03:28.303215 n bluetoothd[29890]: src/sdpd-service.c:add_record_to_server() Record pattern UUID 00000100-0000-1000-8000-00805f9
Aug 14 21:03:28.303221 n bluetoothd[29890]: src/sdpd-service.c:add_record_to_server() Record pattern UUID 00001002-0000-1000-8000-00805f9
Aug 14 21:03:28.303227 n bluetoothd[29890]: src/sdpd-service.c:add_record_to_server() Record pattern UUID 00005005-0000-1000-8000-0002ee0
Aug 14 21:03:28.303234 n bluetoothd[29890]: src/adapter.c:adapter_service_insert() /org/bluez/hci0
Aug 14 21:03:28.303242 n bluetoothd[29890]: src/adapter.c:add_uuid() sending add uuid command for index 0
Aug 14 21:03:28.303254 n bluetoothd[29890]: src/adapter.c:btd_adapter_unblock_address() hci0 AA:BB:CC:00:00:01
Aug 14 21:03:28.303339 n bluetoothd[29890]: src/adapter.c:get_ltk_info() AA:BB:CC:00:00:02
Aug 14 21:03:28.303348 n bluetoothd[29890]: src/adapter.c:get_peripheral_ltk_info() AA:BB:CC:00:00:02
Aug 14 21:03:28.303356 n bluetoothd[29890]: src/device.c:device_create_from_storage() address AA:BB:CC:00:00:02
Aug 14 21:03:28.303363 n bluetoothd[29890]: src/device.c:device_new() address AA:BB:CC:00:00:02
Aug 14 21:03:28.303372 n bluetoothd[29890]: src/device.c:device_new() Creating device /org/bluez/hci0/dev_AA:BB:CC:00:00:02
Aug 14 21:03:28.303471 n bluetoothd[29890]: src/device.c:btd_device_set_temporary() temporary 0
Aug 14 21:03:28.303482 n bluetoothd[29890]: src/device.c:device_set_bonded() setting bonded for device to true
Aug 14 21:03:28.303523 n bluetoothd[29890]: src/adapter.c:get_ltk_info() AA:BB:CC:00:00:03
Aug 14 21:03:28.303532 n bluetoothd[29890]: src/adapter.c:get_peripheral_ltk_info() AA:BB:CC:00:00:03
Aug 14 21:03:28.303540 n bluetoothd[29890]: src/device.c:device_create_from_storage() address AA:BB:CC:00:00:03
Aug 14 21:03:28.303550 n bluetoothd[29890]: src/device.c:device_new() address AA:BB:CC:00:00:03
Aug 14 21:03:28.303558 n bluetoothd[29890]: src/device.c:device_new() Creating device /org/bluez/hci0/dev_AA:BB:CC:00:00:03
Aug 14 21:03:28.303642 n bluetoothd[29890]: src/device.c:btd_device_set_temporary() temporary 0
Aug 14 21:03:28.303653 n bluetoothd[29890]: src/device.c:device_set_bonded() setting bonded for device to true
Aug 14 21:03:28.303690 n bluetoothd[29890]: src/adapter.c:get_ltk_info() AA:BB:CC:00:00:04
Aug 14 21:03:28.303699 n bluetoothd[29890]: src/adapter.c:get_peripheral_ltk_info() AA:BB:CC:00:00:04
Aug 14 21:03:28.303709 n bluetoothd[29890]: src/device.c:device_create_from_storage() address AA:BB:CC:00:00:04
Aug 14 21:03:28.303718 n bluetoothd[29890]: src/device.c:device_new() address AA:BB:CC:00:00:04
Aug 14 21:03:28.303727 n bluetoothd[29890]: src/device.c:device_new() Creating device /org/bluez/hci0/dev_AA:BB:CC:00:00:04
Aug 14 21:03:28.303787 n bluetoothd[29890]: src/device.c:btd_device_set_temporary() temporary 0
Aug 14 21:03:28.303797 n bluetoothd[29890]: src/device.c:device_set_bonded() setting bonded for device to true
Aug 14 21:03:28.303811 n bluetoothd[29890]: src/adapter.c:load_link_keys() hci0 keys 3 debug_keys 0 retry false
Aug 14 21:03:28.303819 n bluetoothd[29890]: src/adapter.c:load_ltks() hci0 keys 0
Aug 14 21:03:28.303827 n bluetoothd[29890]: src/adapter.c:load_irks() hci0 irks 0
Aug 14 21:03:28.303834 n bluetoothd[29890]: src/adapter.c:load_conn_params() hci0 conn params 0
Aug 14 21:03:28.303931 n bluetoothd[29890]: profiles/audio/avrcp.c:avrcp_controller_probe() path /org/bluez/hci0/dev_AA:BB:CC:00:00:02
Aug 14 21:03:28.303943 n bluetoothd[29890]: profiles/audio/control.c:control_init() Registered interface org.bluez.MediaControl1 on path /org/bluez/hci0/dev_AA:BB:CC:00:00:02
Aug 14 21:03:28.303950 n bluetoothd[29890]: src/service.c:btd_service_ref() 0x57597f26ee70: ref=2
Aug 14 21:03:28.303960 n bluetoothd[29890]: src/service.c:change_state() 0x57597f26ee70: device AA:BB:CC:00:00:02 profile avrcp-controller state changed: unavailable -> disconnected (0)
Aug 14 21:03:28.303973 n bluetoothd[29890]: profiles/audio/avrcp.c:avrcp_target_probe() path /org/bluez/hci0/dev_AA:BB:CC:00:00:02
Aug 14 21:03:28.303979 n bluetoothd[29890]: src/service.c:btd_service_ref() 0x57597f26ef30: ref=2
Aug 14 21:03:28.303989 n bluetoothd[29890]: src/service.c:change_state() 0x57597f26ef30: device AA:BB:CC:00:00:02 profile audio-avrcp-target state changed: unavailable -> disconnected (0)
Aug 14 21:03:28.304005 n bluetoothd[29890]: profiles/audio/a2dp.c:a2dp_sink_probe() path /org/bluez/hci0/dev_AA:BB:CC:00:00:02
Aug 14 21:03:28.304016 n bluetoothd[29890]: profiles/audio/sink.c:sink_init() /org/bluez/hci0/dev_AA:BB:CC:00:00:02
Aug 14 21:03:28.304028 n bluetoothd[29890]: src/service.c:btd_service_ref() 0x57597f26ef70: ref=2
Aug 14 21:03:28.304037 n bluetoothd[29890]: src/service.c:change_state() 0x57597f26ef70: device AA:BB:CC:00:00:02 profile a2dp-sink state changed: unavailable -> disconnected (0)
Aug 14 21:03:28.304215 n bluetoothd[29890]: profiles/audio/avrcp.c:avrcp_controller_probe() path /org/bluez/hci0/dev_AA:BB:CC:00:00:03
Aug 14 21:03:28.304228 n bluetoothd[29890]: profiles/audio/control.c:control_init() Registered interface org.bluez.MediaControl1 on path /org/bluez/hci0/dev_AA:BB:CC:00:00:03
Aug 14 21:03:28.304236 n bluetoothd[29890]: src/service.c:btd_service_ref() 0x57597f26f030: ref=2
Aug 14 21:03:28.304243 n bluetoothd[29890]: src/service.c:change_state() 0x57597f26f030: device AA:BB:CC:00:00:03 profile avrcp-controller state changed: unavailable -> disconnected (0)
Aug 14 21:03:28.304255 n bluetoothd[29890]: profiles/audio/avrcp.c:avrcp_target_probe() path /org/bluez/hci0/dev_AA:BB:CC:00:00:03
Aug 14 21:03:28.304262 n bluetoothd[29890]: src/service.c:btd_service_ref() 0x57597f26f0f0: ref=2
Aug 14 21:03:28.304272 n bluetoothd[29890]: src/service.c:change_state() 0x57597f26f0f0: device AA:BB:CC:00:00:03 profile audio-avrcp-target state changed: unavailable -> disconnected (0)
Aug 14 21:03:28.304281 n bluetoothd[29890]: profiles/audio/a2dp.c:a2dp_source_probe() path /org/bluez/hci0/dev_AA:BB:CC:00:00:03
Aug 14 21:03:28.304291 n bluetoothd[29890]: profiles/audio/source.c:source_init() /org/bluez/hci0/dev_AA:BB:CC:00:00:03
Aug 14 21:03:28.304298 n bluetoothd[29890]: src/service.c:btd_service_ref() 0x57597f26f130: ref=2
Aug 14 21:03:28.304305 n bluetoothd[29890]: src/service.c:change_state() 0x57597f26f130: device AA:BB:CC:00:00:03 profile a2dp-source state changed: unavailable -> disconnected (0)
Aug 14 21:03:28.304317 n bluetoothd[29890]: profiles/audio/a2dp.c:a2dp_sink_probe() path /org/bluez/hci0/dev_AA:BB:CC:00:00:03
Aug 14 21:03:28.304324 n bluetoothd[29890]: profiles/audio/sink.c:sink_init() /org/bluez/hci0/dev_AA:BB:CC:00:00:03
Aug 14 21:03:28.304330 n bluetoothd[29890]: src/service.c:btd_service_ref() 0x57597f26f1f0: ref=2
Aug 14 21:03:28.304344 n bluetoothd[29890]: src/service.c:change_state() 0x57597f26f1f0: device AA:BB:CC:00:00:03 profile a2dp-sink state changed: unavailable -> disconnected (0)
Aug 14 21:03:28.304429 n bluetoothd[29890]: profiles/audio/avrcp.c:avrcp_controller_probe() path /org/bluez/hci0/dev_AA:BB:CC:00:00:04
Aug 14 21:03:28.304438 n bluetoothd[29890]: profiles/audio/control.c:control_init() Registered interface org.bluez.MediaControl1 on path /org/bluez/hci0/dev_AA:BB:CC:00:00:04
Aug 14 21:03:28.304443 n bluetoothd[29890]: src/service.c:btd_service_ref() 0x57597f26f270: ref=2
Aug 14 21:03:28.304448 n bluetoothd[29890]: src/service.c:change_state() 0x57597f26f270: device AA:BB:CC:00:00:04 profile avrcp-controller state changed: unavailable -> disconnected (0)
Aug 14 21:03:28.304454 n bluetoothd[29890]: profiles/audio/avrcp.c:avrcp_target_probe() path /org/bluez/hci0/dev_AA:BB:CC:00:00:04
Aug 14 21:03:28.304459 n bluetoothd[29890]: src/service.c:btd_service_ref() 0x57597f26f330: ref=2
Aug 14 21:03:28.304464 n bluetoothd[29890]: src/service.c:change_state() 0x57597f26f330: device AA:BB:CC:00:00:04 profile audio-avrcp-target state changed: unavailable -> disconnected (0)
Aug 14 21:03:28.304473 n bluetoothd[29890]: profiles/audio/a2dp.c:a2dp_sink_probe() path /org/bluez/hci0/dev_AA:BB:CC:00:00:04
Aug 14 21:03:28.304479 n bluetoothd[29890]: profiles/audio/sink.c:sink_init() /org/bluez/hci0/dev_AA:BB:CC:00:00:04
Aug 14 21:03:28.304484 n bluetoothd[29890]: src/service.c:btd_service_ref() 0x57597f26f370: ref=2
Aug 14 21:03:28.304489 n bluetoothd[29890]: src/service.c:change_state() 0x57597f26f370: device AA:BB:CC:00:00:04 profile a2dp-sink state changed: unavailable -> disconnected (0)
Aug 14 21:03:28.304569 n bluetoothd[29890]: src/adapter.c:adapter_service_insert() /org/bluez/hci0
Aug 14 21:03:28.304580 n bluetoothd[29890]: src/adapter.c:add_uuid() sending add uuid command for index 0
Aug 14 21:03:28.304589 n bluetoothd[29890]: src/adapter.c:set_did() hci0 source 2 vendor 1d6b product 246 version 548
Aug 14 21:03:28.304596 n bluetoothd[29890]: src/adapter.c:adapter_register() Adapter /org/bluez/hci0 registered
Aug 14 21:03:28.304602 n bluetoothd[29890]: src/adapter.c:set_dev_class() sending set device class command for index 0
Aug 14 21:03:28.304607 n bluetoothd[29890]: src/adapter.c:set_name() sending set local name command for index 0
Aug 14 21:03:28.304612 n bluetoothd[29890]: src/adapter.c:set_mode() sending set mode command for index 0
Aug 14 21:03:28.304661 n bluetoothd[29890]: src/shared/mgmt.c:send_request() [0x0000] command 0x0011
Aug 14 21:03:28.314971 n bluetoothd[29890]: src/shared/mgmt.c:can_read_data() [0x0000] command 0x0011 complete: 0x00
Aug 14 21:03:28.315014 n bluetoothd[29890]: src/shared/mgmt.c:send_request() [0x0000] command 0x0034
Aug 14 21:03:28.315030 n bluetoothd[29890]: src/shared/mgmt.c:can_read_data() [0x0000] command 0x0034 complete: 0x00
Aug 14 21:03:28.315059 n bluetoothd[29890]: src/shared/mgmt.c:send_request() [0x0000] command 0x002f
Aug 14 21:03:28.315081 n bluetoothd[29890]: src/shared/mgmt.c:can_read_data() [0x0000] command 0x002f complete: 0x00
Aug 14 21:03:28.315094 n bluetoothd[29890]: src/adapter.c:set_privacy_complete() Successfully set privacy for index 0
Aug 14 21:03:28.315125 n bluetoothd[29890]: src/shared/mgmt.c:send_request() [0x0000] command 0x0018
Aug 14 21:03:28.315147 n bluetoothd[29890]: src/shared/mgmt.c:can_read_data() [0x0000] command 0x0018 complete: 0x00
Aug 14 21:03:28.315180 n bluetoothd[29890]: src/shared/mgmt.c:send_request() [0x0000] command 0x0010
Aug 14 21:03:28.315313 n bluetoothd[29890]: src/shared/mgmt.c:can_read_data() [0x0000] command 0x0010 complete: 0x00
Aug 14 21:03:28.315360 n bluetoothd[29890]: src/shared/mgmt.c:send_request() [0x0000] command 0x0010
Aug 14 21:03:28.315419 n bluetoothd[29890]: src/shared/mgmt.c:can_read_data() [0x0000] command 0x0010 complete: 0x00
Aug 14 21:03:28.315451 n bluetoothd[29890]: src/shared/mgmt.c:send_request() [0x0000] command 0x0010
Aug 14 21:03:28.315505 n bluetoothd[29890]: src/shared/mgmt.c:can_read_data() [0x0000] command 0x0010 complete: 0x00
Aug 14 21:03:28.315537 n bluetoothd[29890]: src/shared/mgmt.c:send_request() [0x0000] command 0x003d
Aug 14 21:03:28.315550 n bluetoothd[29890]: src/shared/mgmt.c:can_read_data() [0x0000] command 0x003d complete: 0x00
Aug 14 21:03:28.315573 n bluetoothd[29890]: src/shared/mgmt.c:send_request() [0x0000] command 0x0005
Aug 14 21:03:28.315634 n bluetoothd[29890]: src/shared/mgmt.c:can_read_data() [0x0000] command 0x05 status: 0x03
Aug 14 21:03:28.315641 n bluetoothd[29890]: Failed to set mode: Failed (0x03)
Aug 14 21:03:28.315664 n bluetoothd[29890]: src/shared/mgmt.c:send_request() [0x0000] command 0x000e
Aug 14 21:03:28.315679 n bluetoothd[29890]: src/shared/mgmt.c:can_read_data() [0x0000] command 0x000e complete: 0x00
Aug 14 21:03:28.315709 n bluetoothd[29890]: src/shared/mgmt.c:send_request() [0x0000] command 0x0010
Aug 14 21:03:28.315725 n bluetoothd[29890]: src/shared/mgmt.c:can_read_data() [0x0000] command 0x0010 complete: 0x00
Aug 14 21:03:28.315745 n bluetoothd[29890]: src/shared/mgmt.c:send_request() [0x0000] command 0x0010
Aug 14 21:03:28.315779 n bluetoothd[29890]: src/shared/mgmt.c:can_read_data() [0x0000] command 0x0010 complete: 0x00
Aug 14 21:03:28.315803 n bluetoothd[29890]: src/shared/mgmt.c:send_request() [0x0000] command 0x0010
Aug 14 21:03:28.315847 n bluetoothd[29890]: src/shared/mgmt.c:can_read_data() [0x0000] command 0x0010 complete: 0x00
Aug 14 21:03:28.315868 n bluetoothd[29890]: src/shared/mgmt.c:send_request() [0x0000] command 0x0010
Aug 14 21:03:28.315900 n bluetoothd[29890]: src/shared/mgmt.c:can_read_data() [0x0000] command 0x0010 complete: 0x00
Aug 14 21:03:28.315919 n bluetoothd[29890]: src/shared/mgmt.c:send_request() [0x0000] command 0x0010
Aug 14 21:03:28.315957 n bluetoothd[29890]: src/shared/mgmt.c:can_read_data() [0x0000] command 0x0010 complete: 0x00
Aug 14 21:03:28.315987 n bluetoothd[29890]: src/shared/mgmt.c:send_request() [0x0000] command 0x0010
Aug 14 21:03:28.316006 n bluetoothd[29890]: src/shared/mgmt.c:can_read_data() [0x0000] command 0x0010 complete: 0x00
Aug 14 21:03:28.316032 n bluetoothd[29890]: src/shared/mgmt.c:send_request() [0x0000] command 0x0010
Aug 14 21:03:28.316067 n bluetoothd[29890]: src/shared/mgmt.c:can_read_data() [0x0000] command 0x0010 complete: 0x00
Aug 14 21:03:28.316091 n bluetoothd[29890]: src/shared/mgmt.c:send_request() [0x0000] command 0x0010
Aug 14 21:03:28.316122 n bluetoothd[29890]: src/shared/mgmt.c:can_read_data() [0x0000] command 0x0010 complete: 0x00
Aug 14 21:03:28.316140 n bluetoothd[29890]: src/shared/mgmt.c:send_request() [0x0000] command 0x0010
Aug 14 21:03:28.316171 n bluetoothd[29890]: src/shared/mgmt.c:can_read_data() [0x0000] command 0x0010 complete: 0x00
Aug 14 21:03:28.316192 n bluetoothd[29890]: src/shared/mgmt.c:send_request() [0x0000] command 0x0027
Aug 14 21:03:28.316204 n bluetoothd[29890]: src/shared/mgmt.c:can_read_data() [0x0000] command 0x0027 complete: 0x00
Aug 14 21:03:28.316222 n bluetoothd[29890]: src/shared/mgmt.c:send_request() [0x0000] command 0x004c
Aug 14 21:03:28.316236 n bluetoothd[29890]: src/shared/mgmt.c:can_read_data() [0x0000] command 0x4c status: 0x0d
Aug 14 21:03:28.316266 n bluetoothd[29890]: src/shared/mgmt.c:send_request() [0x0000] command 0x0033
Aug 14 21:03:28.316308 n bluetoothd[29890]: src/shared/mgmt.c:can_read_data() [0x0000] event 0x002a
Aug 14 21:03:28.316327 n bluetoothd[29890]: src/shared/mgmt.c:can_read_data() [0x0000] command 0x0033 complete: 0x00
Aug 14 21:03:28.316344 n bluetoothd[29890]: src/adapter.c:add_accept_list_complete() AA:BB:CC:00:00:02 added to kernel accept list
Aug 14 21:03:28.316373 n bluetoothd[29890]: src/shared/mgmt.c:send_request() [0x0000] command 0x0033
Aug 14 21:03:28.316385 n bluetoothd[29890]: src/shared/mgmt.c:can_read_data() [0x0000] event 0x002a
Aug 14 21:03:28.316397 n bluetoothd[29890]: src/shared/mgmt.c:can_read_data() [0x0000] command 0x0033 complete: 0x00
Aug 14 21:03:28.316403 n bluetoothd[29890]: src/adapter.c:add_accept_list_complete() AA:BB:CC:00:00:03 added to kernel accept list
Aug 14 21:03:28.316422 n bluetoothd[29890]: src/shared/mgmt.c:send_request() [0x0000] command 0x0033
Aug 14 21:03:28.316435 n bluetoothd[29890]: src/shared/mgmt.c:can_read_data() [0x0000] event 0x002a
Aug 14 21:03:28.316450 n bluetoothd[29890]: src/shared/mgmt.c:can_read_data() [0x0000] command 0x0033 complete: 0x00
Aug 14 21:03:28.316456 n bluetoothd[29890]: src/adapter.c:add_accept_list_complete() AA:BB:CC:00:00:04 added to kernel accept list
Aug 14 21:03:28.316491 n bluetoothd[29890]: src/shared/mgmt.c:send_request() [0x0000] command 0x0012
Aug 14 21:03:28.316505 n bluetoothd[29890]: src/shared/mgmt.c:can_read_data() [0x0000] command 0x0012 complete: 0x00
Aug 14 21:03:28.316512 n bluetoothd[29890]: src/adapter.c:load_link_keys_complete() link keys loaded for hci0
Aug 14 21:03:28.316536 n bluetoothd[29890]: src/shared/mgmt.c:send_request() [0x0000] command 0x0013
Aug 14 21:03:28.316559 n bluetoothd[29890]: src/shared/mgmt.c:can_read_data() [0x0000] command 0x0013 complete: 0x00
Aug 14 21:03:28.316566 n bluetoothd[29890]: src/adapter.c:load_ltks_complete() LTKs loaded for hci0
Aug 14 21:03:28.316585 n bluetoothd[29890]: src/shared/mgmt.c:send_request() [0x0000] command 0x0030
Aug 14 21:03:28.316600 n bluetoothd[29890]: src/shared/mgmt.c:can_read_data() [0x0000] command 0x0030 complete: 0x00
Aug 14 21:03:28.316605 n bluetoothd[29890]: src/adapter.c:load_irks_complete() IRKs loaded for hci0
Aug 14 21:03:28.316623 n bluetoothd[29890]: src/shared/mgmt.c:send_request() [0x0000] command 0x0035
Aug 14 21:03:28.316636 n bluetoothd[29890]: src/shared/mgmt.c:can_read_data() [0x0000] command 0x0035 complete: 0x00
Aug 14 21:03:28.316641 n bluetoothd[29890]: src/adapter.c:load_conn_params_complete() Connection Parameters loaded for hci0
Aug 14 21:03:28.316666 n bluetoothd[29890]: src/shared/mgmt.c:send_request() [0x0000] command 0x0010
Aug 14 21:03:28.316719 n bluetoothd[29890]: src/profile.c:register_profile() sender :1.85
Aug 14 21:03:28.316734 n bluetoothd[29890]: src/profile.c:create_ext() Created "Hands-Free Voice gateway"
Aug 14 21:03:28.316739 n bluetoothd[29890]: src/profile.c:ext_adapter_probe() "Hands-Free Voice gateway" probed
Aug 14 21:03:28.316763 n bluetoothd[29890]: src/profile.c:ext_start_servers() Hands-Free Voice gateway listening on chan 13
Aug 14 21:03:28.316791 n bluetoothd[29890]: src/adapter.c:adapter_service_add() /org/bluez/hci0
Aug 14 21:03:28.316797 n bluetoothd[29890]: src/sdpd-service.c:add_record_to_server() Adding record with handle 0x1000d
Aug 14 21:03:28.316805 n bluetoothd[29890]: src/sdpd-service.c:add_record_to_server() Record pattern UUID 00000003-0000-1000-8000-00805f9
Aug 14 21:03:28.316813 n bluetoothd[29890]: src/sdpd-service.c:add_record_to_server() Record pattern UUID 00000100-0000-1000-8000-00805f9
Aug 14 21:03:28.316820 n bluetoothd[29890]: src/sdpd-service.c:add_record_to_server() Record pattern UUID 00001002-0000-1000-8000-00805f9
Aug 14 21:03:28.316828 n bluetoothd[29890]: src/sdpd-service.c:add_record_to_server() Record pattern UUID 0000111e-0000-1000-8000-00805f9
Aug 14 21:03:28.316836 n bluetoothd[29890]: src/sdpd-service.c:add_record_to_server() Record pattern UUID 0000111f-0000-1000-8000-00805f9
Aug 14 21:03:28.316843 n bluetoothd[29890]: src/sdpd-service.c:add_record_to_server() Record pattern UUID 00001203-0000-1000-8000-00805f9
Aug 14 21:03:28.316851 n bluetoothd[29890]: src/adapter.c:adapter_service_insert() /org/bluez/hci0
Aug 14 21:03:28.316861 n bluetoothd[29890]: src/adapter.c:add_uuid() sending add uuid command for index 0
Aug 14 21:03:28.316878 n bluetoothd[29890]: src/profile.c:ext_device_probe() Hands-Free Voice gateway probed with UUID <UUID-03>
Aug 14 21:03:28.316885 n bluetoothd[29890]: src/service.c:change_state() 0x57597f2590a0: device AA:BB:CC:00:00:02 profile Hands-Free Voice gateway state changed: unavailable -> disconnected (0)
Aug 14 21:03:28.316893 n bluetoothd[29890]: src/profile.c:ext_device_probe() Hands-Free Voice gateway probed with UUID <UUID-03>
Aug 14 21:03:28.316898 n bluetoothd[29890]: src/service.c:change_state() 0x57597f256570: device AA:BB:CC:00:00:03 profile Hands-Free Voice gateway state changed: unavailable -> disconnected (0)
Aug 14 21:03:28.316905 n bluetoothd[29890]: src/profile.c:ext_device_probe() Hands-Free Voice gateway probed with UUID <UUID-03>
Aug 14 21:03:28.316913 n bluetoothd[29890]: src/service.c:change_state() 0x57597f25d250: device AA:BB:CC:00:00:04 profile Hands-Free Voice gateway state changed: unavailable -> disconnected (0)
Aug 14 21:03:28.317495 n bluetoothd[29890]: src/profile.c:register_profile() sender :1.85
Aug 14 21:03:28.317506 n bluetoothd[29890]: src/profile.c:create_ext() Created "Hands-Free unit"
Aug 14 21:03:28.317512 n bluetoothd[29890]: src/profile.c:ext_adapter_probe() "Hands-Free unit" probed
Aug 14 21:03:28.317531 n bluetoothd[29890]: src/profile.c:ext_start_servers() Hands-Free unit listening on chan 7
Aug 14 21:03:28.317551 n bluetoothd[29890]: src/adapter.c:adapter_service_add() /org/bluez/hci0
Aug 14 21:03:28.317558 n bluetoothd[29890]: src/sdpd-service.c:add_record_to_server() Adding record with handle 0x1000e
Aug 14 21:03:28.317564 n bluetoothd[29890]: src/sdpd-service.c:add_record_to_server() Record pattern UUID 00000003-0000-1000-8000-00805f9
Aug 14 21:03:28.317569 n bluetoothd[29890]: src/sdpd-service.c:add_record_to_server() Record pattern UUID 00000100-0000-1000-8000-00805f9
Aug 14 21:03:28.317573 n bluetoothd[29890]: src/sdpd-service.c:add_record_to_server() Record pattern UUID 00001002-0000-1000-8000-00805f9
Aug 14 21:03:28.317578 n bluetoothd[29890]: src/sdpd-service.c:add_record_to_server() Record pattern UUID 0000111e-0000-1000-8000-00805f9
Aug 14 21:03:28.317582 n bluetoothd[29890]: src/sdpd-service.c:add_record_to_server() Record pattern UUID 00001203-0000-1000-8000-00805f9
Aug 14 21:03:28.317587 n bluetoothd[29890]: src/adapter.c:adapter_service_insert() /org/bluez/hci0
Aug 14 21:03:28.317592 n bluetoothd[29890]: src/adapter.c:add_uuid() sending add uuid command for index 0
Aug 14 21:03:28.317827 n bluetoothd[29890]: profiles/audio/media.c:register_app() Registering application: :1.85:/MediaEndpoint
Aug 14 21:03:28.317926 n bluetoothd[29890]: src/shared/mgmt.c:can_read_data() [0x0000] command 0x0010 complete: 0x00
Aug 14 21:03:28.317950 n bluetoothd[29890]: src/shared/mgmt.c:send_request() [0x0000] command 0x0028
Aug 14 21:03:28.317968 n bluetoothd[29890]: src/shared/mgmt.c:can_read_data() [0x0000] command 0x0028 complete: 0x00
Aug 14 21:03:28.317996 n bluetoothd[29890]: src/shared/mgmt.c:send_request() [0x0000] command 0x000e
Aug 14 21:03:28.318014 n bluetoothd[29890]: src/shared/mgmt.c:can_read_data() [0x0000] command 0x000e complete: 0x00
Aug 14 21:03:28.318042 n bluetoothd[29890]: src/shared/mgmt.c:send_request() [0x0000] command 0x000f
Aug 14 21:03:28.318065 n bluetoothd[29890]: src/shared/mgmt.c:can_read_data() [0x0000] command 0x000f complete: 0x00
Aug 14 21:03:28.318076 n bluetoothd[29890]: src/adapter.c:local_name_changed_callback() Name: BlueZ 5.72
Aug 14 21:03:28.318085 n bluetoothd[29890]: src/adapter.c:local_name_changed_callback() Short name:
Aug 14 21:03:28.318097 n bluetoothd[29890]: src/adapter.c:local_name_changed_callback() Current alias: BlueZ 5.72
Aug 14 21:03:28.318137 n bluetoothd[29890]: src/shared/mgmt.c:send_request() [0x0000] command 0x0046
Aug 14 21:03:28.318159 n bluetoothd[29890]: src/shared/mgmt.c:can_read_data() [0x0000] command 0x0046 complete: 0x00
Aug 14 21:03:28.318168 n bluetoothd[29890]: src/adapter.c:set_blocked_keys_complete() Successfully set blocked keys for index 0
Aug 14 21:03:28.318219 n bluetoothd[29890]: src/shared/mgmt.c:send_request() [0x0000] command 0x0007
Aug 14 21:03:28.318307 n bluetoothd[29890]: src/shared/mgmt.c:can_read_data() [0x0000] command 0x0007 complete: 0x00
Aug 14 21:03:28.318317 n bluetoothd[29890]: src/adapter.c:new_settings_callback() Settings: 0x00000ad0
Aug 14 21:03:28.318328 n bluetoothd[29890]: src/adapter.c:settings_changed() Changed settings: 0x0000000a
Aug 14 21:03:28.318347 n bluetoothd[29890]: src/adapter.c:settings_changed() Pending settings: 0x00000000
Aug 14 21:03:28.320687 n bluetoothd[29890]: src/shared/mgmt.c:send_request() [0x0000] command 0x0010
Aug 14 21:03:28.320784 n bluetoothd[29890]: profiles/audio/media.c:proxy_added_cb() Proxy added: /MediaEndpoint/A2DPSource/ldac, iface: org.bluez.MediaEndpoint1
Aug 14 21:03:28.320796 n bluetoothd[29890]: profiles/audio/avdtp.c:avdtp_register_sep() SEP 0x57597f276020 registered: type:0 codec:255 seid_pool:0x57597f266fc8 seid:1
Aug 14 21:03:28.320806 n bluetoothd[29890]: src/adapter.c:adapter_service_add() /org/bluez/hci0
Aug 14 21:03:28.320812 n bluetoothd[29890]: src/sdpd-service.c:add_record_to_server() Adding record with handle 0x1000f
Aug 14 21:03:28.320819 n bluetoothd[29890]: src/sdpd-service.c:add_record_to_server() Record pattern UUID 00000019-0000-1000-8000-00805f9
Aug 14 21:03:28.320825 n bluetoothd[29890]: src/sdpd-service.c:add_record_to_server() Record pattern UUID 00000100-0000-1000-8000-00805f9
Aug 14 21:03:28.320830 n bluetoothd[29890]: src/sdpd-service.c:add_record_to_server() Record pattern UUID 00001002-0000-1000-8000-00805f9
Aug 14 21:03:28.320835 n bluetoothd[29890]: src/sdpd-service.c:add_record_to_server() Record pattern UUID 0000110a-0000-1000-8000-00805f9
Aug 14 21:03:28.320840 n bluetoothd[29890]: src/sdpd-service.c:add_record_to_server() Record pattern UUID 0000110d-0000-1000-8000-00805f9
Aug 14 21:03:28.320847 n bluetoothd[29890]: src/adapter.c:adapter_service_insert() /org/bluez/hci0
Aug 14 21:03:28.320853 n bluetoothd[29890]: src/adapter.c:add_uuid() sending add uuid command for index 0
Aug 14 21:03:28.320957 n bluetoothd[29890]: profiles/audio/media.c:proxy_added_cb() Proxy added: /MediaEndpoint/A2DPSink/aptx_hd, iface: org.bluez.MediaEndpoint1
Aug 14 21:03:28.320965 n bluetoothd[29890]: profiles/audio/avdtp.c:avdtp_register_sep() SEP 0x57597f27d720 registered: type:1 codec:255 seid_pool:0x57597f266fc8 seid:2
Aug 14 21:03:28.320972 n bluetoothd[29890]: src/adapter.c:adapter_service_add() /org/bluez/hci0
Aug 14 21:03:28.320977 n bluetoothd[29890]: src/sdpd-service.c:add_record_to_server() Adding record with handle 0x10010
Aug 14 21:03:28.320983 n bluetoothd[29890]: src/sdpd-service.c:add_record_to_server() Record pattern UUID 00000019-0000-1000-8000-00805f9
Aug 14 21:03:28.320988 n bluetoothd[29890]: src/sdpd-service.c:add_record_to_server() Record pattern UUID 00000100-0000-1000-8000-00805f9
Aug 14 21:03:28.320993 n bluetoothd[29890]: src/sdpd-service.c:add_record_to_server() Record pattern UUID 00001002-0000-1000-8000-00805f9
Aug 14 21:03:28.320997 n bluetoothd[29890]: src/sdpd-service.c:add_record_to_server() Record pattern UUID 0000110b-0000-1000-8000-00805f9
Aug 14 21:03:28.321002 n bluetoothd[29890]: src/sdpd-service.c:add_record_to_server() Record pattern UUID 0000110d-0000-1000-8000-00805f9
Aug 14 21:03:28.321006 n bluetoothd[29890]: src/adapter.c:adapter_service_insert() /org/bluez/hci0
Aug 14 21:03:28.321012 n bluetoothd[29890]: src/adapter.c:add_uuid() sending add uuid command for index 0
Aug 14 21:03:28.321113 n bluetoothd[29890]: profiles/audio/media.c:proxy_added_cb() Proxy added: /MediaEndpoint/A2DPSource/aptx_hd, iface: org.bluez.MediaEndpoint1
Aug 14 21:03:28.321123 n bluetoothd[29890]: profiles/audio/avdtp.c:avdtp_register_sep() SEP 0x57597f27eba0 registered: type:0 codec:255 seid_pool:0x57597f266fc8 seid:3
Aug 14 21:03:28.321217 n bluetoothd[29890]: profiles/audio/media.c:proxy_added_cb() Proxy added: /MediaEndpoint/A2DPSink/aptx, iface: org.bluez.MediaEndpoint1
Aug 14 21:03:28.321227 n bluetoothd[29890]: profiles/audio/avdtp.c:avdtp_register_sep() SEP 0x57597f280650 registered: type:1 codec:255 seid_pool:0x57597f266fc8 seid:4
Aug 14 21:03:28.321321 n bluetoothd[29890]: profiles/audio/media.c:proxy_added_cb() Proxy added: /MediaEndpoint/A2DPSource/aptx, iface: org.bluez.MediaEndpoint1
Aug 14 21:03:28.321330 n bluetoothd[29890]: profiles/audio/avdtp.c:avdtp_register_sep() SEP 0x57597f2811c0 registered: type:0 codec:255 seid_pool:0x57597f266fc8 seid:5
Aug 14 21:03:28.321438 n bluetoothd[29890]: profiles/audio/media.c:proxy_added_cb() Proxy added: /MediaEndpoint/A2DPSink/sbc, iface: org.bluez.MediaEndpoint1
Aug 14 21:03:28.321447 n bluetoothd[29890]: profiles/audio/avdtp.c:avdtp_register_sep() SEP 0x57597f281c30 registered: type:1 codec:0 seid_pool:0x57597f266fc8 seid:6
Aug 14 21:03:28.321539 n bluetoothd[29890]: profiles/audio/media.c:proxy_added_cb() Proxy added: /MediaEndpoint/A2DPSource/sbc, iface: org.bluez.MediaEndpoint1
Aug 14 21:03:28.321548 n bluetoothd[29890]: profiles/audio/avdtp.c:avdtp_register_sep() SEP 0x57597f2827f0 registered: type:0 codec:0 seid_pool:0x57597f266fc8 seid:7
Aug 14 21:03:28.321635 n bluetoothd[29890]: profiles/audio/media.c:proxy_added_cb() Proxy added: /MediaEndpoint/A2DPSink/sbc_xq, iface: org.bluez.MediaEndpoint1
Aug 14 21:03:28.321644 n bluetoothd[29890]: profiles/audio/avdtp.c:avdtp_register_sep() SEP 0x57597f2832d0 registered: type:1 codec:0 seid_pool:0x57597f266fc8 seid:8
Aug 14 21:03:28.321749 n bluetoothd[29890]: profiles/audio/media.c:proxy_added_cb() Proxy added: /MediaEndpoint/A2DPSource/sbc_xq, iface: org.bluez.MediaEndpoint1
Aug 14 21:03:28.321758 n bluetoothd[29890]: profiles/audio/avdtp.c:avdtp_register_sep() SEP 0x57597f283f00 registered: type:0 codec:0 seid_pool:0x57597f266fc8 seid:9
Aug 14 21:03:28.321873 n bluetoothd[29890]: profiles/audio/media.c:proxy_added_cb() Proxy added: /MediaEndpoint/A2DPSource/aptx_ll_1, iface: org.bluez.MediaEndpoint1
Aug 14 21:03:28.321884 n bluetoothd[29890]: profiles/audio/avdtp.c:avdtp_register_sep() SEP 0x57597f284b30 registered: type:0 codec:255 seid_pool:0x57597f266fc8 seid:10
Aug 14 21:03:28.321975 n bluetoothd[29890]: profiles/audio/media.c:proxy_added_cb() Proxy added: /MediaEndpoint/A2DPSource/aptx_ll_0, iface: org.bluez.MediaEndpoint1
Aug 14 21:03:28.321984 n bluetoothd[29890]: profiles/audio/avdtp.c:avdtp_register_sep() SEP 0x57597f285760 registered: type:0 codec:255 seid_pool:0x57597f266fc8 seid:11
Aug 14 21:03:28.322072 n bluetoothd[29890]: profiles/audio/media.c:proxy_added_cb() Proxy added: /MediaEndpoint/A2DPSource/aptx_ll_duplex_1, iface: org.bluez.MediaEndpoint1
Aug 14 21:03:28.322083 n bluetoothd[29890]: profiles/audio/avdtp.c:avdtp_register_sep() SEP 0x57597f286300 registered: type:0 codec:255 seid_pool:0x57597f266fc8 seid:12
Aug 14 21:03:28.322157 n bluetoothd[29890]: profiles/audio/media.c:proxy_added_cb() Proxy added: /MediaEndpoint/A2DPSource/aptx_ll_duplex_0, iface: org.bluez.MediaEndpoint1
Aug 14 21:03:28.322165 n bluetoothd[29890]: profiles/audio/avdtp.c:avdtp_register_sep() SEP 0x57597f286ea0 registered: type:0 codec:255 seid_pool:0x57597f266fc8 seid:13
Aug 14 21:03:28.322242 n bluetoothd[29890]: profiles/audio/media.c:proxy_added_cb() Proxy added: /MediaEndpoint/A2DPSource/faststream, iface: org.bluez.MediaEndpoint1
Aug 14 21:03:28.322250 n bluetoothd[29890]: profiles/audio/avdtp.c:avdtp_register_sep() SEP 0x57597f287b10 registered: type:0 codec:255 seid_pool:0x57597f266fc8 seid:14
Aug 14 21:03:28.322328 n bluetoothd[29890]: profiles/audio/media.c:proxy_added_cb() Proxy added: /MediaEndpoint/A2DPSource/faststream_duplex, iface: org.bluez.MediaEndpoint1
Aug 14 21:03:28.322344 n bluetoothd[29890]: profiles/audio/avdtp.c:avdtp_register_sep() SEP 0x57597f288730 registered: type:0 codec:255 seid_pool:0x57597f266fc8 seid:15
Aug 14 21:03:28.322434 n bluetoothd[29890]: profiles/audio/media.c:proxy_added_cb() Proxy added: /MediaEndpoint/A2DPSink/opus_05, iface: org.bluez.MediaEndpoint1
Aug 14 21:03:28.322446 n bluetoothd[29890]: profiles/audio/avdtp.c:avdtp_register_sep() SEP 0x57597f289260 registered: type:1 codec:255 seid_pool:0x57597f266fc8 seid:16
Aug 14 21:03:28.322551 n bluetoothd[29890]: profiles/audio/media.c:proxy_added_cb() Proxy added: /MediaEndpoint/A2DPSource/opus_05, iface: org.bluez.MediaEndpoint1
Aug 14 21:03:28.322564 n bluetoothd[29890]: profiles/audio/avdtp.c:avdtp_register_sep() SEP 0x57597f289ea0 registered: type:0 codec:255 seid_pool:0x57597f266fc8 seid:17
Aug 14 21:03:28.322666 n bluetoothd[29890]: profiles/audio/media.c:proxy_added_cb() Proxy added: /MediaEndpoint/A2DPSink/opus_05_duplex, iface: org.bluez.MediaEndpoint1
Aug 14 21:03:28.322678 n bluetoothd[29890]: profiles/audio/avdtp.c:avdtp_register_sep() SEP 0x57597f28a990 registered: type:1 codec:255 seid_pool:0x57597f266fc8 seid:18
Aug 14 21:03:28.322779 n bluetoothd[29890]: profiles/audio/media.c:proxy_added_cb() Proxy added: /MediaEndpoint/A2DPSource/opus_05_duplex, iface: org.bluez.MediaEndpoint1
Aug 14 21:03:28.322791 n bluetoothd[29890]: profiles/audio/avdtp.c:avdtp_register_sep() SEP 0x57597f28b5c0 registered: type:0 codec:255 seid_pool:0x57597f266fc8 seid:19
Aug 14 21:03:28.322808 n bluetoothd[29890]: profiles/audio/media.c:client_ready_cb() Media application registered: :1.85:/MediaEndpoint
Aug 14 21:03:28.322873 n bluetoothd[29890]: src/shared/mgmt.c:can_read_data() [0x0000] command 0x0010 complete: 0x00
Aug 14 21:03:28.322909 n bluetoothd[29890]: src/shared/mgmt.c:send_request() [0x0000] command 0x0010
Aug 14 21:03:28.322966 n bluetoothd[29890]: src/shared/mgmt.c:can_read_data() [0x0000] command 0x0010 complete: 0x00
Aug 14 21:03:28.322995 n bluetoothd[29890]: src/shared/mgmt.c:send_request() [0x0000] command 0x0010
Aug 14 21:03:28.323013 n bluetoothd[29890]: src/shared/mgmt.c:can_read_data() [0x0000] command 0x0010 complete: 0x00
Aug 14 21:03:28.323042 n bluetoothd[29890]: src/shared/mgmt.c:send_request() [0x0000] command 0x0010
Aug 14 21:03:28.323099 n bluetoothd[29890]: src/shared/mgmt.c:can_read_data() [0x0000] command 0x0010 complete: 0x00
Aug 14 21:03:28.372843 n bluetoothd[29890]: plugins/hostname.c:property_changed() static hostname: 'n'
Aug 14 21:03:28.372866 n bluetoothd[29890]: plugins/hostname.c:property_changed() pretty hostname: ''
Aug 14 21:03:28.372874 n bluetoothd[29890]: plugins/hostname.c:update_name() name: n
Aug 14 21:03:28.372884 n bluetoothd[29890]: src/adapter.c:adapter_set_name() name: n
Aug 14 21:03:28.372896 n bluetoothd[29890]: src/adapter.c:adapter_set_name() alias: n
Aug 14 21:03:28.372906 n bluetoothd[29890]: src/adapter.c:set_name() sending set local name command for index 0
Aug 14 21:03:28.372926 n bluetoothd[29890]: plugins/hostname.c:property_changed() chassis: 'laptop'
Aug 14 21:03:28.372935 n bluetoothd[29890]: plugins/hostname.c:update_class() major: 0x01 minor: 0x03
Aug 14 21:03:28.373021 n bluetoothd[29890]: src/shared/mgmt.c:send_request() [0x0000] command 0x000f
Aug 14 21:03:28.373043 n bluetoothd[29890]: src/shared/mgmt.c:can_read_data() [0x0000] command 0x000f complete: 0x00
Aug 14 21:03:28.373051 n bluetoothd[29890]: src/adapter.c:local_name_changed_callback() Name: n
Aug 14 21:03:28.373058 n bluetoothd[29890]: src/adapter.c:local_name_changed_callback() Short name:
Aug 14 21:03:28.373066 n bluetoothd[29890]: src/adapter.c:local_name_changed_callback() Current alias: n
Aug 14 21:05:01.423491 n bluetoothd[29890]: src/shared/mgmt.c:can_read_data() [0x0000] event 0x0005
Aug 14 21:05:01.423513 n bluetoothd[29890]: src/adapter.c:index_removed() index 0
Aug 14 21:05:01.423525 n bluetoothd[29890]: src/adapter.c:adapter_unregister() Unregister path: /org/bluez/hci0
Aug 14 21:05:01.423542 n bluetoothd[29890]: src/adapter.c:adapter_remove() Removing adapter /org/bluez/hci0
Aug 14 21:05:01.423558 n bluetoothd[29890]: src/device.c:device_remove() Removing device /org/bluez/hci0/dev_AA:BB:CC:00:00:02
Aug 14 21:05:01.423574 n bluetoothd[29890]: src/service.c:change_state() 0x57597f26ee70: device AA:BB:CC:00:00:02 profile avrcp-controller state changed: disconnected -> unavailable (0)
Aug 14 21:05:01.423599 n bluetoothd[29890]: profiles/audio/control.c:path_unregister() Unregistered interface org.bluez.MediaControl1 on path /org/bluez/hci0/dev_AA:BB:CC:00:00:02
Aug 14 21:05:01.423611 n bluetoothd[29890]: src/service.c:btd_service_unref() 0x57597f26ef30: ref=1
Aug 14 21:05:01.423624 n bluetoothd[29890]: src/service.c:btd_service_unref() 0x57597f26ee70: ref=1
Aug 14 21:05:01.423641 n bluetoothd[29890]: src/service.c:btd_service_unref() 0x57597f26ee70: ref=0
Aug 14 21:05:01.423655 n bluetoothd[29890]: src/service.c:change_state() 0x57597f26ef30: device AA:BB:CC:00:00:02 profile audio-avrcp-target state changed: disconnected -> unavailable (0)
Aug 14 21:05:01.423667 n bluetoothd[29890]: src/service.c:btd_service_unref() 0x57597f26ef30: ref=0
Aug 14 21:05:01.423678 n bluetoothd[29890]: src/service.c:change_state() 0x57597f26ef70: device AA:BB:CC:00:00:02 profile a2dp-sink state changed: disconnected -> unavailable (0)
Aug 14 21:05:01.423689 n bluetoothd[29890]: profiles/audio/sink.c:sink_unregister() /org/bluez/hci0/dev_AA:BB:CC:00:00:02
Aug 14 21:05:01.423700 n bluetoothd[29890]: src/service.c:btd_service_unref() 0x57597f26ef70: ref=1
Aug 14 21:05:01.423712 n bluetoothd[29890]: src/service.c:btd_service_unref() 0x57597f26ef70: ref=0
Aug 14 21:05:01.423723 n bluetoothd[29890]: src/service.c:change_state() 0x57597f2590a0: device AA:BB:CC:00:00:02 profile Hands-Free Voice gateway state changed: disconnected -> unavailable (0)
Aug 14 21:05:01.423736 n bluetoothd[29890]: src/profile.c:ext_device_remove() Hands-Free Voice gateway
Aug 14 21:05:01.423746 n bluetoothd[29890]: src/service.c:btd_service_unref() 0x57597f2590a0: ref=0
Aug 14 21:05:01.423757 n bluetoothd[29890]: src/device.c:btd_device_unref() Freeing device /org/bluez/hci0/dev_AA:BB:CC:00:00:02
Aug 14 21:05:01.423776 n bluetoothd[29890]: src/device.c:device_free() 0x57597f277a40
Aug 14 21:05:01.423830 n bluetoothd[29890]: src/device.c:device_remove() Removing device /org/bluez/hci0/dev_AA:BB:CC:00:00:03
Aug 14 21:05:01.423843 n bluetoothd[29890]: src/service.c:change_state() 0x57597f26f030: device AA:BB:CC:00:00:03 profile avrcp-controller state changed: disconnected -> unavailable (0)
Aug 14 21:05:01.423855 n bluetoothd[29890]: profiles/audio/control.c:path_unregister() Unregistered interface org.bluez.MediaControl1 on path /org/bluez/hci0/dev_AA:BB:CC:00:00:03
Aug 14 21:05:01.423867 n bluetoothd[29890]: src/service.c:btd_service_unref() 0x57597f26f0f0: ref=1
Aug 14 21:05:01.423879 n bluetoothd[29890]: src/service.c:btd_service_unref() 0x57597f26f030: ref=1
Aug 14 21:05:01.423895 n bluetoothd[29890]: src/service.c:btd_service_unref() 0x57597f26f030: ref=0
Aug 14 21:05:01.423906 n bluetoothd[29890]: src/service.c:change_state() 0x57597f26f0f0: device AA:BB:CC:00:00:03 profile audio-avrcp-target state changed: disconnected -> unavailable (0)
Aug 14 21:05:01.423918 n bluetoothd[29890]: src/service.c:btd_service_unref() 0x57597f26f0f0: ref=0
Aug 14 21:05:01.423930 n bluetoothd[29890]: src/service.c:change_state() 0x57597f26f130: device AA:BB:CC:00:00:03 profile a2dp-source state changed: disconnected -> unavailable (0)
Aug 14 21:05:01.423941 n bluetoothd[29890]: profiles/audio/source.c:source_unregister() /org/bluez/hci0/dev_AA:BB:CC:00:00:03
Aug 14 21:05:01.423953 n bluetoothd[29890]: src/service.c:btd_service_unref() 0x57597f26f130: ref=1
Aug 14 21:05:01.423964 n bluetoothd[29890]: src/service.c:btd_service_unref() 0x57597f26f130: ref=0
Aug 14 21:05:01.423974 n bluetoothd[29890]: src/service.c:change_state() 0x57597f26f1f0: device AA:BB:CC:00:00:03 profile a2dp-sink state changed: disconnected -> unavailable (0)
Aug 14 21:05:01.423985 n bluetoothd[29890]: profiles/audio/sink.c:sink_unregister() /org/bluez/hci0/dev_AA:BB:CC:00:00:03
Aug 14 21:05:01.423994 n bluetoothd[29890]: src/service.c:btd_service_unref() 0x57597f26f1f0: ref=1
Aug 14 21:05:01.424002 n bluetoothd[29890]: src/service.c:btd_service_unref() 0x57597f26f1f0: ref=0
Aug 14 21:05:01.424011 n bluetoothd[29890]: src/service.c:change_state() 0x57597f256570: device AA:BB:CC:00:00:03 profile Hands-Free Voice gateway state changed: disconnected -> unavailable (0)
Aug 14 21:05:01.424019 n bluetoothd[29890]: src/profile.c:ext_device_remove() Hands-Free Voice gateway
Aug 14 21:05:01.424027 n bluetoothd[29890]: src/service.c:btd_service_unref() 0x57597f256570: ref=0
Aug 14 21:05:01.424035 n bluetoothd[29890]: src/device.c:btd_device_unref() Freeing device /org/bluez/hci0/dev_AA:BB:CC:00:00:03
Aug 14 21:05:01.424046 n bluetoothd[29890]: src/device.c:device_free() 0x57597f2794c0
Aug 14 21:05:01.424076 n bluetoothd[29890]: src/device.c:device_remove() Removing device /org/bluez/hci0/dev_AA:BB:CC:00:00:04
Aug 14 21:05:01.424084 n bluetoothd[29890]: src/service.c:change_state() 0x57597f26f270: device AA:BB:CC:00:00:04 profile avrcp-controller state changed: disconnected -> unavailable (0)
Aug 14 21:05:01.424094 n bluetoothd[29890]: profiles/audio/control.c:path_unregister() Unregistered interface org.bluez.MediaControl1 on path /org/bluez/hci0/dev_AA:BB:CC:00:00:04
Aug 14 21:05:01.424102 n bluetoothd[29890]: src/service.c:btd_service_unref() 0x57597f26f330: ref=1
Aug 14 21:05:01.424109 n bluetoothd[29890]: src/service.c:btd_service_unref() 0x57597f26f270: ref=1
Aug 14 21:05:01.424119 n bluetoothd[29890]: src/service.c:btd_service_unref() 0x57597f26f270: ref=0
Aug 14 21:05:01.424127 n bluetoothd[29890]: src/service.c:change_state() 0x57597f26f330: device AA:BB:CC:00:00:04 profile audio-avrcp-target state changed: disconnected -> unavailable (0)
Aug 14 21:05:01.424135 n bluetoothd[29890]: src/service.c:btd_service_unref() 0x57597f26f330: ref=0
Aug 14 21:05:01.424143 n bluetoothd[29890]: src/service.c:change_state() 0x57597f26f370: device AA:BB:CC:00:00:04 profile a2dp-sink state changed: disconnected -> unavailable (0)
Aug 14 21:05:01.424150 n bluetoothd[29890]: profiles/audio/sink.c:sink_unregister() /org/bluez/hci0/dev_AA:BB:CC:00:00:04
Aug 14 21:05:01.424157 n bluetoothd[29890]: src/service.c:btd_service_unref() 0x57597f26f370: ref=1
Aug 14 21:05:01.424163 n bluetoothd[29890]: src/service.c:btd_service_unref() 0x57597f26f370: ref=0
Aug 14 21:05:01.424172 n bluetoothd[29890]: src/service.c:change_state() 0x57597f25d250: device AA:BB:CC:00:00:04 profile Hands-Free Voice gateway state changed: disconnected -> unavailable (0)
Aug 14 21:05:01.424180 n bluetoothd[29890]: src/profile.c:ext_device_remove() Hands-Free Voice gateway
Aug 14 21:05:01.424189 n bluetoothd[29890]: src/service.c:btd_service_unref() 0x57597f25d250: ref=0
Aug 14 21:05:01.424198 n bluetoothd[29890]: src/device.c:btd_device_unref() Freeing device /org/bluez/hci0/dev_AA:BB:CC:00:00:04
Aug 14 21:05:01.424210 n bluetoothd[29890]: src/device.c:device_free() 0x57597f27a4d0
Aug 14 21:05:01.424235 n bluetoothd[29890]: plugins/hostname.c:hostname_remove()
Aug 14 21:05:01.424243 n bluetoothd[29890]: profiles/audio/a2dp.c:media_server_remove() path /org/bluez/hci0
Aug 14 21:05:01.424260 n bluetoothd[29890]: profiles/audio/media.c:release_endpoint() sender=:1.85 path=/MediaEndpoint/A2DPSource/ldac
Aug 14 21:05:01.424284 n bluetoothd[29890]: profiles/audio/media.c:media_endpoint_destroy() sender=:1.85 path=/MediaEndpoint/A2DPSource/ldac
Aug 14 21:05:01.424296 n bluetoothd[29890]: profiles/audio/avdtp.c:avdtp_unregister_sep() SEP 0x57597f276020 unregistered: type:0 codec:255 seid_pool:0x57597f266fc8 seid:1
Aug 14 21:05:01.424305 n bluetoothd[29890]: profiles/audio/media.c:release_endpoint() sender=:1.85 path=/MediaEndpoint/A2DPSink/aptx_hd
Aug 14 21:05:01.424323 n bluetoothd[29890]: profiles/audio/media.c:media_endpoint_destroy() sender=:1.85 path=/MediaEndpoint/A2DPSink/aptx_hd
Aug 14 21:05:01.424330 n bluetoothd[29890]: profiles/audio/avdtp.c:avdtp_unregister_sep() SEP 0x57597f27d720 unregistered: type:1 codec:255 seid_pool:0x57597f266fc8 seid:2
Aug 14 21:05:01.424345 n bluetoothd[29890]: profiles/audio/media.c:release_endpoint() sender=:1.85 path=/MediaEndpoint/A2DPSource/aptx_hd
Aug 14 21:05:01.424365 n bluetoothd[29890]: profiles/audio/media.c:media_endpoint_destroy() sender=:1.85 path=/MediaEndpoint/A2DPSource/aptx_hd
Aug 14 21:05:01.424371 n bluetoothd[29890]: profiles/audio/avdtp.c:avdtp_unregister_sep() SEP 0x57597f27eba0 unregistered: type:0 codec:255 seid_pool:0x57597f266fc8 seid:3
Aug 14 21:05:01.424384 n bluetoothd[29890]: profiles/audio/media.c:release_endpoint() sender=:1.85 path=/MediaEndpoint/A2DPSink/aptx
Aug 14 21:05:01.424406 n bluetoothd[29890]: profiles/audio/media.c:media_endpoint_destroy() sender=:1.85 path=/MediaEndpoint/A2DPSink/aptx
Aug 14 21:05:01.424412 n bluetoothd[29890]: profiles/audio/avdtp.c:avdtp_unregister_sep() SEP 0x57597f280650 unregistered: type:1 codec:255 seid_pool:0x57597f266fc8 seid:4
Aug 14 21:05:01.424420 n bluetoothd[29890]: profiles/audio/media.c:release_endpoint() sender=:1.85 path=/MediaEndpoint/A2DPSource/aptx
Aug 14 21:05:01.424440 n bluetoothd[29890]: profiles/audio/media.c:media_endpoint_destroy() sender=:1.85 path=/MediaEndpoint/A2DPSource/aptx
Aug 14 21:05:01.424447 n bluetoothd[29890]: profiles/audio/avdtp.c:avdtp_unregister_sep() SEP 0x57597f2811c0 unregistered: type:0 codec:255 seid_pool:0x57597f266fc8 seid:5
Aug 14 21:05:01.424455 n bluetoothd[29890]: profiles/audio/media.c:release_endpoint() sender=:1.85 path=/MediaEndpoint/A2DPSink/sbc
Aug 14 21:05:01.424476 n bluetoothd[29890]: profiles/audio/media.c:media_endpoint_destroy() sender=:1.85 path=/MediaEndpoint/A2DPSink/sbc
Aug 14 21:05:01.424482 n bluetoothd[29890]: profiles/audio/avdtp.c:avdtp_unregister_sep() SEP 0x57597f281c30 unregistered: type:1 codec:0 seid_pool:0x57597f266fc8 seid:6
Aug 14 21:05:01.424490 n bluetoothd[29890]: profiles/audio/media.c:release_endpoint() sender=:1.85 path=/MediaEndpoint/A2DPSource/sbc
Aug 14 21:05:01.424509 n bluetoothd[29890]: profiles/audio/media.c:media_endpoint_destroy() sender=:1.85 path=/MediaEndpoint/A2DPSource/sbc
Aug 14 21:05:01.424516 n bluetoothd[29890]: profiles/audio/avdtp.c:avdtp_unregister_sep() SEP 0x57597f2827f0 unregistered: type:0 codec:0 seid_pool:0x57597f266fc8 seid:7
Aug 14 21:05:01.424523 n bluetoothd[29890]: profiles/audio/media.c:release_endpoint() sender=:1.85 path=/MediaEndpoint/A2DPSink/sbc_xq
Aug 14 21:05:01.424542 n bluetoothd[29890]: profiles/audio/media.c:media_endpoint_destroy() sender=:1.85 path=/MediaEndpoint/A2DPSink/sbc_xq
Aug 14 21:05:01.424551 n bluetoothd[29890]: profiles/audio/avdtp.c:avdtp_unregister_sep() SEP 0x57597f2832d0 unregistered: type:1 codec:0 seid_pool:0x57597f266fc8 seid:8
Aug 14 21:05:01.424557 n bluetoothd[29890]: profiles/audio/media.c:release_endpoint() sender=:1.85 path=/MediaEndpoint/A2DPSource/sbc_xq
Aug 14 21:05:01.424575 n bluetoothd[29890]: profiles/audio/media.c:media_endpoint_destroy() sender=:1.85 path=/MediaEndpoint/A2DPSource/sbc_xq
Aug 14 21:05:01.424582 n bluetoothd[29890]: profiles/audio/avdtp.c:avdtp_unregister_sep() SEP 0x57597f283f00 unregistered: type:0 codec:0 seid_pool:0x57597f266fc8 seid:9
Aug 14 21:05:01.424589 n bluetoothd[29890]: profiles/audio/media.c:release_endpoint() sender=:1.85 path=/MediaEndpoint/A2DPSource/aptx_ll_1
Aug 14 21:05:01.424615 n bluetoothd[29890]: profiles/audio/media.c:media_endpoint_destroy() sender=:1.85 path=/MediaEndpoint/A2DPSource/aptx_ll_1
Aug 14 21:05:01.424624 n bluetoothd[29890]: profiles/audio/avdtp.c:avdtp_unregister_sep() SEP 0x57597f284b30 unregistered: type:0 codec:255 seid_pool:0x57597f266fc8 seid:10
Aug 14 21:05:01.424634 n bluetoothd[29890]: profiles/audio/media.c:release_endpoint() sender=:1.85 path=/MediaEndpoint/A2DPSource/aptx_ll_0
Aug 14 21:05:01.424657 n bluetoothd[29890]: profiles/audio/media.c:media_endpoint_destroy() sender=:1.85 path=/MediaEndpoint/A2DPSource/aptx_ll_0
Aug 14 21:05:01.424664 n bluetoothd[29890]: profiles/audio/avdtp.c:avdtp_unregister_sep() SEP 0x57597f285760 unregistered: type:0 codec:255 seid_pool:0x57597f266fc8 seid:11
Aug 14 21:05:01.424672 n bluetoothd[29890]: profiles/audio/media.c:release_endpoint() sender=:1.85 path=/MediaEndpoint/A2DPSource/aptx_ll_duplex_1
Aug 14 21:05:01.424691 n bluetoothd[29890]: profiles/audio/media.c:media_endpoint_destroy() sender=:1.85 path=/MediaEndpoint/A2DPSource/aptx_ll_duplex_1
Aug 14 21:05:01.424699 n bluetoothd[29890]: profiles/audio/avdtp.c:avdtp_unregister_sep() SEP 0x57597f286300 unregistered: type:0 codec:255 seid_pool:0x57597f266fc8 seid:12
Aug 14 21:05:01.424706 n bluetoothd[29890]: profiles/audio/media.c:release_endpoint() sender=:1.85 path=/MediaEndpoint/A2DPSource/aptx_ll_duplex_0
Aug 14 21:05:01.424726 n bluetoothd[29890]: profiles/audio/media.c:media_endpoint_destroy() sender=:1.85 path=/MediaEndpoint/A2DPSource/aptx_ll_duplex_0
Aug 14 21:05:01.424732 n bluetoothd[29890]: profiles/audio/avdtp.c:avdtp_unregister_sep() SEP 0x57597f286ea0 unregistered: type:0 codec:255 seid_pool:0x57597f266fc8 seid:13
Aug 14 21:05:01.424739 n bluetoothd[29890]: profiles/audio/media.c:release_endpoint() sender=:1.85 path=/MediaEndpoint/A2DPSource/faststream
Aug 14 21:05:01.424757 n bluetoothd[29890]: profiles/audio/media.c:media_endpoint_destroy() sender=:1.85 path=/MediaEndpoint/A2DPSource/faststream
Aug 14 21:05:01.424764 n bluetoothd[29890]: profiles/audio/avdtp.c:avdtp_unregister_sep() SEP 0x57597f287b10 unregistered: type:0 codec:255 seid_pool:0x57597f266fc8 seid:14
Aug 14 21:05:01.424770 n bluetoothd[29890]: profiles/audio/media.c:release_endpoint() sender=:1.85 path=/MediaEndpoint/A2DPSource/faststream_duplex
Aug 14 21:05:01.424787 n bluetoothd[29890]: profiles/audio/media.c:media_endpoint_destroy() sender=:1.85 path=/MediaEndpoint/A2DPSource/faststream_duplex
Aug 14 21:05:01.424794 n bluetoothd[29890]: profiles/audio/avdtp.c:avdtp_unregister_sep() SEP 0x57597f288730 unregistered: type:0 codec:255 seid_pool:0x57597f266fc8 seid:15
Aug 14 21:05:01.424801 n bluetoothd[29890]: profiles/audio/media.c:release_endpoint() sender=:1.85 path=/MediaEndpoint/A2DPSink/opus_05
Aug 14 21:05:01.424821 n bluetoothd[29890]: profiles/audio/media.c:media_endpoint_destroy() sender=:1.85 path=/MediaEndpoint/A2DPSink/opus_05
Aug 14 21:05:01.424829 n bluetoothd[29890]: profiles/audio/avdtp.c:avdtp_unregister_sep() SEP 0x57597f289260 unregistered: type:1 codec:255 seid_pool:0x57597f266fc8 seid:16
Aug 14 21:05:01.424843 n bluetoothd[29890]: profiles/audio/media.c:release_endpoint() sender=:1.85 path=/MediaEndpoint/A2DPSource/opus_05
Aug 14 21:05:01.424861 n bluetoothd[29890]: profiles/audio/media.c:media_endpoint_destroy() sender=:1.85 path=/MediaEndpoint/A2DPSource/opus_05
Aug 14 21:05:01.424868 n bluetoothd[29890]: profiles/audio/avdtp.c:avdtp_unregister_sep() SEP 0x57597f289ea0 unregistered: type:0 codec:255 seid_pool:0x57597f266fc8 seid:17
Aug 14 21:05:01.424875 n bluetoothd[29890]: src/adapter.c:adapter_service_remove() /org/bluez/hci0
Aug 14 21:05:01.424890 n bluetoothd[29890]: src/adapter.c:remove_uuid() sending remove uuid command for index 0
Aug 14 21:05:01.424905 n bluetoothd[29890]: src/sdpd-service.c:remove_record_from_server() Removing record with handle 0x10010
Aug 14 21:05:01.424920 n bluetoothd[29890]: profiles/audio/media.c:release_endpoint() sender=:1.85 path=/MediaEndpoint/A2DPSink/opus_05_duplex
Aug 14 21:05:01.424944 n bluetoothd[29890]: profiles/audio/media.c:media_endpoint_destroy() sender=:1.85 path=/MediaEndpoint/A2DPSink/opus_05_duplex
Aug 14 21:05:01.424952 n bluetoothd[29890]: profiles/audio/avdtp.c:avdtp_unregister_sep() SEP 0x57597f28a990 unregistered: type:1 codec:255 seid_pool:0x57597f266fc8 seid:18
Aug 14 21:05:01.424959 n bluetoothd[29890]: src/adapter.c:adapter_service_remove() /org/bluez/hci0
Aug 14 21:05:01.424967 n bluetoothd[29890]: src/adapter.c:remove_uuid() sending remove uuid command for index 0
Aug 14 21:05:01.424974 n bluetoothd[29890]: src/sdpd-service.c:remove_record_from_server() Removing record with handle 0x1000f
Aug 14 21:05:01.424983 n bluetoothd[29890]: profiles/audio/media.c:release_endpoint() sender=:1.85 path=/MediaEndpoint/A2DPSource/opus_05_duplex
Aug 14 21:05:01.425008 n bluetoothd[29890]: profiles/audio/media.c:media_endpoint_destroy() sender=:1.85 path=/MediaEndpoint/A2DPSource/opus_05_duplex
Aug 14 21:05:01.425016 n bluetoothd[29890]: profiles/audio/avdtp.c:avdtp_unregister_sep() SEP 0x57597f28b5c0 unregistered: type:0 codec:255 seid_pool:0x57597f266fc8 seid:19
Aug 14 21:05:01.428923 n bluetoothd[29890]: src/profile.c:ext_adapter_remove() "Hands-Free unit" removed
Aug 14 21:05:01.428957 n bluetoothd[29890]: src/adapter.c:adapter_service_remove() /org/bluez/hci0
Aug 14 21:05:01.428973 n bluetoothd[29890]: src/adapter.c:remove_uuid() sending remove uuid command for index 0
Aug 14 21:05:01.428984 n bluetoothd[29890]: src/sdpd-service.c:remove_record_from_server() Removing record with handle 0x1000e
Aug 14 21:05:01.429025 n bluetoothd[29890]: src/profile.c:ext_adapter_remove() "Hands-Free Voice gateway" removed
Aug 14 21:05:01.429033 n bluetoothd[29890]: src/adapter.c:adapter_service_remove() /org/bluez/hci0
Aug 14 21:05:01.429041 n bluetoothd[29890]: src/adapter.c:remove_uuid() sending remove uuid command for index 0
Aug 14 21:05:01.429047 n bluetoothd[29890]: src/sdpd-service.c:remove_record_from_server() Removing record with handle 0x1000d
Aug 14 21:05:01.429066 n bluetoothd[29890]: src/profile.c:ext_adapter_remove() ":1.126/org/bluez/obex/00005005_0000_1000_8000_0002ee000001/<UUID-04>" removed
Aug 14 21:05:01.429079 n bluetoothd[29890]: src/adapter.c:adapter_service_remove() /org/bluez/hci0
Aug 14 21:05:01.429091 n bluetoothd[29890]: src/adapter.c:remove_uuid() sending remove uuid command for index 0
Aug 14 21:05:01.429100 n bluetoothd[29890]: src/sdpd-service.c:remove_record_from_server() Removing record with handle 0x1000c
Aug 14 21:05:01.429114 n bluetoothd[29890]: src/profile.c:ext_adapter_remove() "Object Push" removed
Aug 14 21:05:01.429125 n bluetoothd[29890]: src/adapter.c:adapter_service_remove() /org/bluez/hci0
Aug 14 21:05:01.429135 n bluetoothd[29890]: src/adapter.c:remove_uuid() sending remove uuid command for index 0
Aug 14 21:05:01.429145 n bluetoothd[29890]: src/sdpd-service.c:remove_record_from_server() Removing record with handle 0x1000b
Aug 14 21:05:01.429182 n bluetoothd[29890]: src/profile.c:ext_adapter_remove() "File Transfer" removed
Aug 14 21:05:01.429194 n bluetoothd[29890]: src/adapter.c:adapter_service_remove() /org/bluez/hci0
Aug 14 21:05:01.429205 n bluetoothd[29890]: src/adapter.c:remove_uuid() sending remove uuid command for index 0
Aug 14 21:05:01.429215 n bluetoothd[29890]: src/sdpd-service.c:remove_record_from_server() Removing record with handle 0x1000a
Aug 14 21:05:01.429245 n bluetoothd[29890]: src/profile.c:ext_adapter_remove() "Synchronization" removed
Aug 14 21:05:01.429256 n bluetoothd[29890]: src/adapter.c:adapter_service_remove() /org/bluez/hci0
Aug 14 21:05:01.429265 n bluetoothd[29890]: src/adapter.c:remove_uuid() sending remove uuid command for index 0
Aug 14 21:05:01.429275 n bluetoothd[29890]: src/sdpd-service.c:remove_record_from_server() Removing record with handle 0x10009
Aug 14 21:05:01.429297 n bluetoothd[29890]: src/profile.c:ext_adapter_remove() "Phone Book Access" removed
Aug 14 21:05:01.429309 n bluetoothd[29890]: src/adapter.c:adapter_service_remove() /org/bluez/hci0
Aug 14 21:05:01.429317 n bluetoothd[29890]: src/adapter.c:remove_uuid() sending remove uuid command for index 0
Aug 14 21:05:01.429327 n bluetoothd[29890]: src/sdpd-service.c:remove_record_from_server() Removing record with handle 0x10008
Aug 14 21:05:01.429379 n bluetoothd[29890]: src/profile.c:ext_adapter_remove() "Message Access" removed
Aug 14 21:05:01.429389 n bluetoothd[29890]: src/adapter.c:adapter_service_remove() /org/bluez/hci0
Aug 14 21:05:01.429399 n bluetoothd[29890]: src/adapter.c:remove_uuid() sending remove uuid command for index 0
Aug 14 21:05:01.429409 n bluetoothd[29890]: src/sdpd-service.c:remove_record_from_server() Removing record with handle 0x10007
Aug 14 21:05:01.429446 n bluetoothd[29890]: src/profile.c:ext_adapter_remove() "Message Notification" removed
Aug 14 21:05:01.429455 n bluetoothd[29890]: src/adapter.c:adapter_service_remove() /org/bluez/hci0
Aug 14 21:05:01.429464 n bluetoothd[29890]: src/adapter.c:remove_uuid() sending remove uuid command for index 0
Aug 14 21:05:01.429473 n bluetoothd[29890]: src/sdpd-service.c:remove_record_from_server() Removing record with handle 0x10006
Aug 14 21:05:01.429502 n bluetoothd[29890]: profiles/audio/a2dp.c:a2dp_source_server_remove() path /org/bluez/hci0
Aug 14 21:05:01.429512 n bluetoothd[29890]: profiles/audio/a2dp.c:a2dp_sink_server_remove() path /org/bluez/hci0
Aug 14 21:05:01.429520 n bluetoothd[29890]: profiles/audio/avrcp.c:avrcp_target_server_remove() path /org/bluez/hci0
Aug 14 21:05:01.429527 n bluetoothd[29890]: src/adapter.c:adapter_service_remove() /org/bluez/hci0
Aug 14 21:05:01.429535 n bluetoothd[29890]: src/adapter.c:remove_uuid() sending remove uuid command for index 0
Aug 14 21:05:01.429543 n bluetoothd[29890]: src/sdpd-service.c:remove_record_from_server() Removing record with handle 0x10005
Aug 14 21:05:01.429555 n bluetoothd[29890]: profiles/audio/avrcp.c:avrcp_controller_server_remove() path /org/bluez/hci0
Aug 14 21:05:01.429563 n bluetoothd[29890]: src/adapter.c:adapter_service_remove() /org/bluez/hci0
Aug 14 21:05:01.429572 n bluetoothd[29890]: src/adapter.c:remove_uuid() sending remove uuid command for index 0
Aug 14 21:05:01.429581 n bluetoothd[29890]: src/sdpd-service.c:remove_record_from_server() Removing record with handle 0x10004
Aug 14 21:05:01.429615 n bluetoothd[29890]: profiles/network/manager.c:nap_server_remove() path /org/bluez/hci0
Aug 14 21:05:01.429627 n bluetoothd[29890]: profiles/network/manager.c:gn_server_remove() path /org/bluez/hci0
Aug 14 21:05:01.429637 n bluetoothd[29890]: profiles/network/manager.c:panu_server_remove() path /org/bluez/hci0
Aug 14 21:05:01.429651 n bluetoothd[29890]: profiles/network/server.c:path_unregister() Unregistered interface org.bluez.NetworkServer1 on path /org/bluez/hci0
Aug 14 21:05:01.430000 n bluetoothd[29890]: src/adapter.c:adapter_service_remove() /org/bluez/hci0
Aug 14 21:05:01.430013 n bluetoothd[29890]: src/adapter.c:remove_uuid() sending remove uuid command for index 0
Aug 14 21:05:01.430021 n bluetoothd[29890]: src/sdpd-service.c:remove_record_from_server() Removing record with handle 0x10001
Aug 14 21:05:01.430032 n bluetoothd[29890]: src/adapter.c:adapter_service_remove() /org/bluez/hci0
Aug 14 21:05:01.430044 n bluetoothd[29890]: src/adapter.c:remove_uuid() sending remove uuid command for index 0
Aug 14 21:05:01.430052 n bluetoothd[29890]: src/sdpd-service.c:remove_record_from_server() Removing record with handle 0x10002
Aug 14 21:05:01.430066 n bluetoothd[29890]: src/adapter.c:adapter_service_remove() /org/bluez/hci0
Aug 14 21:05:01.430074 n bluetoothd[29890]: src/adapter.c:remove_uuid() sending remove uuid command for index 0
Aug 14 21:05:01.430083 n bluetoothd[29890]: src/sdpd-service.c:remove_record_from_server() Removing record with handle 0x10003
Aug 14 21:05:01.430129 n bluetoothd[29890]: Battery Provider Manager destroyed
Aug 14 21:05:01.430140 n bluetoothd[29890]: src/battery.c:manager_free()
Aug 14 21:05:01.430149 n bluetoothd[29890]: src/adapter.c:btd_adapter_unref() Freeing adapter /org/bluez/hci0
Aug 14 21:05:01.430158 n bluetoothd[29890]: src/adapter.c:adapter_free() 0x57597f25ee10
Aug 14 21:05:01.430307 n bluetoothd[29890]: src/rfkill.c:rfkill_event() RFKILL event idx 0 type 2 op 1 soft 1 hard 0
