Aug 14 18:21:50.945001 n kernel: Bluetooth: BNEP (Ethernet Emulation) ver 1.3
Aug 14 18:21:50.945057 n kernel: Bluetooth: BNEP filters: protocol multicast
Aug 14 18:21:50.945075 n kernel: Bluetooth: BNEP socket layer initialized
Aug 14 18:21:50.947060 n kernel: Bluetooth: MGMT ver 1.23
Aug 14 18:21:50.947074 n kernel: hci0: 
Aug 14 18:21:50.947086 n kernel: hci0: entry 0000000096dfe1d2
Aug 14 18:21:50.964012 n kernel: hci0: 
Aug 14 18:21:50.964031 n kernel: hci0: entry 00000000e4ebaf1c
Aug 14 18:21:50.964041 n kernel: hci0: 
Aug 14 18:21:50.964054 n kernel: hci0: 
Aug 14 18:21:50.975034 n kernel: Bluetooth: RFCOMM TTY layer initialized
Aug 14 18:21:50.975065 n kernel: Bluetooth: RFCOMM socket layer initialized
Aug 14 18:21:50.975079 n kernel: Bluetooth: RFCOMM ver 1.11
Aug 14 18:21:50.977027 n kernel: hci0: 
Aug 14 18:21:50.977034 n kernel: hci0: entry 000000007e350ad0
Aug 14 18:21:50.977045 n kernel: hci0: 
Aug 14 18:21:50.977054 n kernel: hci0: 
Aug 14 18:21:50.977070 n kernel: hci0: 
Aug 14 18:21:50.977077 n kernel: hci0: entry 000000006b5acd3c
Aug 14 18:21:50.977086 n kernel: hci0: 
Aug 14 18:21:50.977093 n kernel: hci0: 
Aug 14 18:21:50.977111 n kernel: hci0: 
Aug 14 18:21:50.977118 n kernel: hci0: entry 00000000513245d2
Aug 14 18:21:50.977128 n kernel: hci0: 
Aug 14 18:21:50.977137 n kernel: hci0: 
Aug 14 18:21:50.977160 n kernel: hci0: 
Aug 14 18:21:50.977169 n kernel: hci0: entry 000000000aa71005
Aug 14 18:21:50.977176 n kernel: hci0: 
Aug 14 18:21:50.977185 n kernel: hci0
Aug 14 18:21:51.073213 n kernel: hci0
Aug 14 18:21:51.073223 n kernel: hci0
Aug 14 18:21:51.073232 n kernel: hci0
Aug 14 18:21:51.073241 n kernel: hci0: 
Aug 14 18:21:51.073250 n kernel: hci0: 
Aug 14 18:21:51.073259 n kernel: hci0: Opcode 0x0c03
Aug 14 18:21:51.073277 n kernel: hci0: opcode 0x0c03 plen 0
Aug 14 18:21:51.073293 n kernel: hci0: skb len 3
Aug 14 18:21:51.073310 n kernel: hci0: length 1
Aug 14 18:21:51.073328 n kernel: hci0 cmd_cnt 1 cmd queued 1
Aug 14 18:21:51.073342 n kernel: hci0: skb 00000000286c8d00
Aug 14 18:21:51.130222 n kernel: hci0: result 0x00
Aug 14 18:21:51.130243 n kernel: hci0: end: err 0
Aug 14 18:21:51.130259 n kernel: hci0: Opcode 0x1003
Aug 14 18:21:51.130276 n kernel: hci0: opcode 0x1003 plen 0
Aug 14 18:21:51.130294 n kernel: hci0: skb len 3
Aug 14 18:21:51.130305 n kernel: hci0: length 1
Aug 14 18:21:51.130315 n kernel: hci0 cmd_cnt 1 cmd queued 1
Aug 14 18:21:51.130326 n kernel: hci0: skb 00000000f78f6212
Aug 14 18:21:51.133172 n kernel: hci0: result 0x00
Aug 14 18:21:51.133184 n kernel: hci0: end: err 0
Aug 14 18:21:51.133196 n kernel: hci0: Opcode 0x1001
Aug 14 18:21:51.133206 n kernel: hci0: opcode 0x1001 plen 0
Aug 14 18:21:51.133215 n kernel: hci0: skb len 3
Aug 14 18:21:51.133243 n kernel: hci0: length 1
Aug 14 18:21:51.133261 n kernel: hci0 cmd_cnt 1 cmd queued 1
Aug 14 18:21:51.133273 n kernel: hci0: skb 000000007c6493fa
Aug 14 18:21:51.136197 n kernel: hci0: result 0x00
Aug 14 18:21:51.136231 n kernel: hci0: end: err 0
Aug 14 18:21:51.136246 n kernel: hci0: Opcode 0x1009
Aug 14 18:21:51.136255 n kernel: hci0: opcode 0x1009 plen 0
Aug 14 18:21:51.136271 n kernel: hci0: skb len 3
Aug 14 18:21:51.136283 n kernel: hci0: length 1
Aug 14 18:21:51.136293 n kernel: hci0 cmd_cnt 1 cmd queued 1
Aug 14 18:21:51.136303 n kernel: hci0: skb 000000002106e2eb
Aug 14 18:21:51.139155 n kernel: hci0: result 0x00
Aug 14 18:21:51.139174 n kernel: hci0: end: err 0
Aug 14 18:21:51.139184 n kernel: hci0: 
Aug 14 18:21:51.139207 n kernel: hci0: Opcode 0x1002
Aug 14 18:21:51.139217 n kernel: hci0: opcode 0x1002 plen 0
Aug 14 18:21:51.139226 n kernel: hci0: skb len 3
Aug 14 18:21:51.139242 n kernel: hci0: length 1
Aug 14 18:21:51.139254 n kernel: hci0 cmd_cnt 1 cmd queued 1
Aug 14 18:21:51.139265 n kernel: hci0: skb 00000000affb3da6
Aug 14 18:21:51.146100 n kernel: hci0: result 0x00
Aug 14 18:21:51.146114 n kernel: hci0: end: err 0
Aug 14 18:21:51.146123 n kernel: hci0: Opcode 0x0c56
Aug 14 18:21:51.146131 n kernel: hci0: opcode 0x0c56 plen 1
Aug 14 18:21:51.146141 n kernel: hci0: skb len 4
Aug 14 18:21:51.146150 n kernel: hci0: length 1
Aug 14 18:21:51.146169 n kernel: hci0 cmd_cnt 1 cmd queued 1
Aug 14 18:21:51.146238 n kernel: hci0: skb 00000000cf9d2188
Aug 14 18:21:51.149097 n kernel: hci0: result 0x00
Aug 14 18:21:51.149137 n kernel: hci0: end: err 0
Aug 14 18:21:51.149153 n kernel: hci0: Opcode 0x0c45
Aug 14 18:21:51.149167 n kernel: hci0: opcode 0x0c45 plen 1
Aug 14 18:21:51.149187 n kernel: hci0: skb len 4
Aug 14 18:21:51.149198 n kernel: hci0: length 1
Aug 14 18:21:51.149207 n kernel: hci0 cmd_cnt 1 cmd queued 1
Aug 14 18:21:51.149218 n kernel: hci0: skb 0000000060594ca7
Aug 14 18:21:51.152122 n kernel: hci0: result 0x00
Aug 14 18:21:51.152143 n kernel: hci0: end: err 0
Aug 14 18:21:51.152153 n kernel: hci0: Opcode 0x0c58
Aug 14 18:21:51.152162 n kernel: hci0: opcode 0x0c58 plen 0
Aug 14 18:21:51.152171 n kernel: hci0: skb len 3
Aug 14 18:21:51.152180 n kernel: hci0: length 1
Aug 14 18:21:51.152201 n kernel: hci0 cmd_cnt 1 cmd queued 1
Aug 14 18:21:51.152214 n kernel: hci0: skb 000000001799b5f6
Aug 14 18:21:51.155134 n kernel: hci0: result 0x00
Aug 14 18:21:51.155162 n kernel: hci0: end: err 0
Aug 14 18:21:51.155185 n kernel: hci0: Opcode 0x1004
Aug 14 18:21:51.155202 n kernel: hci0: opcode 0x1004 plen 1
Aug 14 18:21:51.155218 n kernel: hci0: skb len 4
Aug 14 18:21:51.155238 n kernel: hci0: length 1
Aug 14 18:21:51.155255 n kernel: hci0 cmd_cnt 1 cmd queued 1
Aug 14 18:21:51.155271 n kernel: hci0: skb 0000000059980038
Aug 14 18:21:51.159106 n kernel: hci0: result 0x00
Aug 14 18:21:51.159132 n kernel: hci0: end: err 0
Aug 14 18:21:51.159169 n kernel: hci0: Opcode 0x1005
Aug 14 18:21:51.159191 n kernel: hci0: opcode 0x1005 plen 0
Aug 14 18:21:51.159222 n kernel: hci0: skb len 3
Aug 14 18:21:51.159252 n kernel: hci0: length 1
Aug 14 18:21:51.159273 n kernel: hci0 cmd_cnt 1 cmd queued 1
Aug 14 18:21:51.159289 n kernel: hci0: skb 00000000c62498a1
Aug 14 18:21:51.162097 n kernel: hci0: result 0x00
Aug 14 18:21:51.162121 n kernel: hci0: end: err 0
Aug 14 18:21:51.162140 n kernel: hci0: Opcode 0x0c23
Aug 14 18:21:51.162156 n kernel: hci0: opcode 0x0c23 plen 0
Aug 14 18:21:51.162186 n kernel: hci0: skb len 3
Aug 14 18:21:51.162212 n kernel: hci0: length 1
Aug 14 18:21:51.162231 n kernel: hci0 cmd_cnt 1 cmd queued 1
Aug 14 18:21:51.162255 n kernel: hci0: skb 00000000b254765a
Aug 14 18:21:51.165099 n kernel: hci0: result 0x00
Aug 14 18:21:51.165123 n kernel: hci0: end: err 0
Aug 14 18:21:51.165142 n kernel: hci0: Opcode 0x0c14
Aug 14 18:21:51.165172 n kernel: hci0: opcode 0x0c14 plen 0
Aug 14 18:21:51.165201 n kernel: hci0: skb len 3
Aug 14 18:21:51.165222 n kernel: hci0: length 1
Aug 14 18:21:51.165239 n kernel: hci0 cmd_cnt 1 cmd queued 1
Aug 14 18:21:51.165263 n kernel: hci0: skb 0000000035b2b12e
Aug 14 18:21:51.183134 n kernel: hci0: result 0x00
Aug 14 18:21:51.183158 n kernel: hci0: end: err 0
Aug 14 18:21:51.183174 n kernel: hci0: Opcode 0x0c25
Aug 14 18:21:51.183190 n kernel: hci0: opcode 0x0c25 plen 0
Aug 14 18:21:51.183209 n kernel: hci0: skb len 3
Aug 14 18:21:51.183225 n kernel: hci0: length 1
Aug 14 18:21:51.183244 n kernel: hci0 cmd_cnt 1 cmd queued 1
Aug 14 18:21:51.183265 n kernel: hci0: skb 00000000f846960c
Aug 14 18:21:51.186109 n kernel: hci0: result 0x00
Aug 14 18:21:51.186126 n kernel: hci0: end: err 0
Aug 14 18:21:51.186135 n kernel: hci0: Opcode 0x0c38
Aug 14 18:21:51.186149 n kernel: hci0: opcode 0x0c38 plen 0
Aug 14 18:21:51.186173 n kernel: hci0: skb len 3
Aug 14 18:21:51.186182 n kernel: hci0: length 1
Aug 14 18:21:51.186191 n kernel: hci0 cmd_cnt 1 cmd queued 1
Aug 14 18:21:51.186201 n kernel: hci0: skb 00000000997cecd5
Aug 14 18:21:51.189094 n kernel: hci0: result 0x00
Aug 14 18:21:51.189127 n kernel: hci0: end: err 0
Aug 14 18:21:51.189163 n kernel: hci0: Opcode 0x0c39
Aug 14 18:21:51.189173 n kernel: hci0: opcode 0x0c39 plen 0
Aug 14 18:21:51.189182 n kernel: hci0: skb len 3
Aug 14 18:21:51.189192 n kernel: hci0: length 1
Aug 14 18:21:51.189201 n kernel: hci0 cmd_cnt 1 cmd queued 1
Aug 14 18:21:51.189210 n kernel: hci0: skb 00000000d0f4eec7
Aug 14 18:21:51.192147 n kernel: hci0: result 0x00
Aug 14 18:21:51.192166 n kernel: hci0: end: err 0
Aug 14 18:21:51.192187 n kernel: hci0: Opcode 0x0c16
Aug 14 18:21:51.192229 n kernel: hci0: opcode 0x0c16 plen 2
Aug 14 18:21:51.192253 n kernel: hci0: skb len 5
Aug 14 18:21:51.192275 n kernel: hci0: length 1
Aug 14 18:21:51.192293 n kernel: hci0 cmd_cnt 1 cmd queued 1
Aug 14 18:21:51.192315 n kernel: hci0: skb 000000002b2f227a
Aug 14 18:21:51.195186 n kernel: hci0: result 0x00
Aug 14 18:21:51.195222 n kernel: hci0: end: err 0
Aug 14 18:21:51.195239 n kernel: hci0: Opcode 0x2003
Aug 14 18:21:51.195256 n kernel: hci0: opcode 0x2003 plen 0
Aug 14 18:21:51.195265 n kernel: hci0: skb len 3
Aug 14 18:21:51.195274 n kernel: hci0: length 1
Aug 14 18:21:51.195284 n kernel: hci0 cmd_cnt 1 cmd queued 1
Aug 14 18:21:51.195294 n kernel: hci0: skb 00000000de99cdff
Aug 14 18:21:51.198173 n kernel: hci0: result 0x00
Aug 14 18:21:51.198206 n kernel: hci0: end: err 0
Aug 14 18:21:51.198223 n kernel: hci0: Opcode 0x2002
Aug 14 18:21:51.198247 n kernel: hci0: opcode 0x2002 plen 0
Aug 14 18:21:51.198270 n kernel: hci0: skb len 3
Aug 14 18:21:51.198288 n kernel: hci0: length 1
Aug 14 18:21:51.198299 n kernel: hci0 cmd_cnt 1 cmd queued 1
Aug 14 18:21:51.198310 n kernel: hci0: skb 0000000067f56089
Aug 14 18:21:51.201180 n kernel: hci0: result 0x00
Aug 14 18:21:51.201212 n kernel: hci0: end: err 0
Aug 14 18:21:51.201229 n kernel: hci0: Opcode 0x201c
Aug 14 18:21:51.201263 n kernel: hci0: opcode 0x201c plen 0
Aug 14 18:21:51.201279 n kernel: hci0: skb len 3
Aug 14 18:21:51.201310 n kernel: hci0: length 1
Aug 14 18:21:51.201343 n kernel: hci0 cmd_cnt 1 cmd queued 1
Aug 14 18:21:51.201359 n kernel: hci0: skb 00000000c3537a00
Aug 14 18:21:51.204158 n kernel: hci0: result 0x00
Aug 14 18:21:51.204229 n kernel: hci0: end: err 0
Aug 14 18:21:51.204258 n kernel: hci0: 
Aug 14 18:21:51.204282 n kernel: hci0: Opcode 0x0c01
Aug 14 18:21:51.204304 n kernel: hci0: opcode 0x0c01 plen 8
Aug 14 18:21:51.204330 n kernel: hci0: skb len 11
Aug 14 18:21:51.204344 n kernel: hci0: length 1
Aug 14 18:21:51.204359 n kernel: hci0 cmd_cnt 1 cmd queued 1
Aug 14 18:21:51.204374 n kernel: hci0: skb 00000000d70c78b9
Aug 14 18:21:51.207154 n kernel: hci0: result 0x00
Aug 14 18:21:51.207225 n kernel: hci0: end: err 0
Aug 14 18:21:51.207260 n kernel: hci0: Opcode 0x0c0d
Aug 14 18:21:51.207293 n kernel: hci0: opcode 0x0c0d plen 7
Aug 14 18:21:51.207317 n kernel: hci0: skb len 10
Aug 14 18:21:51.207332 n kernel: hci0: length 1
Aug 14 18:21:51.207346 n kernel: hci0 cmd_cnt 1 cmd queued 1
Aug 14 18:21:51.207361 n kernel: hci0: skb 000000007693c921
Aug 14 18:21:51.210163 n kernel: hci0: result 0x00
Aug 14 18:21:51.210197 n kernel: hci0: end: err 0
Aug 14 18:21:51.210227 n kernel: hci0: Opcode 0x080f
Aug 14 18:21:51.210280 n kernel: hci0: opcode 0x080f plen 2
Aug 14 18:21:51.210324 n kernel: hci0: skb len 5
Aug 14 18:21:51.210348 n kernel: hci0: length 1
Aug 14 18:21:51.210362 n kernel: hci0 cmd_cnt 1 cmd queued 1
Aug 14 18:21:51.210377 n kernel: hci0: skb 00000000adfd397e
Aug 14 18:21:51.213175 n kernel: hci0: result 0x00
Aug 14 18:21:51.213206 n kernel: hci0: end: err 0
Aug 14 18:21:51.213223 n kernel: hci0: Opcode 0x0c1b
Aug 14 18:21:51.213239 n kernel: hci0: opcode 0x0c1b plen 0
Aug 14 18:21:51.213254 n kernel: hci0: skb len 3
Aug 14 18:21:51.213282 n kernel: hci0: length 1
Aug 14 18:21:51.213291 n kernel: hci0 cmd_cnt 1 cmd queued 1
Aug 14 18:21:51.213313 n kernel: hci0: skb 000000008f0008f1
Aug 14 18:21:51.216196 n kernel: hci0: result 0x00
Aug 14 18:21:51.216240 n kernel: hci0: end: err 0
Aug 14 18:21:51.216253 n kernel: hci0: Opcode 0x0c46
Aug 14 18:21:51.216274 n kernel: hci0: opcode 0x0c46 plen 0
Aug 14 18:21:51.216285 n kernel: hci0: skb len 3
Aug 14 18:21:51.216295 n kernel: hci0: length 1
Aug 14 18:21:51.216304 n kernel: hci0 cmd_cnt 1 cmd queued 1
Aug 14 18:21:51.216313 n kernel: hci0: skb 000000001799b5f6
Aug 14 18:21:51.218409 n kernel: hci0: result 0x00
Aug 14 18:21:51.218422 n kernel: hci0: end: err 0
Aug 14 18:21:51.218433 n kernel: hci0: Opcode 0x1004
Aug 14 18:21:51.218465 n kernel: hci0: opcode 0x1004 plen 1
Aug 14 18:21:51.218481 n kernel: hci0: skb len 4
Aug 14 18:21:51.218491 n kernel: hci0: length 1
Aug 14 18:21:51.218502 n kernel: hci0 cmd_cnt 1 cmd queued 1
Aug 14 18:21:51.218513 n kernel: hci0: skb 0000000060594ca7
Aug 14 18:21:51.223077 n kernel: hci0: result 0x00
Aug 14 18:21:51.223109 n kernel: hci0: end: err 0
Aug 14 18:21:51.223130 n kernel: hci0: Opcode 0x2001
Aug 14 18:21:51.223154 n kernel: hci0: opcode 0x2001 plen 8
Aug 14 18:21:51.223171 n kernel: hci0: skb len 11
Aug 14 18:21:51.223198 n kernel: hci0: length 1
Aug 14 18:21:51.223210 n kernel: hci0 cmd_cnt 1 cmd queued 1
Aug 14 18:21:51.223219 n kernel: hci0: skb 00000000cf9d2188
Aug 14 18:21:51.226096 n kernel: hci0: result 0x00
Aug 14 18:21:51.226122 n kernel: hci0: end: err 0
Aug 14 18:21:51.226143 n kernel: hci0: Opcode 0x2007
Aug 14 18:21:51.226159 n kernel: hci0: opcode 0x2007 plen 0
Aug 14 18:21:51.226183 n kernel: hci0: skb len 3
Aug 14 18:21:51.226205 n kernel: hci0: length 1
Aug 14 18:21:51.226221 n kernel: hci0 cmd_cnt 1 cmd queued 1
Aug 14 18:21:51.226237 n kernel: hci0: skb 00000000affb3da6
Aug 14 18:21:51.229101 n kernel: hci0: result 0x00
Aug 14 18:21:51.229144 n kernel: hci0: end: err 0
Aug 14 18:21:51.229160 n kernel: hci0: Opcode 0x200f
Aug 14 18:21:51.229194 n kernel: hci0: opcode 0x200f plen 0
Aug 14 18:21:51.229211 n kernel: hci0: skb len 3
Aug 14 18:21:51.229234 n kernel: hci0: length 1
Aug 14 18:21:51.229250 n kernel: hci0 cmd_cnt 1 cmd queued 1
Aug 14 18:21:51.229266 n kernel: hci0: skb 000000002106e2eb
Aug 14 18:21:51.232072 n kernel: hci0: result 0x00
Aug 14 18:21:51.232102 n kernel: hci0: end: err 0
Aug 14 18:21:51.232145 n kernel: hci0: Opcode 0x2010
Aug 14 18:21:51.232183 n kernel: hci0: opcode 0x2010 plen 0
Aug 14 18:21:51.232199 n kernel: hci0: skb len 3
Aug 14 18:21:51.232220 n kernel: hci0: length 1
Aug 14 18:21:51.232247 n kernel: hci0 cmd_cnt 1 cmd queued 1
Aug 14 18:21:51.232263 n kernel: hci0: skb 000000007c6493fa
Aug 14 18:21:51.235088 n kernel: hci0: result 0x00
Aug 14 18:21:51.235112 n kernel: hci0: end: err 0
Aug 14 18:21:51.235142 n kernel: hci0: Opcode 0x202a
Aug 14 18:21:51.235166 n kernel: hci0: opcode 0x202a plen 0
Aug 14 18:21:51.235183 n kernel: hci0: skb len 3
Aug 14 18:21:51.235198 n kernel: hci0: length 1
Aug 14 18:21:51.235216 n kernel: hci0 cmd_cnt 1 cmd queued 1
Aug 14 18:21:51.235235 n kernel: hci0: skb 00000000f78f6212
Aug 14 18:21:51.238087 n kernel: hci0: result 0x00
Aug 14 18:21:51.238123 n kernel: hci0: end: err 0
Aug 14 18:21:51.238143 n kernel: hci0: Opcode 0x2029
Aug 14 18:21:51.238159 n kernel: hci0: opcode 0x2029 plen 0
Aug 14 18:21:51.238183 n kernel: hci0: skb len 3
Aug 14 18:21:51.238207 n kernel: hci0: length 1
Aug 14 18:21:51.238224 n kernel: hci0 cmd_cnt 1 cmd queued 1
Aug 14 18:21:51.238250 n kernel: hci0: skb 00000000286c8d00
Aug 14 18:21:51.241079 n kernel: hci0: result 0x00
Aug 14 18:21:51.241117 n kernel: hci0: end: err 0
Aug 14 18:21:51.241140 n kernel: hci0: Opcode 0x202e
Aug 14 18:21:51.241163 n kernel: hci0: opcode 0x202e plen 2
Aug 14 18:21:51.241185 n kernel: hci0: skb len 5
Aug 14 18:21:51.241205 n kernel: hci0: length 1
Aug 14 18:21:51.241223 n kernel: hci0 cmd_cnt 1 cmd queued 1
Aug 14 18:21:51.241245 n kernel: hci0: skb 000000005fdf7e95
Aug 14 18:21:51.244082 n kernel: hci0: result 0x00
Aug 14 18:21:51.244124 n kernel: hci0: end: err 0
Aug 14 18:21:51.244146 n kernel: hci0: Opcode 0x0c6d
Aug 14 18:21:51.244162 n kernel: hci0: opcode 0x0c6d plen 2
Aug 14 18:21:51.244180 n kernel: hci0: skb len 5
Aug 14 18:21:51.244197 n kernel: hci0: length 1
Aug 14 18:21:51.244217 n kernel: hci0 cmd_cnt 1 cmd queued 1
Aug 14 18:21:51.244233 n kernel: hci0: skb 00000000b7748fb8
Aug 14 18:21:51.247065 n kernel: hci0: result 0x00
Aug 14 18:21:51.247085 n kernel: hci0: end: err 0
Aug 14 18:21:51.247107 n kernel: hci0: 
Aug 14 18:21:51.247123 n kernel: hci0: Opcode 0x0c12
Aug 14 18:21:51.247140 n kernel: hci0: opcode 0x0c12 plen 7
Aug 14 18:21:51.247173 n kernel: hci0: skb len 10
Aug 14 18:21:51.247208 n kernel: hci0: length 1
Aug 14 18:21:51.247229 n kernel: hci0 cmd_cnt 1 cmd queued 1
Aug 14 18:21:51.247244 n kernel: hci0: skb 00000000e3f62ecd
Aug 14 18:21:51.250079 n kernel: hci0: result 0x00
Aug 14 18:21:51.250100 n kernel: hci0: end: err 0
Aug 14 18:21:51.250143 n kernel: hci0: Opcode 0x0c77
Aug 14 18:21:51.250165 n kernel: hci0: opcode 0x0c77 plen 0
Aug 14 18:21:51.250193 n kernel: hci0: skb len 3
Aug 14 18:21:51.250215 n kernel: hci0: length 1
Aug 14 18:21:51.250232 n kernel: hci0 cmd_cnt 1 cmd queued 1
Aug 14 18:21:51.250248 n kernel: hci0: skb 00000000514fe3b0
Aug 14 18:21:51.253143 n kernel: hci0: result 0x00
Aug 14 18:21:51.253163 n kernel: hci0: end: err 0
Aug 14 18:21:51.253179 n kernel: hci0: Opcode 0x0c7a
Aug 14 18:21:51.253196 n kernel: hci0: opcode 0x0c7a plen 1
Aug 14 18:21:51.253214 n kernel: hci0: skb len 4
Aug 14 18:21:51.253258 n kernel: hci0: length 1
Aug 14 18:21:51.253274 n kernel: hci0 cmd_cnt 1 cmd queued 1
Aug 14 18:21:51.253289 n kernel: hci0: skb 000000004ef55f65
Aug 14 18:21:51.256091 n kernel: hci0: result 0x00
Aug 14 18:21:51.256113 n kernel: hci0: end: err 0
Aug 14 18:21:51.256134 n kernel: hci0: 
Aug 14 18:21:51.256150 n kernel: hci0: Opcode 0x0c13
Aug 14 18:21:51.256166 n kernel: hci0: opcode 0x0c13 plen 248
Aug 14 18:21:51.256182 n kernel: hci0: skb len 251
Aug 14 18:21:51.256198 n kernel: hci0: length 1
Aug 14 18:21:51.256215 n kernel: hci0 cmd_cnt 1 cmd queued 1
Aug 14 18:21:51.256265 n kernel: hci0: skb 00000000609547cb
Aug 14 18:21:51.259105 n kernel: hci0: result 0x00
Aug 14 18:21:51.259145 n kernel: hci0: end: err 0
Aug 14 18:21:51.259162 n kernel: hci0: 
Aug 14 18:21:51.259177 n kernel: hci0: Opcode 0x0c52
Aug 14 18:21:51.259203 n kernel: hci0: opcode 0x0c52 plen 241
Aug 14 18:21:51.259236 n kernel: hci0: skb len 244
Aug 14 18:21:51.259258 n kernel: hci0: length 1
Aug 14 18:21:51.259274 n kernel: hci0 cmd_cnt 1 cmd queued 1
Aug 14 18:21:51.259290 n kernel: hci0: skb 00000000aa2da094
Aug 14 18:21:51.262100 n kernel: hci0: result 0x00
Aug 14 18:21:51.262127 n kernel: hci0: end: err 0
Aug 14 18:21:51.262151 n kernel: hci0: entry 00000000b9a407ce
Aug 14 18:21:51.262170 n kernel: hci0: ADV monitoring is off
Aug 14 18:21:51.262199 n kernel: hci0: stopping background scanning
Aug 14 18:21:51.262224 n kernel: hci0: 
Aug 14 18:21:51.262274 n kernel: hci0: 
Aug 14 18:21:51.262295 n kernel: hci0: entry 0000000099bcd54d
Aug 14 18:21:51.262312 n kernel: hci0: 
Aug 14 18:21:51.262322 n kernel: hci0: Opcode 0x0c24
Aug 14 18:21:51.262331 n kernel: hci0: opcode 0x0c24 plen 3
Aug 14 18:21:51.262340 n kernel: hci0: skb len 6
Aug 14 18:21:51.262349 n kernel: hci0: length 1
Aug 14 18:21:51.262358 n kernel: hci0 cmd_cnt 1 cmd queued 1
Aug 14 18:21:51.262366 n kernel: hci0: skb 0000000065ffeeec
Aug 14 18:21:51.266078 n kernel: hci0: result 0x00
Aug 14 18:21:51.266098 n kernel: hci0: end: err 0
Aug 14 18:21:51.266134 n kernel: hci0: 
Aug 14 18:21:51.266150 n kernel: hci0: entry 000000003a5488e4
Aug 14 18:21:51.266181 n kernel: hci0: 
Aug 14 18:21:51.266200 n kernel: hci0: 
Aug 14 18:21:51.266217 n kernel: hci0: Opcode 0x0c52
Aug 14 18:21:51.266233 n kernel: hci0: opcode 0x0c52 plen 241
Aug 14 18:21:51.266260 n kernel: hci0: skb len 244
Aug 14 18:21:51.266275 n kernel: hci0: length 1
Aug 14 18:21:51.266291 n kernel: hci0 cmd_cnt 1 cmd queued 1
Aug 14 18:21:51.266305 n kernel: hci0: skb 0000000014a8537d
Aug 14 18:21:51.269028 n kernel: hci0: result 0x00
Aug 14 18:21:51.269041 n kernel: hci0: end: err 0
Aug 14 18:21:51.269061 n kernel: hci0: 
Aug 14 18:21:51.269069 n kernel: hci0: entry 00000000bf400688
Aug 14 18:21:51.269078 n kernel: hci0: 
Aug 14 18:21:51.269088 n kernel: hci0: 
Aug 14 18:21:51.269096 n kernel: hci0: Opcode 0x0c52
Aug 14 18:21:51.269104 n kernel: hci0: opcode 0x0c52 plen 241
Aug 14 18:21:51.269112 n kernel: hci0: skb len 244
Aug 14 18:21:51.269121 n kernel: hci0: length 1
Aug 14 18:21:51.269129 n kernel: hci0 cmd_cnt 1 cmd queued 1
Aug 14 18:21:51.269137 n kernel: hci0: skb 00000000305e9aa5
Aug 14 18:21:51.272017 n kernel: hci0: result 0x00
Aug 14 18:21:51.272027 n kernel: hci0: end: err 0
Aug 14 18:21:51.272068 n kernel: hci0: 
Aug 14 18:21:51.272076 n kernel: hci0: entry 00000000c3f2174a
Aug 14 18:21:51.272088 n kernel: hci0: Opcode 0x0c1a
Aug 14 18:21:51.272097 n kernel: hci0: opcode 0x0c1a plen 1
Aug 14 18:21:51.272106 n kernel: hci0: skb len 4
Aug 14 18:21:51.272115 n kernel: hci0: length 1
Aug 14 18:21:51.272124 n kernel: hci0 cmd_cnt 1 cmd queued 1
Aug 14 18:21:51.272135 n kernel: hci0: skb 00000000ff495b85
Aug 14 18:21:51.272169 n kernel: hci0 key for AA:BB:CC:00:00:01 type 4
Aug 14 18:21:51.272178 n kernel: hci0 key for AA:BB:CC:00:00:02 type 4
Aug 14 18:21:51.272186 n kernel: hci0 key for AA:BB:CC:00:00:03 type 4
Aug 14 18:21:51.275036 n kernel: hci0: result 0x00
Aug 14 18:21:51.275047 n kernel: hci0: end: err 0
Aug 14 18:21:51.275057 n kernel: hci0: entry 000000006b230fcc
Aug 14 18:21:51.275067 n kernel: hci0: entry 00000000bf6cff39
Aug 14 18:21:51.275077 n kernel: hci0: entry 0000000085a0953e
Aug 14 18:21:51.275088 n kernel: hci0: 
Aug 14 18:21:51.275098 n kernel: hci0: 
Aug 14 18:21:51.275108 n kernel: hci0: 
Aug 14 18:21:51.275127 n kernel: hci0: 
Aug 14 18:21:51.275137 n kernel: hci0: entry 000000009aadc9a8
Aug 14 18:21:51.275150 n kernel: hci0: 
Aug 14 18:21:51.275157 n kernel: hci0: Opcode 0x0c52
Aug 14 18:21:51.275166 n kernel: hci0: opcode 0x0c52 plen 241
Aug 14 18:21:51.275173 n kernel: hci0: skb len 244
Aug 14 18:21:51.275182 n kernel: hci0: length 1
Aug 14 18:21:51.275189 n kernel: hci0 cmd_cnt 1 cmd queued 1
Aug 14 18:21:51.275197 n kernel: hci0: skb 00000000cfd840bf
Aug 14 18:21:51.278020 n kernel: hci0: result 0x00
Aug 14 18:21:51.278030 n kernel: hci0: end: err 0
Aug 14 18:21:51.278039 n kernel: hci0: entry 00000000fd9700cc
Aug 14 18:21:51.278048 n kernel: hci0: 
Aug 14 18:21:51.278057 n kernel: hci0: 
Aug 14 18:21:51.278075 n kernel: hci0: 
Aug 14 18:21:51.278084 n kernel: hci0: entry 000000003dcc9947
Aug 14 18:21:51.278094 n kernel: hci0: Opcode 0x0c13
Aug 14 18:21:51.278104 n kernel: hci0: opcode 0x0c13 plen 248
Aug 14 18:21:51.278113 n kernel: hci0: skb len 251
Aug 14 18:21:51.278122 n kernel: hci0: length 1
Aug 14 18:21:51.278131 n kernel: hci0 cmd_cnt 1 cmd queued 1
Aug 14 18:21:51.278140 n kernel: hci0: skb 00000000d3b6cc03
Aug 14 18:21:51.280023 n kernel: hci0: result 0x00
Aug 14 18:21:51.280041 n kernel: hci0: end: err 0
Aug 14 18:21:51.280049 n kernel: hci0: 
Aug 14 18:21:51.280057 n kernel: hci0: Opcode 0x0c52
Aug 14 18:21:51.280072 n kernel: hci0: opcode 0x0c52 plen 241
Aug 14 18:21:51.280079 n kernel: hci0: skb len 244
Aug 14 18:21:51.280087 n kernel: hci0: length 1
Aug 14 18:21:51.280094 n kernel: hci0 cmd_cnt 1 cmd queued 1
Aug 14 18:21:51.280101 n kernel: hci0: skb 00000000703baa5f
Aug 14 18:21:51.284019 n kernel: hci0: result 0x00
Aug 14 18:21:51.284030 n kernel: hci0: end: err 0
Aug 14 18:21:51.284068 n kernel: hci0: 
Aug 14 18:21:51.284077 n kernel: hci0: entry 00000000576fa2ae
Aug 14 18:21:51.284091 n kernel: hci0: 
Aug 14 18:21:51.284105 n kernel: hci0: Opcode 0x0c24
Aug 14 18:21:51.284115 n kernel: hci0: opcode 0x0c24 plen 3
Aug 14 18:21:51.284126 n kernel: hci0: skb len 6
Aug 14 18:21:51.284141 n kernel: hci0: length 1
Aug 14 18:21:51.284150 n kernel: hci0 cmd_cnt 1 cmd queued 1
Aug 14 18:21:51.284160 n kernel: hci0: skb 00000000703baa5f
Aug 14 18:21:51.287012 n kernel: hci0: result 0x00
Aug 14 18:21:51.287022 n kernel: hci0: end: err 0
Aug 14 18:21:51.287032 n kernel: hci0: 
Aug 14 18:21:51.287041 n kernel: hci0: Opcode 0x0c52
Aug 14 18:21:51.287052 n kernel: hci0: opcode 0x0c52 plen 241
Aug 14 18:21:51.287071 n kernel: hci0: skb len 244
Aug 14 18:21:51.287081 n kernel: hci0: length 1
Aug 14 18:21:51.287096 n kernel: hci0 cmd_cnt 1 cmd queued 1
Aug 14 18:21:51.287105 n kernel: hci0: skb 00000000e7383876
Aug 14 18:21:51.290012 n kernel: hci0: result 0x00
Aug 14 18:21:51.290031 n kernel: hci0: end: err 0
Aug 14 18:21:51.290046 n kernel: hci0: 
Aug 14 18:21:51.290053 n kernel: hci0: entry 00000000dc6c4b65
Aug 14 18:21:51.290060 n kernel: hci0: 
Aug 14 18:21:51.290068 n kernel: hci0: Opcode 0x0c24
Aug 14 18:21:51.290079 n kernel: hci0: opcode 0x0c24 plen 3
Aug 14 18:21:51.290086 n kernel: hci0: skb len 6
Aug 14 18:21:51.290094 n kernel: hci0: length 1
Aug 14 18:21:51.290101 n kernel: hci0 cmd_cnt 1 cmd queued 1
Aug 14 18:21:51.290108 n kernel: hci0: skb 00000000486c51d3
Aug 14 18:21:51.293014 n kernel: hci0: result 0x00
Aug 14 18:21:51.293025 n kernel: hci0: end: err 0
Aug 14 18:21:51.293034 n kernel: hci0: 
Aug 14 18:21:51.293044 n kernel: hci0: Opcode 0x0c52
Aug 14 18:21:51.293062 n kernel: hci0: opcode 0x0c52 plen 241
Aug 14 18:21:51.293072 n kernel: hci0: skb len 244
Aug 14 18:21:51.293081 n kernel: hci0: length 1
Aug 14 18:21:51.293091 n kernel: hci0 cmd_cnt 1 cmd queued 1
Aug 14 18:21:51.293100 n kernel: hci0: skb 00000000aa2da094
Aug 14 18:21:51.296029 n kernel: hci0: result 0x00
Aug 14 18:21:51.296043 n kernel: hci0: end: err 0
Aug 14 18:21:51.296069 n kernel: hci0: 
Aug 14 18:21:51.296081 n kernel: hci0: entry 00000000acf9d1a9
Aug 14 18:21:51.296108 n kernel: hci0: Opcode 0x0c13
Aug 14 18:21:51.296121 n kernel: hci0: opcode 0x0c13 plen 248
Aug 14 18:21:51.296135 n kernel: hci0: skb len 251
Aug 14 18:21:51.296147 n kernel: hci0: length 1
Aug 14 18:21:51.296160 n kernel: hci0 cmd_cnt 1 cmd queued 1
Aug 14 18:21:51.296172 n kernel: hci0: skb 00000000affb3da6
Aug 14 18:21:51.299014 n kernel: hci0: result 0x00
Aug 14 18:21:51.299026 n kernel: hci0: end: err 0
Aug 14 18:21:51.299039 n kernel: hci0: 
Aug 14 18:21:51.299060 n kernel: hci0: Opcode 0x0c52
Aug 14 18:21:51.299073 n kernel: hci0: opcode 0x0c52 plen 241
Aug 14 18:21:51.299091 n kernel: hci0: skb len 244
Aug 14 18:21:51.299104 n kernel: hci0: length 1
Aug 14 18:21:51.299120 n kernel: hci0 cmd_cnt 1 cmd queued 1
Aug 14 18:21:51.299133 n kernel: hci0: skb 0000000063e58f01
Aug 14 18:21:51.301004 n kernel: hci0: result 0x00
Aug 14 18:21:51.301018 n kernel: hci0: end: err 0
Aug 14 18:21:51.302024 n kernel: hci0: 
Aug 14 18:21:51.302037 n kernel: hci0: entry 000000004d9f896a
Aug 14 18:21:51.302050 n kernel: hci0: 
Aug 14 18:21:51.302062 n kernel: hci0: Opcode 0x0c24
Aug 14 18:21:51.302075 n kernel: hci0: opcode 0x0c24 plen 3
Aug 14 18:21:51.302098 n kernel: hci0: skb len 6
Aug 14 18:21:51.302111 n kernel: hci0: length 1
Aug 14 18:21:51.302124 n kernel: hci0 cmd_cnt 1 cmd queued 1
Aug 14 18:21:51.302136 n kernel: hci0: skb 00000000fa1c4844
Aug 14 18:21:51.305025 n kernel: hci0: result 0x00
Aug 14 18:21:51.305038 n kernel: hci0: end: err 0
Aug 14 18:21:51.305050 n kernel: hci0: 
Aug 14 18:21:51.305062 n kernel: hci0: Opcode 0x0c52
Aug 14 18:21:51.305075 n kernel: hci0: opcode 0x0c52 plen 241
Aug 14 18:21:51.305087 n kernel: hci0: skb len 244
Aug 14 18:21:51.305100 n kernel: hci0: length 1
Aug 14 18:21:51.305112 n kernel: hci0 cmd_cnt 1 cmd queued 1
Aug 14 18:21:51.305124 n kernel: hci0: skb 00000000d0d378ec
Aug 14 18:21:51.308027 n kernel: hci0: result 0x00
Aug 14 18:21:51.308042 n kernel: hci0: end: err 0
Aug 14 18:21:51.308067 n kernel: hci0: 
Aug 14 18:21:51.308079 n kernel: hci0: entry 0000000016672485
Aug 14 18:21:51.308092 n kernel: hci0: 
Aug 14 18:21:51.308104 n kernel: hci0: Opcode 0x0c24
Aug 14 18:21:51.308117 n kernel: hci0: opcode 0x0c24 plen 3
Aug 14 18:21:51.308142 n kernel: hci0: skb len 6
Aug 14 18:21:51.308154 n kernel: hci0: length 1
Aug 14 18:21:51.308167 n kernel: hci0 cmd_cnt 1 cmd queued 1
Aug 14 18:21:51.308179 n kernel: hci0: skb 00000000f846960c
Aug 14 18:21:51.311033 n kernel: hci0: result 0x00
Aug 14 18:21:51.311046 n kernel: hci0: end: err 0
Aug 14 18:21:51.311058 n kernel: hci0: 
Aug 14 18:21:51.311070 n kernel: hci0: Opcode 0x0c52
Aug 14 18:21:51.311083 n kernel: hci0: opcode 0x0c52 plen 241
Aug 14 18:21:51.311095 n kernel: hci0: skb len 244
Aug 14 18:21:51.311107 n kernel: hci0: length 1
Aug 14 18:21:51.311120 n kernel: hci0 cmd_cnt 1 cmd queued 1
Aug 14 18:21:51.311132 n kernel: hci0: skb 0000000006e331e5
Aug 14 18:21:51.314023 n kernel: hci0: result 0x00
Aug 14 18:21:51.314047 n kernel: hci0: end: err 0
Aug 14 18:21:52.844031 n kernel: hci0: 
Aug 14 18:21:52.844044 n kernel: hci0: entry 00000000661b65bc
Aug 14 18:21:52.844056 n kernel: hci0: 
Aug 14 18:21:52.844068 n kernel: hci0: Opcode 0x0c24
Aug 14 18:21:52.844081 n kernel: hci0: opcode 0x0c24 plen 3
Aug 14 18:21:52.844093 n kernel: hci0: skb len 6
Aug 14 18:21:52.844106 n kernel: hci0: length 1
Aug 14 18:21:52.844118 n kernel: hci0 cmd_cnt 1 cmd queued 1
Aug 14 18:21:52.844131 n kernel: hci0: skb 000000006b9e329a
Aug 14 18:21:52.847039 n kernel: hci0: result 0x00
Aug 14 18:21:52.847054 n kernel: hci0: end: err 0
Aug 14 18:21:52.847069 n kernel: hci0: 
Aug 14 18:21:52.847083 n kernel: hci0: Opcode 0x0c52
Aug 14 18:21:52.847096 n kernel: hci0: opcode 0x0c52 plen 241
Aug 14 18:21:52.847109 n kernel: hci0: skb len 244
Aug 14 18:21:52.847123 n kernel: hci0: length 1
Aug 14 18:21:52.847136 n kernel: hci0 cmd_cnt 1 cmd queued 1
Aug 14 18:21:52.847149 n kernel: hci0: skb 00000000dc5d9fee
Aug 14 18:21:52.850026 n kernel: hci0: result 0x00
Aug 14 18:21:52.850040 n kernel: hci0: end: err 0
Aug 14 18:21:52.850070 n kernel: hci0: 
Aug 14 18:21:52.850084 n kernel: hci0: entry 0000000086273ac5
Aug 14 18:21:52.850097 n kernel: hci0: 
Aug 14 18:21:52.850111 n kernel: hci0: Opcode 0x0c24
Aug 14 18:21:52.850125 n kernel: hci0: opcode 0x0c24 plen 3
Aug 14 18:21:52.850138 n kernel: hci0: skb len 6
Aug 14 18:21:52.850151 n kernel: hci0: length 1
Aug 14 18:21:52.850164 n kernel: hci0 cmd_cnt 1 cmd queued 1
Aug 14 18:21:52.850178 n kernel: hci0: skb 00000000b97f5699
Aug 14 18:21:52.853023 n kernel: hci0: result 0x00
Aug 14 18:21:52.853035 n kernel: hci0: end: err 0
Aug 14 18:21:52.853045 n kernel: hci0: 
Aug 14 18:21:52.853057 n kernel: hci0: Opcode 0x0c52
Aug 14 18:21:52.853070 n kernel: hci0: opcode 0x0c52 plen 241
Aug 14 18:21:52.853082 n kernel: hci0: skb len 244
Aug 14 18:21:52.853094 n kernel: hci0: length 1
Aug 14 18:21:52.853105 n kernel: hci0 cmd_cnt 1 cmd queued 1
Aug 14 18:21:52.853117 n kernel: hci0: skb 000000008ba6385a
Aug 14 18:21:52.856021 n kernel: hci0: result 0x00
Aug 14 18:21:52.856034 n kernel: hci0: end: err 0
Aug 14 18:21:52.856059 n kernel: hci0: 
Aug 14 18:21:52.856071 n kernel: hci0: entry 000000000cf4ecef
Aug 14 18:21:52.856084 n kernel: hci0: 
Aug 14 18:21:52.856096 n kernel: hci0: Opcode 0x0c24
Aug 14 18:21:52.856109 n kernel: hci0: opcode 0x0c24 plen 3
Aug 14 18:21:52.856121 n kernel: hci0: skb len 6
Aug 14 18:21:52.856133 n kernel: hci0: length 1
Aug 14 18:21:52.856144 n kernel: hci0 cmd_cnt 1 cmd queued 1
Aug 14 18:21:52.856156 n kernel: hci0: skb 00000000c252acfa
Aug 14 18:21:52.859072 n kernel: hci0: result 0x00
Aug 14 18:21:52.859087 n kernel: hci0: end: err 0
Aug 14 18:21:52.859101 n kernel: hci0: 
Aug 14 18:21:52.859116 n kernel: hci0: Opcode 0x0c52
Aug 14 18:21:52.859127 n kernel: hci0: opcode 0x0c52 plen 241
Aug 14 18:21:52.859137 n kernel: hci0: skb len 244
Aug 14 18:21:52.859151 n kernel: hci0: length 1
Aug 14 18:21:52.859165 n kernel: hci0 cmd_cnt 1 cmd queued 1
Aug 14 18:21:52.859179 n kernel: hci0: skb 000000001f661cf7
Aug 14 18:21:52.862066 n kernel: hci0: result 0x00
Aug 14 18:21:52.862077 n kernel: hci0: end: err 0
Aug 14 18:21:52.862096 n kernel: hci0: 
Aug 14 18:21:52.862105 n kernel: hci0: entry 00000000c12dbecc
Aug 14 18:21:52.862114 n kernel: hci0: 
Aug 14 18:21:52.862123 n kernel: hci0: Opcode 0x0c24
Aug 14 18:21:52.862132 n kernel: hci0: opcode 0x0c24 plen 3
Aug 14 18:21:52.862141 n kernel: hci0: skb len 6
Aug 14 18:21:52.862150 n kernel: hci0: length 1
Aug 14 18:21:52.862158 n kernel: hci0 cmd_cnt 1 cmd queued 1
Aug 14 18:21:52.862167 n kernel: hci0: skb 0000000052de87fe
Aug 14 18:21:52.865017 n kernel: hci0: result 0x00
Aug 14 18:21:52.865027 n kernel: hci0: end: err 0
Aug 14 18:21:52.865036 n kernel: hci0: 
Aug 14 18:21:52.865045 n kernel: hci0: Opcode 0x0c52
Aug 14 18:21:52.865054 n kernel: hci0: opcode 0x0c52 plen 241
Aug 14 18:21:52.865062 n kernel: hci0: skb len 244
Aug 14 18:21:52.865071 n kernel: hci0: length 1
Aug 14 18:21:52.865080 n kernel: hci0 cmd_cnt 1 cmd queued 1
Aug 14 18:21:52.865088 n kernel: hci0: skb 00000000cc8f8f2b
Aug 14 18:21:52.867029 n kernel: hci0: result 0x00
Aug 14 18:21:52.867045 n kernel: hci0: end: err 0
Aug 14 18:21:52.937034 n kernel: hci0: 
Aug 14 18:21:52.937047 n kernel: hci0: entry 0000000098531e38
Aug 14 18:21:52.937059 n kernel: hci0: 
Aug 14 18:21:52.937069 n kernel: hci0: Opcode 0x0c24
Aug 14 18:21:52.937077 n kernel: hci0: opcode 0x0c24 plen 3
Aug 14 18:21:52.937084 n kernel: hci0: skb len 6
Aug 14 18:21:52.937092 n kernel: hci0: length 1
Aug 14 18:21:52.937101 n kernel: hci0 cmd_cnt 1 cmd queued 1
Aug 14 18:21:52.937113 n kernel: hci0: skb 00000000853b6020
Aug 14 18:21:52.940014 n kernel: hci0: result 0x00
Aug 14 18:21:52.940028 n kernel: hci0: end: err 0
Aug 14 18:21:52.940041 n kernel: hci0: 
Aug 14 18:21:52.940053 n kernel: hci0: Opcode 0x0c52
Aug 14 18:21:52.940061 n kernel: hci0: opcode 0x0c52 plen 241
Aug 14 18:21:52.940069 n kernel: hci0: skb len 244
Aug 14 18:21:52.940077 n kernel: hci0: length 1
Aug 14 18:21:52.940085 n kernel: hci0 cmd_cnt 1 cmd queued 1
Aug 14 18:21:52.940092 n kernel: hci0: skb 00000000ca3de7fe
Aug 14 18:21:52.943020 n kernel: hci0: result 0x00
Aug 14 18:21:52.943033 n kernel: hci0: end: err 0
Aug 14 18:21:52.943059 n kernel: hci0: 
Aug 14 18:21:52.943070 n kernel: hci0: entry 000000009308f47f
Aug 14 18:21:52.943079 n kernel: hci0: 
Aug 14 18:21:52.943088 n kernel: hci0: Opcode 0x0c24
Aug 14 18:21:52.943097 n kernel: hci0: opcode 0x0c24 plen 3
Aug 14 18:21:52.943105 n kernel: hci0: skb len 6
Aug 14 18:21:52.943114 n kernel: hci0: length 1
Aug 14 18:21:52.943123 n kernel: hci0 cmd_cnt 1 cmd queued 1
Aug 14 18:21:52.943131 n kernel: hci0: skb 00000000087a197d
Aug 14 18:21:52.946034 n kernel: hci0: result 0x00
Aug 14 18:21:52.946046 n kernel: hci0: end: err 0
Aug 14 18:21:52.946055 n kernel: hci0: 
Aug 14 18:21:52.946064 n kernel: hci0: Opcode 0x0c52
Aug 14 18:21:52.946073 n kernel: hci0: opcode 0x0c52 plen 241
Aug 14 18:21:52.946082 n kernel: hci0: skb len 244
Aug 14 18:21:52.946090 n kernel: hci0: length 1
Aug 14 18:21:52.946099 n kernel: hci0 cmd_cnt 1 cmd queued 1
Aug 14 18:21:52.946108 n kernel: hci0: skb 0000000006e331e5
Aug 14 18:21:52.949019 n kernel: hci0: result 0x00
Aug 14 18:21:52.949029 n kernel: hci0: end: err 0
Aug 14 18:21:52.949046 n kernel: hci0: 
Aug 14 18:21:52.949055 n kernel: hci0: entry 00000000dc6c4b65
Aug 14 18:21:52.949064 n kernel: hci0: 
Aug 14 18:21:52.949072 n kernel: hci0: Opcode 0x0c24
Aug 14 18:21:52.949081 n kernel: hci0: opcode 0x0c24 plen 3
Aug 14 18:21:52.949090 n kernel: hci0: skb len 6
Aug 14 18:21:52.949098 n kernel: hci0: length 1
Aug 14 18:21:52.949107 n kernel: hci0 cmd_cnt 1 cmd queued 1
Aug 14 18:21:52.949116 n kernel: hci0: skb 00000000d4201745
Aug 14 18:21:52.952020 n kernel: hci0: result 0x00
Aug 14 18:21:52.952030 n kernel: hci0: end: err 0
Aug 14 18:21:52.952039 n kernel: hci0: 
Aug 14 18:21:52.952047 n kernel: hci0: Opcode 0x0c52
Aug 14 18:21:52.952056 n kernel: hci0: opcode 0x0c52 plen 241
Aug 14 18:21:52.952065 n kernel: hci0: skb len 244
Aug 14 18:21:52.952074 n kernel: hci0: length 1
Aug 14 18:21:52.952082 n kernel: hci0 cmd_cnt 1 cmd queued 1
Aug 14 18:21:52.952091 n kernel: hci0: skb 0000000028c92c0a
Aug 14 18:21:52.955042 n kernel: hci0: result 0x00
Aug 14 18:21:52.955055 n kernel: hci0: end: err 0
Aug 14 18:21:52.955079 n kernel: hci0: 
Aug 14 18:21:52.955090 n kernel: hci0: entry 0000000065fdb8eb
Aug 14 18:21:52.955102 n kernel: hci0: 
Aug 14 18:21:52.955114 n kernel: hci0: Opcode 0x0c24
Aug 14 18:21:52.955125 n kernel: hci0: opcode 0x0c24 plen 3
Aug 14 18:21:52.955135 n kernel: hci0: skb len 6
Aug 14 18:21:52.955146 n kernel: hci0: length 1
Aug 14 18:21:52.955157 n kernel: hci0 cmd_cnt 1 cmd queued 1
Aug 14 18:21:52.955167 n kernel: hci0: skb 000000000459ea47
Aug 14 18:21:52.958027 n kernel: hci0: result 0x00
Aug 14 18:21:52.958039 n kernel: hci0: end: err 0
Aug 14 18:21:52.958050 n kernel: hci0: 
Aug 14 18:21:52.958061 n kernel: hci0: Opcode 0x0c52
Aug 14 18:21:52.958073 n kernel: hci0: opcode 0x0c52 plen 241
Aug 14 18:21:52.958084 n kernel: hci0: skb len 244
Aug 14 18:21:52.958096 n kernel: hci0: length 1
Aug 14 18:21:52.958107 n kernel: hci0 cmd_cnt 1 cmd queued 1
Aug 14 18:21:52.958118 n kernel: hci0: skb 0000000068504c4d
Aug 14 18:21:52.961026 n kernel: hci0: result 0x00
Aug 14 18:21:52.961035 n kernel: hci0: end: err 0
Aug 14 19:06:27.639666 n kernel: hci0
Aug 14 19:06:27.639716 n kernel: hci0
Aug 14 19:06:27.639745 n kernel: hci0
Aug 14 19:06:27.641467 n kernel: hci0: dst AA:BB:CC:00:00:01
Aug 14 19:06:27.641487 n kernel: hci0: dst AA:BB:CC:00:00:01 handle 0x0f00
Aug 14 19:06:27.641504 n kernel: hci0 evt 1
Aug 14 19:06:27.641594 n kernel: hci0 opcode 0x0409 plen 7
Aug 14 19:06:27.641607 n kernel: hci0: skb len 10
Aug 14 19:06:27.641622 n kernel: hci0 cmd_cnt 1 cmd queued 1
Aug 14 19:06:27.641640 n kernel: hci0: skb 000000003df7e0f8
Aug 14 19:06:27.905399 n kernel: hci0: hcon 00000000c6a00f09 handle 0x0001
Aug 14 19:06:27.905533 n kernel: hci0 opcode 0x041b plen 2
Aug 14 19:06:27.905547 n kernel: hci0: skb len 5
Aug 14 19:06:27.905563 n kernel: hci0: 
Aug 14 19:06:27.905593 n kernel: hci0: entry 00000000692e8558
Aug 14 19:06:27.905611 n kernel: hci0 cmd_cnt 1 cmd queued 1
Aug 14 19:06:27.905620 n kernel: hci0: skb 00000000574a5189
Aug 14 19:06:27.924362 n kernel: hci0 opcode 0x041c plen 3
Aug 14 19:06:27.924422 n kernel: hci0: skb len 6
Aug 14 19:06:27.924460 n kernel: hci0 cmd_cnt 1 cmd queued 1
Aug 14 19:06:27.924482 n kernel: hci0: skb 00000000b770051a
Aug 14 19:06:27.931419 n kernel: hci0 opcode 0x0419 plen 10
Aug 14 19:06:27.931465 n kernel: hci0: skb len 13
Aug 14 19:06:27.931503 n kernel: hci0 hcon 00000000c6a00f09
Aug 14 19:06:27.931532 n kernel: hci0 cmd_cnt 1 cmd queued 1
Aug 14 19:06:27.931552 n kernel: hci0: skb 00000000019b68fe
Aug 14 19:06:27.985403 n kernel: hci0 opcode 0x040b plen 22
Aug 14 19:06:27.985492 n kernel: hci0: skb len 25
Aug 14 19:06:27.985526 n kernel: hci0 cmd_cnt 1 cmd queued 1
Aug 14 19:06:27.985559 n kernel: hci0: skb 000000006f82af6e
Aug 14 19:06:28.060493 n kernel: hci0 opcode 0x1408 plen 2
Aug 14 19:06:28.060531 n kernel: hci0: skb len 5
Aug 14 19:06:28.060563 n kernel: hci0 cmd_cnt 1 cmd queued 1
Aug 14 19:06:28.060593 n kernel: hci0: skb 00000000f78f6212
Aug 14 19:06:28.100441 n kernel: hci0 cmd_cnt 1 cmd queued 1
Aug 14 19:06:28.100468 n kernel: hci0: skb 000000007c7a11ca
Aug 14 19:06:34.166367 n kernel: hci0 opcode 0x0804 plen 2
Aug 14 19:06:34.166418 n kernel: hci0: skb len 5
Aug 14 19:06:34.166451 n kernel: hci0 cmd_cnt 1 cmd queued 1
Aug 14 19:06:34.166466 n kernel: hci0: skb 00000000ed06df0f
Aug 14 19:06:34.551363 n kernel: hci0 hcon 00000000c6a00f09 chan 00000000e7af2aaa
Aug 14 19:06:34.551535 n kernel: hci0: 
Aug 14 19:06:34.551564 n kernel: hci0: entry 000000005d6af2d4
Aug 14 19:06:34.555369 n kernel: hci0 hcon 00000000c6a00f09 handle 1
Aug 14 19:06:34.555421 n kernel: hci0: hcon 00000000c6a00f09
Aug 14 19:06:34.567464 n kernel: hci0 evt 2
Aug 14 19:06:38.674381 n kernel: hci0: 
Aug 14 19:06:38.674399 n kernel: hci0: entry 00000000fdcfe07f
Aug 14 19:06:38.674421 n kernel: hci0: ADV monitoring is off
Aug 14 19:06:38.674431 n kernel: hci0: stopping background scanning
Aug 14 19:06:38.674460 n kernel: hci0: 
Aug 14 19:06:38.674469 n kernel: hci0: entry 00000000132a6ba8
Aug 14 19:06:38.674481 n kernel: hci0: Opcode 0x0c3a
Aug 14 19:06:38.674493 n kernel: hci0: opcode 0x0c3a plen 4
Aug 14 19:06:38.674504 n kernel: hci0: skb len 7
Aug 14 19:06:38.674526 n kernel: hci0: length 1
Aug 14 19:06:38.674548 n kernel: hci0 cmd_cnt 1 cmd queued 1
Aug 14 19:06:38.674568 n kernel: hci0: skb 000000004a7bd771
Aug 14 19:06:38.772470 n kernel: hci0
Aug 14 19:06:38.772485 n kernel: hci0
Aug 14 19:06:38.772494 n kernel: hci0
Aug 14 19:06:38.776391 n kernel: hci0: result 0x00
Aug 14 19:06:38.776402 n kernel: hci0: end: err 0
Aug 14 19:06:38.776413 n kernel: hci0: Opcode 0x0c1a
Aug 14 19:06:38.776424 n kernel: hci0: opcode 0x0c1a plen 1
Aug 14 19:06:38.776433 n kernel: hci0: skb len 4
Aug 14 19:06:38.776442 n kernel: hci0: length 1
Aug 14 19:06:38.776464 n kernel: hci0 cmd_cnt 1 cmd queued 1
Aug 14 19:06:38.776477 n kernel: hci0: skb 00000000f72b7578
Aug 14 19:06:38.779371 n kernel: hci0: result 0x00
Aug 14 19:06:38.779385 n kernel: hci0: end: err 0
Aug 14 19:06:38.779395 n kernel: hci0: 
Aug 14 19:06:38.779423 n kernel: hci0: state 0 -> 1
Aug 14 19:06:38.779434 n kernel: hci0: 
Aug 14 19:06:38.779445 n kernel: hci0: entry 00000000d6893faa
Aug 14 19:06:38.779460 n kernel: hci0: type 7
Aug 14 19:06:38.779472 n kernel: hci0: 
Aug 14 19:06:38.779485 n kernel: hci0: cancelling interleave scan
Aug 14 19:06:38.779496 n kernel: hci0: Opcode 0x2005
Aug 14 19:06:38.779509 n kernel: hci0: opcode 0x2005 plen 6
Aug 14 19:06:38.779530 n kernel: hci0: skb len 9
Aug 14 19:06:38.779557 n kernel: hci0: length 1
Aug 14 19:06:38.779573 n kernel: hci0 cmd_cnt 1 cmd queued 1
Aug 14 19:06:38.779584 n kernel: hci0: skb 0000000017a0e527
Aug 14 19:06:38.782387 n kernel: hci0: result 0x00
Aug 14 19:06:38.782402 n kernel: hci0: end: err 0
Aug 14 19:06:38.782418 n kernel: hci0: Opcode 0x200b
Aug 14 19:06:38.782440 n kernel: hci0: opcode 0x200b plen 7
Aug 14 19:06:38.782462 n kernel: hci0: skb len 10
Aug 14 19:06:38.782480 n kernel: hci0: length 1
Aug 14 19:06:38.782497 n kernel: hci0 cmd_cnt 1 cmd queued 1
Aug 14 19:06:38.782514 n kernel: hci0: skb 00000000a346fdb8
Aug 14 19:06:38.784364 n kernel: Bluetooth: hci0: unexpected event for opcode 0x2005
Aug 14 19:06:38.786375 n kernel: hci0: result 0x00
Aug 14 19:06:38.786391 n kernel: hci0: end: err 0
Aug 14 19:06:38.786402 n kernel: hci0: Opcode 0x200c
Aug 14 19:06:38.786414 n kernel: hci0: opcode 0x200c plen 2
Aug 14 19:06:38.786425 n kernel: hci0: skb len 5
Aug 14 19:06:38.786433 n kernel: hci0: length 1
Aug 14 19:06:38.786444 n kernel: hci0 cmd_cnt 1 cmd queued 1
Aug 14 19:06:38.786455 n kernel: hci0: skb 000000006b442bb4
Aug 14 19:06:38.789350 n kernel: hci0: state 1 -> 2
Aug 14 19:06:38.789383 n kernel: hci0: result 0x00
Aug 14 19:06:38.789404 n kernel: hci0: end: err 0
Aug 14 19:06:38.789417 n kernel: hci0: timeout 5120 ms
Aug 14 19:06:38.789451 n kernel: hci0: 
Aug 14 19:06:38.789468 n kernel: hci0: entry 00000000a4723161
Aug 14 19:06:38.789486 n kernel: hci0: 
Aug 14 19:06:38.789499 n kernel: hci0: 
Aug 14 19:06:38.789511 n kernel: hci0: Opcode 0x0c52
Aug 14 19:06:38.789543 n kernel: hci0: opcode 0x0c52 plen 241
Aug 14 19:06:38.789560 n kernel: hci0: skb len 244
Aug 14 19:06:38.789573 n kernel: hci0: length 1
Aug 14 19:06:38.789585 n kernel: hci0 cmd_cnt 1 cmd queued 1
Aug 14 19:06:38.789597 n kernel: hci0: skb 0000000057eef369
Aug 14 19:06:38.792375 n kernel: hci0: result 0x00
Aug 14 19:06:38.792394 n kernel: hci0: end: err 0
Aug 14 19:06:38.792420 n kernel: hci0: 
Aug 14 19:06:38.792432 n kernel: hci0: entry 00000000655deaef
Aug 14 19:06:38.792453 n kernel: hci0: 
Aug 14 19:06:38.792469 n kernel: hci0: 
Aug 14 19:06:38.792484 n kernel: hci0: Opcode 0x0c52
Aug 14 19:06:38.792496 n kernel: hci0: opcode 0x0c52 plen 241
Aug 14 19:06:38.792509 n kernel: hci0: skb len 244
Aug 14 19:06:38.792523 n kernel: hci0: length 1
Aug 14 19:06:38.792543 n kernel: hci0 cmd_cnt 1 cmd queued 1
Aug 14 19:06:38.792572 n kernel: hci0: skb 000000008ba6385a
Aug 14 19:06:38.795365 n kernel: hci0: result 0x00
Aug 14 19:06:38.795386 n kernel: hci0: end: err 0
Aug 14 19:06:38.795405 n kernel: hci0: 
Aug 14 19:06:38.795419 n kernel: hci0: entry 00000000e93c4cc9
Aug 14 19:06:38.795430 n kernel: hci0: 
Aug 14 19:06:38.795440 n kernel: hci0: Opcode 0x0c24
Aug 14 19:06:38.795450 n kernel: hci0: opcode 0x0c24 plen 3
Aug 14 19:06:38.795460 n kernel: hci0: skb len 6
Aug 14 19:06:38.795469 n kernel: hci0: length 1
Aug 14 19:06:38.795479 n kernel: hci0 cmd_cnt 1 cmd queued 1
Aug 14 19:06:38.795492 n kernel: hci0: skb 00000000a1b9fb9a
Aug 14 19:06:38.798382 n kernel: hci0: result 0x00
Aug 14 19:06:38.798395 n kernel: hci0: end: err 0
Aug 14 19:06:38.798408 n kernel: hci0: 
Aug 14 19:06:38.798429 n kernel: hci0: Opcode 0x0c52
Aug 14 19:06:38.798442 n kernel: hci0: opcode 0x0c52 plen 241
Aug 14 19:06:38.798455 n kernel: hci0: skb len 244
Aug 14 19:06:38.798468 n kernel: hci0: length 1
Aug 14 19:06:38.798480 n kernel: hci0 cmd_cnt 1 cmd queued 1
Aug 14 19:06:38.798492 n kernel: hci0: skb 0000000027065db2
Aug 14 19:06:38.801366 n kernel: hci0: result 0x00
Aug 14 19:06:38.801378 n kernel: hci0: end: err 0
Aug 14 19:06:38.801468 n kernel: hci0: 
Aug 14 19:06:38.801482 n kernel: hci0: entry 00000000c35e51e5
Aug 14 19:06:38.801499 n kernel: hci0: 
Aug 14 19:06:38.801515 n kernel: hci0: 
Aug 14 19:06:38.801529 n kernel: hci0: Opcode 0x0c52
Aug 14 19:06:38.801541 n kernel: hci0: opcode 0x0c52 plen 241
Aug 14 19:06:38.801554 n kernel: hci0: skb len 244
Aug 14 19:06:38.801567 n kernel: hci0: length 1
Aug 14 19:06:38.801584 n kernel: hci0 cmd_cnt 1 cmd queued 1
Aug 14 19:06:38.801603 n kernel: hci0: skb 0000000053711d59
Aug 14 19:06:38.804365 n kernel: hci0: result 0x00
Aug 14 19:06:38.804389 n kernel: hci0: end: err 0
Aug 14 19:06:38.804432 n kernel: hci0: 
Aug 14 19:06:38.804441 n kernel: hci0: entry 000000005fad489c
Aug 14 19:06:38.804451 n kernel: hci0: 
Aug 14 19:06:38.804460 n kernel: hci0: 
Aug 14 19:06:38.804468 n kernel: hci0: Opcode 0x0c52
Aug 14 19:06:38.804482 n kernel: hci0: opcode 0x0c52 plen 241
Aug 14 19:06:38.804494 n kernel: hci0: skb len 244
Aug 14 19:06:38.804502 n kernel: hci0: length 1
Aug 14 19:06:38.804514 n kernel: hci0 cmd_cnt 1 cmd queued 1
Aug 14 19:06:38.804522 n kernel: hci0: skb 00000000dbb0eaf8
Aug 14 19:06:38.811360 n kernel: hci0: result 0x00
Aug 14 19:06:38.811368 n kernel: hci0: end: err 0
Aug 14 19:06:38.811390 n kernel: hci0: 
Aug 14 19:06:38.811401 n kernel: hci0: entry 000000005a7992de
Aug 14 19:06:38.811408 n kernel: hci0: 
Aug 14 19:06:38.811418 n kernel: hci0: 
Aug 14 19:06:38.811425 n kernel: hci0: Opcode 0x0c52
Aug 14 19:06:38.811436 n kernel: hci0: opcode 0x0c52 plen 241
Aug 14 19:06:38.811443 n kernel: hci0: skb len 244
Aug 14 19:06:38.811450 n kernel: hci0: length 1
Aug 14 19:06:38.811456 n kernel: hci0 cmd_cnt 1 cmd queued 1
Aug 14 19:06:38.811463 n kernel: hci0: skb 00000000832e9f80
Aug 14 19:06:38.814386 n kernel: hci0: result 0x00
Aug 14 19:06:38.814403 n kernel: hci0: end: err 0
Aug 14 19:06:38.814429 n kernel: hci0: 
Aug 14 19:06:38.814441 n kernel: hci0: entry 000000003c0ebdc3
Aug 14 19:06:38.814469 n kernel: hci0: 
Aug 14 19:06:38.814482 n kernel: hci0: 
Aug 14 19:06:38.814500 n kernel: hci0: Opcode 0x0c52
Aug 14 19:06:38.814519 n kernel: hci0: opcode 0x0c52 plen 241
Aug 14 19:06:38.814537 n kernel: hci0: skb len 244
Aug 14 19:06:38.814555 n kernel: hci0: length 1
Aug 14 19:06:38.814568 n kernel: hci0 cmd_cnt 1 cmd queued 1
Aug 14 19:06:38.814586 n kernel: hci0: skb 00000000cd18094a
Aug 14 19:06:38.817401 n kernel: hci0: result 0x00
Aug 14 19:06:38.817417 n kernel: hci0: end: err 0
Aug 14 19:06:43.289377 n kernel: hci0: dst AA:BB:CC:00:00:01
Aug 14 19:06:43.289386 n kernel: hci0: dst AA:BB:CC:00:00:01 handle 0x0f00
Aug 14 19:06:43.289397 n kernel: hci0 evt 1
Aug 14 19:06:43.289406 n kernel: hci0 hcon 0000000026872b41
Aug 14 19:06:43.289414 n kernel: hci0: 
Aug 14 19:06:43.289423 n kernel: hci0: entry 00000000ab4b1d3e
Aug 14 19:06:43.289448 n kernel: hci0: Opcode 0x0405
Aug 14 19:06:43.289456 n kernel: hci0: opcode 0x0405 plen 13
Aug 14 19:06:43.289465 n kernel: hci0: skb len 16
Aug 14 19:06:43.289479 n kernel: hci0: length 1
Aug 14 19:06:43.289488 n kernel: hci0 cmd_cnt 1 cmd queued 1
Aug 14 19:06:43.289500 n kernel: hci0: skb 00000000a1b9fb9a
Aug 14 19:06:44.137637 n kernel: hci0: hcon 0000000026872b41 handle 0x0003
Aug 14 19:06:44.137687 n kernel: hci0 opcode 0x041b plen 2
Aug 14 19:06:44.137746 n kernel: hci0: skb len 5
Aug 14 19:06:44.137811 n kernel: hci0: result 0x00
Aug 14 19:06:44.137881 n kernel: hci0 cmd_cnt 1 cmd queued 1
Aug 14 19:06:44.137894 n kernel: hci0: skb 0000000058d21d04
Aug 14 19:06:44.137924 n kernel: hci0: end: err 0
Aug 14 19:06:44.137943 n kernel: hci0: entry 00000000d62765bc
Aug 14 19:06:44.137978 n kernel: hci0: Opcode 0x0c1a
Aug 14 19:06:44.138012 n kernel: hci0: opcode 0x0c1a plen 1
Aug 14 19:06:44.138030 n kernel: hci0: skb len 4
Aug 14 19:06:44.138041 n kernel: hci0: length 1
Aug 14 19:06:44.138060 n kernel: hci0 cmd_cnt 0 cmd queued 1
Aug 14 19:06:44.148347 n kernel: hci0 cmd_cnt 1 cmd queued 1
Aug 14 19:06:44.148399 n kernel: hci0: skb 00000000ad000b86
Aug 14 19:06:44.154383 n kernel: hci0: result 0x00
Aug 14 19:06:44.154399 n kernel: hci0: end: err 0
Aug 14 19:06:44.154411 n kernel: hci0: entry 00000000eea6b21d
Aug 14 19:06:44.154433 n kernel: hci0: 
Aug 14 19:06:44.160374 n kernel: hci0: state 2 -> 4
Aug 14 19:06:44.160395 n kernel: hci0: 
Aug 14 19:06:44.160408 n kernel: hci0: entry 000000003c63ea71
Aug 14 19:06:44.160425 n kernel: hci0: state 4
Aug 14 19:06:44.160444 n kernel: hci0: Opcode 0x200c
Aug 14 19:06:44.160461 n kernel: hci0: opcode 0x200c plen 2
Aug 14 19:06:44.160474 n kernel: hci0: skb len 5
Aug 14 19:06:44.160486 n kernel: hci0: length 1
Aug 14 19:06:44.160499 n kernel: hci0 cmd_cnt 1 cmd queued 1
Aug 14 19:06:44.160511 n kernel: hci0: skb 00000000afd0ae88
Aug 14 19:06:44.163404 n kernel: hci0: result 0x00
Aug 14 19:06:44.163424 n kernel: hci0: end: err 0
Aug 14 19:06:44.163475 n kernel: hci0: state 4 -> 0
Aug 14 19:06:44.163510 n kernel: hci0: entry 00000000ab4b1d3e
Aug 14 19:06:44.163544 n kernel: hci0: ADV monitoring is off
Aug 14 19:06:44.163573 n kernel: hci0: stopping background scanning
Aug 14 19:06:44.163595 n kernel: hci0: 
Aug 14 19:06:44.165341 n kernel: hci0 opcode 0x041c plen 3
Aug 14 19:06:44.165363 n kernel: hci0: skb len 6
Aug 14 19:06:44.165377 n kernel: hci0 cmd_cnt 1 cmd queued 1
Aug 14 19:06:44.165388 n kernel: hci0: skb 00000000f78f6212
Aug 14 19:06:44.172390 n kernel: hci0 opcode 0x0419 plen 10
Aug 14 19:06:44.172404 n kernel: hci0: skb len 13
Aug 14 19:06:44.172416 n kernel: hci0 cmd_cnt 1 cmd queued 1
Aug 14 19:06:44.172425 n kernel: hci0: skb 0000000080047a2f
Aug 14 19:06:44.239447 n kernel: hci0 opcode 0x0411 plen 2
Aug 14 19:06:44.239468 n kernel: hci0: skb len 5
Aug 14 19:06:44.239480 n kernel: hci0 cmd_cnt 1 cmd queued 1
Aug 14 19:06:44.239494 n kernel: hci0: skb 00000000fad863f0
Aug 14 19:06:44.243372 n kernel: hci0 opcode 0x040b plen 22
Aug 14 19:06:44.243446 n kernel: hci0: skb len 25
Aug 14 19:06:44.243478 n kernel: hci0 cmd_cnt 1 cmd queued 1
Aug 14 19:06:44.243498 n kernel: hci0: skb 00000000cc55c4f6
Aug 14 19:06:44.296388 n kernel: hci0 opcode 0x0413 plen 3
Aug 14 19:06:44.296506 n kernel: hci0: skb len 6
Aug 14 19:06:44.296537 n kernel: hci0 cmd_cnt 1 cmd queued 1
Aug 14 19:06:44.296558 n kernel: hci0: skb 000000007d63da68
Aug 14 19:06:44.346529 n kernel: hci0 opcode 0x1408 plen 2
Aug 14 19:06:44.346549 n kernel: hci0: skb len 5
Aug 14 19:06:44.346568 n kernel: hci0 cmd_cnt 1 cmd queued 1
Aug 14 19:06:44.346588 n kernel: hci0: skb 000000000e34e955
Aug 14 19:06:44.654354 n kernel: hci0: 
Aug 14 19:06:44.654362 n kernel: hci0: entry 00000000ff49f5ba
Aug 14 19:06:44.654379 n kernel: hci0: ADV monitoring is off
Aug 14 19:06:44.654389 n kernel: hci0: stopping background scanning
Aug 14 19:06:44.654414 n kernel: hci0: 
Aug 14 19:06:44.654423 n kernel: hci0: entry 000000006c595cfd
Aug 14 19:06:44.654432 n kernel: hci0: Opcode 0x0c3a
Aug 14 19:06:44.654442 n kernel: hci0: opcode 0x0c3a plen 4
Aug 14 19:06:44.654452 n kernel: hci0: skb len 7
Aug 14 19:06:44.654462 n kernel: hci0: length 1
Aug 14 19:06:44.654470 n kernel: hci0 cmd_cnt 1 cmd queued 1
Aug 14 19:06:44.654480 n kernel: hci0: skb 000000004b7d868c
Aug 14 19:06:44.658360 n kernel: hci0: result 0x00
Aug 14 19:06:44.658369 n kernel: hci0: end: err 0
Aug 14 19:06:44.658384 n kernel: hci0: Opcode 0x0c1a
Aug 14 19:06:44.658394 n kernel: hci0: opcode 0x0c1a plen 1
Aug 14 19:06:44.658407 n kernel: hci0: skb len 4
Aug 14 19:06:44.658415 n kernel: hci0: length 1
Aug 14 19:06:44.658425 n kernel: hci0 cmd_cnt 1 cmd queued 1
Aug 14 19:06:44.658435 n kernel: hci0: skb 0000000071cf420b
Aug 14 19:06:44.664406 n kernel: hci0: result 0x00
Aug 14 19:06:44.664438 n kernel: hci0: end: err 0
Aug 14 19:06:44.664460 n kernel: hci0: 
Aug 14 19:06:44.664500 n kernel: hci0: state 0 -> 1
Aug 14 19:06:44.664520 n kernel: hci0: 
Aug 14 19:06:44.664537 n kernel: hci0: entry 00000000ac3be954
Aug 14 19:06:44.664550 n kernel: hci0: type 7
Aug 14 19:06:44.664568 n kernel: hci0: 
Aug 14 19:06:44.664584 n kernel: hci0: cancelling interleave scan
Aug 14 19:06:44.664601 n kernel: hci0: Opcode 0x2005
Aug 14 19:06:44.664618 n kernel: hci0: opcode 0x2005 plen 6
Aug 14 19:06:44.664634 n kernel: hci0: skb len 9
Aug 14 19:06:44.664656 n kernel: hci0: length 1
Aug 14 19:06:44.664673 n kernel: hci0 cmd_cnt 1 cmd queued 1
Aug 14 19:06:44.664690 n kernel: hci0: skb 00000000a346fdb8
Aug 14 19:06:44.668397 n kernel: hci0: result 0x00
Aug 14 19:06:44.668426 n kernel: hci0: end: err 0
Aug 14 19:06:44.668446 n kernel: hci0: Opcode 0x200b
Aug 14 19:06:44.668471 n kernel: hci0: opcode 0x200b plen 7
Aug 14 19:06:44.668495 n kernel: hci0: skb len 10
Aug 14 19:06:44.668515 n kernel: hci0: length 1
Aug 14 19:06:44.668540 n kernel: hci0 cmd_cnt 1 cmd queued 1
Aug 14 19:06:44.668566 n kernel: hci0: skb 00000000f72b7578
Aug 14 19:06:44.669380 n kernel: Bluetooth: hci0: unexpected event for opcode 0x2005
Aug 14 19:06:44.673373 n kernel: hci0: result 0x00
Aug 14 19:06:44.673390 n kernel: hci0: end: err 0
Aug 14 19:06:44.673402 n kernel: hci0: Opcode 0x200c
Aug 14 19:06:44.673415 n kernel: hci0: opcode 0x200c plen 2
Aug 14 19:06:44.673430 n kernel: hci0: skb len 5
Aug 14 19:06:44.673442 n kernel: hci0: length 1
Aug 14 19:06:44.673458 n kernel: hci0 cmd_cnt 1 cmd queued 1
Aug 14 19:06:44.673474 n kernel: hci0: skb 00000000c31512d6
Aug 14 19:06:44.677344 n kernel: hci0: state 1 -> 2
Aug 14 19:06:44.677393 n kernel: hci0: result 0x00
Aug 14 19:06:44.677406 n kernel: hci0: end: err 0
Aug 14 19:06:44.677419 n kernel: hci0: timeout 5120 ms
Aug 14 19:06:46.272381 n kernel: hci0: 
Aug 14 19:06:46.272396 n kernel: hci0: entry 00000000f7b83f9a
Aug 14 19:06:46.272406 n kernel: hci0: Opcode 0x0c1a
Aug 14 19:06:46.272416 n kernel: hci0: opcode 0x0c1a plen 1
Aug 14 19:06:46.272431 n kernel: hci0: skb len 4
Aug 14 19:06:46.272460 n kernel: hci0: length 1
Aug 14 19:06:46.272473 n kernel: hci0 cmd_cnt 1 cmd queued 1
Aug 14 19:06:46.272489 n kernel: hci0: skb 000000008f57fe38
Aug 14 19:06:46.275370 n kernel: hci0: result 0x00
Aug 14 19:06:46.275386 n kernel: hci0: end: err 0
Aug 14 19:06:46.277361 n kernel: hci0: state 2 -> 4
Aug 14 19:06:46.277371 n kernel: hci0: 
Aug 14 19:06:46.277389 n kernel: hci0: entry 0000000042c59125
Aug 14 19:06:46.277403 n kernel: hci0: state 4
Aug 14 19:06:46.277412 n kernel: hci0: Opcode 0x200c
Aug 14 19:06:46.277426 n kernel: hci0: opcode 0x200c plen 2
Aug 14 19:06:46.277441 n kernel: hci0: skb len 5
Aug 14 19:06:46.277455 n kernel: hci0: length 1
Aug 14 19:06:46.277464 n kernel: hci0 cmd_cnt 1 cmd queued 1
Aug 14 19:06:46.277477 n kernel: hci0: skb 00000000c22048aa
Aug 14 19:06:46.280373 n kernel: hci0: result 0x00
Aug 14 19:06:46.280388 n kernel: hci0: end: err 0
Aug 14 19:06:46.280439 n kernel: hci0: state 4 -> 0
Aug 14 19:06:46.280451 n kernel: hci0: entry 00000000d9a8f2c1
Aug 14 19:06:46.280467 n kernel: hci0: ADV monitoring is off
Aug 14 19:06:46.280477 n kernel: hci0: stopping background scanning
Aug 14 19:06:46.280490 n kernel: hci0: 
Aug 14 19:06:46.324437 n kernel: hci0: dst AA:BB:CC:00:00:01
Aug 14 19:06:46.324451 n kernel: hci0: dst AA:BB:CC:00:00:01 handle 0x0f00
Aug 14 19:06:46.324463 n kernel: hci0: parent 0000000026872b41 hcon 000000002a977a95
Aug 14 19:06:46.324500 n kernel: hci0: hcon 000000002a977a95
Aug 14 19:06:46.324522 n kernel: hci0 opcode 0x0428 plen 17
Aug 14 19:06:46.324536 n kernel: hci0: skb len 20
Aug 14 19:06:46.324547 n kernel: hci0 cmd_cnt 1 cmd queued 1
Aug 14 19:06:46.324556 n kernel: hci0: skb 00000000f5b27c8b
Aug 14 19:06:46.397361 n kernel: hci0: hcon 000000002a977a95 handle 0x0004
Aug 14 19:06:46.397496 n kernel: hci0 evt 5
Aug 14 19:06:46.400343 n kernel: hci0
Aug 14 19:06:46.400395 n kernel: hci0
Aug 14 19:06:46.409574 n kernel: Bluetooth: hci0: corrupted SCO packet
Aug 14 19:06:54.125443 n kernel: hci0: handle 0x04 reason 0x13
Aug 14 19:06:54.125467 n kernel: hci0: 
Aug 14 19:06:54.125489 n kernel: hci0: entry 00000000292f3095
Aug 14 19:06:54.125507 n kernel: hci0: Opcode 0x0406
Aug 14 19:06:54.125520 n kernel: hci0: opcode 0x0406 plen 3
Aug 14 19:06:54.125529 n kernel: hci0: skb len 6
Aug 14 19:06:54.125542 n kernel: hci0 opcode 0x0804 plen 2
Aug 14 19:06:54.125556 n kernel: hci0: length 1
Aug 14 19:06:54.125568 n kernel: hci0: skb len 5
Aug 14 19:06:54.125578 n kernel: hci0 cmd_cnt 1 cmd queued 2
Aug 14 19:06:54.125590 n kernel: hci0: skb 00000000ee27940a
Aug 14 19:06:54.128352 n kernel: hci0 cmd_cnt 1 cmd queued 1
Aug 14 19:06:54.128390 n kernel: hci0: skb 000000004cddb630
Aug 14 19:06:54.172415 n kernel: hci0 hcon 000000002a977a95 handle 4
Aug 14 19:06:54.172428 n kernel: hci0: hcon 000000002a977a95
Aug 14 19:06:54.190399 n kernel: hci0 evt 6
Aug 14 19:06:54.190435 n kernel: hci0: result 0x00
Aug 14 19:06:54.190453 n kernel: hci0: end: err 0
Aug 14 20:30:25.141380 n kernel: hci0: 
Aug 14 20:30:25.141401 n kernel: hci0: entry 00000000fdcfe07f
Aug 14 20:30:25.141415 n kernel: hci0: ADV monitoring is off
Aug 14 20:30:25.141431 n kernel: hci0: stopping background scanning
Aug 14 20:30:25.141457 n kernel: hci0: 
Aug 14 20:30:25.141469 n kernel: hci0: entry 000000007741e2e5
Aug 14 20:30:25.141486 n kernel: hci0: Opcode 0x0c3a
Aug 14 20:30:25.141504 n kernel: hci0: opcode 0x0c3a plen 4
Aug 14 20:30:25.141516 n kernel: hci0: skb len 7
Aug 14 20:30:25.141530 n kernel: hci0: length 1
Aug 14 20:30:25.141553 n kernel: hci0 cmd_cnt 1 cmd queued 1
Aug 14 20:30:25.141567 n kernel: hci0: skb 00000000e30e981a
Aug 14 20:30:25.144386 n kernel: hci0: result 0x00
Aug 14 20:30:25.144401 n kernel: hci0: end: err 0
Aug 14 20:30:25.144412 n kernel: hci0: Opcode 0x0c1a
Aug 14 20:30:25.144429 n kernel: hci0: opcode 0x0c1a plen 1
Aug 14 20:30:25.144440 n kernel: hci0: skb len 4
Aug 14 20:30:25.144452 n kernel: hci0: length 1
Aug 14 20:30:25.144463 n kernel: hci0 cmd_cnt 1 cmd queued 1
Aug 14 20:30:25.144475 n kernel: hci0: skb 0000000022baddc7
Aug 14 20:30:25.147358 n kernel: hci0: result 0x00
Aug 14 20:30:25.147371 n kernel: hci0: end: err 0
Aug 14 20:30:25.147379 n kernel: hci0: 
Aug 14 20:30:25.147398 n kernel: hci0: state 0 -> 1
Aug 14 20:30:25.147410 n kernel: hci0: 
Aug 14 20:30:25.147421 n kernel: hci0: entry 00000000a85f62c0
Aug 14 20:30:25.147436 n kernel: hci0: type 7
Aug 14 20:30:25.147450 n kernel: hci0: 
Aug 14 20:30:25.147459 n kernel: hci0: cancelling interleave scan
Aug 14 20:30:25.147469 n kernel: hci0: Opcode 0x2005
Aug 14 20:30:25.147479 n kernel: hci0: opcode 0x2005 plen 6
Aug 14 20:30:25.147490 n kernel: hci0: skb len 9
Aug 14 20:30:25.147503 n kernel: hci0: length 1
Aug 14 20:30:25.147512 n kernel: hci0 cmd_cnt 1 cmd queued 1
Aug 14 20:30:25.147525 n kernel: hci0: skb 00000000db205254
Aug 14 20:30:25.150364 n kernel: hci0: result 0x00
Aug 14 20:30:25.150378 n kernel: hci0: end: err 0
Aug 14 20:30:25.150391 n kernel: hci0: Opcode 0x200b
Aug 14 20:30:25.150405 n kernel: hci0: opcode 0x200b plen 7
Aug 14 20:30:25.150418 n kernel: hci0: skb len 10
Aug 14 20:30:25.150436 n kernel: hci0: length 1
Aug 14 20:30:25.150447 n kernel: hci0 cmd_cnt 1 cmd queued 1
Aug 14 20:30:25.150461 n kernel: hci0: skb 0000000071cf420b
Aug 14 20:30:25.152398 n kernel: Bluetooth: hci0: unexpected event for opcode 0x2005
Aug 14 20:30:25.154364 n kernel: hci0: result 0x00
Aug 14 20:30:25.154380 n kernel: hci0: end: err 0
Aug 14 20:30:25.154396 n kernel: hci0: Opcode 0x200c
Aug 14 20:30:25.154413 n kernel: hci0: opcode 0x200c plen 2
Aug 14 20:30:25.154432 n kernel: hci0: skb len 5
Aug 14 20:30:25.154446 n kernel: hci0: length 1
Aug 14 20:30:25.154458 n kernel: hci0 cmd_cnt 1 cmd queued 1
Aug 14 20:30:25.154467 n kernel: hci0: skb 00000000864aa928
Aug 14 20:30:25.157346 n kernel: hci0: state 1 -> 2
Aug 14 20:30:25.157390 n kernel: hci0: result 0x00
Aug 14 20:30:25.157398 n kernel: hci0: end: err 0
Aug 14 20:30:25.157409 n kernel: hci0: timeout 5120 ms
Aug 14 20:30:30.278351 n kernel: 00000000babfecdf name hci0 blocked 1
Aug 14 20:30:30.278437 n kernel: hci0 00000000babfecdf
Aug 14 20:30:30.278456 n kernel: hci0: Opcode 0x0c1a
Aug 14 20:30:30.278470 n kernel: hci0: opcode 0x0c1a plen 1
Aug 14 20:30:30.278482 n kernel: hci0: skb len 4
Aug 14 20:30:30.278494 n kernel: hci0: length 1
Aug 14 20:30:30.278508 n kernel: hci0 cmd_cnt 1 cmd queued 1
Aug 14 20:30:30.278522 n kernel: hci0: skb 000000006cac590f
Aug 14 20:30:30.281375 n kernel: hci0: result 0x00
Aug 14 20:30:30.281397 n kernel: hci0: end: err 0
Aug 14 20:30:30.281409 n kernel: hci0: state 2
Aug 14 20:30:30.281434 n kernel: hci0: Opcode 0x200c
Aug 14 20:30:30.281445 n kernel: hci0: opcode 0x200c plen 2
Aug 14 20:30:30.281456 n kernel: hci0: skb len 5
Aug 14 20:30:30.281471 n kernel: hci0: length 1
Aug 14 20:30:30.281490 n kernel: hci0 cmd_cnt 1 cmd queued 1
Aug 14 20:30:30.281500 n kernel: hci0: skb 00000000cb589ead
Aug 14 20:30:30.284390 n kernel: hci0: result 0x00
Aug 14 20:30:30.284400 n kernel: hci0: 
Aug 14 20:30:30.284413 n kernel: hci0: 
Aug 14 20:30:30.284430 n kernel: hci0: entry 00000000a672f455
Aug 14 20:30:30.284450 n kernel: hci0: end: err 0
Aug 14 20:30:30.284460 n kernel: hci0: Opcode 0x0406
Aug 14 20:30:30.284472 n kernel: hci0: opcode 0x0406 plen 3
Aug 14 20:30:30.284482 n kernel: hci0: skb len 6
Aug 14 20:30:30.284501 n kernel: hci0: length 1
Aug 14 20:30:30.284514 n kernel: hci0 cmd_cnt 1 cmd queued 1
Aug 14 20:30:30.284527 n kernel: hci0: skb 00000000d34fac54
Aug 14 20:30:30.287508 n kernel: hci0: result 0x00
Aug 14 20:30:30.287516 n kernel: hci0: end: err 0
Aug 14 20:30:30.287527 n kernel: hci0: status 0x15
Aug 14 20:30:30.287543 n kernel: hci0 hcon 0000000026872b41 chan 000000003384269c
Aug 14 20:30:30.287572 n kernel: hci0: handle 0x03 reason 0x13
Aug 14 20:30:30.296353 n kernel: hci0 hcon 0000000026872b41 handle 3
Aug 14 20:30:30.296409 n kernel: hci0: hcon 0000000026872b41
Aug 14 20:30:30.308442 n kernel: hci0 evt 2
Aug 14 20:30:30.308480 n kernel: hci0: 
Aug 14 20:30:30.325382 n kernel: hci0: err 0x13
Aug 14 20:30:30.325413 n kernel: hci0: cancelling interleave scan
Aug 14 20:30:30.325428 n kernel: hci0: state 2 -> 0
Aug 14 20:30:30.325475 n kernel: hdev hci0
Aug 14 20:30:30.325499 n kernel: hci0
Aug 14 20:30:30.325521 n kernel: hci0
Aug 14 20:30:30.325531 n kernel: hci0: 
Aug 14 20:30:30.325542 n kernel: hci0: 
Aug 14 20:30:36.196619 n kernel: 00000000babfecdf name hci0 blocked 0
Aug 14 20:30:36.196677 n kernel: hci0: 
Aug 14 20:30:36.196697 n kernel: hci0: entry 00000000cdc470e2
Aug 14 20:30:36.196719 n kernel: hci0: 
Aug 14 20:30:36.196735 n kernel: hci0
Aug 14 20:30:36.292530 n kernel: hci0
Aug 14 20:30:36.292553 n kernel: hci0
Aug 14 20:30:36.292578 n kernel: hci0
Aug 14 20:30:36.292604 n kernel: hci0: 
Aug 14 20:30:36.292628 n kernel: hci0: 
Aug 14 20:30:36.292650 n kernel: hci0: Opcode 0x0c03
Aug 14 20:30:36.292681 n kernel: hci0: opcode 0x0c03 plen 0
Aug 14 20:30:36.292718 n kernel: hci0: skb len 3
Aug 14 20:30:36.292752 n kernel: hci0: length 1
Aug 14 20:30:36.292789 n kernel: hci0 cmd_cnt 1 cmd queued 1
Aug 14 20:30:36.292817 n kernel: hci0: skb 00000000583ef31d
Aug 14 20:30:36.350520 n kernel: hci0: result 0x00
Aug 14 20:30:36.350558 n kernel: hci0: end: err 0
Aug 14 20:30:36.350599 n kernel: hci0: Opcode 0x1003
Aug 14 20:30:36.350630 n kernel: hci0: opcode 0x1003 plen 0
Aug 14 20:30:36.350653 n kernel: hci0: skb len 3
Aug 14 20:30:36.350673 n kernel: hci0: length 1
Aug 14 20:30:36.350691 n kernel: hci0 cmd_cnt 1 cmd queued 1
Aug 14 20:30:36.350711 n kernel: hci0: skb 00000000551af315
Aug 14 20:30:36.353399 n kernel: hci0: result 0x00
Aug 14 20:30:36.353417 n kernel: hci0: end: err 0
Aug 14 20:30:36.353449 n kernel: hci0: Opcode 0x1001
Aug 14 20:30:36.353472 n kernel: hci0: opcode 0x1001 plen 0
Aug 14 20:30:36.353494 n kernel: hci0: skb len 3
Aug 14 20:30:36.353511 n kernel: hci0: length 1
Aug 14 20:30:36.353530 n kernel: hci0 cmd_cnt 1 cmd queued 1
Aug 14 20:30:36.353547 n kernel: hci0: skb 00000000aa10ab0e
Aug 14 20:30:36.356418 n kernel: hci0: result 0x00
Aug 14 20:30:36.356446 n kernel: hci0: end: err 0
Aug 14 20:30:36.356467 n kernel: hci0: Opcode 0x1009
Aug 14 20:30:36.356489 n kernel: hci0: opcode 0x1009 plen 0
Aug 14 20:30:36.356510 n kernel: hci0: skb len 3
Aug 14 20:30:36.356526 n kernel: hci0: length 1
Aug 14 20:30:36.356544 n kernel: hci0 cmd_cnt 1 cmd queued 1
Aug 14 20:30:36.356560 n kernel: hci0: skb 000000008c6f52ee
Aug 14 20:30:36.359393 n kernel: hci0: result 0x00
Aug 14 20:30:36.359438 n kernel: hci0: end: err 0
Aug 14 20:30:36.359473 n kernel: hci0: 
Aug 14 20:30:36.359490 n kernel: hci0: Opcode 0x1002
Aug 14 20:30:36.359511 n kernel: hci0: opcode 0x1002 plen 0
Aug 14 20:30:36.359531 n kernel: hci0: skb len 3
Aug 14 20:30:36.359548 n kernel: hci0: length 1
Aug 14 20:30:36.359565 n kernel: hci0 cmd_cnt 1 cmd queued 1
Aug 14 20:30:36.359581 n kernel: hci0: skb 000000008ac7638b
Aug 14 20:30:36.366390 n kernel: hci0: result 0x00
Aug 14 20:30:36.366418 n kernel: hci0: end: err 0
Aug 14 20:30:36.366453 n kernel: hci0: Opcode 0x0c56
Aug 14 20:30:36.366476 n kernel: hci0: opcode 0x0c56 plen 1
Aug 14 20:30:36.366496 n kernel: hci0: skb len 4
Aug 14 20:30:36.366524 n kernel: hci0: length 1
Aug 14 20:30:36.366543 n kernel: hci0 cmd_cnt 1 cmd queued 1
Aug 14 20:30:36.366560 n kernel: hci0: skb 0000000017490f44
Aug 14 20:30:36.369410 n kernel: hci0: result 0x00
Aug 14 20:30:36.369431 n kernel: hci0: end: err 0
Aug 14 20:30:36.369449 n kernel: hci0: Opcode 0x0c45
Aug 14 20:30:36.369469 n kernel: hci0: opcode 0x0c45 plen 1
Aug 14 20:30:36.369490 n kernel: hci0: skb len 4
Aug 14 20:30:36.369507 n kernel: hci0: length 1
Aug 14 20:30:36.369524 n kernel: hci0 cmd_cnt 1 cmd queued 1
Aug 14 20:30:36.369540 n kernel: hci0: skb 00000000fddc7f3d
Aug 14 20:30:36.372402 n kernel: hci0: result 0x00
Aug 14 20:30:36.372430 n kernel: hci0: end: err 0
Aug 14 20:30:36.372451 n kernel: hci0: Opcode 0x0c58
Aug 14 20:30:36.372471 n kernel: hci0: opcode 0x0c58 plen 0
Aug 14 20:30:36.372488 n kernel: hci0: skb len 3
Aug 14 20:30:36.372504 n kernel: hci0: length 1
Aug 14 20:30:36.372521 n kernel: hci0 cmd_cnt 1 cmd queued 1
Aug 14 20:30:36.372537 n kernel: hci0: skb 000000006b442bb4
Aug 14 20:30:36.375395 n kernel: hci0: result 0x00
Aug 14 20:30:36.375416 n kernel: hci0: end: err 0
Aug 14 20:30:36.375433 n kernel: hci0: Opcode 0x1004
Aug 14 20:30:36.375462 n kernel: hci0: opcode 0x1004 plen 1
Aug 14 20:30:36.375497 n kernel: hci0: skb len 4
Aug 14 20:30:36.375523 n kernel: hci0: length 1
Aug 14 20:30:36.375535 n kernel: hci0 cmd_cnt 1 cmd queued 1
Aug 14 20:30:36.375552 n kernel: hci0: skb 000000009fea9cd3
Aug 14 20:30:36.379388 n kernel: hci0: result 0x00
Aug 14 20:30:36.379401 n kernel: hci0: end: err 0
Aug 14 20:30:36.379423 n kernel: hci0: Opcode 0x1005
Aug 14 20:30:36.379453 n kernel: hci0: opcode 0x1005 plen 0
Aug 14 20:30:36.379481 n kernel: hci0: skb len 3
Aug 14 20:30:36.379502 n kernel: hci0: length 1
Aug 14 20:30:36.379514 n kernel: hci0 cmd_cnt 1 cmd queued 1
Aug 14 20:30:36.379532 n kernel: hci0: skb 00000000231fec1a
Aug 14 20:30:36.382377 n kernel: hci0: result 0x00
Aug 14 20:30:36.382394 n kernel: hci0: end: err 0
Aug 14 20:30:36.382410 n kernel: hci0: Opcode 0x0c23
Aug 14 20:30:36.382433 n kernel: hci0: opcode 0x0c23 plen 0
Aug 14 20:30:36.382457 n kernel: hci0: skb len 3
Aug 14 20:30:36.382485 n kernel: hci0: length 1
Aug 14 20:30:36.382507 n kernel: hci0 cmd_cnt 1 cmd queued 1
Aug 14 20:30:36.382526 n kernel: hci0: skb 0000000002c17bb9
Aug 14 20:30:36.385383 n kernel: hci0: result 0x00
Aug 14 20:30:36.385401 n kernel: hci0: end: err 0
Aug 14 20:30:36.385432 n kernel: hci0: Opcode 0x0c14
Aug 14 20:30:36.385453 n kernel: hci0: opcode 0x0c14 plen 0
Aug 14 20:30:36.385470 n kernel: hci0: skb len 3
Aug 14 20:30:36.385485 n kernel: hci0: length 1
Aug 14 20:30:36.385497 n kernel: hci0 cmd_cnt 1 cmd queued 1
Aug 14 20:30:36.385505 n kernel: hci0: skb 000000002881e34f
Aug 14 20:30:36.403390 n kernel: hci0: result 0x00
Aug 14 20:30:36.403418 n kernel: hci0: end: err 0
Aug 14 20:30:36.403433 n kernel: hci0: Opcode 0x0c25
Aug 14 20:30:36.403447 n kernel: hci0: opcode 0x0c25 plen 0
Aug 14 20:30:36.403464 n kernel: hci0: skb len 3
Aug 14 20:30:36.403477 n kernel: hci0: length 1
Aug 14 20:30:36.403489 n kernel: hci0 cmd_cnt 1 cmd queued 1
Aug 14 20:30:36.403498 n kernel: hci0: skb 000000006e964828
Aug 14 20:30:36.406445 n kernel: hci0: result 0x00
Aug 14 20:30:36.406484 n kernel: hci0: end: err 0
Aug 14 20:30:36.406511 n kernel: hci0: Opcode 0x0c38
Aug 14 20:30:36.406537 n kernel: hci0: opcode 0x0c38 plen 0
Aug 14 20:30:36.406558 n kernel: hci0: skb len 3
Aug 14 20:30:36.406579 n kernel: hci0: length 1
Aug 14 20:30:36.406598 n kernel: hci0 cmd_cnt 1 cmd queued 1
Aug 14 20:30:36.406614 n kernel: hci0: skb 00000000df88d9c6
Aug 14 20:30:36.409396 n kernel: hci0: result 0x00
Aug 14 20:30:36.409434 n kernel: hci0: end: err 0
Aug 14 20:30:36.409462 n kernel: hci0: Opcode 0x0c39
Aug 14 20:30:36.409492 n kernel: hci0: opcode 0x0c39 plen 0
Aug 14 20:30:36.409514 n kernel: hci0: skb len 3
Aug 14 20:30:36.409534 n kernel: hci0: length 1
Aug 14 20:30:36.409554 n kernel: hci0 cmd_cnt 1 cmd queued 1
Aug 14 20:30:36.409574 n kernel: hci0: skb 0000000060b48e4a
Aug 14 20:30:36.412370 n kernel: hci0: result 0x00
Aug 14 20:30:36.412392 n kernel: hci0: end: err 0
Aug 14 20:30:36.412415 n kernel: hci0: Opcode 0x0c16
Aug 14 20:30:36.412432 n kernel: hci0: opcode 0x0c16 plen 2
Aug 14 20:30:36.412449 n kernel: hci0: skb len 5
Aug 14 20:30:36.412467 n kernel: hci0: length 1
Aug 14 20:30:36.412481 n kernel: hci0 cmd_cnt 1 cmd queued 1
Aug 14 20:30:36.412494 n kernel: hci0: skb 000000007980da92
Aug 14 20:30:36.415377 n kernel: hci0: result 0x00
Aug 14 20:30:36.415394 n kernel: hci0: end: err 0
Aug 14 20:30:36.415415 n kernel: hci0: Opcode 0x2003
Aug 14 20:30:36.415433 n kernel: hci0: opcode 0x2003 plen 0
Aug 14 20:30:36.415463 n kernel: hci0: skb len 3
Aug 14 20:30:36.415485 n kernel: hci0: length 1
Aug 14 20:30:36.415502 n kernel: hci0 cmd_cnt 1 cmd queued 1
Aug 14 20:30:36.415518 n kernel: hci0: skb 0000000037d77f34
Aug 14 20:30:36.418378 n kernel: hci0: result 0x00
Aug 14 20:30:36.418391 n kernel: hci0: end: err 0
Aug 14 20:30:36.418403 n kernel: hci0: Opcode 0x2002
Aug 14 20:30:36.418429 n kernel: hci0: opcode 0x2002 plen 0
Aug 14 20:30:36.418449 n kernel: hci0: skb len 3
Aug 14 20:30:36.418472 n kernel: hci0: length 1
Aug 14 20:30:36.418496 n kernel: hci0 cmd_cnt 1 cmd queued 1
Aug 14 20:30:36.418513 n kernel: hci0: skb 00000000f4de0531
Aug 14 20:30:36.421378 n kernel: hci0: result 0x00
Aug 14 20:30:36.421397 n kernel: hci0: end: err 0
Aug 14 20:30:36.421418 n kernel: hci0: Opcode 0x201c
Aug 14 20:30:36.421436 n kernel: hci0: opcode 0x201c plen 0
Aug 14 20:30:36.421456 n kernel: hci0: skb len 3
Aug 14 20:30:36.421469 n kernel: hci0: length 1
Aug 14 20:30:36.421481 n kernel: hci0 cmd_cnt 1 cmd queued 1
Aug 14 20:30:36.421497 n kernel: hci0: skb 00000000dcfac84b
Aug 14 20:30:36.424371 n kernel: hci0: result 0x00
Aug 14 20:30:36.424391 n kernel: hci0: end: err 0
Aug 14 20:30:36.424414 n kernel: hci0: 
Aug 14 20:30:36.424431 n kernel: hci0: Opcode 0x0c01
Aug 14 20:30:36.424448 n kernel: hci0: opcode 0x0c01 plen 8
Aug 14 20:30:36.424465 n kernel: hci0: skb len 11
Aug 14 20:30:36.424486 n kernel: hci0: length 1
Aug 14 20:30:36.424502 n kernel: hci0 cmd_cnt 1 cmd queued 1
Aug 14 20:30:36.424519 n kernel: hci0: skb 00000000b8f595d5
Aug 14 20:30:36.427383 n kernel: hci0: result 0x00
Aug 14 20:30:36.427443 n kernel: hci0: end: err 0
Aug 14 20:30:36.427476 n kernel: hci0: Opcode 0x0c0d
Aug 14 20:30:36.427505 n kernel: hci0: opcode 0x0c0d plen 7
Aug 14 20:30:36.427519 n kernel: hci0: skb len 10
Aug 14 20:30:36.427540 n kernel: hci0: length 1
Aug 14 20:30:36.427556 n kernel: hci0 cmd_cnt 1 cmd queued 1
Aug 14 20:30:36.427576 n kernel: hci0: skb 000000006e579c2c
Aug 14 20:30:36.430397 n kernel: hci0: result 0x00
Aug 14 20:30:36.430421 n kernel: hci0: end: err 0
Aug 14 20:30:36.430444 n kernel: hci0: Opcode 0x080f
Aug 14 20:30:36.430467 n kernel: hci0: opcode 0x080f plen 2
Aug 14 20:30:36.430488 n kernel: hci0: skb len 5
Aug 14 20:30:36.430505 n kernel: hci0: length 1
Aug 14 20:30:36.430521 n kernel: hci0 cmd_cnt 1 cmd queued 1
Aug 14 20:30:36.430537 n kernel: hci0: skb 00000000800ed76d
Aug 14 20:30:36.433365 n kernel: hci0: result 0x00
Aug 14 20:30:36.433378 n kernel: hci0: end: err 0
Aug 14 20:30:36.433390 n kernel: hci0: Opcode 0x0c1b
Aug 14 20:30:36.433415 n kernel: hci0: opcode 0x0c1b plen 0
Aug 14 20:30:36.433436 n kernel: hci0: skb len 3
Aug 14 20:30:36.433452 n kernel: hci0: length 1
Aug 14 20:30:36.433469 n kernel: hci0 cmd_cnt 1 cmd queued 1
Aug 14 20:30:36.433481 n kernel: hci0: skb 000000009f3709a5
Aug 14 20:30:36.436385 n kernel: hci0: result 0x00
Aug 14 20:30:36.436398 n kernel: hci0: end: err 0
Aug 14 20:30:36.436411 n kernel: hci0: Opcode 0x0c46
Aug 14 20:30:36.436429 n kernel: hci0: opcode 0x0c46 plen 0
Aug 14 20:30:36.436450 n kernel: hci0: skb len 3
Aug 14 20:30:36.436466 n kernel: hci0: length 1
Aug 14 20:30:36.436479 n kernel: hci0 cmd_cnt 1 cmd queued 1
Aug 14 20:30:36.436492 n kernel: hci0: skb 000000002b1a8e64
Aug 14 20:30:36.439367 n kernel: hci0: result 0x00
Aug 14 20:30:36.439385 n kernel: hci0: end: err 0
Aug 14 20:30:36.439404 n kernel: hci0: Opcode 0x1004
Aug 14 20:30:36.439421 n kernel: hci0: opcode 0x1004 plen 1
Aug 14 20:30:36.439437 n kernel: hci0: skb len 4
Aug 14 20:30:36.439453 n kernel: hci0: length 1
Aug 14 20:30:36.439470 n kernel: hci0 cmd_cnt 1 cmd queued 1
Aug 14 20:30:36.439483 n kernel: hci0: skb 000000008260bfb6
Aug 14 20:30:36.443373 n kernel: hci0: result 0x00
Aug 14 20:30:36.443388 n kernel: hci0: end: err 0
Aug 14 20:30:36.443409 n kernel: hci0: Opcode 0x2001
Aug 14 20:30:36.443430 n kernel: hci0: opcode 0x2001 plen 8
Aug 14 20:30:36.443447 n kernel: hci0: skb len 11
Aug 14 20:30:36.443459 n kernel: hci0: length 1
Aug 14 20:30:36.443482 n kernel: hci0 cmd_cnt 1 cmd queued 1
Aug 14 20:30:36.443504 n kernel: hci0: skb 00000000442d1399
Aug 14 20:30:36.446396 n kernel: hci0: result 0x00
Aug 14 20:30:36.446417 n kernel: hci0: end: err 0
Aug 14 20:30:36.446435 n kernel: hci0: Opcode 0x2007
Aug 14 20:30:36.446456 n kernel: hci0: opcode 0x2007 plen 0
Aug 14 20:30:36.446475 n kernel: hci0: skb len 3
Aug 14 20:30:36.446510 n kernel: hci0: length 1
Aug 14 20:30:36.446526 n kernel: hci0 cmd_cnt 1 cmd queued 1
Aug 14 20:30:36.446539 n kernel: hci0: skb 00000000d776f406
Aug 14 20:30:36.449384 n kernel: hci0: result 0x00
Aug 14 20:30:36.449403 n kernel: hci0: end: err 0
Aug 14 20:30:36.449419 n kernel: hci0: Opcode 0x200f
Aug 14 20:30:36.449435 n kernel: hci0: opcode 0x200f plen 0
Aug 14 20:30:36.449455 n kernel: hci0: skb len 3
Aug 14 20:30:36.449468 n kernel: hci0: length 1
Aug 14 20:30:36.449484 n kernel: hci0 cmd_cnt 1 cmd queued 1
Aug 14 20:30:36.449504 n kernel: hci0: skb 00000000121901ad
Aug 14 20:30:36.452380 n kernel: hci0: result 0x00
Aug 14 20:30:36.452400 n kernel: hci0: end: err 0
Aug 14 20:30:36.452419 n kernel: hci0: Opcode 0x2010
Aug 14 20:30:36.452439 n kernel: hci0: opcode 0x2010 plen 0
Aug 14 20:30:36.452461 n kernel: hci0: skb len 3
Aug 14 20:30:36.452487 n kernel: hci0: length 1
Aug 14 20:30:36.452509 n kernel: hci0 cmd_cnt 1 cmd queued 1
Aug 14 20:30:36.452528 n kernel: hci0: skb 0000000069ae3ec8
Aug 14 20:30:36.455379 n kernel: hci0: result 0x00
Aug 14 20:30:36.455402 n kernel: hci0: end: err 0
Aug 14 20:30:36.455419 n kernel: hci0: Opcode 0x202a
Aug 14 20:30:36.455436 n kernel: hci0: opcode 0x202a plen 0
Aug 14 20:30:36.455456 n kernel: hci0: skb len 3
Aug 14 20:30:36.455474 n kernel: hci0: length 1
Aug 14 20:30:36.455505 n kernel: hci0 cmd_cnt 1 cmd queued 1
Aug 14 20:30:36.455518 n kernel: hci0: skb 00000000583ef31d
Aug 14 20:30:36.458369 n kernel: hci0: result 0x00
Aug 14 20:30:36.458393 n kernel: hci0: end: err 0
Aug 14 20:30:36.458410 n kernel: hci0: Opcode 0x2029
Aug 14 20:30:36.458430 n kernel: hci0: opcode 0x2029 plen 0
Aug 14 20:30:36.458443 n kernel: hci0: skb len 3
Aug 14 20:30:36.458460 n kernel: hci0: length 1
Aug 14 20:30:36.458475 n kernel: hci0 cmd_cnt 1 cmd queued 1
Aug 14 20:30:36.458491 n kernel: hci0: skb 00000000daa7cc4d
Aug 14 20:30:36.461366 n kernel: hci0: result 0x00
Aug 14 20:30:36.461393 n kernel: hci0: end: err 0
Aug 14 20:30:36.461412 n kernel: hci0: Opcode 0x202e
Aug 14 20:30:36.461434 n kernel: hci0: opcode 0x202e plen 2
Aug 14 20:30:36.461446 n kernel: hci0: skb len 5
Aug 14 20:30:36.461463 n kernel: hci0: length 1
Aug 14 20:30:36.461479 n kernel: hci0 cmd_cnt 1 cmd queued 1
Aug 14 20:30:36.461491 n kernel: hci0: skb 00000000d7d8524a
Aug 14 20:30:36.464387 n kernel: hci0: result 0x00
Aug 14 20:30:36.464401 n kernel: hci0: end: err 0
Aug 14 20:30:36.464418 n kernel: hci0: Opcode 0x0c6d
Aug 14 20:30:36.464435 n kernel: hci0: opcode 0x0c6d plen 2
Aug 14 20:30:36.464456 n kernel: hci0: skb len 5
Aug 14 20:30:36.464477 n kernel: hci0: length 1
Aug 14 20:30:36.464507 n kernel: hci0 cmd_cnt 1 cmd queued 1
Aug 14 20:30:36.464524 n kernel: hci0: skb 00000000c67748e7
Aug 14 20:30:36.467376 n kernel: hci0: result 0x00
Aug 14 20:30:36.467389 n kernel: hci0: end: err 0
Aug 14 20:30:36.467402 n kernel: hci0: 
Aug 14 20:30:36.467418 n kernel: hci0: Opcode 0x0c12
Aug 14 20:30:36.467431 n kernel: hci0: opcode 0x0c12 plen 7
Aug 14 20:30:36.467445 n kernel: hci0: skb len 10
Aug 14 20:30:36.467463 n kernel: hci0: length 1
Aug 14 20:30:36.467481 n kernel: hci0 cmd_cnt 1 cmd queued 1
Aug 14 20:30:36.467497 n kernel: hci0: skb 00000000aeffe1b6
Aug 14 20:30:36.470376 n kernel: hci0: result 0x00
Aug 14 20:30:36.470389 n kernel: hci0: end: err 0
Aug 14 20:30:36.470416 n kernel: hci0: Opcode 0x0c77
Aug 14 20:30:36.470441 n kernel: hci0: opcode 0x0c77 plen 0
Aug 14 20:30:36.470466 n kernel: hci0: skb len 3
Aug 14 20:30:36.470485 n kernel: hci0: length 1
Aug 14 20:30:36.470505 n kernel: hci0 cmd_cnt 1 cmd queued 1
Aug 14 20:30:36.470525 n kernel: hci0: skb 00000000fa0fe74b
Aug 14 20:30:36.473360 n kernel: hci0: result 0x00
Aug 14 20:30:36.473383 n kernel: hci0: end: err 0
Aug 14 20:30:36.473404 n kernel: hci0: Opcode 0x0c7a
Aug 14 20:30:36.473424 n kernel: hci0: opcode 0x0c7a plen 1
Aug 14 20:30:36.473444 n kernel: hci0: skb len 4
Aug 14 20:30:36.473460 n kernel: hci0: length 1
Aug 14 20:30:36.473484 n kernel: hci0 cmd_cnt 1 cmd queued 1
Aug 14 20:30:36.473508 n kernel: hci0: skb 000000004df65ac7
Aug 14 20:30:36.476372 n kernel: hci0: result 0x00
Aug 14 20:30:36.476391 n kernel: hci0: end: err 0
Aug 14 20:30:36.476408 n kernel: hci0: Opcode 0x0c1a
Aug 14 20:30:36.476424 n kernel: hci0: opcode 0x0c1a plen 1
Aug 14 20:30:36.476440 n kernel: hci0: skb len 4
Aug 14 20:30:36.476456 n kernel: hci0: length 1
Aug 14 20:30:36.476476 n kernel: hci0 cmd_cnt 1 cmd queued 1
Aug 14 20:30:36.476498 n kernel: hci0: skb 000000006b442bb4
Aug 14 20:30:36.479363 n kernel: hci0: result 0x00
Aug 14 20:30:36.479374 n kernel: hci0: end: err 0
Aug 14 20:30:36.479385 n kernel: hci0: 
Aug 14 20:30:36.479396 n kernel: hci0: Opcode 0x0c24
Aug 14 20:30:36.479429 n kernel: hci0: opcode 0x0c24 plen 3
Aug 14 20:30:36.479445 n kernel: hci0: skb len 6
Aug 14 20:30:36.479462 n kernel: hci0: length 1
Aug 14 20:30:36.479478 n kernel: hci0 cmd_cnt 1 cmd queued 1
Aug 14 20:30:36.479504 n kernel: hci0: skb 000000009fea9cd3
Aug 14 20:30:36.482395 n kernel: hci0: result 0x00
Aug 14 20:30:36.482408 n kernel: hci0: end: err 0
Aug 14 20:30:36.482420 n kernel: hci0: Opcode 0x0c13
Aug 14 20:30:36.482447 n kernel: hci0: opcode 0x0c13 plen 248
Aug 14 20:30:36.482464 n kernel: hci0: skb len 251
Aug 14 20:30:36.482481 n kernel: hci0: length 1
Aug 14 20:30:36.482498 n kernel: hci0 cmd_cnt 1 cmd queued 1
Aug 14 20:30:36.482513 n kernel: hci0: skb 00000000231fec1a
Aug 14 20:30:36.485406 n kernel: hci0: result 0x00
Aug 14 20:30:36.485432 n kernel: hci0: end: err 0
Aug 14 20:30:36.485449 n kernel: hci0: 
Aug 14 20:30:36.485466 n kernel: hci0: Opcode 0x0c52
Aug 14 20:30:36.485542 n kernel: hci0: opcode 0x0c52 plen 241
Aug 14 20:30:36.485550 n kernel: hci0: skb len 244
Aug 14 20:30:36.485557 n kernel: hci0: length 1
Aug 14 20:30:36.485563 n kernel: hci0 cmd_cnt 1 cmd queued 1
Aug 14 20:30:36.485572 n kernel: hci0: skb 0000000002c17bb9
Aug 14 20:30:36.488407 n kernel: hci0: result 0x00
Aug 14 20:30:36.488430 n kernel: hci0: end: err 0
Aug 14 20:30:36.488447 n kernel: hci0: entry 00000000ad3c845f
Aug 14 20:30:36.488468 n kernel: hci0: ADV monitoring is off
Aug 14 20:30:36.488495 n kernel: hci0: stopping background scanning
Aug 14 20:30:36.488508 n kernel: hci0: 
Aug 14 20:30:36.491361 n kernel: hci0: 
Aug 14 20:30:36.491369 n kernel: hci0: entry 000000009c5f4d96
Aug 14 20:30:36.491380 n kernel: hci0: ADV monitoring is off
Aug 14 20:30:36.491393 n kernel: hci0: stopping background scanning
Aug 14 20:30:36.491408 n kernel: hci0: 
Aug 14 20:30:36.491419 n kernel: hci0: entry 00000000e5de0d08
Aug 14 20:30:36.491430 n kernel: hci0: Opcode 0x0c3a
Aug 14 20:30:36.491442 n kernel: hci0: opcode 0x0c3a plen 4
Aug 14 20:30:36.491450 n kernel: hci0: skb len 7
Aug 14 20:30:36.491458 n kernel: hci0: length 1
Aug 14 20:30:36.491466 n kernel: hci0 cmd_cnt 1 cmd queued 1
Aug 14 20:30:36.491474 n kernel: hci0: skb 00000000c9f49db6
Aug 14 20:30:36.493366 n kernel: hci0: result 0x00
Aug 14 20:30:36.493378 n kernel: hci0: end: err 0
Aug 14 20:30:36.493388 n kernel: hci0: Opcode 0x0c1a
Aug 14 20:30:36.493398 n kernel: hci0: opcode 0x0c1a plen 1
Aug 14 20:30:36.493408 n kernel: hci0: skb len 4
Aug 14 20:30:36.493428 n kernel: hci0: length 1
Aug 14 20:30:36.493442 n kernel: hci0 cmd_cnt 1 cmd queued 1
Aug 14 20:30:36.493454 n kernel: hci0: skb 0000000026f582a4
Aug 14 20:30:36.496363 n kernel: hci0: result 0x00
Aug 14 20:30:36.496380 n kernel: hci0: end: err 0
Aug 14 20:30:36.496389 n kernel: hci0: 
Aug 14 20:30:36.496408 n kernel: hci0: state 0 -> 1
Aug 14 20:30:36.496421 n kernel: hci0: 
Aug 14 20:30:36.496435 n kernel: hci0: entry 000000003d58d299
Aug 14 20:30:36.496449 n kernel: hci0: type 7
Aug 14 20:30:36.496462 n kernel: hci0: 
Aug 14 20:30:36.496476 n kernel: hci0: cancelling interleave scan
Aug 14 20:30:36.496486 n kernel: hci0: Opcode 0x2005
Aug 14 20:30:36.496502 n kernel: hci0: opcode 0x2005 plen 6
Aug 14 20:30:36.496523 n kernel: hci0: skb len 9
Aug 14 20:30:36.496537 n kernel: hci0: length 1
Aug 14 20:30:36.496550 n kernel: hci0 cmd_cnt 1 cmd queued 1
Aug 14 20:30:36.496564 n kernel: hci0: skb 00000000534bd3c0
Aug 14 20:30:36.499394 n kernel: hci0: result 0x00
Aug 14 20:30:36.499404 n kernel: hci0: end: err 0
Aug 14 20:30:36.499416 n kernel: hci0: Opcode 0x200b
Aug 14 20:30:36.499431 n kernel: hci0: opcode 0x200b plen 7
Aug 14 20:30:36.499439 n kernel: hci0: skb len 10
Aug 14 20:30:36.499448 n kernel: hci0: length 1
Aug 14 20:30:36.499461 n kernel: hci0 cmd_cnt 1 cmd queued 1
Aug 14 20:30:36.499470 n kernel: hci0: skb 00000000aa10ab0e
Aug 14 20:30:36.501352 n kernel: Bluetooth: hci0: unexpected event for opcode 0x2005
Aug 14 20:30:36.503361 n kernel: hci0: result 0x00
Aug 14 20:30:36.503379 n kernel: hci0: end: err 0
Aug 14 20:30:36.503395 n kernel: hci0: Opcode 0x200c
Aug 14 20:30:36.503409 n kernel: hci0: opcode 0x200c plen 2
Aug 14 20:30:36.503422 n kernel: hci0: skb len 5
Aug 14 20:30:36.503436 n kernel: hci0: length 1
Aug 14 20:30:36.503447 n kernel: hci0 cmd_cnt 1 cmd queued 1
Aug 14 20:30:36.503459 n kernel: hci0: skb 00000000994a4511
Aug 14 20:30:36.506341 n kernel: hci0: state 1 -> 2
Aug 14 20:30:36.506377 n kernel: hci0: result 0x00
Aug 14 20:30:36.506387 n kernel: hci0: end: err 0
Aug 14 20:30:36.506395 n kernel: hci0: timeout 5120 ms
Aug 14 20:30:37.320494 n kernel: hci0: dst AA:BB:CC:00:00:01
Aug 14 20:30:37.320513 n kernel: hci0: dst AA:BB:CC:00:00:01 handle 0x0f00
Aug 14 20:30:37.320527 n kernel: hci0 evt 1
Aug 14 20:30:37.320541 n kernel: hci0 opcode 0x0409 plen 7
Aug 14 20:30:37.320552 n kernel: hci0: skb len 10
Aug 14 20:30:37.320561 n kernel: hci0 cmd_cnt 1 cmd queued 1
Aug 14 20:30:37.320571 n kernel: hci0: skb 00000000e30e981a
Aug 14 20:30:37.582433 n kernel: hci0: hcon 000000002a977a95 handle 0x0001
Aug 14 20:30:37.582544 n kernel: hci0 opcode 0x041b plen 2
Aug 14 20:30:37.582587 n kernel: hci0: skb len 5
Aug 14 20:30:37.582626 n kernel: hci0: 
Aug 14 20:30:37.582643 n kernel: hci0: entry 000000004bed1ac6
Aug 14 20:30:37.582668 n kernel: hci0 cmd_cnt 1 cmd queued 1
Aug 14 20:30:37.582693 n kernel: hci0: skb 000000000c170cf0
Aug 14 20:30:37.602375 n kernel: hci0 opcode 0x041c plen 3
Aug 14 20:30:37.602435 n kernel: hci0: skb len 6
Aug 14 20:30:37.602468 n kernel: hci0 cmd_cnt 1 cmd queued 1
Aug 14 20:30:37.602496 n kernel: hci0: skb 000000006a7ee551
Aug 14 20:30:37.705443 n kernel: hci0 opcode 0x0419 plen 10
Aug 14 20:30:37.705483 n kernel: hci0: skb len 13
Aug 14 20:30:37.705501 n kernel: hci0 hcon 000000002a977a95
Aug 14 20:30:37.705517 n kernel: hci0 cmd_cnt 1 cmd queued 1
Aug 14 20:30:37.705536 n kernel: hci0: skb 000000006a7ee551
Aug 14 20:30:37.913371 n kernel: hci0 opcode 0x040b plen 22
Aug 14 20:30:37.913487 n kernel: hci0: skb len 25
Aug 14 20:30:37.913511 n kernel: hci0 cmd_cnt 1 cmd queued 1
Aug 14 20:30:37.913525 n kernel: hci0: skb 00000000be2adaad
Aug 14 20:30:38.037413 n kernel: hci0 opcode 0x1408 plen 2
Aug 14 20:30:38.037428 n kernel: hci0: skb len 5
Aug 14 20:30:38.037440 n kernel: hci0 cmd_cnt 1 cmd queued 1
Aug 14 20:30:38.037448 n kernel: hci0: skb 00000000199595a3
Aug 14 20:30:41.935399 n kernel: hci0: 
Aug 14 20:30:41.935511 n kernel: hci0: 
Aug 14 20:30:41.935569 n kernel: hci0: entry 000000003b37a52c
Aug 14 20:30:41.935602 n kernel: hci0: Opcode 0x200c
Aug 14 20:30:41.935619 n kernel: hci0: opcode 0x200c plen 2
Aug 14 20:30:41.935646 n kernel: hci0: skb len 5
Aug 14 20:30:41.935668 n kernel: hci0: length 1
Aug 14 20:30:41.935698 n kernel: hci0 cmd_cnt 1 cmd queued 1
Aug 14 20:30:41.935721 n kernel: hci0: skb 00000000982b79b7
Aug 14 20:30:41.937534 n kernel: hci0: result 0x00
Aug 14 20:30:41.937588 n kernel: hci0: 
Aug 14 20:30:41.937606 n kernel: hci0: end: err 0
Aug 14 20:30:41.937626 n kernel: hci0: entry 00000000ee3eaedd
Aug 14 20:30:41.937643 n kernel: hci0: 
Aug 14 20:30:41.937661 n kernel: hci0: Opcode 0x0401
Aug 14 20:30:41.937700 n kernel: hci0: opcode 0x0401 plen 5
Aug 14 20:30:41.937723 n kernel: hci0: skb len 8
Aug 14 20:30:41.937738 n kernel: hci0: length 1
Aug 14 20:30:41.937754 n kernel: hci0 cmd_cnt 1 cmd queued 1
Aug 14 20:30:41.937775 n kernel: hci0: skb 000000000509d89c
Aug 14 20:30:41.940557 n kernel: hci0: result 0x00
Aug 14 20:30:41.940582 n kernel: hci0: end: err 0
Aug 14 20:30:41.940604 n kernel: hci0: entry 000000009c5f4d96
Aug 14 20:30:41.940620 n kernel: hci0: 
Aug 14 20:30:41.940635 n kernel: hci0: 
Aug 14 20:30:42.663377 n kernel: 00000000babfecdf name hci0 blocked 1
Aug 14 20:30:42.663454 n kernel: hci0 00000000babfecdf
Aug 14 20:30:42.663488 n kernel: hci0: Opcode 0x0c1a
Aug 14 20:30:42.663500 n kernel: hci0: opcode 0x0c1a plen 1
Aug 14 20:30:42.663509 n kernel: hci0: skb len 4
Aug 14 20:30:42.663529 n kernel: hci0: length 1
Aug 14 20:30:42.663545 n kernel: hci0 cmd_cnt 1 cmd queued 1
Aug 14 20:30:42.663554 n kernel: hci0: skb 00000000ba47137b
Aug 14 20:30:42.665398 n kernel: hci0: result 0x00
Aug 14 20:30:42.665430 n kernel: hci0: end: err 0
Aug 14 20:30:42.665446 n kernel: hci0: state 2
Aug 14 20:30:42.665460 n kernel: hci0: Opcode 0x0402
Aug 14 20:30:42.665483 n kernel: hci0: opcode 0x0402 plen 0
Aug 14 20:30:42.665506 n kernel: hci0: skb len 3
Aug 14 20:30:42.665525 n kernel: hci0: length 1
Aug 14 20:30:42.665537 n kernel: hci0 cmd_cnt 1 cmd queued 1
Aug 14 20:30:42.665544 n kernel: hci0: skb 000000007b96f280
Aug 14 20:30:42.668378 n kernel: hci0: state 2 -> 0
Aug 14 20:30:42.668462 n kernel: hci0: 
Aug 14 20:30:42.668545 n kernel: hci0: entry 00000000777bd3c2
Aug 14 20:30:42.668577 n kernel: hci0: result 0x00
Aug 14 20:30:42.668598 n kernel: hci0: end: err 0
Aug 14 20:30:42.668615 n kernel: hci0: Opcode 0x0406
Aug 14 20:30:42.668632 n kernel: hci0: opcode 0x0406 plen 3
Aug 14 20:30:42.668648 n kernel: hci0: skb len 6
Aug 14 20:30:42.668668 n kernel: hci0: length 1
Aug 14 20:30:42.668688 n kernel: hci0 cmd_cnt 1 cmd queued 1
Aug 14 20:30:42.668703 n kernel: hci0: skb 00000000f2a9161b
Aug 14 20:30:42.671380 n kernel: hci0: result 0x00
Aug 14 20:30:42.671397 n kernel: hci0: end: err 0
Aug 14 20:30:42.671407 n kernel: hci0: status 0x15
Aug 14 20:30:42.671415 n kernel: hci0 hcon 000000002a977a95 chan 00000000091ce5ad
Aug 14 20:30:42.671438 n kernel: hci0: handle 0x01 reason 0x13
Aug 14 20:30:42.687361 n kernel: hci0 hcon 000000002a977a95 handle 1
Aug 14 20:30:42.687434 n kernel: hci0: hcon 000000002a977a95
Aug 14 20:30:42.702392 n kernel: hci0 evt 2
Aug 14 20:30:42.702433 n kernel: hci0: 
Aug 14 20:30:42.717356 n kernel: hci0: err 0x13
Aug 14 20:30:42.717383 n kernel: hci0: cancelling interleave scan
Aug 14 20:30:42.717407 n kernel: hdev hci0
Aug 14 20:30:42.717416 n kernel: hci0
Aug 14 20:30:42.717429 n kernel: hci0
Aug 14 20:30:42.717437 n kernel: hci0: 
Aug 14 20:30:46.279523 n kernel: 00000000babfecdf name hci0 blocked 0
Aug 14 20:30:46.279606 n kernel: hci0: 
Aug 14 20:30:46.279616 n kernel: hci0: entry 000000002bfa6a6c
Aug 14 20:30:46.279625 n kernel: hci0: 
Aug 14 20:30:46.279633 n kernel: hci0
Aug 14 20:30:46.375517 n kernel: hci0
Aug 14 20:30:46.375533 n kernel: hci0
Aug 14 20:30:46.375572 n kernel: hci0
Aug 14 20:30:46.375588 n kernel: hci0: 
Aug 14 20:30:46.375603 n kernel: hci0: 
Aug 14 20:30:46.375618 n kernel: hci0: Opcode 0x0c03
Aug 14 20:30:46.375655 n kernel: hci0: opcode 0x0c03 plen 0
Aug 14 20:30:46.375679 n kernel: hci0: skb len 3
Aug 14 20:30:46.375694 n kernel: hci0: length 1
Aug 14 20:30:46.375712 n kernel: hci0 cmd_cnt 1 cmd queued 1
Aug 14 20:30:46.375734 n kernel: hci0: skb 00000000ec19f610
Aug 14 20:30:46.432440 n kernel: hci0: result 0x00
Aug 14 20:30:46.432454 n kernel: hci0: end: err 0
Aug 14 20:30:46.432465 n kernel: hci0: Opcode 0x1003
Aug 14 20:30:46.432505 n kernel: hci0: opcode 0x1003 plen 0
Aug 14 20:30:46.432518 n kernel: hci0: skb len 3
Aug 14 20:30:46.432535 n kernel: hci0: length 1
Aug 14 20:30:46.432547 n kernel: hci0 cmd_cnt 1 cmd queued 1
Aug 14 20:30:46.432557 n kernel: hci0: skb 00000000d989588a
Aug 14 20:30:46.435517 n kernel: hci0: result 0x00
Aug 14 20:30:46.435537 n kernel: hci0: end: err 0
Aug 14 20:30:46.435553 n kernel: hci0: Opcode 0x1001
Aug 14 20:30:46.435578 n kernel: hci0: opcode 0x1001 plen 0
Aug 14 20:30:46.435600 n kernel: hci0: skb len 3
Aug 14 20:30:46.435620 n kernel: hci0: length 1
Aug 14 20:30:46.435658 n kernel: hci0 cmd_cnt 1 cmd queued 1
Aug 14 20:30:46.435684 n kernel: hci0: skb 0000000067a1b3a4
Aug 14 20:30:46.438450 n kernel: hci0: result 0x00
Aug 14 20:30:46.438494 n kernel: hci0: end: err 0
Aug 14 20:30:46.438521 n kernel: hci0: Opcode 0x1009
Aug 14 20:30:46.438537 n kernel: hci0: opcode 0x1009 plen 0
Aug 14 20:30:46.438552 n kernel: hci0: skb len 3
Aug 14 20:30:46.438568 n kernel: hci0: length 1
Aug 14 20:30:46.438582 n kernel: hci0 cmd_cnt 1 cmd queued 1
Aug 14 20:30:46.438597 n kernel: hci0: skb 000000003eff0283
Aug 14 20:30:46.441452 n kernel: hci0: result 0x00
Aug 14 20:30:46.441469 n kernel: hci0: end: err 0
Aug 14 20:30:46.441498 n kernel: hci0: 
Aug 14 20:30:46.441524 n kernel: hci0: Opcode 0x1002
Aug 14 20:30:46.441547 n kernel: hci0: opcode 0x1002 plen 0
Aug 14 20:30:46.441560 n kernel: hci0: skb len 3
Aug 14 20:30:46.441573 n kernel: hci0: length 1
Aug 14 20:30:46.441586 n kernel: hci0 cmd_cnt 1 cmd queued 1
Aug 14 20:30:46.441599 n kernel: hci0: skb 00000000029955d3
Aug 14 20:30:46.448444 n kernel: hci0: result 0x00
Aug 14 20:30:46.448458 n kernel: hci0: end: err 0
Aug 14 20:30:46.448498 n kernel: hci0: Opcode 0x0c56
Aug 14 20:30:46.448510 n kernel: hci0: opcode 0x0c56 plen 1
Aug 14 20:30:46.448524 n kernel: hci0: skb len 4
Aug 14 20:30:46.448536 n kernel: hci0: length 1
Aug 14 20:30:46.448548 n kernel: hci0 cmd_cnt 1 cmd queued 1
Aug 14 20:30:46.448564 n kernel: hci0: skb 0000000041aa87d7
Aug 14 20:30:46.451438 n kernel: hci0: result 0x00
Aug 14 20:30:46.451450 n kernel: hci0: end: err 0
Aug 14 20:30:46.451461 n kernel: hci0: Opcode 0x0c45
Aug 14 20:30:46.451472 n kernel: hci0: opcode 0x0c45 plen 1
Aug 14 20:30:46.451498 n kernel: hci0: skb len 4
Aug 14 20:30:46.451509 n kernel: hci0: length 1
Aug 14 20:30:46.451520 n kernel: hci0 cmd_cnt 1 cmd queued 1
Aug 14 20:30:46.451539 n kernel: hci0: skb 00000000d3d10640
Aug 14 20:30:46.454398 n kernel: hci0: result 0x00
Aug 14 20:30:46.454411 n kernel: hci0: end: err 0
Aug 14 20:30:46.454423 n kernel: hci0: Opcode 0x0c58
Aug 14 20:30:46.454431 n kernel: hci0: opcode 0x0c58 plen 0
Aug 14 20:30:46.454448 n kernel: hci0: skb len 3
Aug 14 20:30:46.454474 n kernel: hci0: length 1
Aug 14 20:30:46.454483 n kernel: hci0 cmd_cnt 1 cmd queued 1
Aug 14 20:30:46.454496 n kernel: hci0: skb 0000000050ed3e94
Aug 14 20:30:46.457449 n kernel: hci0: result 0x00
Aug 14 20:30:46.457485 n kernel: hci0: end: err 0
Aug 14 20:30:46.457502 n kernel: hci0: Opcode 0x1004
Aug 14 20:30:46.457512 n kernel: hci0: opcode 0x1004 plen 1
Aug 14 20:30:46.457533 n kernel: hci0: skb len 4
Aug 14 20:30:46.457552 n kernel: hci0: length 1
Aug 14 20:30:46.457562 n kernel: hci0 cmd_cnt 1 cmd queued 1
Aug 14 20:30:46.457578 n kernel: hci0: skb 00000000b2b64d15
Aug 14 20:30:46.461473 n kernel: hci0: result 0x00
Aug 14 20:30:46.461501 n kernel: hci0: end: err 0
Aug 14 20:30:46.461514 n kernel: hci0: Opcode 0x1005
Aug 14 20:30:46.461527 n kernel: hci0: opcode 0x1005 plen 0
Aug 14 20:30:46.461538 n kernel: hci0: skb len 3
Aug 14 20:30:46.461550 n kernel: hci0: length 1
Aug 14 20:30:46.461569 n kernel: hci0 cmd_cnt 1 cmd queued 1
Aug 14 20:30:46.461581 n kernel: hci0: skb 000000008d239362
Aug 14 20:30:46.464399 n kernel: hci0: result 0x00
Aug 14 20:30:46.464413 n kernel: hci0: end: err 0
Aug 14 20:30:46.464434 n kernel: hci0: Opcode 0x0c23
Aug 14 20:30:46.464443 n kernel: hci0: opcode 0x0c23 plen 0
Aug 14 20:30:46.464453 n kernel: hci0: skb len 3
Aug 14 20:30:46.464464 n kernel: hci0: length 1
Aug 14 20:30:46.464474 n kernel: hci0 cmd_cnt 1 cmd queued 1
Aug 14 20:30:46.464488 n kernel: hci0: skb 000000001646342c
Aug 14 20:30:46.467428 n kernel: hci0: result 0x00
Aug 14 20:30:46.467469 n kernel: hci0: end: err 0
Aug 14 20:30:46.467481 n kernel: hci0: Opcode 0x0c14
Aug 14 20:30:46.467505 n kernel: hci0: opcode 0x0c14 plen 0
Aug 14 20:30:46.467522 n kernel: hci0: skb len 3
Aug 14 20:30:46.467538 n kernel: hci0: length 1
Aug 14 20:30:46.467556 n kernel: hci0 cmd_cnt 1 cmd queued 1
Aug 14 20:30:46.467567 n kernel: hci0: skb 00000000efeeedaa
Aug 14 20:30:46.485519 n kernel: hci0: result 0x00
Aug 14 20:30:46.485552 n kernel: hci0: end: err 0
Aug 14 20:30:46.485568 n kernel: hci0: Opcode 0x0c25
Aug 14 20:30:46.485583 n kernel: hci0: opcode 0x0c25 plen 0
Aug 14 20:30:46.485604 n kernel: hci0: skb len 3
Aug 14 20:30:46.485618 n kernel: hci0: length 1
Aug 14 20:30:46.485633 n kernel: hci0 cmd_cnt 1 cmd queued 1
Aug 14 20:30:46.485648 n kernel: hci0: skb 000000004194e962
Aug 14 20:30:46.488452 n kernel: hci0: result 0x00
Aug 14 20:30:46.488489 n kernel: hci0: end: err 0
Aug 14 20:30:46.488504 n kernel: hci0: Opcode 0x0c38
Aug 14 20:30:46.488520 n kernel: hci0: opcode 0x0c38 plen 0
Aug 14 20:30:46.488534 n kernel: hci0: skb len 3
Aug 14 20:30:46.488551 n kernel: hci0: length 1
Aug 14 20:30:46.488570 n kernel: hci0 cmd_cnt 1 cmd queued 1
Aug 14 20:30:46.488585 n kernel: hci0: skb 000000009873444a
Aug 14 20:30:46.491455 n kernel: hci0: result 0x00
Aug 14 20:30:46.491473 n kernel: hci0: end: err 0
Aug 14 20:30:46.491488 n kernel: hci0: Opcode 0x0c39
Aug 14 20:30:46.491536 n kernel: hci0: opcode 0x0c39 plen 0
Aug 14 20:30:46.491554 n kernel: hci0: skb len 3
Aug 14 20:30:46.491569 n kernel: hci0: length 1
Aug 14 20:30:46.491585 n kernel: hci0 cmd_cnt 1 cmd queued 1
Aug 14 20:30:46.491599 n kernel: hci0: skb 00000000af9431b8
Aug 14 20:30:46.494489 n kernel: hci0: result 0x00
Aug 14 20:30:46.494520 n kernel: hci0: end: err 0
Aug 14 20:30:46.494537 n kernel: hci0: Opcode 0x0c16
Aug 14 20:30:46.494553 n kernel: hci0: opcode 0x0c16 plen 2
Aug 14 20:30:46.494593 n kernel: hci0: skb len 5
Aug 14 20:30:46.494612 n kernel: hci0: length 1
Aug 14 20:30:46.494631 n kernel: hci0 cmd_cnt 1 cmd queued 1
Aug 14 20:30:46.494649 n kernel: hci0: skb 00000000085eaa3b
Aug 14 20:30:46.497392 n kernel: hci0: result 0x00
Aug 14 20:30:46.497406 n kernel: hci0: end: err 0
Aug 14 20:30:46.497416 n kernel: hci0: Opcode 0x2003
Aug 14 20:30:46.497439 n kernel: hci0: opcode 0x2003 plen 0
Aug 14 20:30:46.497452 n kernel: hci0: skb len 3
Aug 14 20:30:46.497461 n kernel: hci0: length 1
Aug 14 20:30:46.497516 n kernel: hci0 cmd_cnt 1 cmd queued 1
Aug 14 20:30:46.497530 n kernel: hci0: skb 000000000a9438bb
Aug 14 20:30:46.500382 n kernel: hci0: result 0x00
Aug 14 20:30:46.500402 n kernel: hci0: end: err 0
Aug 14 20:30:46.500411 n kernel: hci0: Opcode 0x2002
Aug 14 20:30:46.500420 n kernel: hci0: opcode 0x2002 plen 0
Aug 14 20:30:46.500429 n kernel: hci0: skb len 3
Aug 14 20:30:46.500444 n kernel: hci0: length 1
Aug 14 20:30:46.500453 n kernel: hci0 cmd_cnt 1 cmd queued 1
Aug 14 20:30:46.500461 n kernel: hci0: skb 000000004f95e26c
Aug 14 20:30:46.503418 n kernel: hci0: result 0x00
Aug 14 20:30:46.503437 n kernel: hci0: end: err 0
Aug 14 20:30:46.503454 n kernel: hci0: Opcode 0x201c
Aug 14 20:30:46.503487 n kernel: hci0: opcode 0x201c plen 0
Aug 14 20:30:46.503504 n kernel: hci0: skb len 3
Aug 14 20:30:46.503528 n kernel: hci0: length 1
Aug 14 20:30:46.503544 n kernel: hci0 cmd_cnt 1 cmd queued 1
Aug 14 20:30:46.503560 n kernel: hci0: skb 00000000c138e90e
Aug 14 20:30:46.506433 n kernel: hci0: result 0x00
Aug 14 20:30:46.506454 n kernel: hci0: end: err 0
Aug 14 20:30:46.506470 n kernel: hci0: 
Aug 14 20:30:46.506493 n kernel: hci0: Opcode 0x0c01
Aug 14 20:30:46.506518 n kernel: hci0: opcode 0x0c01 plen 8
Aug 14 20:30:46.506539 n kernel: hci0: skb len 11
Aug 14 20:30:46.506560 n kernel: hci0: length 1
Aug 14 20:30:46.506576 n kernel: hci0 cmd_cnt 1 cmd queued 1
Aug 14 20:30:46.506591 n kernel: hci0: skb 0000000078e80ad4
Aug 14 20:30:46.509419 n kernel: hci0: result 0x00
Aug 14 20:30:46.509439 n kernel: hci0: end: err 0
Aug 14 20:30:46.509457 n kernel: hci0: Opcode 0x0c0d
Aug 14 20:30:46.509473 n kernel: hci0: opcode 0x0c0d plen 7
Aug 14 20:30:46.509506 n kernel: hci0: skb len 10
Aug 14 20:30:46.509523 n kernel: hci0: length 1
Aug 14 20:30:46.509538 n kernel: hci0 cmd_cnt 1 cmd queued 1
Aug 14 20:30:46.509554 n kernel: hci0: skb 0000000002ef4a12
Aug 14 20:30:46.512418 n kernel: hci0: result 0x00
Aug 14 20:30:46.512437 n kernel: hci0: end: err 0
Aug 14 20:30:46.512454 n kernel: hci0: Opcode 0x080f
Aug 14 20:30:46.512509 n kernel: hci0: opcode 0x080f plen 2
Aug 14 20:30:46.512527 n kernel: hci0: skb len 5
Aug 14 20:30:46.512542 n kernel: hci0: length 1
Aug 14 20:30:46.512558 n kernel: hci0 cmd_cnt 1 cmd queued 1
Aug 14 20:30:46.512579 n kernel: hci0: skb 0000000069b0a4e5
Aug 14 20:30:46.515446 n kernel: hci0: result 0x00
Aug 14 20:30:46.515483 n kernel: hci0: end: err 0
Aug 14 20:30:46.515500 n kernel: hci0: Opcode 0x0c1b
Aug 14 20:30:46.515521 n kernel: hci0: opcode 0x0c1b plen 0
Aug 14 20:30:46.515537 n kernel: hci0: skb len 3
Aug 14 20:30:46.515553 n kernel: hci0: length 1
Aug 14 20:30:46.515578 n kernel: hci0 cmd_cnt 1 cmd queued 1
Aug 14 20:30:46.515594 n kernel: hci0: skb 000000000bd6798d
Aug 14 20:30:46.518456 n kernel: hci0: result 0x00
Aug 14 20:30:46.518495 n kernel: hci0: end: err 0
Aug 14 20:30:46.518517 n kernel: hci0: Opcode 0x0c46
Aug 14 20:30:46.518533 n kernel: hci0: opcode 0x0c46 plen 0
Aug 14 20:30:46.518549 n kernel: hci0: skb len 3
Aug 14 20:30:46.518564 n kernel: hci0: length 1
Aug 14 20:30:46.518580 n kernel: hci0 cmd_cnt 1 cmd queued 1
Aug 14 20:30:46.518600 n kernel: hci0: skb 00000000ed6809c3
Aug 14 20:30:46.521421 n kernel: hci0: result 0x00
Aug 14 20:30:46.521441 n kernel: hci0: end: err 0
Aug 14 20:30:46.521461 n kernel: hci0: Opcode 0x1004
Aug 14 20:30:46.521479 n kernel: hci0: opcode 0x1004 plen 1
Aug 14 20:30:46.521495 n kernel: hci0: skb len 4
Aug 14 20:30:46.521528 n kernel: hci0: length 1
Aug 14 20:30:46.521551 n kernel: hci0 cmd_cnt 1 cmd queued 1
Aug 14 20:30:46.521567 n kernel: hci0: skb 000000009694a8ee
Aug 14 20:30:46.525416 n kernel: hci0: result 0x00
Aug 14 20:30:46.525445 n kernel: hci0: end: err 0
Aug 14 20:30:46.525477 n kernel: hci0: Opcode 0x2001
Aug 14 20:30:46.525508 n kernel: hci0: opcode 0x2001 plen 8
Aug 14 20:30:46.525525 n kernel: hci0: skb len 11
Aug 14 20:30:46.525540 n kernel: hci0: length 1
Aug 14 20:30:46.525557 n kernel: hci0 cmd_cnt 1 cmd queued 1
Aug 14 20:30:46.525573 n kernel: hci0: skb 00000000e4d795d8
Aug 14 20:30:46.528410 n kernel: hci0: result 0x00
Aug 14 20:30:46.528431 n kernel: hci0: end: err 0
Aug 14 20:30:46.528450 n kernel: hci0: Opcode 0x2007
Aug 14 20:30:46.528466 n kernel: hci0: opcode 0x2007 plen 0
Aug 14 20:30:46.528499 n kernel: hci0: skb len 3
Aug 14 20:30:46.528516 n kernel: hci0: length 1
Aug 14 20:30:46.528532 n kernel: hci0 cmd_cnt 1 cmd queued 1
Aug 14 20:30:46.528555 n kernel: hci0: skb 00000000d326682c
Aug 14 20:30:46.531422 n kernel: hci0: result 0x00
Aug 14 20:30:46.531482 n kernel: hci0: end: err 0
Aug 14 20:30:46.531513 n kernel: hci0: Opcode 0x200f
Aug 14 20:30:46.531539 n kernel: hci0: opcode 0x200f plen 0
Aug 14 20:30:46.531556 n kernel: hci0: skb len 3
Aug 14 20:30:46.531572 n kernel: hci0: length 1
Aug 14 20:30:46.531587 n kernel: hci0 cmd_cnt 1 cmd queued 1
Aug 14 20:30:46.531608 n kernel: hci0: skb 000000000b06eafc
Aug 14 20:30:46.534426 n kernel: hci0: result 0x00
Aug 14 20:30:46.534448 n kernel: hci0: end: err 0
Aug 14 20:30:46.534470 n kernel: hci0: Opcode 0x2010
Aug 14 20:30:46.534504 n kernel: hci0: opcode 0x2010 plen 0
Aug 14 20:30:46.534522 n kernel: hci0: skb len 3
Aug 14 20:30:46.534537 n kernel: hci0: length 1
Aug 14 20:30:46.534553 n kernel: hci0 cmd_cnt 1 cmd queued 1
Aug 14 20:30:46.534575 n kernel: hci0: skb 000000008dcba533
Aug 14 20:30:46.537417 n kernel: hci0: result 0x00
Aug 14 20:30:46.537438 n kernel: hci0: end: err 0
Aug 14 20:30:46.537460 n kernel: hci0: Opcode 0x202a
Aug 14 20:30:46.537477 n kernel: hci0: opcode 0x202a plen 0
Aug 14 20:30:46.537508 n kernel: hci0: skb len 3
Aug 14 20:30:46.537524 n kernel: hci0: length 1
Aug 14 20:30:46.537539 n kernel: hci0 cmd_cnt 1 cmd queued 1
Aug 14 20:30:46.537555 n kernel: hci0: skb 00000000ae6437b8
Aug 14 20:30:46.540436 n kernel: hci0: result 0x00
Aug 14 20:30:46.540478 n kernel: hci0: end: err 0
Aug 14 20:30:46.540559 n kernel: hci0: Opcode 0x2029
Aug 14 20:30:46.540577 n kernel: hci0: opcode 0x2029 plen 0
Aug 14 20:30:46.540600 n kernel: hci0: skb len 3
Aug 14 20:30:46.540616 n kernel: hci0: length 1
Aug 14 20:30:46.540632 n kernel: hci0 cmd_cnt 1 cmd queued 1
Aug 14 20:30:46.540655 n kernel: hci0: skb 00000000473c293c
Aug 14 20:30:46.543388 n kernel: hci0: result 0x00
Aug 14 20:30:46.543398 n kernel: hci0: end: err 0
Aug 14 20:30:46.543409 n kernel: hci0: Opcode 0x202e
Aug 14 20:30:46.543426 n kernel: hci0: opcode 0x202e plen 2
Aug 14 20:30:46.543435 n kernel: hci0: skb len 5
Aug 14 20:30:46.543443 n kernel: hci0: length 1
Aug 14 20:30:46.543454 n kernel: hci0 cmd_cnt 1 cmd queued 1
Aug 14 20:30:46.543463 n kernel: hci0: skb 000000002d78c5f5
Aug 14 20:30:46.546383 n kernel: hci0: result 0x00
Aug 14 20:30:46.546413 n kernel: hci0: end: err 0
Aug 14 20:30:46.546423 n kernel: hci0: Opcode 0x0c6d
Aug 14 20:30:46.546434 n kernel: hci0: opcode 0x0c6d plen 2
Aug 14 20:30:46.546443 n kernel: hci0: skb len 5
Aug 14 20:30:46.546455 n kernel: hci0: length 1
Aug 14 20:30:46.546465 n kernel: hci0 cmd_cnt 1 cmd queued 1
Aug 14 20:30:46.546475 n kernel: hci0: skb 00000000dde08a80
Aug 14 20:30:46.549409 n kernel: hci0: result 0x00
Aug 14 20:30:46.549428 n kernel: hci0: end: err 0
Aug 14 20:30:46.549444 n kernel: hci0: 
Aug 14 20:30:46.549464 n kernel: hci0: Opcode 0x0c12
Aug 14 20:30:46.549499 n kernel: hci0: opcode 0x0c12 plen 7
Aug 14 20:30:46.549515 n kernel: hci0: skb len 10
Aug 14 20:30:46.549531 n kernel: hci0: length 1
Aug 14 20:30:46.549546 n kernel: hci0 cmd_cnt 1 cmd queued 1
Aug 14 20:30:46.549567 n kernel: hci0: skb 00000000f6c3e88f
Aug 14 20:30:46.552410 n kernel: hci0: result 0x00
Aug 14 20:30:46.552451 n kernel: hci0: end: err 0
Aug 14 20:30:46.552481 n kernel: hci0: Opcode 0x0c77
Aug 14 20:30:46.552498 n kernel: hci0: opcode 0x0c77 plen 0
Aug 14 20:30:46.552520 n kernel: hci0: skb len 3
Aug 14 20:30:46.552535 n kernel: hci0: length 1
Aug 14 20:30:46.552556 n kernel: hci0 cmd_cnt 1 cmd queued 1
Aug 14 20:30:46.552574 n kernel: hci0: skb 0000000001ca1852
Aug 14 20:30:46.555410 n kernel: hci0: result 0x00
Aug 14 20:30:46.555430 n kernel: hci0: end: err 0
Aug 14 20:30:46.555454 n kernel: hci0: Opcode 0x0c7a
Aug 14 20:30:46.555472 n kernel: hci0: opcode 0x0c7a plen 1
Aug 14 20:30:46.555488 n kernel: hci0: skb len 4
Aug 14 20:30:46.555519 n kernel: hci0: length 1
Aug 14 20:30:46.555536 n kernel: hci0 cmd_cnt 1 cmd queued 1
Aug 14 20:30:46.555566 n kernel: hci0: skb 000000009b2db2f7
Aug 14 20:30:46.558375 n kernel: hci0: result 0x00
Aug 14 20:30:46.558385 n kernel: hci0: end: err 0
Aug 14 20:30:46.558395 n kernel: hci0: Opcode 0x0c1a
Aug 14 20:30:46.558407 n kernel: hci0: opcode 0x0c1a plen 1
Aug 14 20:30:46.558416 n kernel: hci0: skb len 4
Aug 14 20:30:46.558424 n kernel: hci0: length 1
Aug 14 20:30:46.558433 n kernel: hci0 cmd_cnt 1 cmd queued 1
Aug 14 20:30:46.558441 n kernel: hci0: skb 0000000013d67566
Aug 14 20:30:46.561409 n kernel: hci0: result 0x00
Aug 14 20:30:46.561429 n kernel: hci0: end: err 0
Aug 14 20:30:46.561484 n kernel: hci0: 
Aug 14 20:30:46.561506 n kernel: hci0: Opcode 0x0c24
Aug 14 20:30:46.561531 n kernel: hci0: opcode 0x0c24 plen 3
Aug 14 20:30:46.561547 n kernel: hci0: skb len 6
Aug 14 20:30:46.561563 n kernel: hci0: length 1
Aug 14 20:30:46.561587 n kernel: hci0 cmd_cnt 1 cmd queued 1
Aug 14 20:30:46.561608 n kernel: hci0: skb 00000000a4b2d35e
Aug 14 20:30:46.564385 n kernel: hci0: result 0x00
Aug 14 20:30:46.564416 n kernel: hci0: end: err 0
Aug 14 20:30:46.564432 n kernel: hci0: Opcode 0x0c13
Aug 14 20:30:46.564445 n kernel: hci0: opcode 0x0c13 plen 248
Aug 14 20:30:46.564457 n kernel: hci0: skb len 251
Aug 14 20:30:46.564475 n kernel: hci0: length 1
Aug 14 20:30:46.564486 n kernel: hci0 cmd_cnt 1 cmd queued 1
Aug 14 20:30:46.564498 n kernel: hci0: skb 00000000d38f82cb
Aug 14 20:30:46.567379 n kernel: hci0: result 0x00
Aug 14 20:30:46.567389 n kernel: hci0: end: err 0
Aug 14 20:30:46.567419 n kernel: hci0: 
Aug 14 20:30:46.567433 n kernel: hci0: Opcode 0x0c52
Aug 14 20:30:46.567442 n kernel: hci0: opcode 0x0c52 plen 241
Aug 14 20:30:46.567450 n kernel: hci0: skb len 244
Aug 14 20:30:46.567459 n kernel: hci0: length 1
Aug 14 20:30:46.567467 n kernel: hci0 cmd_cnt 1 cmd queued 1
Aug 14 20:30:46.567475 n kernel: hci0: skb 000000000b06eafc
Aug 14 20:30:46.570363 n kernel: hci0: result 0x00
Aug 14 20:30:46.570371 n kernel: hci0: end: err 0
Aug 14 20:30:46.570378 n kernel: hci0: entry 00000000777bd3c2
Aug 14 20:30:46.570386 n kernel: hci0: ADV monitoring is off
Aug 14 20:30:46.570394 n kernel: hci0: stopping background scanning
Aug 14 20:30:46.570402 n kernel: hci0: 
Aug 14 20:30:46.572382 n kernel: hci0: 
Aug 14 20:30:46.572392 n kernel: hci0: entry 000000002cd53d9e
Aug 14 20:30:46.572400 n kernel: hci0: ADV monitoring is off
Aug 14 20:30:46.572409 n kernel: hci0: stopping background scanning
Aug 14 20:30:46.572430 n kernel: hci0: 
Aug 14 20:30:46.572438 n kernel: hci0: entry 0000000030d2c64d
Aug 14 20:30:46.572446 n kernel: hci0: Opcode 0x0c3a
Aug 14 20:30:46.572453 n kernel: hci0: opcode 0x0c3a plen 4
Aug 14 20:30:46.572461 n kernel: hci0: skb len 7
Aug 14 20:30:46.572469 n kernel: hci0: length 1
Aug 14 20:30:46.572477 n kernel: hci0 cmd_cnt 1 cmd queued 1
Aug 14 20:30:46.572488 n kernel: hci0: skb 000000001593e3fe
Aug 14 20:30:46.575384 n kernel: hci0: result 0x00
Aug 14 20:30:46.575395 n kernel: hci0: end: err 0
Aug 14 20:30:46.575416 n kernel: hci0: Opcode 0x0c1a
Aug 14 20:30:46.575425 n kernel: hci0: opcode 0x0c1a plen 1
Aug 14 20:30:46.575434 n kernel: hci0: skb len 4
Aug 14 20:30:46.575444 n kernel: hci0: length 1
Aug 14 20:30:46.575452 n kernel: hci0 cmd_cnt 1 cmd queued 1
Aug 14 20:30:46.575461 n kernel: hci0: skb 00000000840ff534
Aug 14 20:30:46.578361 n kernel: hci0: result 0x00
Aug 14 20:30:46.578372 n kernel: hci0: end: err 0
Aug 14 20:30:46.578380 n kernel: hci0: 
Aug 14 20:30:46.578399 n kernel: hci0: state 0 -> 1
Aug 14 20:30:46.578408 n kernel: hci0: 
Aug 14 20:30:46.578416 n kernel: hci0: entry 000000009777df08
Aug 14 20:30:46.578425 n kernel: hci0: type 7
Aug 14 20:30:46.578434 n kernel: hci0: 
Aug 14 20:30:46.578443 n kernel: hci0: cancelling interleave scan
Aug 14 20:30:46.578451 n kernel: hci0: Opcode 0x2005
Aug 14 20:30:46.578460 n kernel: hci0: opcode 0x2005 plen 6
Aug 14 20:30:46.578469 n kernel: hci0: skb len 9
Aug 14 20:30:46.578478 n kernel: hci0: length 1
Aug 14 20:30:46.578486 n kernel: hci0 cmd_cnt 1 cmd queued 1
Aug 14 20:30:46.578495 n kernel: hci0: skb 000000008dcba533
Aug 14 20:30:46.581374 n kernel: hci0: result 0x00
Aug 14 20:30:46.581385 n kernel: hci0: end: err 0
Aug 14 20:30:46.581411 n kernel: hci0: Opcode 0x200b
Aug 14 20:30:46.581422 n kernel: hci0: opcode 0x200b plen 7
Aug 14 20:30:46.581433 n kernel: hci0: skb len 10
Aug 14 20:30:46.581444 n kernel: hci0: length 1
Aug 14 20:30:46.581460 n kernel: hci0 cmd_cnt 1 cmd queued 1
Aug 14 20:30:46.581476 n kernel: hci0: skb 000000000b06eafc
Aug 14 20:30:46.583360 n kernel: Bluetooth: hci0: unexpected event for opcode 0x2005
Aug 14 20:30:46.585353 n kernel: hci0: result 0x00
Aug 14 20:30:46.585362 n kernel: hci0: end: err 0
Aug 14 20:30:46.585371 n kernel: hci0: Opcode 0x200c
Aug 14 20:30:46.585381 n kernel: hci0: opcode 0x200c plen 2
Aug 14 20:30:46.585390 n kernel: hci0: skb len 5
Aug 14 20:30:46.585400 n kernel: hci0: length 1
Aug 14 20:30:46.585409 n kernel: hci0 cmd_cnt 1 cmd queued 1
Aug 14 20:30:46.585418 n kernel: hci0: skb 000000002264d157
Aug 14 20:30:46.588344 n kernel: hci0: state 1 -> 2
Aug 14 20:30:46.588369 n kernel: hci0: result 0x00
Aug 14 20:30:46.588377 n kernel: hci0: end: err 0
Aug 14 20:30:46.588385 n kernel: hci0: timeout 5120 ms
Aug 14 20:30:52.175369 n kernel: hci0: 
Aug 14 20:30:52.175437 n kernel: hci0: 
Aug 14 20:30:52.175474 n kernel: hci0: entry 0000000030d2c64d
Aug 14 20:30:52.175484 n kernel: hci0: Opcode 0x200c
Aug 14 20:30:52.175493 n kernel: hci0: opcode 0x200c plen 2
Aug 14 20:30:52.175519 n kernel: hci0: skb len 5
Aug 14 20:30:52.175528 n kernel: hci0: length 1
Aug 14 20:30:52.175537 n kernel: hci0 cmd_cnt 1 cmd queued 1
Aug 14 20:30:52.175551 n kernel: hci0: skb 0000000097a0d7b2
Aug 14 20:30:52.178387 n kernel: hci0: result 0x00
Aug 14 20:30:52.178398 n kernel: hci0: 
Aug 14 20:30:52.178429 n kernel: hci0: end: err 0
Aug 14 20:30:52.178444 n kernel: hci0: entry 000000005f6e6eef
Aug 14 20:30:52.178453 n kernel: hci0: 
Aug 14 20:30:52.178460 n kernel: hci0: Opcode 0x0401
Aug 14 20:30:52.178469 n kernel: hci0: opcode 0x0401 plen 5
Aug 14 20:30:52.178477 n kernel: hci0: skb len 8
Aug 14 20:30:52.178484 n kernel: hci0: length 1
Aug 14 20:30:52.178491 n kernel: hci0 cmd_cnt 1 cmd queued 1
Aug 14 20:30:52.178499 n kernel: hci0: skb 0000000074332a09
Aug 14 20:30:52.181372 n kernel: hci0: result 0x00
Aug 14 20:30:52.181382 n kernel: hci0: end: err 0
Aug 14 20:30:52.181399 n kernel: hci0: entry 00000000a672f455
Aug 14 20:30:52.181408 n kernel: hci0: 
Aug 14 20:30:52.181416 n kernel: hci0: 
Aug 14 20:30:56.866477 n kernel: hci0: dst AA:BB:CC:00:00:01
Aug 14 20:30:56.866485 n kernel: hci0: dst AA:BB:CC:00:00:01 handle 0x0f00
Aug 14 20:30:56.866494 n kernel: hci0 evt 1
Aug 14 20:30:56.866501 n kernel: hci0 hcon 00000000231e7130
Aug 14 20:30:56.866515 n kernel: hci0: 
Aug 14 20:30:56.866523 n kernel: hci0: entry 0000000075f5ae4a
Aug 14 20:30:56.866530 n kernel: hci0: Opcode 0x0402
Aug 14 20:30:56.866546 n kernel: hci0: opcode 0x0402 plen 0
Aug 14 20:30:56.866556 n kernel: hci0: skb len 3
Aug 14 20:30:56.866564 n kernel: hci0: length 1
Aug 14 20:30:56.866571 n kernel: hci0 cmd_cnt 1 cmd queued 1
Aug 14 20:30:56.866579 n kernel: hci0: skb 000000000bd6798d
Aug 14 20:30:56.869356 n kernel: hci0: state 2 -> 0
Aug 14 20:30:56.869401 n kernel: hci0: result 0x00
Aug 14 20:30:56.869411 n kernel: hci0: end: err 0
Aug 14 20:30:56.869432 n kernel: hci0: Opcode 0x0405
Aug 14 20:30:56.869441 n kernel: hci0: opcode 0x0405 plen 13
Aug 14 20:30:56.869451 n kernel: hci0: skb len 16
Aug 14 20:30:56.869460 n kernel: hci0: length 1
Aug 14 20:30:56.869469 n kernel: hci0 cmd_cnt 1 cmd queued 1
Aug 14 20:30:56.869478 n kernel: hci0: skb 000000008e6ca5c9
Aug 14 20:30:57.690428 n kernel: hci0: hcon 00000000231e7130 handle 0x0002
Aug 14 20:30:57.690441 n kernel: hci0 opcode 0x041b plen 2
Aug 14 20:30:57.690451 n kernel: hci0: skb len 5
Aug 14 20:30:57.690460 n kernel: hci0: result 0x00
Aug 14 20:30:57.690470 n kernel: hci0 cmd_cnt 1 cmd queued 1
Aug 14 20:30:57.690479 n kernel: hci0: skb 0000000013d67566
Aug 14 20:30:57.690488 n kernel: hci0: end: err 0
Aug 14 20:30:57.690497 n kernel: hci0: entry 00000000ad3c845f
Aug 14 20:30:57.690506 n kernel: hci0: ADV monitoring is off
Aug 14 20:30:57.690515 n kernel: hci0: stopping background scanning
Aug 14 20:30:57.690524 n kernel: hci0: entry 0000000099bb399b
Aug 14 20:30:57.690549 n kernel: hci0: 
Aug 14 20:30:57.712358 n kernel: hci0 opcode 0x041c plen 3
Aug 14 20:30:57.712399 n kernel: hci0: skb len 6
Aug 14 20:30:57.712424 n kernel: hci0 cmd_cnt 1 cmd queued 1
Aug 14 20:30:57.712435 n kernel: hci0: skb 00000000f149f291
Aug 14 20:30:57.719380 n kernel: hci0 opcode 0x0419 plen 10
Aug 14 20:30:57.719391 n kernel: hci0: skb len 13
Aug 14 20:30:57.719400 n kernel: hci0 cmd_cnt 1 cmd queued 1
Aug 14 20:30:57.719431 n kernel: hci0: skb 00000000f149f291
Aug 14 20:30:57.761438 n kernel: hci0 opcode 0x0411 plen 2
Aug 14 20:30:57.761474 n kernel: hci0: skb len 5
Aug 14 20:30:57.761490 n kernel: hci0 cmd_cnt 1 cmd queued 1
Aug 14 20:30:57.761512 n kernel: hci0: skb 00000000d34fac54
Aug 14 20:30:57.765345 n kernel: hci0 opcode 0x040b plen 22
Aug 14 20:30:57.765375 n kernel: hci0: skb len 25
Aug 14 20:30:57.765384 n kernel: hci0 cmd_cnt 1 cmd queued 1
Aug 14 20:30:57.765393 n kernel: hci0: skb 0000000002e6dac8
Aug 14 20:30:57.801349 n kernel: hci0 opcode 0x0413 plen 3
Aug 14 20:30:57.801406 n kernel: hci0: skb len 6
Aug 14 20:30:57.801416 n kernel: hci0 cmd_cnt 1 cmd queued 1
Aug 14 20:30:57.801426 n kernel: hci0: skb 0000000065dd99da
Aug 14 20:30:57.876417 n kernel: hci0 opcode 0x1408 plen 2
Aug 14 20:30:57.876429 n kernel: hci0: skb len 5
Aug 14 20:30:57.876439 n kernel: hci0 cmd_cnt 1 cmd queued 1
Aug 14 20:30:57.876471 n kernel: hci0: skb 000000003c9b8421
Aug 14 20:31:00.181378 n kernel: 00000000babfecdf name hci0 blocked 1
Aug 14 20:31:00.181448 n kernel: hci0 00000000babfecdf
Aug 14 20:31:00.181459 n kernel: hci0: Opcode 0x0c1a
Aug 14 20:31:00.181490 n kernel: hci0: opcode 0x0c1a plen 1
Aug 14 20:31:00.181499 n kernel: hci0: skb len 4
Aug 14 20:31:00.181508 n kernel: hci0: length 1
Aug 14 20:31:00.181527 n kernel: hci0 cmd_cnt 1 cmd queued 1
Aug 14 20:31:00.181536 n kernel: hci0: skb 00000000b882569d
Aug 14 20:31:00.184389 n kernel: hci0: result 0x00
Aug 14 20:31:00.184400 n kernel: hci0: end: err 0
Aug 14 20:31:00.184411 n kernel: hci0: state 0
Aug 14 20:31:00.184421 n kernel: hci0: Opcode 0x0406
Aug 14 20:31:00.184446 n kernel: hci0: opcode 0x0406 plen 3
Aug 14 20:31:00.184456 n kernel: hci0: skb len 6
Aug 14 20:31:00.184466 n kernel: hci0: length 1
Aug 14 20:31:00.184476 n kernel: hci0 cmd_cnt 1 cmd queued 1
Aug 14 20:31:00.184490 n kernel: hci0: skb 000000001593e3fe
Aug 14 20:31:00.187795 n kernel: hci0: result 0x00
Aug 14 20:31:00.187812 n kernel: hci0: end: err 0
Aug 14 20:31:00.187830 n kernel: hci0: status 0x15
Aug 14 20:31:00.187840 n kernel: hci0 hcon 00000000231e7130 chan 000000000c10ccc3
Aug 14 20:31:00.187855 n kernel: hci0: handle 0x02 reason 0x13
Aug 14 20:31:00.187868 n kernel: hci0: 
Aug 14 20:31:00.187875 n kernel: hci0: entry 00000000f39e4b50
Aug 14 20:31:00.193349 n kernel: hci0 hcon 00000000231e7130 handle 2
Aug 14 20:31:00.193379 n kernel: hci0: hcon 00000000231e7130
Aug 14 20:31:00.206395 n kernel: hci0 evt 2
Aug 14 20:31:00.206426 n kernel: hci0: 
Aug 14 20:31:00.220360 n kernel: hci0: err 0x13
Aug 14 20:31:00.220426 n kernel: hci0: cancelling interleave scan
Aug 14 20:31:00.220487 n kernel: hdev hci0
Aug 14 20:31:00.220520 n kernel: hci0
Aug 14 20:31:00.220542 n kernel: hci0
Aug 14 20:31:02.614343 n kernel: 00000000babfecdf name hci0 blocked 0
Aug 14 20:31:02.614382 n kernel: hci0: 
Aug 14 20:31:02.614393 n kernel: hci0: entry 00000000e260dc5c
Aug 14 20:31:02.614404 n kernel: hci0: 
Aug 14 20:31:02.614413 n kernel: hci0
Aug 14 20:31:02.614422 n kernel: hci0
Aug 14 20:31:02.614430 n kernel: hci0
Aug 14 20:31:02.614439 n kernel: hci0
Aug 14 20:31:02.614448 n kernel: hci0: 
Aug 14 20:31:02.614456 n kernel: hci0: 
Aug 14 20:31:02.614466 n kernel: hci0: Opcode 0x0c03
Aug 14 20:31:02.614477 n kernel: hci0: opcode 0x0c03 plen 0
Aug 14 20:31:02.614486 n kernel: hci0: skb len 3
Aug 14 20:31:02.614495 n kernel: hci0: length 1
Aug 14 20:31:02.614504 n kernel: hci0 cmd_cnt 1 cmd queued 1
Aug 14 20:31:02.614513 n kernel: hci0: skb 000000008fc5abaa
Aug 14 20:31:02.672439 n kernel: hci0: result 0x00
Aug 14 20:31:02.672450 n kernel: hci0: end: err 0
Aug 14 20:31:02.672487 n kernel: hci0: Opcode 0x1003
Aug 14 20:31:02.672496 n kernel: hci0: opcode 0x1003 plen 0
Aug 14 20:31:02.672505 n kernel: hci0: skb len 3
Aug 14 20:31:02.672516 n kernel: hci0: length 1
Aug 14 20:31:02.672525 n kernel: hci0 cmd_cnt 1 cmd queued 1
Aug 14 20:31:02.672533 n kernel: hci0: skb 00000000d7ae6195
Aug 14 20:31:02.675439 n kernel: hci0: result 0x00
Aug 14 20:31:02.675451 n kernel: hci0: end: err 0
Aug 14 20:31:02.675462 n kernel: hci0: Opcode 0x1001
Aug 14 20:31:02.675491 n kernel: hci0: opcode 0x1001 plen 0
Aug 14 20:31:02.675504 n kernel: hci0: skb len 3
Aug 14 20:31:02.675513 n kernel: hci0: length 1
Aug 14 20:31:02.675522 n kernel: hci0 cmd_cnt 1 cmd queued 1
Aug 14 20:31:02.675533 n kernel: hci0: skb 000000002dbbee6d
Aug 14 20:31:02.678445 n kernel: hci0: result 0x00
Aug 14 20:31:02.678456 n kernel: hci0: end: err 0
Aug 14 20:31:02.678468 n kernel: hci0: Opcode 0x1009
Aug 14 20:31:02.678478 n kernel: hci0: opcode 0x1009 plen 0
Aug 14 20:31:02.678487 n kernel: hci0: skb len 3
Aug 14 20:31:02.678496 n kernel: hci0: length 1
Aug 14 20:31:02.678505 n kernel: hci0 cmd_cnt 1 cmd queued 1
Aug 14 20:31:02.678514 n kernel: hci0: skb 00000000583ef31d
Aug 14 20:31:02.680379 n kernel: hci0: result 0x00
Aug 14 20:31:02.680402 n kernel: hci0: end: err 0
Aug 14 20:31:02.680409 n kernel: hci0: 
Aug 14 20:31:02.680416 n kernel: hci0: Opcode 0x1002
Aug 14 20:31:02.680424 n kernel: hci0: opcode 0x1002 plen 0
Aug 14 20:31:02.680432 n kernel: hci0: skb len 3
Aug 14 20:31:02.680440 n kernel: hci0: length 1
Aug 14 20:31:02.680447 n kernel: hci0 cmd_cnt 1 cmd queued 1
Aug 14 20:31:02.680453 n kernel: hci0: skb 00000000e451f92e
Aug 14 20:31:02.687499 n kernel: hci0: result 0x00
Aug 14 20:31:02.687519 n kernel: hci0: end: err 0
Aug 14 20:31:02.687572 n kernel: hci0: Opcode 0x0c56
Aug 14 20:31:02.687590 n kernel: hci0: opcode 0x0c56 plen 1
Aug 14 20:31:02.687612 n kernel: hci0: skb len 4
Aug 14 20:31:02.687628 n kernel: hci0: length 1
Aug 14 20:31:02.687644 n kernel: hci0 cmd_cnt 1 cmd queued 1
Aug 14 20:31:02.687663 n kernel: hci0: skb 000000003a80b1f2
Aug 14 20:31:02.691441 n kernel: hci0: result 0x00
Aug 14 20:31:02.691452 n kernel: hci0: end: err 0
Aug 14 20:31:02.691463 n kernel: hci0: Opcode 0x0c45
Aug 14 20:31:02.691497 n kernel: hci0: opcode 0x0c45 plen 1
Aug 14 20:31:02.691508 n kernel: hci0: skb len 4
Aug 14 20:31:02.691519 n kernel: hci0: length 1
Aug 14 20:31:02.691528 n kernel: hci0 cmd_cnt 1 cmd queued 1
Aug 14 20:31:02.691537 n kernel: hci0: skb 00000000c324b6c3
Aug 14 20:31:02.693465 n kernel: hci0: result 0x00
Aug 14 20:31:02.693489 n kernel: hci0: end: err 0
Aug 14 20:31:02.693500 n kernel: hci0: Opcode 0x0c58
Aug 14 20:31:02.693509 n kernel: hci0: opcode 0x0c58 plen 0
Aug 14 20:31:02.693519 n kernel: hci0: skb len 3
Aug 14 20:31:02.693541 n kernel: hci0: length 1
Aug 14 20:31:02.693551 n kernel: hci0 cmd_cnt 1 cmd queued 1
Aug 14 20:31:02.693562 n kernel: hci0: skb 00000000019a6680
Aug 14 20:31:02.696439 n kernel: hci0: result 0x00
Aug 14 20:31:02.696454 n kernel: hci0: end: err 0
Aug 14 20:31:02.696468 n kernel: hci0: Opcode 0x1004
Aug 14 20:31:02.696479 n kernel: hci0: opcode 0x1004 plen 1
Aug 14 20:31:02.696489 n kernel: hci0: skb len 4
Aug 14 20:31:02.696499 n kernel: hci0: length 1
Aug 14 20:31:02.696509 n kernel: hci0 cmd_cnt 1 cmd queued 1
Aug 14 20:31:02.696519 n kernel: hci0: skb 000000006f703366
Aug 14 20:31:02.700493 n kernel: hci0: result 0x00
Aug 14 20:31:02.700535 n kernel: hci0: end: err 0
Aug 14 20:31:02.700552 n kernel: hci0: Opcode 0x1005
Aug 14 20:31:02.700571 n kernel: hci0: opcode 0x1005 plen 0
Aug 14 20:31:02.700590 n kernel: hci0: skb len 3
Aug 14 20:31:02.700606 n kernel: hci0: length 1
Aug 14 20:31:02.700621 n kernel: hci0 cmd_cnt 1 cmd queued 1
Aug 14 20:31:02.700637 n kernel: hci0: skb 00000000c42b8e74
Aug 14 20:31:02.703502 n kernel: hci0: result 0x00
Aug 14 20:31:02.703534 n kernel: hci0: end: err 0
Aug 14 20:31:02.703568 n kernel: hci0: Opcode 0x0c23
Aug 14 20:31:02.703649 n kernel: hci0: opcode 0x0c23 plen 0
Aug 14 20:31:02.703665 n kernel: hci0: skb len 3
Aug 14 20:31:02.703681 n kernel: hci0: length 1
Aug 14 20:31:02.703697 n kernel: hci0 cmd_cnt 1 cmd queued 1
Aug 14 20:31:02.703713 n kernel: hci0: skb 00000000c67748e7
Aug 14 20:31:02.706438 n kernel: hci0: result 0x00
Aug 14 20:31:02.706460 n kernel: hci0: end: err 0
Aug 14 20:31:02.706470 n kernel: hci0: Opcode 0x0c14
Aug 14 20:31:02.706479 n kernel: hci0: opcode 0x0c14 plen 0
Aug 14 20:31:02.706487 n kernel: hci0: skb len 3
Aug 14 20:31:02.706512 n kernel: hci0: length 1
Aug 14 20:31:02.706525 n kernel: hci0 cmd_cnt 1 cmd queued 1
Aug 14 20:31:02.706536 n kernel: hci0: skb 0000000054ae48e4
Aug 14 20:31:02.725446 n kernel: hci0: result 0x00
Aug 14 20:31:02.725460 n kernel: hci0: end: err 0
Aug 14 20:31:02.725470 n kernel: hci0: Opcode 0x0c25
Aug 14 20:31:02.725479 n kernel: hci0: opcode 0x0c25 plen 0
Aug 14 20:31:02.725489 n kernel: hci0: skb len 3
Aug 14 20:31:02.725499 n kernel: hci0: length 1
Aug 14 20:31:02.725509 n kernel: hci0 cmd_cnt 1 cmd queued 1
Aug 14 20:31:02.725519 n kernel: hci0: skb 0000000097cb7889
Aug 14 20:31:02.728441 n kernel: hci0: result 0x00
Aug 14 20:31:02.728458 n kernel: hci0: end: err 0
Aug 14 20:31:02.728468 n kernel: hci0: Opcode 0x0c38
Aug 14 20:31:02.728478 n kernel: hci0: opcode 0x0c38 plen 0
Aug 14 20:31:02.728488 n kernel: hci0: skb len 3
Aug 14 20:31:02.728497 n kernel: hci0: length 1
Aug 14 20:31:02.728506 n kernel: hci0 cmd_cnt 1 cmd queued 1
Aug 14 20:31:02.728517 n kernel: hci0: skb 00000000fad863f0
Aug 14 20:31:02.730397 n kernel: hci0: result 0x00
Aug 14 20:31:02.730409 n kernel: hci0: end: err 0
Aug 14 20:31:02.730419 n kernel: hci0: Opcode 0x0c39
Aug 14 20:31:02.730428 n kernel: hci0: opcode 0x0c39 plen 0
Aug 14 20:31:02.730437 n kernel: hci0: skb len 3
Aug 14 20:31:02.730445 n kernel: hci0: length 1
Aug 14 20:31:02.730456 n kernel: hci0 cmd_cnt 1 cmd queued 1
Aug 14 20:31:02.730465 n kernel: hci0: skb 00000000bcd2e530
Aug 14 20:31:02.733470 n kernel: hci0: result 0x00
Aug 14 20:31:02.733494 n kernel: hci0: end: err 0
Aug 14 20:31:02.733542 n kernel: hci0: Opcode 0x0c16
Aug 14 20:31:02.733558 n kernel: hci0: opcode 0x0c16 plen 2
Aug 14 20:31:02.733593 n kernel: hci0: skb len 5
Aug 14 20:31:02.733609 n kernel: hci0: length 1
Aug 14 20:31:02.733625 n kernel: hci0 cmd_cnt 1 cmd queued 1
Aug 14 20:31:02.733641 n kernel: hci0: skb 00000000a24d4a6a
Aug 14 20:31:02.736490 n kernel: hci0: result 0x00
Aug 14 20:31:02.736502 n kernel: hci0: end: err 0
Aug 14 20:31:02.736512 n kernel: hci0: Opcode 0x2003
Aug 14 20:31:02.736522 n kernel: hci0: opcode 0x2003 plen 0
Aug 14 20:31:02.736544 n kernel: hci0: skb len 3
Aug 14 20:31:02.736553 n kernel: hci0: length 1
Aug 14 20:31:02.736572 n kernel: hci0 cmd_cnt 1 cmd queued 1
Aug 14 20:31:02.736581 n kernel: hci0: skb 00000000efeeedaa
Aug 14 20:31:02.739509 n kernel: hci0: result 0x00
Aug 14 20:31:02.739536 n kernel: hci0: end: err 0
Aug 14 20:31:02.739566 n kernel: hci0: Opcode 0x2002
Aug 14 20:31:02.739594 n kernel: hci0: opcode 0x2002 plen 0
Aug 14 20:31:02.739618 n kernel: hci0: skb len 3
Aug 14 20:31:02.739671 n kernel: hci0: length 1
Aug 14 20:31:02.739686 n kernel: hci0 cmd_cnt 1 cmd queued 1
Aug 14 20:31:02.739702 n kernel: hci0: skb 000000009f00e9a9
Aug 14 20:31:02.742587 n kernel: hci0: result 0x00
Aug 14 20:31:02.742638 n kernel: hci0: end: err 0
Aug 14 20:31:02.742708 n kernel: hci0: Opcode 0x201c
Aug 14 20:31:02.742732 n kernel: hci0: opcode 0x201c plen 0
Aug 14 20:31:02.742748 n kernel: hci0: skb len 3
Aug 14 20:31:02.742765 n kernel: hci0: length 1
Aug 14 20:31:02.742780 n kernel: hci0 cmd_cnt 1 cmd queued 1
Aug 14 20:31:02.742797 n kernel: hci0: skb 000000008cf72c2c
Aug 14 20:31:02.745466 n kernel: hci0: result 0x00
Aug 14 20:31:02.745489 n kernel: hci0: end: err 0
Aug 14 20:31:02.745506 n kernel: hci0: 
Aug 14 20:31:02.745521 n kernel: hci0: Opcode 0x0c01
Aug 14 20:31:02.745537 n kernel: hci0: opcode 0x0c01 plen 8
Aug 14 20:31:02.745555 n kernel: hci0: skb len 11
Aug 14 20:31:02.745572 n kernel: hci0: length 1
Aug 14 20:31:02.745592 n kernel: hci0 cmd_cnt 1 cmd queued 1
Aug 14 20:31:02.745609 n kernel: hci0: skb 00000000c3c1ff78
Aug 14 20:31:02.748394 n kernel: hci0: result 0x00
Aug 14 20:31:02.748406 n kernel: hci0: end: err 0
Aug 14 20:31:02.748419 n kernel: hci0: Opcode 0x0c0d
Aug 14 20:31:02.748428 n kernel: hci0: opcode 0x0c0d plen 7
Aug 14 20:31:02.748437 n kernel: hci0: skb len 10
Aug 14 20:31:02.748447 n kernel: hci0: length 1
Aug 14 20:31:02.748458 n kernel: hci0 cmd_cnt 1 cmd queued 1
Aug 14 20:31:02.748485 n kernel: hci0: skb 00000000e4d795d8
Aug 14 20:31:02.752490 n kernel: hci0: result 0x00
Aug 14 20:31:02.752512 n kernel: hci0: end: err 0
Aug 14 20:31:02.752586 n kernel: hci0: Opcode 0x080f
Aug 14 20:31:02.752604 n kernel: hci0: opcode 0x080f plen 2
Aug 14 20:31:02.752625 n kernel: hci0: skb len 5
Aug 14 20:31:02.752644 n kernel: hci0: length 1
Aug 14 20:31:02.752662 n kernel: hci0 cmd_cnt 1 cmd queued 1
Aug 14 20:31:02.752679 n kernel: hci0: skb 00000000be2d1b88
Aug 14 20:31:02.754430 n kernel: hci0: result 0x00
Aug 14 20:31:02.754439 n kernel: hci0: end: err 0
Aug 14 20:31:02.754447 n kernel: hci0: Opcode 0x0c1b
Aug 14 20:31:02.754456 n kernel: hci0: opcode 0x0c1b plen 0
Aug 14 20:31:02.754464 n kernel: hci0: skb len 3
Aug 14 20:31:02.754471 n kernel: hci0: length 1
Aug 14 20:31:02.754478 n kernel: hci0 cmd_cnt 1 cmd queued 1
Aug 14 20:31:02.754486 n kernel: hci0: skb 00000000fc726129
Aug 14 20:31:02.758434 n kernel: hci0: result 0x00
Aug 14 20:31:02.758444 n kernel: hci0: end: err 0
Aug 14 20:31:02.758454 n kernel: hci0: Opcode 0x0c46
Aug 14 20:31:02.758463 n kernel: hci0: opcode 0x0c46 plen 0
Aug 14 20:31:02.758471 n kernel: hci0: skb len 3
Aug 14 20:31:02.758480 n kernel: hci0: length 1
Aug 14 20:31:02.758489 n kernel: hci0 cmd_cnt 1 cmd queued 1
Aug 14 20:31:02.758497 n kernel: hci0: skb 000000005285373c
Aug 14 20:31:02.760388 n kernel: hci0: result 0x00
Aug 14 20:31:02.760441 n kernel: hci0: end: err 0
Aug 14 20:31:02.760479 n kernel: hci0: Opcode 0x1004
Aug 14 20:31:02.760490 n kernel: hci0: opcode 0x1004 plen 1
Aug 14 20:31:02.760499 n kernel: hci0: skb len 4
Aug 14 20:31:02.760508 n kernel: hci0: length 1
Aug 14 20:31:02.760516 n kernel: hci0 cmd_cnt 1 cmd queued 1
Aug 14 20:31:02.760525 n kernel: hci0: skb 000000006b9480c8
Aug 14 20:31:02.765439 n kernel: hci0: result 0x00
Aug 14 20:31:02.765451 n kernel: hci0: end: err 0
Aug 14 20:31:02.765459 n kernel: hci0: Opcode 0x2001
Aug 14 20:31:02.765468 n kernel: hci0: opcode 0x2001 plen 8
Aug 14 20:31:02.765476 n kernel: hci0: skb len 11
Aug 14 20:31:02.765484 n kernel: hci0: length 1
Aug 14 20:31:02.765493 n kernel: hci0 cmd_cnt 1 cmd queued 1
Aug 14 20:31:02.765502 n kernel: hci0: skb 000000000ebe946b
Aug 14 20:31:02.767471 n kernel: hci0: result 0x00
Aug 14 20:31:02.767497 n kernel: hci0: end: err 0
Aug 14 20:31:02.767519 n kernel: hci0: Opcode 0x2007
Aug 14 20:31:02.767537 n kernel: hci0: opcode 0x2007 plen 0
Aug 14 20:31:02.767552 n kernel: hci0: skb len 3
Aug 14 20:31:02.767569 n kernel: hci0: length 1
Aug 14 20:31:02.767585 n kernel: hci0 cmd_cnt 1 cmd queued 1
Aug 14 20:31:02.767602 n kernel: hci0: skb 000000003c61501f
Aug 14 20:31:02.771429 n kernel: hci0: result 0x00
Aug 14 20:31:02.771440 n kernel: hci0: end: err 0
Aug 14 20:31:02.771448 n kernel: hci0: Opcode 0x200f
Aug 14 20:31:02.771456 n kernel: hci0: opcode 0x200f plen 0
Aug 14 20:31:02.771463 n kernel: hci0: skb len 3
Aug 14 20:31:02.771471 n kernel: hci0: length 1
Aug 14 20:31:02.771479 n kernel: hci0 cmd_cnt 1 cmd queued 1
Aug 14 20:31:02.771487 n kernel: hci0: skb 0000000005d09bb2
Aug 14 20:31:02.774448 n kernel: hci0: result 0x00
Aug 14 20:31:02.774466 n kernel: hci0: end: err 0
Aug 14 20:31:02.774477 n kernel: hci0: Opcode 0x2010
Aug 14 20:31:02.774484 n kernel: hci0: opcode 0x2010 plen 0
Aug 14 20:31:02.774491 n kernel: hci0: skb len 3
Aug 14 20:31:02.774499 n kernel: hci0: length 1
Aug 14 20:31:02.774509 n kernel: hci0 cmd_cnt 1 cmd queued 1
Aug 14 20:31:02.774518 n kernel: hci0: skb 0000000021af6961
Aug 14 20:31:02.777429 n kernel: hci0: result 0x00
Aug 14 20:31:02.777439 n kernel: hci0: end: err 0
Aug 14 20:31:02.777447 n kernel: hci0: Opcode 0x202a
Aug 14 20:31:02.777455 n kernel: hci0: opcode 0x202a plen 0
Aug 14 20:31:02.777464 n kernel: hci0: skb len 3
Aug 14 20:31:02.777473 n kernel: hci0: length 1
Aug 14 20:31:02.777482 n kernel: hci0 cmd_cnt 1 cmd queued 1
Aug 14 20:31:02.777490 n kernel: hci0: skb 000000003274b995
Aug 14 20:31:02.779441 n kernel: hci0: result 0x00
Aug 14 20:31:02.779462 n kernel: hci0: end: err 0
Aug 14 20:31:02.779482 n kernel: hci0: Opcode 0x2029
Aug 14 20:31:02.779508 n kernel: hci0: opcode 0x2029 plen 0
Aug 14 20:31:02.779531 n kernel: hci0: skb len 3
Aug 14 20:31:02.779548 n kernel: hci0: length 1
Aug 14 20:31:02.779566 n kernel: hci0 cmd_cnt 1 cmd queued 1
Aug 14 20:31:02.779584 n kernel: hci0: skb 00000000f6c3e88f
Aug 14 20:31:02.782395 n kernel: hci0: result 0x00
Aug 14 20:31:02.782405 n kernel: hci0: end: err 0
Aug 14 20:31:02.782415 n kernel: hci0: Opcode 0x202e
Aug 14 20:31:02.782426 n kernel: hci0: opcode 0x202e plen 2
Aug 14 20:31:02.782434 n kernel: hci0: skb len 5
Aug 14 20:31:02.782461 n kernel: hci0: length 1
Aug 14 20:31:02.782475 n kernel: hci0 cmd_cnt 1 cmd queued 1
Aug 14 20:31:02.782485 n kernel: hci0: skb 00000000e9b0cc17
Aug 14 20:31:02.786516 n kernel: hci0: result 0x00
Aug 14 20:31:02.786556 n kernel: hci0: end: err 0
Aug 14 20:31:02.786572 n kernel: hci0: Opcode 0x0c6d
Aug 14 20:31:02.786588 n kernel: hci0: opcode 0x0c6d plen 2
Aug 14 20:31:02.786611 n kernel: hci0: skb len 5
Aug 14 20:31:02.786629 n kernel: hci0: length 1
Aug 14 20:31:02.786647 n kernel: hci0 cmd_cnt 1 cmd queued 1
Aug 14 20:31:02.786665 n kernel: hci0: skb 000000009873444a
Aug 14 20:31:02.788470 n kernel: hci0: result 0x00
Aug 14 20:31:02.788490 n kernel: hci0: end: err 0
Aug 14 20:31:02.788507 n kernel: hci0: 
Aug 14 20:31:02.788522 n kernel: hci0: Opcode 0x0c12
Aug 14 20:31:02.788577 n kernel: hci0: opcode 0x0c12 plen 7
Aug 14 20:31:02.788593 n kernel: hci0: skb len 10
Aug 14 20:31:02.788611 n kernel: hci0: length 1
Aug 14 20:31:02.788628 n kernel: hci0 cmd_cnt 1 cmd queued 1
Aug 14 20:31:02.788646 n kernel: hci0: skb 000000009b8afca2
Aug 14 20:31:02.791511 n kernel: hci0: result 0x00
Aug 14 20:31:02.791532 n kernel: hci0: end: err 0
Aug 14 20:31:02.791552 n kernel: hci0: Opcode 0x0c77
Aug 14 20:31:02.791569 n kernel: hci0: opcode 0x0c77 plen 0
Aug 14 20:31:02.791586 n kernel: hci0: skb len 3
Aug 14 20:31:02.791605 n kernel: hci0: length 1
Aug 14 20:31:02.791620 n kernel: hci0 cmd_cnt 1 cmd queued 1
Aug 14 20:31:02.791636 n kernel: hci0: skb 00000000d60014b4
Aug 14 20:31:02.794495 n kernel: hci0: result 0x00
Aug 14 20:31:02.794517 n kernel: hci0: end: err 0
Aug 14 20:31:02.794537 n kernel: hci0: Opcode 0x0c7a
Aug 14 20:31:02.794553 n kernel: hci0: opcode 0x0c7a plen 1
Aug 14 20:31:02.794569 n kernel: hci0: skb len 4
Aug 14 20:31:02.794585 n kernel: hci0: length 1
Aug 14 20:31:02.794600 n kernel: hci0 cmd_cnt 1 cmd queued 1
Aug 14 20:31:02.794617 n kernel: hci0: skb 00000000d8e64006
Aug 14 20:31:02.797807 n kernel: hci0: result 0x00
Aug 14 20:31:02.797818 n kernel: hci0: end: err 0
Aug 14 20:31:02.797829 n kernel: hci0: Opcode 0x0c1a
Aug 14 20:31:02.797840 n kernel: hci0: opcode 0x0c1a plen 1
Aug 14 20:31:02.797849 n kernel: hci0: skb len 4
Aug 14 20:31:02.797858 n kernel: hci0: length 1
Aug 14 20:31:02.797868 n kernel: hci0 cmd_cnt 1 cmd queued 1
Aug 14 20:31:02.797878 n kernel: hci0: skb 000000000da3e763
Aug 14 20:31:02.800629 n kernel: hci0: result 0x00
Aug 14 20:31:02.800664 n kernel: hci0: end: err 0
Aug 14 20:31:02.800682 n kernel: hci0: 
Aug 14 20:31:02.800701 n kernel: hci0: Opcode 0x0c24
Aug 14 20:31:02.800717 n kernel: hci0: opcode 0x0c24 plen 3
Aug 14 20:31:02.800798 n kernel: hci0: skb len 6
Aug 14 20:31:02.800815 n kernel: hci0: length 1
Aug 14 20:31:02.800837 n kernel: hci0 cmd_cnt 1 cmd queued 1
Aug 14 20:31:02.800855 n kernel: hci0: skb 0000000022baddc7
Aug 14 20:31:02.803475 n kernel: hci0: result 0x00
Aug 14 20:31:02.803557 n kernel: hci0: end: err 0
Aug 14 20:31:02.803576 n kernel: hci0: Opcode 0x0c13
Aug 14 20:31:02.803593 n kernel: hci0: opcode 0x0c13 plen 248
Aug 14 20:31:02.803611 n kernel: hci0: skb len 251
Aug 14 20:31:02.803629 n kernel: hci0: length 1
Aug 14 20:31:02.803648 n kernel: hci0 cmd_cnt 1 cmd queued 1
Aug 14 20:31:02.803663 n kernel: hci0: skb 00000000eaa1a331
Aug 14 20:31:02.806422 n kernel: hci0: result 0x00
Aug 14 20:31:02.806436 n kernel: hci0: end: err 0
Aug 14 20:31:02.806447 n kernel: hci0: 
Aug 14 20:31:02.806456 n kernel: hci0: Opcode 0x0c52
Aug 14 20:31:02.806465 n kernel: hci0: opcode 0x0c52 plen 241
Aug 14 20:31:02.806474 n kernel: hci0: skb len 244
Aug 14 20:31:02.806483 n kernel: hci0: length 1
Aug 14 20:31:02.806492 n kernel: hci0 cmd_cnt 1 cmd queued 1
Aug 14 20:31:02.806501 n kernel: hci0: skb 00000000804646ab
Aug 14 20:31:02.809402 n kernel: hci0: result 0x00
Aug 14 20:31:02.809429 n kernel: hci0: end: err 0
Aug 14 20:31:02.809468 n kernel: hci0: entry 0000000060dae9b9
Aug 14 20:31:02.809497 n kernel: hci0: ADV monitoring is off
Aug 14 20:31:02.809525 n kernel: hci0: stopping background scanning
Aug 14 20:31:02.809553 n kernel: hci0: 
Aug 14 20:31:02.812364 n kernel: hci0: 
Aug 14 20:31:02.812377 n kernel: hci0: entry 000000007b37d31c
Aug 14 20:31:02.812391 n kernel: hci0: ADV monitoring is off
Aug 14 20:31:02.812403 n kernel: hci0: stopping background scanning
Aug 14 20:31:02.812427 n kernel: hci0: 
Aug 14 20:31:02.812439 n kernel: hci0: entry 00000000a4b5928b
Aug 14 20:31:02.812451 n kernel: hci0: Opcode 0x0c3a
Aug 14 20:31:02.812463 n kernel: hci0: opcode 0x0c3a plen 4
Aug 14 20:31:02.812476 n kernel: hci0: skb len 7
Aug 14 20:31:02.812488 n kernel: hci0: length 1
Aug 14 20:31:02.812499 n kernel: hci0 cmd_cnt 1 cmd queued 1
Aug 14 20:31:02.812511 n kernel: hci0: skb 000000006f703366
Aug 14 20:31:02.814366 n kernel: hci0: result 0x00
Aug 14 20:31:02.814377 n kernel: hci0: end: err 0
Aug 14 20:31:02.814387 n kernel: hci0: Opcode 0x0c1a
Aug 14 20:31:02.814397 n kernel: hci0: opcode 0x0c1a plen 1
Aug 14 20:31:02.814406 n kernel: hci0: skb len 4
Aug 14 20:31:02.814415 n kernel: hci0: length 1
Aug 14 20:31:02.814424 n kernel: hci0 cmd_cnt 1 cmd queued 1
Aug 14 20:31:02.814432 n kernel: hci0: skb 00000000a1b9fb9a
Aug 14 20:31:02.817366 n kernel: hci0: result 0x00
Aug 14 20:31:02.817377 n kernel: hci0: end: err 0
Aug 14 20:31:02.817387 n kernel: hci0: 
Aug 14 20:31:02.817409 n kernel: hci0: state 0 -> 1
Aug 14 20:31:02.817428 n kernel: hci0: 
Aug 14 20:31:02.817439 n kernel: hci0: entry 0000000035f81706
Aug 14 20:31:02.817450 n kernel: hci0: type 7
Aug 14 20:31:02.817461 n kernel: hci0: 
Aug 14 20:31:02.817471 n kernel: hci0: cancelling interleave scan
Aug 14 20:31:02.817481 n kernel: hci0: Opcode 0x2005
Aug 14 20:31:02.817491 n kernel: hci0: opcode 0x2005 plen 6
Aug 14 20:31:02.817502 n kernel: hci0: skb len 9
Aug 14 20:31:02.817512 n kernel: hci0: length 1
Aug 14 20:31:02.817522 n kernel: hci0 cmd_cnt 1 cmd queued 1
Aug 14 20:31:02.817533 n kernel: hci0: skb 00000000804646ab
Aug 14 20:31:02.820370 n kernel: hci0: result 0x00
Aug 14 20:31:02.820385 n kernel: hci0: end: err 0
Aug 14 20:31:02.820399 n kernel: hci0: Opcode 0x200b
Aug 14 20:31:02.820413 n kernel: hci0: opcode 0x200b plen 7
Aug 14 20:31:02.820428 n kernel: hci0: skb len 10
Aug 14 20:31:02.820442 n kernel: hci0: length 1
Aug 14 20:31:02.820456 n kernel: hci0 cmd_cnt 1 cmd queued 1
Aug 14 20:31:02.820469 n kernel: hci0: skb 000000009b8afca2
Aug 14 20:31:02.822408 n kernel: Bluetooth: hci0: unexpected event for opcode 0x2005
Aug 14 20:31:02.824354 n kernel: hci0: result 0x00
Aug 14 20:31:02.824362 n kernel: hci0: end: err 0
Aug 14 20:31:02.824370 n kernel: hci0: Opcode 0x200c
Aug 14 20:31:02.824378 n kernel: hci0: opcode 0x200c plen 2
Aug 14 20:31:02.824386 n kernel: hci0: skb len 5
Aug 14 20:31:02.824394 n kernel: hci0: length 1
Aug 14 20:31:02.824401 n kernel: hci0 cmd_cnt 1 cmd queued 1
Aug 14 20:31:02.824409 n kernel: hci0: skb 000000005fdf459f
Aug 14 20:31:02.827342 n kernel: hci0: state 1 -> 2
Aug 14 20:31:02.827369 n kernel: hci0: result 0x00
Aug 14 20:31:02.827379 n kernel: hci0: end: err 0
Aug 14 20:31:02.827389 n kernel: hci0: timeout 5120 ms
Aug 14 20:31:07.964417 n kernel: hci0: dst AA:BB:CC:00:00:01
Aug 14 20:31:07.964442 n kernel: hci0: dst AA:BB:CC:00:00:01 handle 0x0f00
Aug 14 20:31:07.964455 n kernel: hci0 evt 1
Aug 14 20:31:07.964475 n kernel: hci0 hcon 00000000b452de72
Aug 14 20:31:07.964501 n kernel: hci0: 
Aug 14 20:31:07.964518 n kernel: hci0: entry 000000002d354319
Aug 14 20:31:07.964556 n kernel: hci0: Opcode 0x0405
Aug 14 20:31:07.964577 n kernel: hci0: opcode 0x0405 plen 13
Aug 14 20:31:07.964591 n kernel: hci0: skb len 16
Aug 14 20:31:07.964603 n kernel: hci0: length 1
Aug 14 20:31:07.964618 n kernel: hci0 cmd_cnt 1 cmd queued 1
Aug 14 20:31:07.964637 n kernel: hci0: skb 000000005026799c
Aug 14 20:31:09.218499 n kernel: hci0: hcon 00000000b452de72 handle 0x0002
Aug 14 20:31:09.218547 n kernel: hci0 opcode 0x041b plen 2
Aug 14 20:31:09.218573 n kernel: hci0: skb len 5
Aug 14 20:31:09.218605 n kernel: hci0: result 0x00
Aug 14 20:31:09.218632 n kernel: hci0 cmd_cnt 1 cmd queued 1
Aug 14 20:31:09.218659 n kernel: hci0: skb 000000005103b9e0
Aug 14 20:31:09.218691 n kernel: hci0: end: err 0
Aug 14 20:31:09.218710 n kernel: hci0: entry 000000004bed1ac6
Aug 14 20:31:09.218736 n kernel: hci0: 
Aug 14 20:31:09.218756 n kernel: hci0: 
Aug 14 20:31:09.218772 n kernel: hci0: entry 00000000a4b5928b
Aug 14 20:31:09.218794 n kernel: hci0: Opcode 0x200c
Aug 14 20:31:09.218827 n kernel: hci0: opcode 0x200c plen 2
Aug 14 20:31:09.218843 n kernel: hci0: skb len 5
Aug 14 20:31:09.218862 n kernel: hci0: length 1
Aug 14 20:31:09.218878 n kernel: hci0 cmd_cnt 0 cmd queued 1
Aug 14 20:31:09.228358 n kernel: hci0 cmd_cnt 1 cmd queued 1
Aug 14 20:31:09.228442 n kernel: hci0: skb 000000003a37fc14
Aug 14 20:31:09.231418 n kernel: hci0: result 0x00
Aug 14 20:31:09.231439 n kernel: hci0: 
Aug 14 20:31:09.231459 n kernel: hci0: end: err 0
Aug 14 20:31:09.231477 n kernel: hci0: entry 00000000dd40ea91
Aug 14 20:31:09.231503 n kernel: hci0: 
Aug 14 20:31:09.231521 n kernel: hci0: Opcode 0x0401
Aug 14 20:31:09.231543 n kernel: hci0: opcode 0x0401 plen 5
Aug 14 20:31:09.231561 n kernel: hci0: skb len 8
Aug 14 20:31:09.231576 n kernel: hci0: length 1
Aug 14 20:31:09.231590 n kernel: hci0 cmd_cnt 1 cmd queued 1
Aug 14 20:31:09.231608 n kernel: hci0: skb 00000000e9b0cc17
Aug 14 20:31:09.235372 n kernel: hci0: result 0x00
Aug 14 20:31:09.235406 n kernel: hci0: end: err 0
Aug 14 20:31:09.235429 n kernel: hci0: entry 00000000fdcfe07f
Aug 14 20:31:09.235463 n kernel: hci0: 
Aug 14 20:31:09.235487 n kernel: hci0: 
Aug 14 20:31:09.359406 n kernel: hci0 opcode 0x041c plen 3
Aug 14 20:31:09.359550 n kernel: hci0: skb len 6
Aug 14 20:31:09.359579 n kernel: hci0 cmd_cnt 1 cmd queued 1
Aug 14 20:31:09.359603 n kernel: hci0: skb 000000000002e1e4
Aug 14 20:31:09.558537 n kernel: hci0 opcode 0x0419 plen 10
Aug 14 20:31:09.558558 n kernel: hci0: skb len 13
Aug 14 20:31:09.558582 n kernel: hci0 cmd_cnt 1 cmd queued 1
Aug 14 20:31:09.558602 n kernel: hci0: skb 00000000576b3273
Aug 14 20:31:10.459633 n kernel: hci0 opcode 0x0411 plen 2
Aug 14 20:31:10.459661 n kernel: hci0: skb len 5
Aug 14 20:31:10.459696 n kernel: hci0 cmd_cnt 1 cmd queued 1
Aug 14 20:31:10.459723 n kernel: hci0: skb 0000000016dcbcf1
Aug 14 20:31:10.464383 n kernel: hci0 opcode 0x040b plen 22
Aug 14 20:31:10.464468 n kernel: hci0: skb len 25
Aug 14 20:31:10.464489 n kernel: hci0 cmd_cnt 1 cmd queued 1
Aug 14 20:31:10.464520 n kernel: hci0: skb 00000000ad000b86
Aug 14 20:31:10.657428 n kernel: hci0 opcode 0x0413 plen 3
Aug 14 20:31:10.657579 n kernel: hci0: skb len 6
Aug 14 20:31:10.657616 n kernel: hci0 cmd_cnt 1 cmd queued 1
Aug 14 20:31:10.657657 n kernel: hci0: skb 0000000002a697e4
Aug 14 20:31:11.057460 n kernel: hci0 opcode 0x1408 plen 2
Aug 14 20:31:11.057494 n kernel: hci0: skb len 5
Aug 14 20:31:11.057510 n kernel: hci0 cmd_cnt 1 cmd queued 1
Aug 14 20:31:11.057525 n kernel: hci0: skb 0000000002a697e4
Aug 14 20:31:14.361399 n kernel: hci0: state 2 -> 0
Aug 14 20:31:14.361453 n kernel: hci0: 
Aug 14 20:31:14.361475 n kernel: hci0: entry 000000009679f179
Aug 14 20:31:14.361518 n kernel: hci0: ADV monitoring is off
Aug 14 20:31:14.361543 n kernel: hci0: stopping background scanning
Aug 14 20:31:17.098380 n kernel: 00000000babfecdf name hci0 blocked 1
Aug 14 20:31:17.098483 n kernel: hci0 00000000babfecdf
Aug 14 20:31:17.098499 n kernel: hci0: Opcode 0x0c1a
Aug 14 20:31:17.098517 n kernel: hci0: opcode 0x0c1a plen 1
Aug 14 20:31:17.098526 n kernel: hci0: skb len 4
Aug 14 20:31:17.098541 n kernel: hci0: length 1
Aug 14 20:31:17.098551 n kernel: hci0 cmd_cnt 1 cmd queued 1
Aug 14 20:31:17.098565 n kernel: hci0: skb 000000006f703366
Aug 14 20:31:17.100982 n kernel: hci0: result 0x00
Aug 14 20:31:17.101003 n kernel: hci0: end: err 0
Aug 14 20:31:17.101014 n kernel: hci0: state 0
Aug 14 20:31:17.101038 n kernel: hci0: Opcode 0x0406
Aug 14 20:31:17.101054 n kernel: hci0: opcode 0x0406 plen 3
Aug 14 20:31:17.101076 n kernel: hci0: skb len 6
Aug 14 20:31:17.101093 n kernel: hci0: length 1
Aug 14 20:31:17.101109 n kernel: hci0 cmd_cnt 1 cmd queued 1
Aug 14 20:31:17.101122 n kernel: hci0: skb 00000000a464c4b0
Aug 14 20:31:17.104433 n kernel: hci0: result 0x00
Aug 14 20:31:17.104459 n kernel: hci0: end: err 0
Aug 14 20:31:17.104483 n kernel: hci0: status 0x15
Aug 14 20:31:17.104504 n kernel: hci0 hcon 00000000b452de72 chan 00000000980ceb44
Aug 14 20:31:17.104557 n kernel: hci0: handle 0x02 reason 0x13
Aug 14 20:31:17.104583 n kernel: hci0: 
Aug 14 20:31:17.104607 n kernel: hci0: entry 0000000046910bc8
Aug 14 20:31:17.113351 n kernel: hci0 hcon 00000000b452de72 handle 2
Aug 14 20:31:17.113388 n kernel: hci0: hcon 00000000b452de72
Aug 14 20:31:17.129389 n kernel: hci0 evt 2
Aug 14 20:31:17.129435 n kernel: hci0: 
Aug 14 20:31:17.142343 n kernel: hci0: err 0x13
Aug 14 20:31:17.142368 n kernel: hci0: cancelling interleave scan
Aug 14 20:31:17.142384 n kernel: hdev hci0
Aug 14 20:31:17.142397 n kernel: hci0
Aug 14 20:31:17.142408 n kernel: hci0
Aug 14 20:31:17.764371 n kernel: 00000000babfecdf name hci0 blocked 0
Aug 14 20:31:17.764401 n kernel: hci0: 
Aug 14 20:31:17.764418 n kernel: hci0: entry 000000000d4db310
Aug 14 20:31:17.764428 n kernel: hci0: 
Aug 14 20:31:17.764440 n kernel: hci0
Aug 14 20:31:17.764451 n kernel: hci0
Aug 14 20:31:17.764464 n kernel: hci0
Aug 14 20:31:17.764472 n kernel: hci0
Aug 14 20:31:17.764479 n kernel: hci0: 
Aug 14 20:31:17.764494 n kernel: hci0: 
Aug 14 20:31:17.764505 n kernel: hci0: Opcode 0x0c03
Aug 14 20:31:17.764515 n kernel: hci0: opcode 0x0c03 plen 0
Aug 14 20:31:17.764527 n kernel: hci0: skb len 3
Aug 14 20:31:17.764546 n kernel: hci0: length 1
Aug 14 20:31:17.764553 n kernel: hci0 cmd_cnt 1 cmd queued 1
Aug 14 20:31:17.764563 n kernel: hci0: skb 00000000a464c4b0
Aug 14 20:31:17.820441 n kernel: hci0: result 0x00
Aug 14 20:31:17.820477 n kernel: hci0: end: err 0
Aug 14 20:31:17.820490 n kernel: hci0: Opcode 0x1003
Aug 14 20:31:17.820500 n kernel: hci0: opcode 0x1003 plen 0
Aug 14 20:31:17.820520 n kernel: hci0: skb len 3
Aug 14 20:31:17.820537 n kernel: hci0: length 1
Aug 14 20:31:17.820562 n kernel: hci0 cmd_cnt 1 cmd queued 1
Aug 14 20:31:17.820582 n kernel: hci0: skb 00000000b356d473
Aug 14 20:31:17.823514 n kernel: hci0: result 0x00
Aug 14 20:31:17.823560 n kernel: hci0: end: err 0
Aug 14 20:31:17.823596 n kernel: hci0: Opcode 0x1001
Aug 14 20:31:17.823631 n kernel: hci0: opcode 0x1001 plen 0
Aug 14 20:31:17.823663 n kernel: hci0: skb len 3
Aug 14 20:31:17.823675 n kernel: hci0: length 1
Aug 14 20:31:17.823697 n kernel: hci0 cmd_cnt 1 cmd queued 1
Aug 14 20:31:17.823719 n kernel: hci0: skb 00000000325a03ac
Aug 14 20:31:17.826454 n kernel: hci0: result 0x00
Aug 14 20:31:17.826475 n kernel: hci0: end: err 0
Aug 14 20:31:17.826488 n kernel: hci0: Opcode 0x1009
Aug 14 20:31:17.826506 n kernel: hci0: opcode 0x1009 plen 0
Aug 14 20:31:17.826518 n kernel: hci0: skb len 3
Aug 14 20:31:17.826534 n kernel: hci0: length 1
Aug 14 20:31:17.826553 n kernel: hci0 cmd_cnt 1 cmd queued 1
Aug 14 20:31:17.826576 n kernel: hci0: skb 000000005026799c
Aug 14 20:31:17.829444 n kernel: hci0: result 0x00
Aug 14 20:31:17.829462 n kernel: hci0: end: err 0
Aug 14 20:31:17.829470 n kernel: hci0: 
Aug 14 20:31:17.829485 n kernel: hci0: Opcode 0x1002
Aug 14 20:31:17.829499 n kernel: hci0: opcode 0x1002 plen 0
Aug 14 20:31:17.829512 n kernel: hci0: skb len 3
Aug 14 20:31:17.829522 n kernel: hci0: length 1
Aug 14 20:31:17.829539 n kernel: hci0 cmd_cnt 1 cmd queued 1
Aug 14 20:31:17.829552 n kernel: hci0: skb 00000000d817a9ba
Aug 14 20:31:17.836511 n kernel: hci0: result 0x00
Aug 14 20:31:17.836534 n kernel: hci0: end: err 0
Aug 14 20:31:17.836569 n kernel: hci0: Opcode 0x0c56
Aug 14 20:31:17.836600 n kernel: hci0: opcode 0x0c56 plen 1
Aug 14 20:31:17.836638 n kernel: hci0: skb len 4
Aug 14 20:31:17.836660 n kernel: hci0: length 1
Aug 14 20:31:17.836691 n kernel: hci0 cmd_cnt 1 cmd queued 1
Aug 14 20:31:17.836716 n kernel: hci0: skb 00000000982b79b7
Aug 14 20:31:17.839519 n kernel: hci0: result 0x00
Aug 14 20:31:17.839551 n kernel: hci0: end: err 0
Aug 14 20:31:17.839567 n kernel: hci0: Opcode 0x0c45
Aug 14 20:31:17.839577 n kernel: hci0: opcode 0x0c45 plen 1
Aug 14 20:31:17.839587 n kernel: hci0: skb len 4
Aug 14 20:31:17.839598 n kernel: hci0: length 1
Aug 14 20:31:17.839609 n kernel: hci0 cmd_cnt 1 cmd queued 1
Aug 14 20:31:17.839622 n kernel: hci0: skb 000000007ce60732
Aug 14 20:31:17.842516 n kernel: hci0: result 0x00
Aug 14 20:31:17.842545 n kernel: hci0: end: err 0
Aug 14 20:31:17.842564 n kernel: hci0: Opcode 0x0c58
Aug 14 20:31:17.842588 n kernel: hci0: opcode 0x0c58 plen 0
Aug 14 20:31:17.842602 n kernel: hci0: skb len 3
Aug 14 20:31:17.842616 n kernel: hci0: length 1
Aug 14 20:31:17.842629 n kernel: hci0 cmd_cnt 1 cmd queued 1
Aug 14 20:31:17.842647 n kernel: hci0: skb 00000000ec19f610
Aug 14 20:31:17.845464 n kernel: hci0: result 0x00
Aug 14 20:31:17.845496 n kernel: hci0: end: err 0
Aug 14 20:31:17.845515 n kernel: hci0: Opcode 0x1004
Aug 14 20:31:17.845531 n kernel: hci0: opcode 0x1004 plen 1
Aug 14 20:31:17.845545 n kernel: hci0: skb len 4
Aug 14 20:31:17.845567 n kernel: hci0: length 1
Aug 14 20:31:17.845583 n kernel: hci0 cmd_cnt 1 cmd queued 1
Aug 14 20:31:17.845600 n kernel: hci0: skb 00000000e4d795d8
Aug 14 20:31:17.849487 n kernel: hci0: result 0x00
Aug 14 20:31:17.849504 n kernel: hci0: end: err 0
Aug 14 20:31:17.849537 n kernel: hci0: Opcode 0x1005
Aug 14 20:31:17.849555 n kernel: hci0: opcode 0x1005 plen 0
Aug 14 20:31:17.849567 n kernel: hci0: skb len 3
Aug 14 20:31:17.849575 n kernel: hci0: length 1
Aug 14 20:31:17.849584 n kernel: hci0 cmd_cnt 1 cmd queued 1
Aug 14 20:31:17.849603 n kernel: hci0: skb 00000000f6dd1d43
Aug 14 20:31:17.852535 n kernel: hci0: result 0x00
Aug 14 20:31:17.852566 n kernel: hci0: end: err 0
Aug 14 20:31:17.852582 n kernel: hci0: Opcode 0x0c23
Aug 14 20:31:17.852607 n kernel: hci0: opcode 0x0c23 plen 0
Aug 14 20:31:17.852638 n kernel: hci0: skb len 3
Aug 14 20:31:17.852669 n kernel: hci0: length 1
Aug 14 20:31:17.852695 n kernel: hci0 cmd_cnt 1 cmd queued 1
Aug 14 20:31:17.852713 n kernel: hci0: skb 0000000054ae48e4
Aug 14 20:31:17.855499 n kernel: hci0: result 0x00
Aug 14 20:31:17.855531 n kernel: hci0: end: err 0
Aug 14 20:31:17.855549 n kernel: hci0: Opcode 0x0c14
Aug 14 20:31:17.855572 n kernel: hci0: opcode 0x0c14 plen 0
Aug 14 20:31:17.855595 n kernel: hci0: skb len 3
Aug 14 20:31:17.855629 n kernel: hci0: length 1
Aug 14 20:31:17.855664 n kernel: hci0 cmd_cnt 1 cmd queued 1
Aug 14 20:31:17.855680 n kernel: hci0: skb 00000000dde08a80
Aug 14 20:31:17.873518 n kernel: hci0: result 0x00
Aug 14 20:31:17.873565 n kernel: hci0: end: err 0
Aug 14 20:31:17.873589 n kernel: hci0: Opcode 0x0c25
Aug 14 20:31:17.873602 n kernel: hci0: opcode 0x0c25 plen 0
Aug 14 20:31:17.873618 n kernel: hci0: skb len 3
Aug 14 20:31:17.873631 n kernel: hci0: length 1
Aug 14 20:31:17.873649 n kernel: hci0 cmd_cnt 1 cmd queued 1
Aug 14 20:31:17.873663 n kernel: hci0: skb 0000000048b5ec4e
Aug 14 20:31:17.876490 n kernel: hci0: result 0x00
Aug 14 20:31:17.876513 n kernel: hci0: end: err 0
Aug 14 20:31:17.876524 n kernel: hci0: Opcode 0x0c38
Aug 14 20:31:17.876542 n kernel: hci0: opcode 0x0c38 plen 0
Aug 14 20:31:17.876553 n kernel: hci0: skb len 3
Aug 14 20:31:17.876568 n kernel: hci0: length 1
Aug 14 20:31:17.876583 n kernel: hci0 cmd_cnt 1 cmd queued 1
Aug 14 20:31:17.876592 n kernel: hci0: skb 000000005eaa013f
Aug 14 20:31:17.879445 n kernel: hci0: result 0x00
Aug 14 20:31:17.879455 n kernel: hci0: end: err 0
Aug 14 20:31:17.879465 n kernel: hci0: Opcode 0x0c39
Aug 14 20:31:17.879477 n kernel: hci0: opcode 0x0c39 plen 0
Aug 14 20:31:17.879485 n kernel: hci0: skb len 3
Aug 14 20:31:17.879493 n kernel: hci0: length 1
Aug 14 20:31:17.879506 n kernel: hci0 cmd_cnt 1 cmd queued 1
Aug 14 20:31:17.879514 n kernel: hci0: skb 00000000df88d9c6
Aug 14 20:31:17.882444 n kernel: hci0: result 0x00
Aug 14 20:31:17.882468 n kernel: hci0: end: err 0
Aug 14 20:31:17.882478 n kernel: hci0: Opcode 0x0c16
Aug 14 20:31:17.882487 n kernel: hci0: opcode 0x0c16 plen 2
Aug 14 20:31:17.882502 n kernel: hci0: skb len 5
Aug 14 20:31:17.882511 n kernel: hci0: length 1
Aug 14 20:31:17.882533 n kernel: hci0 cmd_cnt 1 cmd queued 1
Aug 14 20:31:17.882548 n kernel: hci0: skb 00000000d989588a
Aug 14 20:31:17.885537 n kernel: hci0: result 0x00
Aug 14 20:31:17.885559 n kernel: hci0: end: err 0
Aug 14 20:31:17.885582 n kernel: hci0: Opcode 0x2003
Aug 14 20:31:17.885598 n kernel: hci0: opcode 0x2003 plen 0
Aug 14 20:31:17.885613 n kernel: hci0: skb len 3
Aug 14 20:31:17.885636 n kernel: hci0: length 1
Aug 14 20:31:17.885654 n kernel: hci0 cmd_cnt 1 cmd queued 1
Aug 14 20:31:17.885665 n kernel: hci0: skb 00000000176f6806
Aug 14 20:31:17.888513 n kernel: hci0: result 0x00
Aug 14 20:31:17.888546 n kernel: hci0: end: err 0
Aug 14 20:31:17.888563 n kernel: hci0: Opcode 0x2002
Aug 14 20:31:17.888582 n kernel: hci0: opcode 0x2002 plen 0
Aug 14 20:31:17.888590 n kernel: hci0: skb len 3
Aug 14 20:31:17.888609 n kernel: hci0: length 1
Aug 14 20:31:17.888618 n kernel: hci0 cmd_cnt 1 cmd queued 1
Aug 14 20:31:17.888627 n kernel: hci0: skb 00000000d776f406
Aug 14 20:31:17.891534 n kernel: hci0: result 0x00
Aug 14 20:31:17.891567 n kernel: hci0: end: err 0
Aug 14 20:31:17.891602 n kernel: hci0: Opcode 0x201c
Aug 14 20:31:17.891639 n kernel: hci0: opcode 0x201c plen 0
Aug 14 20:31:17.891660 n kernel: hci0: skb len 3
Aug 14 20:31:17.891681 n kernel: hci0: length 1
Aug 14 20:31:17.891701 n kernel: hci0 cmd_cnt 1 cmd queued 1
Aug 14 20:31:17.891720 n kernel: hci0: skb 0000000002cde84d
Aug 14 20:31:17.894583 n kernel: hci0: result 0x00
Aug 14 20:31:17.894640 n kernel: hci0: end: err 0
Aug 14 20:31:17.894662 n kernel: hci0: 
Aug 14 20:31:17.894702 n kernel: hci0: Opcode 0x0c01
Aug 14 20:31:17.894737 n kernel: hci0: opcode 0x0c01 plen 8
Aug 14 20:31:17.894751 n kernel: hci0: skb len 11
Aug 14 20:31:17.894772 n kernel: hci0: length 1
Aug 14 20:31:17.894786 n kernel: hci0 cmd_cnt 1 cmd queued 1
Aug 14 20:31:17.894802 n kernel: hci0: skb 00000000982b79b7
Aug 14 20:31:17.897363 n kernel: hci0: result 0x00
Aug 14 20:31:17.897387 n kernel: hci0: end: err 0
Aug 14 20:31:17.897397 n kernel: hci0: Opcode 0x0c0d
Aug 14 20:31:17.897404 n kernel: hci0: opcode 0x0c0d plen 7
Aug 14 20:31:17.897419 n kernel: hci0: skb len 10
Aug 14 20:31:17.897431 n kernel: hci0: length 1
Aug 14 20:31:17.897437 n kernel: hci0 cmd_cnt 1 cmd queued 1
Aug 14 20:31:17.897449 n kernel: hci0: skb 00000000d817a9ba
Aug 14 20:31:17.900554 n kernel: hci0: result 0x00
Aug 14 20:31:17.900575 n kernel: hci0: end: err 0
Aug 14 20:31:17.900592 n kernel: hci0: Opcode 0x080f
Aug 14 20:31:17.900617 n kernel: hci0: opcode 0x080f plen 2
Aug 14 20:31:17.900638 n kernel: hci0: skb len 5
Aug 14 20:31:17.900651 n kernel: hci0: length 1
Aug 14 20:31:17.900661 n kernel: hci0 cmd_cnt 1 cmd queued 1
Aug 14 20:31:17.900675 n kernel: hci0: skb 000000005026799c
Aug 14 20:31:17.903527 n kernel: hci0: result 0x00
Aug 14 20:31:17.903560 n kernel: hci0: end: err 0
Aug 14 20:31:17.903587 n kernel: hci0: Opcode 0x0c1b
Aug 14 20:31:17.903605 n kernel: hci0: opcode 0x0c1b plen 0
Aug 14 20:31:17.903626 n kernel: hci0: skb len 3
Aug 14 20:31:17.903660 n kernel: hci0: length 1
Aug 14 20:31:17.903679 n kernel: hci0 cmd_cnt 1 cmd queued 1
Aug 14 20:31:17.903699 n kernel: hci0: skb 00000000325a03ac
Aug 14 20:31:17.906467 n kernel: hci0: result 0x00
Aug 14 20:31:17.906487 n kernel: hci0: end: err 0
Aug 14 20:31:17.906495 n kernel: hci0: Opcode 0x0c46
Aug 14 20:31:17.906507 n kernel: hci0: opcode 0x0c46 plen 0
Aug 14 20:31:17.906516 n kernel: hci0: skb len 3
Aug 14 20:31:17.906538 n kernel: hci0: length 1
Aug 14 20:31:17.906557 n kernel: hci0 cmd_cnt 1 cmd queued 1
Aug 14 20:31:17.906565 n kernel: hci0: skb 00000000b356d473
Aug 14 20:31:17.909461 n kernel: hci0: result 0x00
Aug 14 20:31:17.909482 n kernel: hci0: end: err 0
Aug 14 20:31:17.909491 n kernel: hci0: Opcode 0x1004
Aug 14 20:31:17.909508 n kernel: hci0: opcode 0x1004 plen 1
Aug 14 20:31:17.909517 n kernel: hci0: skb len 4
Aug 14 20:31:17.909535 n kernel: hci0: length 1
Aug 14 20:31:17.909546 n kernel: hci0 cmd_cnt 1 cmd queued 1
Aug 14 20:31:17.909560 n kernel: hci0: skb 00000000a464c4b0
Aug 14 20:31:17.913504 n kernel: hci0: result 0x00
Aug 14 20:31:17.913541 n kernel: hci0: end: err 0
Aug 14 20:31:17.913558 n kernel: hci0: Opcode 0x2001
Aug 14 20:31:17.913593 n kernel: hci0: opcode 0x2001 plen 8
Aug 14 20:31:17.913608 n kernel: hci0: skb len 11
Aug 14 20:31:17.913622 n kernel: hci0: length 1
Aug 14 20:31:17.913637 n kernel: hci0 cmd_cnt 1 cmd queued 1
Aug 14 20:31:17.913646 n kernel: hci0: skb 00000000ee90f2b9
Aug 14 20:31:17.916437 n kernel: hci0: result 0x00
Aug 14 20:31:17.916457 n kernel: hci0: end: err 0
Aug 14 20:31:17.916480 n kernel: hci0: Opcode 0x2007
Aug 14 20:31:17.916497 n kernel: hci0: opcode 0x2007 plen 0
Aug 14 20:31:17.916510 n kernel: hci0: skb len 3
Aug 14 20:31:17.916521 n kernel: hci0: length 1
Aug 14 20:31:17.916528 n kernel: hci0 cmd_cnt 1 cmd queued 1
Aug 14 20:31:17.916538 n kernel: hci0: skb 000000003c61501f
Aug 14 20:31:17.919465 n kernel: hci0: result 0x00
Aug 14 20:31:17.919492 n kernel: hci0: end: err 0
Aug 14 20:31:17.919503 n kernel: hci0: Opcode 0x200f
Aug 14 20:31:17.919514 n kernel: hci0: opcode 0x200f plen 0
Aug 14 20:31:17.919535 n kernel: hci0: skb len 3
Aug 14 20:31:17.919546 n kernel: hci0: length 1
Aug 14 20:31:17.919562 n kernel: hci0 cmd_cnt 1 cmd queued 1
Aug 14 20:31:17.919578 n kernel: hci0: skb 00000000529bfacc
Aug 14 20:31:17.922457 n kernel: hci0: result 0x00
Aug 14 20:31:17.922482 n kernel: hci0: end: err 0
Aug 14 20:31:17.922495 n kernel: hci0: Opcode 0x2010
Aug 14 20:31:17.922508 n kernel: hci0: opcode 0x2010 plen 0
Aug 14 20:31:17.922521 n kernel: hci0: skb len 3
Aug 14 20:31:17.922532 n kernel: hci0: length 1
Aug 14 20:31:17.922542 n kernel: hci0 cmd_cnt 1 cmd queued 1
Aug 14 20:31:17.922554 n kernel: hci0: skb 000000004aee562a
Aug 14 20:31:17.925504 n kernel: hci0: result 0x00
Aug 14 20:31:17.925524 n kernel: hci0: end: err 0
Aug 14 20:31:17.925584 n kernel: hci0: Opcode 0x202a
Aug 14 20:31:17.925615 n kernel: hci0: opcode 0x202a plen 0
Aug 14 20:31:17.925633 n kernel: hci0: skb len 3
Aug 14 20:31:17.925671 n kernel: hci0: length 1
Aug 14 20:31:17.925688 n kernel: hci0 cmd_cnt 1 cmd queued 1
Aug 14 20:31:17.925706 n kernel: hci0: skb 000000009a6a0d9a
Aug 14 20:31:17.928463 n kernel: hci0: result 0x00
Aug 14 20:31:17.928492 n kernel: hci0: end: err 0
Aug 14 20:31:17.928502 n kernel: hci0: Opcode 0x2029
Aug 14 20:31:17.928519 n kernel: hci0: opcode 0x2029 plen 0
Aug 14 20:31:17.928534 n kernel: hci0: skb len 3
Aug 14 20:31:17.928544 n kernel: hci0: length 1
Aug 14 20:31:17.928555 n kernel: hci0 cmd_cnt 1 cmd queued 1
Aug 14 20:31:17.928566 n kernel: hci0: skb 00000000dbffa8b6
Aug 14 20:31:17.931402 n kernel: hci0: result 0x00
Aug 14 20:31:17.931422 n kernel: hci0: end: err 0
Aug 14 20:31:17.931435 n kernel: hci0: Opcode 0x202e
Aug 14 20:31:17.931444 n kernel: hci0: opcode 0x202e plen 2
Aug 14 20:31:17.931455 n kernel: hci0: skb len 5
Aug 14 20:31:17.931472 n kernel: hci0: length 1
Aug 14 20:31:17.931481 n kernel: hci0 cmd_cnt 1 cmd queued 1
Aug 14 20:31:17.931492 n kernel: hci0: skb 000000008747cbfc
Aug 14 20:31:17.934357 n kernel: hci0: result 0x00
Aug 14 20:31:17.934368 n kernel: hci0: end: err 0
Aug 14 20:31:17.934401 n kernel: hci0: Opcode 0x0c6d
Aug 14 20:31:17.934421 n kernel: hci0: opcode 0x0c6d plen 2
Aug 14 20:31:17.934453 n kernel: hci0: skb len 5
Aug 14 20:31:17.934466 n kernel: hci0: length 1
Aug 14 20:31:17.934479 n kernel: hci0 cmd_cnt 1 cmd queued 1
Aug 14 20:31:17.934510 n kernel: hci0: skb 00000000e4e6e90f
Aug 14 20:31:17.937396 n kernel: hci0: result 0x00
Aug 14 20:31:17.937416 n kernel: hci0: end: err 0
Aug 14 20:31:17.937432 n kernel: hci0: 
Aug 14 20:31:17.937453 n kernel: hci0: Opcode 0x0c12
Aug 14 20:31:17.937483 n kernel: hci0: opcode 0x0c12 plen 7
Aug 14 20:31:17.937506 n kernel: hci0: skb len 10
Aug 14 20:31:17.937529 n kernel: hci0: length 1
Aug 14 20:31:17.937565 n kernel: hci0 cmd_cnt 1 cmd queued 1
Aug 14 20:31:17.937574 n kernel: hci0: skb 000000000b06eafc
Aug 14 20:31:17.940381 n kernel: hci0: result 0x00
Aug 14 20:31:17.940401 n kernel: hci0: end: err 0
Aug 14 20:31:17.940415 n kernel: hci0: Opcode 0x0c77
Aug 14 20:31:17.940439 n kernel: hci0: opcode 0x0c77 plen 0
Aug 14 20:31:17.940454 n kernel: hci0: skb len 3
Aug 14 20:31:17.940477 n kernel: hci0: length 1
Aug 14 20:31:17.940493 n kernel: hci0 cmd_cnt 1 cmd queued 1
Aug 14 20:31:17.940505 n kernel: hci0: skb 0000000069b0a4e5
Aug 14 20:31:17.943383 n kernel: hci0: result 0x00
Aug 14 20:31:17.943400 n kernel: hci0: end: err 0
Aug 14 20:31:17.943418 n kernel: hci0: Opcode 0x0c7a
Aug 14 20:31:17.943431 n kernel: hci0: opcode 0x0c7a plen 1
Aug 14 20:31:17.943454 n kernel: hci0: skb len 4
Aug 14 20:31:17.943471 n kernel: hci0: length 1
Aug 14 20:31:17.943484 n kernel: hci0 cmd_cnt 1 cmd queued 1
Aug 14 20:31:17.943496 n kernel: hci0: skb 0000000063085fe0
Aug 14 20:31:17.946391 n kernel: hci0: result 0x00
Aug 14 20:31:17.946413 n kernel: hci0: end: err 0
Aug 14 20:31:17.946430 n kernel: hci0: Opcode 0x0c1a
Aug 14 20:31:17.946447 n kernel: hci0: opcode 0x0c1a plen 1
Aug 14 20:31:17.946460 n kernel: hci0: skb len 4
Aug 14 20:31:17.946477 n kernel: hci0: length 1
Aug 14 20:31:17.946498 n kernel: hci0 cmd_cnt 1 cmd queued 1
Aug 14 20:31:17.946527 n kernel: hci0: skb 00000000740830ba
Aug 14 20:31:17.949393 n kernel: hci0: result 0x00
Aug 14 20:31:17.949415 n kernel: hci0: end: err 0
Aug 14 20:31:17.949433 n kernel: hci0: 
Aug 14 20:31:17.949451 n kernel: hci0: Opcode 0x0c24
Aug 14 20:31:17.949474 n kernel: hci0: opcode 0x0c24 plen 3
Aug 14 20:31:17.949491 n kernel: hci0: skb len 6
Aug 14 20:31:17.949507 n kernel: hci0: length 1
Aug 14 20:31:17.949526 n kernel: hci0 cmd_cnt 1 cmd queued 1
Aug 14 20:31:17.949540 n kernel: hci0: skb 0000000085800c16
Aug 14 20:31:17.952377 n kernel: hci0: result 0x00
Aug 14 20:31:17.952394 n kernel: hci0: end: err 0
Aug 14 20:31:17.952406 n kernel: hci0: Opcode 0x0c13
Aug 14 20:31:17.952427 n kernel: hci0: opcode 0x0c13 plen 248
Aug 14 20:31:17.952440 n kernel: hci0: skb len 251
Aug 14 20:31:17.952456 n kernel: hci0: length 1
Aug 14 20:31:17.952472 n kernel: hci0 cmd_cnt 1 cmd queued 1
Aug 14 20:31:17.952497 n kernel: hci0: skb 00000000aeadb576
Aug 14 20:31:17.955388 n kernel: hci0: result 0x00
Aug 14 20:31:17.955406 n kernel: hci0: end: err 0
Aug 14 20:31:17.955420 n kernel: hci0: 
Aug 14 20:31:17.955439 n kernel: hci0: Opcode 0x0c52
Aug 14 20:31:17.955460 n kernel: hci0: opcode 0x0c52 plen 241
Aug 14 20:31:17.955478 n kernel: hci0: skb len 244
Aug 14 20:31:17.955492 n kernel: hci0: length 1
Aug 14 20:31:17.955522 n kernel: hci0 cmd_cnt 1 cmd queued 1
Aug 14 20:31:17.955540 n kernel: hci0: skb 000000008bdd465f
Aug 14 20:31:17.958402 n kernel: hci0: result 0x00
Aug 14 20:31:17.958425 n kernel: hci0: end: err 0
Aug 14 20:31:17.958445 n kernel: hci0: entry 00000000614ff67b
Aug 14 20:31:17.958474 n kernel: hci0: ADV monitoring is off
Aug 14 20:31:17.958501 n kernel: hci0: stopping background scanning
Aug 14 20:31:17.958526 n kernel: hci0: 
Aug 14 20:31:17.960368 n kernel: hci0: 
Aug 14 20:31:17.960381 n kernel: hci0: entry 000000003dcc9947
Aug 14 20:31:17.960395 n kernel: hci0: ADV monitoring is off
Aug 14 20:31:17.960407 n kernel: hci0: stopping background scanning
Aug 14 20:31:17.960428 n kernel: hci0: 
Aug 14 20:31:17.960439 n kernel: hci0: entry 000000005c037f1c
Aug 14 20:31:17.960455 n kernel: hci0: Opcode 0x0c3a
Aug 14 20:31:17.960467 n kernel: hci0: opcode 0x0c3a plen 4
Aug 14 20:31:17.960475 n kernel: hci0: skb len 7
Aug 14 20:31:17.960487 n kernel: hci0: length 1
Aug 14 20:31:17.960496 n kernel: hci0 cmd_cnt 1 cmd queued 1
Aug 14 20:31:17.960507 n kernel: hci0: skb 0000000004cd8f07
Aug 14 20:31:17.963387 n kernel: hci0: result 0x00
Aug 14 20:31:17.963420 n kernel: hci0: end: err 0
Aug 14 20:31:17.963437 n kernel: hci0: Opcode 0x0c1a
Aug 14 20:31:17.963451 n kernel: hci0: opcode 0x0c1a plen 1
Aug 14 20:31:17.963470 n kernel: hci0: skb len 4
Aug 14 20:31:17.963484 n kernel: hci0: length 1
Aug 14 20:31:17.963502 n kernel: hci0 cmd_cnt 1 cmd queued 1
Aug 14 20:31:17.963521 n kernel: hci0: skb 000000000193f632
Aug 14 20:31:17.966368 n kernel: hci0: result 0x00
Aug 14 20:31:17.966378 n kernel: hci0: end: err 0
Aug 14 20:31:17.966388 n kernel: hci0: 
Aug 14 20:31:17.966412 n kernel: hci0: state 0 -> 1
Aug 14 20:31:17.966431 n kernel: hci0: 
Aug 14 20:31:17.966455 n kernel: hci0: entry 00000000dd98ecc7
Aug 14 20:31:17.966477 n kernel: hci0: type 7
Aug 14 20:31:17.966494 n kernel: hci0: 
Aug 14 20:31:17.966509 n kernel: hci0: cancelling interleave scan
Aug 14 20:31:17.966518 n kernel: hci0: Opcode 0x2005
Aug 14 20:31:17.966532 n kernel: hci0: opcode 0x2005 plen 6
Aug 14 20:31:17.966541 n kernel: hci0: skb len 9
Aug 14 20:31:17.966558 n kernel: hci0: length 1
Aug 14 20:31:17.966567 n kernel: hci0 cmd_cnt 1 cmd queued 1
Aug 14 20:31:17.966575 n kernel: hci0: skb 000000008bdd465f
Aug 14 20:31:17.969366 n kernel: hci0: result 0x00
Aug 14 20:31:17.969384 n kernel: hci0: end: err 0
Aug 14 20:31:17.969407 n kernel: hci0: Opcode 0x200b
Aug 14 20:31:17.969421 n kernel: hci0: opcode 0x200b plen 7
Aug 14 20:31:17.969431 n kernel: hci0: skb len 10
Aug 14 20:31:17.969441 n kernel: hci0: length 1
Aug 14 20:31:17.969455 n kernel: hci0 cmd_cnt 1 cmd queued 1
Aug 14 20:31:17.969465 n kernel: hci0: skb 00000000325f4ed7
Aug 14 20:31:17.971366 n kernel: Bluetooth: hci0: unexpected event for opcode 0x2005
Aug 14 20:31:17.973352 n kernel: hci0: result 0x00
Aug 14 20:31:17.973381 n kernel: hci0: end: err 0
Aug 14 20:31:17.973400 n kernel: hci0: Opcode 0x200c
Aug 14 20:31:17.973416 n kernel: hci0: opcode 0x200c plen 2
Aug 14 20:31:17.973426 n kernel: hci0: skb len 5
Aug 14 20:31:17.973437 n kernel: hci0: length 1
Aug 14 20:31:17.973450 n kernel: hci0 cmd_cnt 1 cmd queued 1
Aug 14 20:31:17.973461 n kernel: hci0: skb 000000002d78c5f5
Aug 14 20:31:17.976349 n kernel: hci0: state 1 -> 2
Aug 14 20:31:17.976405 n kernel: hci0: result 0x00
Aug 14 20:31:17.976418 n kernel: hci0: end: err 0
Aug 14 20:31:17.976439 n kernel: hci0: timeout 5120 ms
Aug 14 20:31:18.614380 n kernel: 00000000babfecdf name hci0 blocked 1
Aug 14 20:31:18.614486 n kernel: hci0 00000000babfecdf
Aug 14 20:31:18.614517 n kernel: hci0: Opcode 0x0c1a
Aug 14 20:31:18.614532 n kernel: hci0: opcode 0x0c1a plen 1
Aug 14 20:31:18.614545 n kernel: hci0: skb len 4
Aug 14 20:31:18.614558 n kernel: hci0: length 1
Aug 14 20:31:18.614570 n kernel: hci0 cmd_cnt 1 cmd queued 1
Aug 14 20:31:18.614595 n kernel: hci0: skb 000000009d58a7d8
Aug 14 20:31:18.617419 n kernel: hci0: result 0x00
Aug 14 20:31:18.617479 n kernel: hci0: end: err 0
Aug 14 20:31:18.617501 n kernel: hci0: state 2
Aug 14 20:31:18.617525 n kernel: hci0: Opcode 0x200c
Aug 14 20:31:18.617544 n kernel: hci0: opcode 0x200c plen 2
Aug 14 20:31:18.617563 n kernel: hci0: skb len 5
Aug 14 20:31:18.617577 n kernel: hci0: length 1
Aug 14 20:31:18.617589 n kernel: hci0 cmd_cnt 1 cmd queued 1
Aug 14 20:31:18.617601 n kernel: hci0: skb 00000000da78a140
Aug 14 20:31:18.620458 n kernel: hci0: result 0x00
Aug 14 20:31:18.620504 n kernel: hci0: 
Aug 14 20:31:18.620531 n kernel: hci0: 
Aug 14 20:31:18.620576 n kernel: hci0: entry 00000000dd98ecc7
Aug 14 20:31:18.620597 n kernel: hci0: end: err 0
Aug 14 20:31:18.620617 n kernel: hci0: 
Aug 14 20:31:18.629359 n kernel: hci0: err 0x13
Aug 14 20:31:18.629398 n kernel: hci0: cancelling interleave scan
Aug 14 20:31:18.629423 n kernel: hci0: state 2 -> 0
Aug 14 20:31:18.629465 n kernel: hdev hci0
Aug 14 20:31:18.629480 n kernel: hci0
Aug 14 20:31:18.629496 n kernel: hci0
Aug 14 20:31:18.629520 n kernel: hci0: 
Aug 14 20:31:18.864566 n kernel: 00000000babfecdf name hci0 blocked 0
Aug 14 20:31:18.864616 n kernel: hci0: 
Aug 14 20:31:18.864626 n kernel: hci0: entry 00000000bc026be7
Aug 14 20:31:18.864648 n kernel: hci0: 
Aug 14 20:31:18.864663 n kernel: hci0
Aug 14 20:31:18.864672 n kernel: hci0
Aug 14 20:31:18.864686 n kernel: hci0
Aug 14 20:31:18.864695 n kernel: hci0
Aug 14 20:31:18.864703 n kernel: hci0: 
Aug 14 20:31:18.864712 n kernel: hci0: 
Aug 14 20:31:18.864721 n kernel: hci0: Opcode 0x0c03
Aug 14 20:31:18.864733 n kernel: hci0: opcode 0x0c03 plen 0
Aug 14 20:31:18.864744 n kernel: hci0: skb len 3
Aug 14 20:31:18.864756 n kernel: hci0: length 1
Aug 14 20:31:18.864765 n kernel: hci0 cmd_cnt 1 cmd queued 1
Aug 14 20:31:18.864786 n kernel: hci0: skb 00000000ec82389e
Aug 14 20:31:18.920471 n kernel: hci0: result 0x00
Aug 14 20:31:18.920482 n kernel: hci0: end: err 0
Aug 14 20:31:18.920497 n kernel: hci0: Opcode 0x1003
Aug 14 20:31:18.920509 n kernel: hci0: opcode 0x1003 plen 0
Aug 14 20:31:18.920521 n kernel: hci0: skb len 3
Aug 14 20:31:18.920540 n kernel: hci0: length 1
Aug 14 20:31:18.920549 n kernel: hci0 cmd_cnt 1 cmd queued 1
Aug 14 20:31:18.920558 n kernel: hci0: skb 0000000041aa87d7
Aug 14 20:31:18.923504 n kernel: hci0: result 0x00
Aug 14 20:31:18.923574 n kernel: hci0: end: err 0
Aug 14 20:31:18.923617 n kernel: hci0: Opcode 0x1001
Aug 14 20:31:18.923650 n kernel: hci0: opcode 0x1001 plen 0
Aug 14 20:31:18.923690 n kernel: hci0: skb len 3
Aug 14 20:31:18.923714 n kernel: hci0: length 1
Aug 14 20:31:18.923729 n kernel: hci0 cmd_cnt 1 cmd queued 1
Aug 14 20:31:18.923750 n kernel: hci0: skb 00000000d3d10640
Aug 14 20:31:18.926465 n kernel: hci0: result 0x00
Aug 14 20:31:18.926490 n kernel: hci0: end: err 0
Aug 14 20:31:18.926506 n kernel: hci0: Opcode 0x1009
Aug 14 20:31:18.926527 n kernel: hci0: opcode 0x1009 plen 0
Aug 14 20:31:18.926548 n kernel: hci0: skb len 3
Aug 14 20:31:18.926563 n kernel: hci0: length 1
Aug 14 20:31:18.926577 n kernel: hci0 cmd_cnt 1 cmd queued 1
Aug 14 20:31:18.926591 n kernel: hci0: skb 0000000035cb29ec
Aug 14 20:31:18.929448 n kernel: hci0: result 0x00
Aug 14 20:31:18.929498 n kernel: hci0: end: err 0
Aug 14 20:31:18.929521 n kernel: hci0: 
Aug 14 20:31:18.929537 n kernel: hci0: Opcode 0x1002
Aug 14 20:31:18.929559 n kernel: hci0: opcode 0x1002 plen 0
Aug 14 20:31:18.929575 n kernel: hci0: skb len 3
Aug 14 20:31:18.929594 n kernel: hci0: length 1
Aug 14 20:31:18.929609 n kernel: hci0 cmd_cnt 1 cmd queued 1
Aug 14 20:31:18.929623 n kernel: hci0: skb 0000000003a3f238
Aug 14 20:31:18.936411 n kernel: hci0: result 0x00
Aug 14 20:31:18.936422 n kernel: hci0: end: err 0
Aug 14 20:31:18.936432 n kernel: hci0: Opcode 0x0c56
Aug 14 20:31:18.936441 n kernel: hci0: opcode 0x0c56 plen 1
Aug 14 20:31:18.936456 n kernel: hci0: skb len 4
Aug 14 20:31:18.936468 n kernel: hci0: length 1
Aug 14 20:31:18.936483 n kernel: hci0 cmd_cnt 1 cmd queued 1
Aug 14 20:31:18.936497 n kernel: hci0: skb 00000000b0446792
Aug 14 20:31:18.939419 n kernel: hci0: result 0x00
Aug 14 20:31:18.939475 n kernel: hci0: end: err 0
Aug 14 20:31:18.939492 n kernel: hci0: Opcode 0x0c45
Aug 14 20:31:18.939508 n kernel: hci0: opcode 0x0c45 plen 1
Aug 14 20:31:18.939524 n kernel: hci0: skb len 4
Aug 14 20:31:18.939551 n kernel: hci0: length 1
Aug 14 20:31:18.939572 n kernel: hci0 cmd_cnt 1 cmd queued 1
Aug 14 20:31:18.939600 n kernel: hci0: skb 000000006c9c4aaf
Aug 14 20:31:18.942445 n kernel: hci0: result 0x00
Aug 14 20:31:18.942480 n kernel: hci0: end: err 0
Aug 14 20:31:18.942503 n kernel: hci0: Opcode 0x0c58
Aug 14 20:31:18.942520 n kernel: hci0: opcode 0x0c58 plen 0
Aug 14 20:31:18.942541 n kernel: hci0: skb len 3
Aug 14 20:31:18.942571 n kernel: hci0: length 1
Aug 14 20:31:18.942594 n kernel: hci0 cmd_cnt 1 cmd queued 1
Aug 14 20:31:18.942610 n kernel: hci0: skb 0000000078aeaf61
Aug 14 20:31:18.945408 n kernel: hci0: result 0x00
Aug 14 20:31:18.945430 n kernel: hci0: end: err 0
Aug 14 20:31:18.945448 n kernel: hci0: Opcode 0x1004
Aug 14 20:31:18.945481 n kernel: hci0: opcode 0x1004 plen 1
Aug 14 20:31:18.945497 n kernel: hci0: skb len 4
Aug 14 20:31:18.945524 n kernel: hci0: length 1
Aug 14 20:31:18.945546 n kernel: hci0 cmd_cnt 1 cmd queued 1
Aug 14 20:31:18.945563 n kernel: hci0: skb 000000007e4bf300
Aug 14 20:31:18.949410 n kernel: hci0: result 0x00
Aug 14 20:31:18.949431 n kernel: hci0: end: err 0
Aug 14 20:31:18.949451 n kernel: hci0: Opcode 0x1005
Aug 14 20:31:18.949467 n kernel: hci0: opcode 0x1005 plen 0
Aug 14 20:31:18.949483 n kernel: hci0: skb len 3
Aug 14 20:31:18.949518 n kernel: hci0: length 1
Aug 14 20:31:18.949563 n kernel: hci0 cmd_cnt 1 cmd queued 1
Aug 14 20:31:18.949584 n kernel: hci0: skb 00000000bca4b4e2
Aug 14 20:31:18.952424 n kernel: hci0: result 0x00
Aug 14 20:31:18.952472 n kernel: hci0: end: err 0
Aug 14 20:31:18.952488 n kernel: hci0: Opcode 0x0c23
Aug 14 20:31:18.952505 n kernel: hci0: opcode 0x0c23 plen 0
Aug 14 20:31:18.952539 n kernel: hci0: skb len 3
Aug 14 20:31:18.952559 n kernel: hci0: length 1
Aug 14 20:31:18.952574 n kernel: hci0 cmd_cnt 1 cmd queued 1
Aug 14 20:31:18.952598 n kernel: hci0: skb 0000000040a3a7fa
Aug 14 20:31:18.955419 n kernel: hci0: result 0x00
Aug 14 20:31:18.955441 n kernel: hci0: end: err 0
Aug 14 20:31:18.955462 n kernel: hci0: Opcode 0x0c14
Aug 14 20:31:18.955478 n kernel: hci0: opcode 0x0c14 plen 0
Aug 14 20:31:18.955494 n kernel: hci0: skb len 3
Aug 14 20:31:18.955532 n kernel: hci0: length 1
Aug 14 20:31:18.955586 n kernel: hci0 cmd_cnt 1 cmd queued 1
Aug 14 20:31:18.955602 n kernel: hci0: skb 00000000243f72a0
Aug 14 20:31:18.973530 n kernel: hci0: result 0x00
Aug 14 20:31:18.973552 n kernel: hci0: end: err 0
Aug 14 20:31:18.973641 n kernel: hci0: Opcode 0x0c25
Aug 14 20:31:18.973664 n kernel: hci0: opcode 0x0c25 plen 0
Aug 14 20:31:18.973689 n kernel: hci0: skb len 3
Aug 14 20:31:18.973706 n kernel: hci0: length 1
Aug 14 20:31:18.973734 n kernel: hci0 cmd_cnt 1 cmd queued 1
Aug 14 20:31:18.973753 n kernel: hci0: skb 0000000083c21035
Aug 14 20:31:18.976500 n kernel: hci0: result 0x00
Aug 14 20:31:18.976530 n kernel: hci0: end: err 0
Aug 14 20:31:18.976550 n kernel: hci0: Opcode 0x0c38
Aug 14 20:31:18.976570 n kernel: hci0: opcode 0x0c38 plen 0
Aug 14 20:31:18.976590 n kernel: hci0: skb len 3
Aug 14 20:31:18.976610 n kernel: hci0: length 1
Aug 14 20:31:18.976632 n kernel: hci0 cmd_cnt 1 cmd queued 1
Aug 14 20:31:18.976653 n kernel: hci0: skb 00000000160f90f7
Aug 14 20:31:18.979510 n kernel: hci0: result 0x00
Aug 14 20:31:18.979562 n kernel: hci0: end: err 0
Aug 14 20:31:18.979579 n kernel: hci0: Opcode 0x0c39
Aug 14 20:31:18.979595 n kernel: hci0: opcode 0x0c39 plen 0
Aug 14 20:31:18.979613 n kernel: hci0: skb len 3
Aug 14 20:31:18.979632 n kernel: hci0: length 1
Aug 14 20:31:18.979649 n kernel: hci0 cmd_cnt 1 cmd queued 1
Aug 14 20:31:18.979666 n kernel: hci0: skb 00000000ae570748
Aug 14 20:31:18.982438 n kernel: hci0: result 0x00
Aug 14 20:31:18.982472 n kernel: hci0: end: err 0
Aug 14 20:31:18.982488 n kernel: hci0: Opcode 0x0c16
Aug 14 20:31:18.982497 n kernel: hci0: opcode 0x0c16 plen 2
Aug 14 20:31:18.982506 n kernel: hci0: skb len 5
Aug 14 20:31:18.982517 n kernel: hci0: length 1
Aug 14 20:31:18.982528 n kernel: hci0 cmd_cnt 1 cmd queued 1
Aug 14 20:31:18.982537 n kernel: hci0: skb 00000000f8000bf3
Aug 14 20:31:18.985447 n kernel: hci0: result 0x00
Aug 14 20:31:18.985459 n kernel: hci0: end: err 0
Aug 14 20:31:18.985492 n kernel: hci0: Opcode 0x2003
Aug 14 20:31:18.985501 n kernel: hci0: opcode 0x2003 plen 0
Aug 14 20:31:18.985512 n kernel: hci0: skb len 3
Aug 14 20:31:18.985521 n kernel: hci0: length 1
Aug 14 20:31:18.985532 n kernel: hci0 cmd_cnt 1 cmd queued 1
Aug 14 20:31:18.985553 n kernel: hci0: skb 000000006ee2f7fa
Aug 14 20:31:18.988489 n kernel: hci0: result 0x00
Aug 14 20:31:18.988516 n kernel: hci0: end: err 0
Aug 14 20:31:18.988536 n kernel: hci0: Opcode 0x2002
Aug 14 20:31:18.988597 n kernel: hci0: opcode 0x2002 plen 0
Aug 14 20:31:18.988628 n kernel: hci0: skb len 3
Aug 14 20:31:18.988647 n kernel: hci0: length 1
Aug 14 20:31:18.988668 n kernel: hci0 cmd_cnt 1 cmd queued 1
Aug 14 20:31:18.988688 n kernel: hci0: skb 0000000091ca2362
Aug 14 20:31:18.991523 n kernel: hci0: result 0x00
Aug 14 20:31:18.991544 n kernel: hci0: end: err 0
Aug 14 20:31:18.991570 n kernel: hci0: Opcode 0x201c
Aug 14 20:31:18.991592 n kernel: hci0: opcode 0x201c plen 0
Aug 14 20:31:18.991626 n kernel: hci0: skb len 3
Aug 14 20:31:18.991648 n kernel: hci0: length 1
Aug 14 20:31:18.991671 n kernel: hci0 cmd_cnt 1 cmd queued 1
Aug 14 20:31:18.991689 n kernel: hci0: skb 000000009a647537
Aug 14 20:31:18.994492 n kernel: hci0: result 0x00
Aug 14 20:31:18.994551 n kernel: hci0: end: err 0
Aug 14 20:31:18.994568 n kernel: hci0: 
Aug 14 20:31:18.994584 n kernel: hci0: Opcode 0x0c01
Aug 14 20:31:18.994599 n kernel: hci0: opcode 0x0c01 plen 8
Aug 14 20:31:18.994615 n kernel: hci0: skb len 11
Aug 14 20:31:18.994634 n kernel: hci0: length 1
Aug 14 20:31:18.994652 n kernel: hci0 cmd_cnt 1 cmd queued 1
Aug 14 20:31:18.994669 n kernel: hci0: skb 00000000c229cdcf
Aug 14 20:31:18.997464 n kernel: hci0: result 0x00
Aug 14 20:31:18.997483 n kernel: hci0: end: err 0
Aug 14 20:31:18.997494 n kernel: hci0: Opcode 0x0c0d
Aug 14 20:31:18.997504 n kernel: hci0: opcode 0x0c0d plen 7
Aug 14 20:31:18.997522 n kernel: hci0: skb len 10
Aug 14 20:31:18.997533 n kernel: hci0: length 1
Aug 14 20:31:18.997545 n kernel: hci0 cmd_cnt 1 cmd queued 1
Aug 14 20:31:18.997560 n kernel: hci0: skb 00000000138409cd
Aug 14 20:31:19.000456 n kernel: hci0: result 0x00
Aug 14 20:31:19.000483 n kernel: hci0: end: err 0
Aug 14 20:31:19.000499 n kernel: hci0: Opcode 0x080f
Aug 14 20:31:19.000516 n kernel: hci0: opcode 0x080f plen 2
Aug 14 20:31:19.000533 n kernel: hci0: skb len 5
Aug 14 20:31:19.000551 n kernel: hci0: length 1
Aug 14 20:31:19.000574 n kernel: hci0 cmd_cnt 1 cmd queued 1
Aug 14 20:31:19.000589 n kernel: hci0: skb 0000000001c5f85e
Aug 14 20:31:19.003485 n kernel: hci0: result 0x00
Aug 14 20:31:19.003547 n kernel: hci0: end: err 0
Aug 14 20:31:19.003571 n kernel: hci0: Opcode 0x0c1b
Aug 14 20:31:19.003587 n kernel: hci0: opcode 0x0c1b plen 0
Aug 14 20:31:19.003613 n kernel: hci0: skb len 3
Aug 14 20:31:19.003634 n kernel: hci0: length 1
Aug 14 20:31:19.003656 n kernel: hci0 cmd_cnt 1 cmd queued 1
Aug 14 20:31:19.003672 n kernel: hci0: skb 00000000a964b819
Aug 14 20:31:19.006537 n kernel: hci0: result 0x00
Aug 14 20:31:19.006557 n kernel: hci0: end: err 0
Aug 14 20:31:19.006582 n kernel: hci0: Opcode 0x0c46
Aug 14 20:31:19.006599 n kernel: hci0: opcode 0x0c46 plen 0
Aug 14 20:31:19.006619 n kernel: hci0: skb len 3
Aug 14 20:31:19.006655 n kernel: hci0: length 1
Aug 14 20:31:19.006671 n kernel: hci0 cmd_cnt 1 cmd queued 1
Aug 14 20:31:19.006703 n kernel: hci0: skb 00000000019b68fe
Aug 14 20:31:19.009397 n kernel: hci0: result 0x00
Aug 14 20:31:19.009413 n kernel: hci0: end: err 0
Aug 14 20:31:19.009423 n kernel: hci0: Opcode 0x1004
Aug 14 20:31:19.009434 n kernel: hci0: opcode 0x1004 plen 1
Aug 14 20:31:19.009460 n kernel: hci0: skb len 4
Aug 14 20:31:19.009475 n kernel: hci0: length 1
Aug 14 20:31:19.009484 n kernel: hci0 cmd_cnt 1 cmd queued 1
Aug 14 20:31:19.009494 n kernel: hci0: skb 000000007c0f3396
Aug 14 20:31:19.013485 n kernel: hci0: result 0x00
Aug 14 20:31:19.013510 n kernel: hci0: end: err 0
Aug 14 20:31:19.013555 n kernel: hci0: Opcode 0x2001
Aug 14 20:31:19.013574 n kernel: hci0: opcode 0x2001 plen 8
Aug 14 20:31:19.013592 n kernel: hci0: skb len 11
Aug 14 20:31:19.013611 n kernel: hci0: length 1
Aug 14 20:31:19.013650 n kernel: hci0 cmd_cnt 1 cmd queued 1
Aug 14 20:31:19.013673 n kernel: hci0: skb 000000003b8aed21
Aug 14 20:31:19.016445 n kernel: hci0: result 0x00
Aug 14 20:31:19.016462 n kernel: hci0: end: err 0
Aug 14 20:31:19.016476 n kernel: hci0: Opcode 0x2007
Aug 14 20:31:19.016488 n kernel: hci0: opcode 0x2007 plen 0
Aug 14 20:31:19.016518 n kernel: hci0: skb len 3
Aug 14 20:31:19.016531 n kernel: hci0: length 1
Aug 14 20:31:19.016544 n kernel: hci0 cmd_cnt 1 cmd queued 1
Aug 14 20:31:19.016557 n kernel: hci0: skb 0000000058d21d04
Aug 14 20:31:19.020445 n kernel: hci0: result 0x00
Aug 14 20:31:19.020464 n kernel: hci0: end: err 0
Aug 14 20:31:19.020480 n kernel: hci0: Opcode 0x200f
Aug 14 20:31:19.020495 n kernel: hci0: opcode 0x200f plen 0
Aug 14 20:31:19.020509 n kernel: hci0: skb len 3
Aug 14 20:31:19.020524 n kernel: hci0: length 1
Aug 14 20:31:19.020538 n kernel: hci0 cmd_cnt 1 cmd queued 1
Aug 14 20:31:19.020553 n kernel: hci0: skb 000000007693c921
Aug 14 20:31:19.023542 n kernel: hci0: result 0x00
Aug 14 20:31:19.023599 n kernel: hci0: end: err 0
Aug 14 20:31:19.023616 n kernel: hci0: Opcode 0x2010
Aug 14 20:31:19.023632 n kernel: hci0: opcode 0x2010 plen 0
Aug 14 20:31:19.023658 n kernel: hci0: skb len 3
Aug 14 20:31:19.023679 n kernel: hci0: length 1
Aug 14 20:31:19.023704 n kernel: hci0 cmd_cnt 1 cmd queued 1
Aug 14 20:31:19.023719 n kernel: hci0: skb 0000000062a5215d
Aug 14 20:31:19.026523 n kernel: hci0: result 0x00
Aug 14 20:31:19.026544 n kernel: hci0: end: err 0
Aug 14 20:31:19.026560 n kernel: hci0: Opcode 0x202a
Aug 14 20:31:19.026577 n kernel: hci0: opcode 0x202a plen 0
Aug 14 20:31:19.026602 n kernel: hci0: skb len 3
Aug 14 20:31:19.026645 n kernel: hci0: length 1
Aug 14 20:31:19.026665 n kernel: hci0 cmd_cnt 1 cmd queued 1
Aug 14 20:31:19.026681 n kernel: hci0: skb 000000002ecb7b74
Aug 14 20:31:19.030438 n kernel: hci0: result 0x00
Aug 14 20:31:19.030468 n kernel: hci0: end: err 0
Aug 14 20:31:19.030489 n kernel: hci0: Opcode 0x2029
Aug 14 20:31:19.030511 n kernel: hci0: opcode 0x2029 plen 0
Aug 14 20:31:19.030522 n kernel: hci0: skb len 3
Aug 14 20:31:19.030535 n kernel: hci0: length 1
Aug 14 20:31:19.030545 n kernel: hci0 cmd_cnt 1 cmd queued 1
Aug 14 20:31:19.030561 n kernel: hci0: skb 000000006eec4749
Aug 14 20:31:19.032388 n kernel: hci0: result 0x00
Aug 14 20:31:19.032397 n kernel: hci0: end: err 0
Aug 14 20:31:19.032406 n kernel: hci0: Opcode 0x202e
Aug 14 20:31:19.032425 n kernel: hci0: opcode 0x202e plen 2
Aug 14 20:31:19.032433 n kernel: hci0: skb len 5
Aug 14 20:31:19.032447 n kernel: hci0: length 1
Aug 14 20:31:19.032459 n kernel: hci0 cmd_cnt 1 cmd queued 1
Aug 14 20:31:19.032467 n kernel: hci0: skb 0000000029cd4051
Aug 14 20:31:19.035533 n kernel: hci0: result 0x00
Aug 14 20:31:19.035564 n kernel: hci0: end: err 0
Aug 14 20:31:19.035580 n kernel: hci0: Opcode 0x0c6d
Aug 14 20:31:19.035609 n kernel: hci0: opcode 0x0c6d plen 2
Aug 14 20:31:19.035628 n kernel: hci0: skb len 5
Aug 14 20:31:19.035649 n kernel: hci0: length 1
Aug 14 20:31:19.035665 n kernel: hci0 cmd_cnt 1 cmd queued 1
Aug 14 20:31:19.035687 n kernel: hci0: skb 0000000017490f44
Aug 14 20:31:19.038485 n kernel: hci0: result 0x00
Aug 14 20:31:19.038549 n kernel: hci0: end: err 0
Aug 14 20:31:19.038566 n kernel: hci0: 
Aug 14 20:31:19.038582 n kernel: hci0: Opcode 0x0c12
Aug 14 20:31:19.038597 n kernel: hci0: opcode 0x0c12 plen 7
Aug 14 20:31:19.038612 n kernel: hci0: skb len 10
Aug 14 20:31:19.038638 n kernel: hci0: length 1
Aug 14 20:31:19.038658 n kernel: hci0 cmd_cnt 1 cmd queued 1
Aug 14 20:31:19.038683 n kernel: hci0: skb 00000000f7708a61
Aug 14 20:31:19.041442 n kernel: hci0: result 0x00
Aug 14 20:31:19.041457 n kernel: hci0: end: err 0
Aug 14 20:31:19.041467 n kernel: hci0: Opcode 0x0c77
Aug 14 20:31:19.041476 n kernel: hci0: opcode 0x0c77 plen 0
Aug 14 20:31:19.041485 n kernel: hci0: skb len 3
Aug 14 20:31:19.041512 n kernel: hci0: length 1
Aug 14 20:31:19.041523 n kernel: hci0 cmd_cnt 1 cmd queued 1
Aug 14 20:31:19.041534 n kernel: hci0: skb 00000000893fe92e
Aug 14 20:31:19.044484 n kernel: hci0: result 0x00
Aug 14 20:31:19.044508 n kernel: hci0: end: err 0
Aug 14 20:31:19.044553 n kernel: hci0: Opcode 0x0c7a
Aug 14 20:31:19.044569 n kernel: hci0: opcode 0x0c7a plen 1
Aug 14 20:31:19.044585 n kernel: hci0: skb len 4
Aug 14 20:31:19.044602 n kernel: hci0: length 1
Aug 14 20:31:19.044620 n kernel: hci0 cmd_cnt 1 cmd queued 1
Aug 14 20:31:19.044641 n kernel: hci0: skb 0000000009e2f626
Aug 14 20:31:19.047381 n kernel: hci0: result 0x00
Aug 14 20:31:19.047394 n kernel: hci0: end: err 0
Aug 14 20:31:19.047404 n kernel: hci0: Opcode 0x0c1a
Aug 14 20:31:19.047430 n kernel: hci0: opcode 0x0c1a plen 1
Aug 14 20:31:19.047444 n kernel: hci0: skb len 4
Aug 14 20:31:19.047455 n kernel: hci0: length 1
Aug 14 20:31:19.047465 n kernel: hci0 cmd_cnt 1 cmd queued 1
Aug 14 20:31:19.047475 n kernel: hci0: skb 000000008fc5abaa
Aug 14 20:31:19.050416 n kernel: hci0: result 0x00
Aug 14 20:31:19.050436 n kernel: hci0: end: err 0
Aug 14 20:31:19.050454 n kernel: hci0: 
Aug 14 20:31:19.050488 n kernel: hci0: Opcode 0x0c24
Aug 14 20:31:19.050512 n kernel: hci0: opcode 0x0c24 plen 3
Aug 14 20:31:19.050532 n kernel: hci0: skb len 6
Aug 14 20:31:19.050551 n kernel: hci0: length 1
Aug 14 20:31:19.050569 n kernel: hci0 cmd_cnt 1 cmd queued 1
Aug 14 20:31:19.050584 n kernel: hci0: skb 000000003a8faa46
Aug 14 20:31:19.053409 n kernel: hci0: result 0x00
Aug 14 20:31:19.053435 n kernel: hci0: end: err 0
Aug 14 20:31:19.053459 n kernel: hci0: Opcode 0x0c13
Aug 14 20:31:19.053483 n kernel: hci0: opcode 0x0c13 plen 248
Aug 14 20:31:19.053505 n kernel: hci0: skb len 251
Aug 14 20:31:19.053521 n kernel: hci0: length 1
Aug 14 20:31:19.053539 n kernel: hci0 cmd_cnt 1 cmd queued 1
Aug 14 20:31:19.053565 n kernel: hci0: skb 00000000bca4b4e2
Aug 14 20:31:19.056423 n kernel: hci0: result 0x00
Aug 14 20:31:19.056442 n kernel: hci0: end: err 0
Aug 14 20:31:19.056462 n kernel: hci0: 
Aug 14 20:31:19.056478 n kernel: hci0: Opcode 0x0c52
Aug 14 20:31:19.056516 n kernel: hci0: opcode 0x0c52 plen 241
Aug 14 20:31:19.056533 n kernel: hci0: skb len 244
Aug 14 20:31:19.056550 n kernel: hci0: length 1
Aug 14 20:31:19.056570 n kernel: hci0 cmd_cnt 1 cmd queued 1
Aug 14 20:31:19.056586 n kernel: hci0: skb 0000000058d21d04
Aug 14 20:31:19.059424 n kernel: hci0: result 0x00
Aug 14 20:31:19.059442 n kernel: hci0: end: err 0
Aug 14 20:31:19.059462 n kernel: hci0: entry 0000000060dae9b9
Aug 14 20:31:19.059483 n kernel: hci0: ADV monitoring is off
Aug 14 20:31:19.059518 n kernel: hci0: stopping background scanning
Aug 14 20:31:19.059538 n kernel: hci0: 
Aug 14 20:31:19.061357 n kernel: hci0: 
Aug 14 20:31:19.061373 n kernel: hci0: entry 000000003d531576
Aug 14 20:31:19.061381 n kernel: hci0: ADV monitoring is off
Aug 14 20:31:19.061389 n kernel: hci0: stopping background scanning
Aug 14 20:31:19.061404 n kernel: hci0: 
Aug 14 20:31:19.061411 n kernel: hci0: entry 0000000055d6e801
Aug 14 20:31:19.061419 n kernel: hci0: Opcode 0x0c3a
Aug 14 20:31:19.061426 n kernel: hci0: opcode 0x0c3a plen 4
Aug 14 20:31:19.061434 n kernel: hci0: skb len 7
Aug 14 20:31:19.061442 n kernel: hci0: length 1
Aug 14 20:31:19.061449 n kernel: hci0 cmd_cnt 1 cmd queued 1
Aug 14 20:31:19.061457 n kernel: hci0: skb 00000000a4b2d35e
Aug 14 20:31:19.064398 n kernel: hci0: result 0x00
Aug 14 20:31:19.064416 n kernel: hci0: end: err 0
Aug 14 20:31:19.064431 n kernel: hci0: Opcode 0x0c1a
Aug 14 20:31:19.064446 n kernel: hci0: opcode 0x0c1a plen 1
Aug 14 20:31:19.064460 n kernel: hci0: skb len 4
Aug 14 20:31:19.064474 n kernel: hci0: length 1
Aug 14 20:31:19.064488 n kernel: hci0 cmd_cnt 1 cmd queued 1
Aug 14 20:31:19.064502 n kernel: hci0: skb 00000000ae570748
Aug 14 20:31:19.067387 n kernel: hci0: result 0x00
Aug 14 20:31:19.067408 n kernel: hci0: end: err 0
Aug 14 20:31:19.067420 n kernel: hci0: 
Aug 14 20:31:19.067443 n kernel: hci0: state 0 -> 1
Aug 14 20:31:19.067454 n kernel: hci0: 
Aug 14 20:31:19.067469 n kernel: hci0: entry 000000007ce52107
Aug 14 20:31:19.067487 n kernel: hci0: type 7
Aug 14 20:31:19.067498 n kernel: hci0: 
Aug 14 20:31:19.067509 n kernel: hci0: cancelling interleave scan
Aug 14 20:31:19.067525 n kernel: hci0: Opcode 0x2005
Aug 14 20:31:19.067535 n kernel: hci0: opcode 0x2005 plen 6
Aug 14 20:31:19.067546 n kernel: hci0: skb len 9
Aug 14 20:31:19.067557 n kernel: hci0: length 1
Aug 14 20:31:19.067568 n kernel: hci0 cmd_cnt 1 cmd queued 1
Aug 14 20:31:19.067579 n kernel: hci0: skb 00000000085eaa3b
Aug 14 20:31:19.070363 n kernel: hci0: result 0x00
Aug 14 20:31:19.070382 n kernel: hci0: end: err 0
Aug 14 20:31:19.070393 n kernel: hci0: Opcode 0x200b
Aug 14 20:31:19.070403 n kernel: hci0: opcode 0x200b plen 7
Aug 14 20:31:19.070414 n kernel: hci0: skb len 10
Aug 14 20:31:19.070424 n kernel: hci0: length 1
Aug 14 20:31:19.070434 n kernel: hci0 cmd_cnt 1 cmd queued 1
Aug 14 20:31:19.070444 n kernel: hci0: skb 00000000a964b819
Aug 14 20:31:19.072373 n kernel: Bluetooth: hci0: unexpected event for opcode 0x2005
Aug 14 20:31:19.074357 n kernel: hci0: result 0x00
Aug 14 20:31:19.074366 n kernel: hci0: end: err 0
Aug 14 20:31:19.074374 n kernel: hci0: Opcode 0x200c
Aug 14 20:31:19.074382 n kernel: hci0: opcode 0x200c plen 2
Aug 14 20:31:19.074391 n kernel: hci0: skb len 5
Aug 14 20:31:19.074399 n kernel: hci0: length 1
Aug 14 20:31:19.074407 n kernel: hci0 cmd_cnt 1 cmd queued 1
Aug 14 20:31:19.074415 n kernel: hci0: skb 0000000001c5f85e
Aug 14 20:31:19.077345 n kernel: hci0: state 1 -> 2
Aug 14 20:31:19.077386 n kernel: hci0: result 0x00
Aug 14 20:31:19.077398 n kernel: hci0: end: err 0
Aug 14 20:31:19.077411 n kernel: hci0: timeout 5120 ms
Aug 14 20:31:19.664381 n kernel: 00000000babfecdf name hci0 blocked 1
Aug 14 20:31:19.664468 n kernel: hci0 00000000babfecdf
Aug 14 20:31:19.664481 n kernel: hci0: Opcode 0x0c1a
Aug 14 20:31:19.664492 n kernel: hci0: opcode 0x0c1a plen 1
Aug 14 20:31:19.664501 n kernel: hci0: skb len 4
Aug 14 20:31:19.664510 n kernel: hci0: length 1
Aug 14 20:31:19.664521 n kernel: hci0 cmd_cnt 1 cmd queued 1
Aug 14 20:31:19.664530 n kernel: hci0: skb 000000000fd660d4
Aug 14 20:31:19.667411 n kernel: hci0: result 0x00
Aug 14 20:31:19.667423 n kernel: hci0: end: err 0
Aug 14 20:31:19.667432 n kernel: hci0: state 2
Aug 14 20:31:19.667442 n kernel: hci0: Opcode 0x200c
Aug 14 20:31:19.667452 n kernel: hci0: opcode 0x200c plen 2
Aug 14 20:31:19.667462 n kernel: hci0: skb len 5
Aug 14 20:31:19.667471 n kernel: hci0: length 1
Aug 14 20:31:19.667480 n kernel: hci0 cmd_cnt 1 cmd queued 1
Aug 14 20:31:19.667488 n kernel: hci0: skb 00000000fe91d630
Aug 14 20:31:19.670410 n kernel: hci0: result 0x00
Aug 14 20:31:19.670435 n kernel: hci0: 
Aug 14 20:31:19.670451 n kernel: hci0: 
Aug 14 20:31:19.670466 n kernel: hci0: entry 000000007ce52107
Aug 14 20:31:19.670481 n kernel: hci0: end: err 0
Aug 14 20:31:19.670495 n kernel: hci0: 
Aug 14 20:31:19.676380 n kernel: hci0: err 0x13
Aug 14 20:31:19.676406 n kernel: hci0: cancelling interleave scan
Aug 14 20:31:19.676426 n kernel: hci0: state 2 -> 0
Aug 14 20:31:19.676459 n kernel: hdev hci0
Aug 14 20:31:19.676476 n kernel: hci0
Aug 14 20:31:19.676492 n kernel: hci0
Aug 14 20:31:19.676509 n kernel: hci0: 
Aug 14 20:31:20.447379 n kernel: 00000000babfecdf name hci0 blocked 0
Aug 14 20:31:20.447412 n kernel: hci0: 
Aug 14 20:31:20.447424 n kernel: hci0: entry 000000005180f90b
Aug 14 20:31:20.447446 n kernel: hci0: 
Aug 14 20:31:20.447458 n kernel: hci0
Aug 14 20:31:20.447470 n kernel: hci0
Aug 14 20:31:20.447480 n kernel: hci0
Aug 14 20:31:20.447489 n kernel: hci0
Aug 14 20:31:20.447498 n kernel: hci0: 
Aug 14 20:31:20.447507 n kernel: hci0: 
Aug 14 20:31:20.447515 n kernel: hci0: Opcode 0x0c03
Aug 14 20:31:20.447525 n kernel: hci0: opcode 0x0c03 plen 0
Aug 14 20:31:20.447540 n kernel: hci0: skb len 3
Aug 14 20:31:20.447550 n kernel: hci0: length 1
Aug 14 20:31:20.447559 n kernel: hci0 cmd_cnt 1 cmd queued 1
Aug 14 20:31:20.447569 n kernel: hci0: skb 0000000080700910
Aug 14 20:31:20.504530 n kernel: hci0: result 0x00
Aug 14 20:31:20.504550 n kernel: hci0: end: err 0
Aug 14 20:31:20.504566 n kernel: hci0: Opcode 0x1003
Aug 14 20:31:20.504586 n kernel: hci0: opcode 0x1003 plen 0
Aug 14 20:31:20.504605 n kernel: hci0: skb len 3
Aug 14 20:31:20.504620 n kernel: hci0: length 1
Aug 14 20:31:20.504636 n kernel: hci0 cmd_cnt 1 cmd queued 1
Aug 14 20:31:20.504756 n kernel: hci0: skb 0000000053d1c7e5
Aug 14 20:31:20.507441 n kernel: hci0: result 0x00
Aug 14 20:31:20.507453 n kernel: hci0: end: err 0
Aug 14 20:31:20.507463 n kernel: hci0: Opcode 0x1001
Aug 14 20:31:20.507474 n kernel: hci0: opcode 0x1001 plen 0
Aug 14 20:31:20.507483 n kernel: hci0: skb len 3
Aug 14 20:31:20.507492 n kernel: hci0: length 1
Aug 14 20:31:20.507502 n kernel: hci0 cmd_cnt 1 cmd queued 1
Aug 14 20:31:20.507537 n kernel: hci0: skb 00000000160f90f7
Aug 14 20:31:20.510443 n kernel: hci0: result 0x00
Aug 14 20:31:20.510489 n kernel: hci0: end: err 0
Aug 14 20:31:20.510505 n kernel: hci0: Opcode 0x1009
Aug 14 20:31:20.510516 n kernel: hci0: opcode 0x1009 plen 0
Aug 14 20:31:20.510535 n kernel: hci0: skb len 3
Aug 14 20:31:20.510544 n kernel: hci0: length 1
Aug 14 20:31:20.510564 n kernel: hci0 cmd_cnt 1 cmd queued 1
Aug 14 20:31:20.510574 n kernel: hci0: skb 0000000013d916ce
Aug 14 20:31:20.513469 n kernel: hci0: result 0x00
Aug 14 20:31:20.513481 n kernel: hci0: end: err 0
Aug 14 20:31:20.513490 n kernel: hci0: 
Aug 14 20:31:20.513500 n kernel: hci0: Opcode 0x1002
Aug 14 20:31:20.513509 n kernel: hci0: opcode 0x1002 plen 0
Aug 14 20:31:20.513520 n kernel: hci0: skb len 3
Aug 14 20:31:20.513536 n kernel: hci0: length 1
Aug 14 20:31:20.513546 n kernel: hci0 cmd_cnt 1 cmd queued 1
Aug 14 20:31:20.513560 n kernel: hci0: skb 00000000091f1788
Aug 14 20:31:20.520443 n kernel: hci0: result 0x00
Aug 14 20:31:20.520454 n kernel: hci0: end: err 0
Aug 14 20:31:20.520464 n kernel: hci0: Opcode 0x0c56
Aug 14 20:31:20.520514 n kernel: hci0: opcode 0x0c56 plen 1
Aug 14 20:31:20.520524 n kernel: hci0: skb len 4
Aug 14 20:31:20.520544 n kernel: hci0: length 1
Aug 14 20:31:20.520559 n kernel: hci0 cmd_cnt 1 cmd queued 1
Aug 14 20:31:20.520568 n kernel: hci0: skb 00000000be19dbf7
Aug 14 20:31:20.523487 n kernel: hci0: result 0x00
Aug 14 20:31:20.523508 n kernel: hci0: end: err 0
Aug 14 20:31:20.523526 n kernel: hci0: Opcode 0x0c45
Aug 14 20:31:20.523545 n kernel: hci0: opcode 0x0c45 plen 1
Aug 14 20:31:20.523586 n kernel: hci0: skb len 4
Aug 14 20:31:20.523622 n kernel: hci0: length 1
Aug 14 20:31:20.523659 n kernel: hci0 cmd_cnt 1 cmd queued 1
Aug 14 20:31:20.523676 n kernel: hci0: skb 000000006c79406c
Aug 14 20:31:20.526502 n kernel: hci0: result 0x00
Aug 14 20:31:20.526522 n kernel: hci0: end: err 0
Aug 14 20:31:20.526585 n kernel: hci0: Opcode 0x0c58
Aug 14 20:31:20.526602 n kernel: hci0: opcode 0x0c58 plen 0
Aug 14 20:31:20.526617 n kernel: hci0: skb len 3
Aug 14 20:31:20.526633 n kernel: hci0: length 1
Aug 14 20:31:20.526649 n kernel: hci0 cmd_cnt 1 cmd queued 1
Aug 14 20:31:20.526667 n kernel: hci0: skb 000000003806efe9
Aug 14 20:31:20.529433 n kernel: hci0: result 0x00
Aug 14 20:31:20.529452 n kernel: hci0: end: err 0
Aug 14 20:31:20.529468 n kernel: hci0: Opcode 0x1004
Aug 14 20:31:20.529482 n kernel: hci0: opcode 0x1004 plen 1
Aug 14 20:31:20.529497 n kernel: hci0: skb len 4
Aug 14 20:31:20.529511 n kernel: hci0: length 1
Aug 14 20:31:20.529525 n kernel: hci0 cmd_cnt 1 cmd queued 1
Aug 14 20:31:20.529540 n kernel: hci0: skb 00000000a346fdb8
Aug 14 20:31:20.533501 n kernel: hci0: result 0x00
Aug 14 20:31:20.533573 n kernel: hci0: end: err 0
Aug 14 20:31:20.533614 n kernel: hci0: Opcode 0x1005
Aug 14 20:31:20.533654 n kernel: hci0: opcode 0x1005 plen 0
Aug 14 20:31:20.533684 n kernel: hci0: skb len 3
Aug 14 20:31:20.533714 n kernel: hci0: length 1
Aug 14 20:31:20.533740 n kernel: hci0 cmd_cnt 1 cmd queued 1
Aug 14 20:31:20.533770 n kernel: hci0: skb 00000000eaa1a331
Aug 14 20:31:20.536490 n kernel: hci0: result 0x00
Aug 14 20:31:20.536523 n kernel: hci0: end: err 0
Aug 14 20:31:20.536551 n kernel: hci0: Opcode 0x0c23
Aug 14 20:31:20.536578 n kernel: hci0: opcode 0x0c23 plen 0
Aug 14 20:31:20.536605 n kernel: hci0: skb len 3
Aug 14 20:31:20.536629 n kernel: hci0: length 1
Aug 14 20:31:20.536646 n kernel: hci0 cmd_cnt 1 cmd queued 1
Aug 14 20:31:20.536712 n kernel: hci0: skb 00000000cf3e11d0
Aug 14 20:31:20.539415 n kernel: hci0: result 0x00
Aug 14 20:31:20.539433 n kernel: hci0: end: err 0
Aug 14 20:31:20.539443 n kernel: hci0: Opcode 0x0c14
Aug 14 20:31:20.539455 n kernel: hci0: opcode 0x0c14 plen 0
Aug 14 20:31:20.539466 n kernel: hci0: skb len 3
Aug 14 20:31:20.539477 n kernel: hci0: length 1
Aug 14 20:31:20.539488 n kernel: hci0 cmd_cnt 1 cmd queued 1
Aug 14 20:31:20.539497 n kernel: hci0: skb 00000000c688f555
Aug 14 20:31:20.557514 n kernel: hci0: result 0x00
Aug 14 20:31:20.557567 n kernel: hci0: end: err 0
Aug 14 20:31:20.557586 n kernel: hci0: Opcode 0x0c25
Aug 14 20:31:20.557611 n kernel: hci0: opcode 0x0c25 plen 0
Aug 14 20:31:20.557640 n kernel: hci0: skb len 3
Aug 14 20:31:20.557677 n kernel: hci0: length 1
Aug 14 20:31:20.557702 n kernel: hci0 cmd_cnt 1 cmd queued 1
Aug 14 20:31:20.557729 n kernel: hci0: skb 00000000e30e981a
Aug 14 20:31:20.560443 n kernel: hci0: result 0x00
Aug 14 20:31:20.560466 n kernel: hci0: end: err 0
Aug 14 20:31:20.560482 n kernel: hci0: Opcode 0x0c38
Aug 14 20:31:20.560497 n kernel: hci0: opcode 0x0c38 plen 0
Aug 14 20:31:20.560514 n kernel: hci0: skb len 3
Aug 14 20:31:20.560529 n kernel: hci0: length 1
Aug 14 20:31:20.560543 n kernel: hci0 cmd_cnt 1 cmd queued 1
Aug 14 20:31:20.560558 n kernel: hci0: skb 00000000fa456799
Aug 14 20:31:20.563438 n kernel: hci0: result 0x00
Aug 14 20:31:20.563451 n kernel: hci0: end: err 0
Aug 14 20:31:20.563462 n kernel: hci0: Opcode 0x0c39
Aug 14 20:31:20.563471 n kernel: hci0: opcode 0x0c39 plen 0
Aug 14 20:31:20.563481 n kernel: hci0: skb len 3
Aug 14 20:31:20.563517 n kernel: hci0: length 1
Aug 14 20:31:20.563527 n kernel: hci0 cmd_cnt 1 cmd queued 1
Aug 14 20:31:20.563548 n kernel: hci0: skb 00000000bb8fa23a
Aug 14 20:31:20.566545 n kernel: hci0: result 0x00
Aug 14 20:31:20.566566 n kernel: hci0: end: err 0
Aug 14 20:31:20.566592 n kernel: hci0: Opcode 0x0c16
Aug 14 20:31:20.566620 n kernel: hci0: opcode 0x0c16 plen 2
Aug 14 20:31:20.566649 n kernel: hci0: skb len 5
Aug 14 20:31:20.566675 n kernel: hci0: length 1
Aug 14 20:31:20.566710 n kernel: hci0 cmd_cnt 1 cmd queued 1
Aug 14 20:31:20.566733 n kernel: hci0: skb 0000000002e6dac8
Aug 14 20:31:20.569497 n kernel: hci0: result 0x00
Aug 14 20:31:20.569532 n kernel: hci0: end: err 0
Aug 14 20:31:20.569559 n kernel: hci0: Opcode 0x2003
Aug 14 20:31:20.569643 n kernel: hci0: opcode 0x2003 plen 0
Aug 14 20:31:20.569670 n kernel: hci0: skb len 3
Aug 14 20:31:20.569696 n kernel: hci0: length 1
Aug 14 20:31:20.569803 n kernel: hci0 cmd_cnt 1 cmd queued 1
Aug 14 20:31:20.569823 n kernel: hci0: skb 00000000e9389ebf
Aug 14 20:31:20.572444 n kernel: hci0: result 0x00
Aug 14 20:31:20.572458 n kernel: hci0: end: err 0
Aug 14 20:31:20.572472 n kernel: hci0: Opcode 0x2002
Aug 14 20:31:20.572483 n kernel: hci0: opcode 0x2002 plen 0
Aug 14 20:31:20.572511 n kernel: hci0: skb len 3
Aug 14 20:31:20.572523 n kernel: hci0: length 1
Aug 14 20:31:20.572536 n kernel: hci0 cmd_cnt 1 cmd queued 1
Aug 14 20:31:20.572548 n kernel: hci0: skb 000000005026799c
Aug 14 20:31:20.575513 n kernel: hci0: result 0x00
Aug 14 20:31:20.575546 n kernel: hci0: end: err 0
Aug 14 20:31:20.575591 n kernel: hci0: Opcode 0x201c
Aug 14 20:31:20.575616 n kernel: hci0: opcode 0x201c plen 0
Aug 14 20:31:20.575636 n kernel: hci0: skb len 3
Aug 14 20:31:20.575669 n kernel: hci0: length 1
Aug 14 20:31:20.575697 n kernel: hci0 cmd_cnt 1 cmd queued 1
Aug 14 20:31:20.575716 n kernel: hci0: skb 00000000efbdb1bf
Aug 14 20:31:20.578443 n kernel: hci0: result 0x00
Aug 14 20:31:20.578455 n kernel: hci0: end: err 0
Aug 14 20:31:20.578466 n kernel: hci0: 
Aug 14 20:31:20.578477 n kernel: hci0: Opcode 0x0c01
Aug 14 20:31:20.578505 n kernel: hci0: opcode 0x0c01 plen 8
Aug 14 20:31:20.578522 n kernel: hci0: skb len 11
Aug 14 20:31:20.578533 n kernel: hci0: length 1
Aug 14 20:31:20.578543 n kernel: hci0 cmd_cnt 1 cmd queued 1
Aug 14 20:31:20.578553 n kernel: hci0: skb 0000000044774a34
Aug 14 20:31:20.581411 n kernel: hci0: result 0x00
Aug 14 20:31:20.581426 n kernel: hci0: end: err 0
Aug 14 20:31:20.581439 n kernel: hci0: Opcode 0x0c0d
Aug 14 20:31:20.581462 n kernel: hci0: opcode 0x0c0d plen 7
Aug 14 20:31:20.581477 n kernel: hci0: skb len 10
Aug 14 20:31:20.581488 n kernel: hci0: length 1
Aug 14 20:31:20.581497 n kernel: hci0 cmd_cnt 1 cmd queued 1
Aug 14 20:31:20.581508 n kernel: hci0: skb 00000000a346fdb8
Aug 14 20:31:20.584507 n kernel: hci0: result 0x00
Aug 14 20:31:20.584551 n kernel: hci0: end: err 0
Aug 14 20:31:20.584568 n kernel: hci0: Opcode 0x080f
Aug 14 20:31:20.584584 n kernel: hci0: opcode 0x080f plen 2
Aug 14 20:31:20.584659 n kernel: hci0: skb len 5
Aug 14 20:31:20.584676 n kernel: hci0: length 1
Aug 14 20:31:20.584692 n kernel: hci0 cmd_cnt 1 cmd queued 1
Aug 14 20:31:20.584716 n kernel: hci0: skb 000000003806efe9
Aug 14 20:31:20.587499 n kernel: hci0: result 0x00
Aug 14 20:31:20.587519 n kernel: hci0: end: err 0
Aug 14 20:31:20.587575 n kernel: hci0: Opcode 0x0c1b
Aug 14 20:31:20.587596 n kernel: hci0: opcode 0x0c1b plen 0
Aug 14 20:31:20.587613 n kernel: hci0: skb len 3
Aug 14 20:31:20.587633 n kernel: hci0: length 1
Aug 14 20:31:20.587649 n kernel: hci0 cmd_cnt 1 cmd queued 1
Aug 14 20:31:20.587665 n kernel: hci0: skb 000000006c79406c
Aug 14 20:31:20.590446 n kernel: hci0: result 0x00
Aug 14 20:31:20.590460 n kernel: hci0: end: err 0
Aug 14 20:31:20.590472 n kernel: hci0: Opcode 0x0c46
Aug 14 20:31:20.590483 n kernel: hci0: opcode 0x0c46 plen 0
Aug 14 20:31:20.590495 n kernel: hci0: skb len 3
Aug 14 20:31:20.590506 n kernel: hci0: length 1
Aug 14 20:31:20.590517 n kernel: hci0 cmd_cnt 1 cmd queued 1
Aug 14 20:31:20.590530 n kernel: hci0: skb 00000000be19dbf7
Aug 14 20:31:20.593492 n kernel: hci0: result 0x00
Aug 14 20:31:20.593516 n kernel: hci0: end: err 0
Aug 14 20:31:20.593540 n kernel: hci0: Opcode 0x1004
Aug 14 20:31:20.593561 n kernel: hci0: opcode 0x1004 plen 1
Aug 14 20:31:20.593602 n kernel: hci0: skb len 4
Aug 14 20:31:20.593622 n kernel: hci0: length 1
Aug 14 20:31:20.593641 n kernel: hci0 cmd_cnt 1 cmd queued 1
Aug 14 20:31:20.593696 n kernel: hci0: skb 00000000091f1788
Aug 14 20:31:20.597463 n kernel: hci0: result 0x00
Aug 14 20:31:20.597474 n kernel: hci0: end: err 0
Aug 14 20:31:20.597487 n kernel: hci0: Opcode 0x2001
Aug 14 20:31:20.597497 n kernel: hci0: opcode 0x2001 plen 8
Aug 14 20:31:20.597506 n kernel: hci0: skb len 11
Aug 14 20:31:20.597516 n kernel: hci0: length 1
Aug 14 20:31:20.597528 n kernel: hci0 cmd_cnt 1 cmd queued 1
Aug 14 20:31:20.597537 n kernel: hci0: skb 0000000013d916ce
Aug 14 20:31:20.600445 n kernel: hci0: result 0x00
Aug 14 20:31:20.600458 n kernel: hci0: end: err 0
Aug 14 20:31:20.600496 n kernel: hci0: Opcode 0x2007
Aug 14 20:31:20.600508 n kernel: hci0: opcode 0x2007 plen 0
Aug 14 20:31:20.600520 n kernel: hci0: skb len 3
Aug 14 20:31:20.600531 n kernel: hci0: length 1
Aug 14 20:31:20.600559 n kernel: hci0 cmd_cnt 1 cmd queued 1
Aug 14 20:31:20.600569 n kernel: hci0: skb 00000000160f90f7
Aug 14 20:31:20.603495 n kernel: hci0: result 0x00
Aug 14 20:31:20.603515 n kernel: hci0: end: err 0
Aug 14 20:31:20.603532 n kernel: hci0: Opcode 0x200f
Aug 14 20:31:20.603548 n kernel: hci0: opcode 0x200f plen 0
Aug 14 20:31:20.603564 n kernel: hci0: skb len 3
Aug 14 20:31:20.603580 n kernel: hci0: length 1
Aug 14 20:31:20.603597 n kernel: hci0 cmd_cnt 1 cmd queued 1
Aug 14 20:31:20.603614 n kernel: hci0: skb 0000000053d1c7e5
Aug 14 20:31:20.606495 n kernel: hci0: result 0x00
Aug 14 20:31:20.606515 n kernel: hci0: end: err 0
Aug 14 20:31:20.606535 n kernel: hci0: Opcode 0x2010
Aug 14 20:31:20.606554 n kernel: hci0: opcode 0x2010 plen 0
Aug 14 20:31:20.606570 n kernel: hci0: skb len 3
Aug 14 20:31:20.606612 n kernel: hci0: length 1
Aug 14 20:31:20.606648 n kernel: hci0 cmd_cnt 1 cmd queued 1
Aug 14 20:31:20.606678 n kernel: hci0: skb 0000000080700910
Aug 14 20:31:20.609503 n kernel: hci0: result 0x00
Aug 14 20:31:20.609522 n kernel: hci0: end: err 0
Aug 14 20:31:20.609543 n kernel: hci0: Opcode 0x202a
Aug 14 20:31:20.609559 n kernel: hci0: opcode 0x202a plen 0
Aug 14 20:31:20.609575 n kernel: hci0: skb len 3
Aug 14 20:31:20.609591 n kernel: hci0: length 1
Aug 14 20:31:20.609606 n kernel: hci0 cmd_cnt 1 cmd queued 1
Aug 14 20:31:20.609623 n kernel: hci0: skb 00000000a964b819
Aug 14 20:31:20.612486 n kernel: hci0: result 0x00
Aug 14 20:31:20.612548 n kernel: hci0: end: err 0
Aug 14 20:31:20.612565 n kernel: hci0: Opcode 0x2029
Aug 14 20:31:20.612581 n kernel: hci0: opcode 0x2029 plen 0
Aug 14 20:31:20.612600 n kernel: hci0: skb len 3
Aug 14 20:31:20.612689 n kernel: hci0: length 1
Aug 14 20:31:20.612707 n kernel: hci0 cmd_cnt 1 cmd queued 1
Aug 14 20:31:20.612722 n kernel: hci0: skb 000000004eade54a
Aug 14 20:31:20.615404 n kernel: hci0: result 0x00
Aug 14 20:31:20.615419 n kernel: hci0: end: err 0
Aug 14 20:31:20.615432 n kernel: hci0: Opcode 0x202e
Aug 14 20:31:20.615444 n kernel: hci0: opcode 0x202e plen 2
Aug 14 20:31:20.615455 n kernel: hci0: skb len 5
Aug 14 20:31:20.615466 n kernel: hci0: length 1
Aug 14 20:31:20.615476 n kernel: hci0 cmd_cnt 1 cmd queued 1
Aug 14 20:31:20.615508 n kernel: hci0: skb 00000000fddc7f3d
Aug 14 20:31:20.618489 n kernel: hci0: result 0x00
Aug 14 20:31:20.618512 n kernel: hci0: end: err 0
Aug 14 20:31:20.618532 n kernel: hci0: Opcode 0x0c6d
Aug 14 20:31:20.618551 n kernel: hci0: opcode 0x0c6d plen 2
Aug 14 20:31:20.618567 n kernel: hci0: skb len 5
Aug 14 20:31:20.618583 n kernel: hci0: length 1
Aug 14 20:31:20.618598 n kernel: hci0 cmd_cnt 1 cmd queued 1
Aug 14 20:31:20.618614 n kernel: hci0: skb 00000000919db9e2
Aug 14 20:31:20.621510 n kernel: hci0: result 0x00
Aug 14 20:31:20.621582 n kernel: hci0: end: err 0
Aug 14 20:31:20.621619 n kernel: hci0: 
Aug 14 20:31:20.621646 n kernel: hci0: Opcode 0x0c12
Aug 14 20:31:20.621675 n kernel: hci0: opcode 0x0c12 plen 7
Aug 14 20:31:20.621702 n kernel: hci0: skb len 10
Aug 14 20:31:20.621729 n kernel: hci0: length 1
Aug 14 20:31:20.621754 n kernel: hci0 cmd_cnt 1 cmd queued 1
Aug 14 20:31:20.621780 n kernel: hci0: skb 00000000a4b2d35e
Aug 14 20:31:20.624509 n kernel: hci0: result 0x00
Aug 14 20:31:20.624537 n kernel: hci0: end: err 0
Aug 14 20:31:20.624562 n kernel: hci0: Opcode 0x0c77
Aug 14 20:31:20.624586 n kernel: hci0: opcode 0x0c77 plen 0
Aug 14 20:31:20.624609 n kernel: hci0: skb len 3
Aug 14 20:31:20.624631 n kernel: hci0: length 1
Aug 14 20:31:20.624654 n kernel: hci0 cmd_cnt 1 cmd queued 1
Aug 14 20:31:20.624718 n kernel: hci0: skb 000000006c79406c
Aug 14 20:31:20.627502 n kernel: hci0: result 0x00
Aug 14 20:31:20.627534 n kernel: hci0: end: err 0
Aug 14 20:31:20.627558 n kernel: hci0: Opcode 0x0c7a
Aug 14 20:31:20.627581 n kernel: hci0: opcode 0x0c7a plen 1
Aug 14 20:31:20.627604 n kernel: hci0: skb len 4
Aug 14 20:31:20.627626 n kernel: hci0: length 1
Aug 14 20:31:20.627648 n kernel: hci0 cmd_cnt 1 cmd queued 1
Aug 14 20:31:20.627669 n kernel: hci0: skb 000000003806efe9
Aug 14 20:31:20.630387 n kernel: hci0: result 0x00
Aug 14 20:31:20.630427 n kernel: hci0: end: err 0
Aug 14 20:31:20.630436 n kernel: hci0: Opcode 0x0c1a
Aug 14 20:31:20.630447 n kernel: hci0: opcode 0x0c1a plen 1
Aug 14 20:31:20.630458 n kernel: hci0: skb len 4
Aug 14 20:31:20.630475 n kernel: hci0: length 1
Aug 14 20:31:20.630484 n kernel: hci0 cmd_cnt 1 cmd queued 1
Aug 14 20:31:20.630492 n kernel: hci0: skb 00000000a346fdb8
Aug 14 20:31:20.633490 n kernel: hci0: result 0x00
Aug 14 20:31:20.633510 n kernel: hci0: end: err 0
Aug 14 20:31:20.633529 n kernel: hci0: 
Aug 14 20:31:20.633548 n kernel: hci0: Opcode 0x0c24
Aug 14 20:31:20.633564 n kernel: hci0: opcode 0x0c24 plen 3
Aug 14 20:31:20.633579 n kernel: hci0: skb len 6
Aug 14 20:31:20.633596 n kernel: hci0: length 1
Aug 14 20:31:20.633613 n kernel: hci0 cmd_cnt 1 cmd queued 1
Aug 14 20:31:20.633630 n kernel: hci0: skb 0000000044774a34
Aug 14 20:31:20.636478 n kernel: hci0: result 0x00
Aug 14 20:31:20.636499 n kernel: hci0: end: err 0
Aug 14 20:31:20.636519 n kernel: hci0: Opcode 0x0c13
Aug 14 20:31:20.636541 n kernel: hci0: opcode 0x0c13 plen 248
Aug 14 20:31:20.636557 n kernel: hci0: skb len 251
Aug 14 20:31:20.636574 n kernel: hci0: length 1
Aug 14 20:31:20.636593 n kernel: hci0 cmd_cnt 1 cmd queued 1
Aug 14 20:31:20.636611 n kernel: hci0: skb 00000000efbdb1bf
Aug 14 20:31:20.639455 n kernel: hci0: result 0x00
Aug 14 20:31:20.639476 n kernel: hci0: end: err 0
Aug 14 20:31:20.639496 n kernel: hci0: 
Aug 14 20:31:20.639529 n kernel: hci0: Opcode 0x0c52
Aug 14 20:31:20.639546 n kernel: hci0: opcode 0x0c52 plen 241
Aug 14 20:31:20.639563 n kernel: hci0: skb len 244
Aug 14 20:31:20.639584 n kernel: hci0: length 1
Aug 14 20:31:20.639599 n kernel: hci0 cmd_cnt 1 cmd queued 1
Aug 14 20:31:20.639614 n kernel: hci0: skb 000000002d481c48
Aug 14 20:31:20.642387 n kernel: hci0: result 0x00
Aug 14 20:31:20.642404 n kernel: hci0: end: err 0
Aug 14 20:31:20.642488 n kernel: hci0: entry 0000000000558883
Aug 14 20:31:20.642513 n kernel: hci0: ADV monitoring is off
Aug 14 20:31:20.642529 n kernel: hci0: stopping background scanning
Aug 14 20:31:20.642544 n kernel: hci0: 
Aug 14 20:31:20.645380 n kernel: hci0: 
Aug 14 20:31:20.645405 n kernel: hci0: entry 00000000a1f1edf2
Aug 14 20:31:20.645417 n kernel: hci0: ADV monitoring is off
Aug 14 20:31:20.645428 n kernel: hci0: stopping background scanning
Aug 14 20:31:20.645447 n kernel: hci0: 
Aug 14 20:31:20.645464 n kernel: hci0: entry 00000000eefd693f
Aug 14 20:31:20.645474 n kernel: hci0: Opcode 0x0c3a
Aug 14 20:31:20.645484 n kernel: hci0: opcode 0x0c3a plen 4
Aug 14 20:31:20.645494 n kernel: hci0: skb len 7
Aug 14 20:31:20.645503 n kernel: hci0: length 1
Aug 14 20:31:20.645513 n kernel: hci0 cmd_cnt 1 cmd queued 1
Aug 14 20:31:20.645523 n kernel: hci0: skb 000000003b8aed21
Aug 14 20:31:20.648397 n kernel: hci0: result 0x00
Aug 14 20:31:20.648416 n kernel: hci0: end: err 0
Aug 14 20:31:20.648430 n kernel: hci0: Opcode 0x0c1a
Aug 14 20:31:20.648445 n kernel: hci0: opcode 0x0c1a plen 1
Aug 14 20:31:20.648460 n kernel: hci0: skb len 4
Aug 14 20:31:20.648474 n kernel: hci0: length 1
Aug 14 20:31:20.648487 n kernel: hci0 cmd_cnt 1 cmd queued 1
Aug 14 20:31:20.648501 n kernel: hci0: skb 00000000da5f4f5e
Aug 14 20:31:20.651392 n kernel: hci0: result 0x00
Aug 14 20:31:20.651418 n kernel: hci0: end: err 0
Aug 14 20:31:20.651434 n kernel: hci0: 
Aug 14 20:31:20.651484 n kernel: hci0: state 0 -> 1
Aug 14 20:31:20.651501 n kernel: hci0: 
Aug 14 20:31:20.651517 n kernel: hci0: entry 00000000867923da
Aug 14 20:31:20.651533 n kernel: hci0: type 7
Aug 14 20:31:20.651548 n kernel: hci0: 
Aug 14 20:31:20.651563 n kernel: hci0: cancelling interleave scan
Aug 14 20:31:20.651578 n kernel: hci0: Opcode 0x2005
Aug 14 20:31:20.651593 n kernel: hci0: opcode 0x2005 plen 6
Aug 14 20:31:20.651608 n kernel: hci0: skb len 9
Aug 14 20:31:20.651623 n kernel: hci0: length 1
Aug 14 20:31:20.651637 n kernel: hci0 cmd_cnt 1 cmd queued 1
Aug 14 20:31:20.651652 n kernel: hci0: skb 00000000f8000bf3
Aug 14 20:31:20.654390 n kernel: hci0: result 0x00
Aug 14 20:31:20.654420 n kernel: hci0: end: err 0
Aug 14 20:31:20.654433 n kernel: hci0: Opcode 0x200b
Aug 14 20:31:20.654447 n kernel: hci0: opcode 0x200b plen 7
Aug 14 20:31:20.654460 n kernel: hci0: skb len 10
Aug 14 20:31:20.654474 n kernel: hci0: length 1
Aug 14 20:31:20.654487 n kernel: hci0 cmd_cnt 1 cmd queued 1
Aug 14 20:31:20.654506 n kernel: hci0: skb 00000000e30e981a
Aug 14 20:31:20.656373 n kernel: Bluetooth: hci0: unexpected event for opcode 0x2005
Aug 14 20:31:20.658378 n kernel: hci0: result 0x00
Aug 14 20:31:20.658390 n kernel: hci0: end: err 0
Aug 14 20:31:20.658400 n kernel: hci0: Opcode 0x200c
Aug 14 20:31:20.658410 n kernel: hci0: opcode 0x200c plen 2
Aug 14 20:31:20.658420 n kernel: hci0: skb len 5
Aug 14 20:31:20.658430 n kernel: hci0: length 1
Aug 14 20:31:20.658440 n kernel: hci0 cmd_cnt 1 cmd queued 1
Aug 14 20:31:20.658450 n kernel: hci0: skb 00000000c688f555
Aug 14 20:31:20.661350 n kernel: hci0: state 1 -> 2
Aug 14 20:31:20.661421 n kernel: hci0: result 0x00
Aug 14 20:31:20.661434 n kernel: hci0: end: err 0
Aug 14 20:31:20.661446 n kernel: hci0: timeout 5120 ms
Aug 14 20:31:21.147367 n kernel: 00000000babfecdf name hci0 blocked 1
Aug 14 20:31:21.147468 n kernel: hci0 00000000babfecdf
Aug 14 20:31:21.147489 n kernel: hci0: Opcode 0x0c1a
Aug 14 20:31:21.147499 n kernel: hci0: opcode 0x0c1a plen 1
Aug 14 20:31:21.147507 n kernel: hci0: skb len 4
Aug 14 20:31:21.147516 n kernel: hci0: length 1
Aug 14 20:31:21.147526 n kernel: hci0 cmd_cnt 1 cmd queued 1
Aug 14 20:31:21.147535 n kernel: hci0: skb 00000000dbb0eaf8
Aug 14 20:31:21.150400 n kernel: hci0: result 0x00
Aug 14 20:31:21.150421 n kernel: hci0: end: err 0
Aug 14 20:31:21.150441 n kernel: hci0: state 2
Aug 14 20:31:21.150454 n kernel: hci0: Opcode 0x200c
Aug 14 20:31:21.150466 n kernel: hci0: opcode 0x200c plen 2
Aug 14 20:31:21.150479 n kernel: hci0: skb len 5
Aug 14 20:31:21.150492 n kernel: hci0: length 1
Aug 14 20:31:21.150506 n kernel: hci0 cmd_cnt 1 cmd queued 1
Aug 14 20:31:21.150526 n kernel: hci0: skb 000000005c5009a5
Aug 14 20:31:21.153390 n kernel: hci0: result 0x00
Aug 14 20:31:21.153406 n kernel: hci0: 
Aug 14 20:31:21.153422 n kernel: hci0: 
Aug 14 20:31:21.153438 n kernel: hci0: entry 00000000867923da
Aug 14 20:31:21.153454 n kernel: hci0: end: err 0
Aug 14 20:31:21.153474 n kernel: hci0: 
Aug 14 20:31:21.166358 n kernel: hci0: err 0x13
Aug 14 20:31:21.166391 n kernel: hci0: cancelling interleave scan
Aug 14 20:31:21.166411 n kernel: hci0: state 2 -> 0
Aug 14 20:31:21.166451 n kernel: hdev hci0
Aug 14 20:31:21.166472 n kernel: hci0
Aug 14 20:31:21.166494 n kernel: hci0
Aug 14 20:31:21.166539 n kernel: hci0: 
Aug 14 20:31:21.297360 n kernel: 00000000babfecdf name hci0 blocked 0
Aug 14 20:31:21.297408 n kernel: hci0: 
Aug 14 20:31:21.297420 n kernel: hci0: entry 00000000d6c16e9f
Aug 14 20:31:21.297433 n kernel: hci0: 
Aug 14 20:31:21.297445 n kernel: hci0
Aug 14 20:31:21.297456 n kernel: hci0
Aug 14 20:31:21.297469 n kernel: hci0
Aug 14 20:31:21.297487 n kernel: hci0
Aug 14 20:31:21.297497 n kernel: hci0: 
Aug 14 20:31:21.297511 n kernel: hci0: 
Aug 14 20:31:21.297524 n kernel: hci0: Opcode 0x0c03
Aug 14 20:31:21.297536 n kernel: hci0: opcode 0x0c03 plen 0
Aug 14 20:31:21.297548 n kernel: hci0: skb len 3
Aug 14 20:31:21.297578 n kernel: hci0: length 1
Aug 14 20:31:21.297591 n kernel: hci0 cmd_cnt 1 cmd queued 1
Aug 14 20:31:21.297602 n kernel: hci0: skb 00000000f81172bd
Aug 14 20:31:21.354492 n kernel: hci0: result 0x00
Aug 14 20:31:21.354513 n kernel: hci0: end: err 0
Aug 14 20:31:21.354558 n kernel: hci0: Opcode 0x1003
Aug 14 20:31:21.354588 n kernel: hci0: opcode 0x1003 plen 0
Aug 14 20:31:21.354606 n kernel: hci0: skb len 3
Aug 14 20:31:21.354633 n kernel: hci0: length 1
Aug 14 20:31:21.354650 n kernel: hci0 cmd_cnt 1 cmd queued 1
Aug 14 20:31:21.354667 n kernel: hci0: skb 00000000800ddaf2
Aug 14 20:31:21.357469 n kernel: hci0: result 0x00
Aug 14 20:31:21.357488 n kernel: hci0: end: err 0
Aug 14 20:31:21.357505 n kernel: hci0: Opcode 0x1001
Aug 14 20:31:21.357525 n kernel: hci0: opcode 0x1001 plen 0
Aug 14 20:31:21.357540 n kernel: hci0: skb len 3
Aug 14 20:31:21.357556 n kernel: hci0: length 1
Aug 14 20:31:21.357571 n kernel: hci0 cmd_cnt 1 cmd queued 1
Aug 14 20:31:21.357587 n kernel: hci0: skb 00000000c5b8123f
Aug 14 20:31:21.360430 n kernel: hci0: result 0x00
Aug 14 20:31:21.360446 n kernel: hci0: end: err 0
Aug 14 20:31:21.360455 n kernel: hci0: Opcode 0x1009
Aug 14 20:31:21.360466 n kernel: hci0: opcode 0x1009 plen 0
Aug 14 20:31:21.360474 n kernel: hci0: skb len 3
Aug 14 20:31:21.360483 n kernel: hci0: length 1
Aug 14 20:31:21.360517 n kernel: hci0 cmd_cnt 1 cmd queued 1
Aug 14 20:31:21.360531 n kernel: hci0: skb 00000000547d9eff
Aug 14 20:31:21.363493 n kernel: hci0: result 0x00
Aug 14 20:31:21.363513 n kernel: hci0: end: err 0
Aug 14 20:31:21.363544 n kernel: hci0: 
Aug 14 20:31:21.363553 n kernel: hci0: Opcode 0x1002
Aug 14 20:31:21.363563 n kernel: hci0: opcode 0x1002 plen 0
Aug 14 20:31:21.363573 n kernel: hci0: skb len 3
Aug 14 20:31:21.363597 n kernel: hci0: length 1
Aug 14 20:31:21.363607 n kernel: hci0 cmd_cnt 1 cmd queued 1
Aug 14 20:31:21.363618 n kernel: hci0: skb 00000000c785d411
Aug 14 20:31:21.370545 n kernel: hci0: result 0x00
Aug 14 20:31:21.370566 n kernel: hci0: end: err 0
Aug 14 20:31:21.370583 n kernel: hci0: Opcode 0x0c56
Aug 14 20:31:21.370601 n kernel: hci0: opcode 0x0c56 plen 1
Aug 14 20:31:21.370619 n kernel: hci0: skb len 4
Aug 14 20:31:21.370637 n kernel: hci0: length 1
Aug 14 20:31:21.370652 n kernel: hci0 cmd_cnt 1 cmd queued 1
Aug 14 20:31:21.370668 n kernel: hci0: skb 0000000002ef4a12
Aug 14 20:31:21.373439 n kernel: hci0: result 0x00
Aug 14 20:31:21.373452 n kernel: hci0: end: err 0
Aug 14 20:31:21.373464 n kernel: hci0: Opcode 0x0c45
Aug 14 20:31:21.373473 n kernel: hci0: opcode 0x0c45 plen 1
Aug 14 20:31:21.373483 n kernel: hci0: skb len 4
Aug 14 20:31:21.373510 n kernel: hci0: length 1
Aug 14 20:31:21.373522 n kernel: hci0 cmd_cnt 1 cmd queued 1
Aug 14 20:31:21.373535 n kernel: hci0: skb 00000000eb20f933
Aug 14 20:31:21.376482 n kernel: hci0: result 0x00
Aug 14 20:31:21.376495 n kernel: hci0: end: err 0
Aug 14 20:31:21.376505 n kernel: hci0: Opcode 0x0c58
Aug 14 20:31:21.376515 n kernel: hci0: opcode 0x0c58 plen 0
Aug 14 20:31:21.376525 n kernel: hci0: skb len 3
Aug 14 20:31:21.376536 n kernel: hci0: length 1
Aug 14 20:31:21.376546 n kernel: hci0 cmd_cnt 1 cmd queued 1
Aug 14 20:31:21.376556 n kernel: hci0: skb 00000000473c293c
Aug 14 20:31:21.379525 n kernel: hci0: result 0x00
Aug 14 20:31:21.379539 n kernel: hci0: end: err 0
Aug 14 20:31:21.379550 n kernel: hci0: Opcode 0x1004
Aug 14 20:31:21.379560 n kernel: hci0: opcode 0x1004 plen 1
Aug 14 20:31:21.379570 n kernel: hci0: skb len 4
Aug 14 20:31:21.379581 n kernel: hci0: length 1
Aug 14 20:31:21.379591 n kernel: hci0 cmd_cnt 1 cmd queued 1
Aug 14 20:31:21.379602 n kernel: hci0: skb 00000000bb2b77bc
Aug 14 20:31:21.383491 n kernel: hci0: result 0x00
Aug 14 20:31:21.383525 n kernel: hci0: end: err 0
Aug 14 20:31:21.383543 n kernel: hci0: Opcode 0x1005
Aug 14 20:31:21.383561 n kernel: hci0: opcode 0x1005 plen 0
Aug 14 20:31:21.383580 n kernel: hci0: skb len 3
Aug 14 20:31:21.383592 n kernel: hci0: length 1
Aug 14 20:31:21.383603 n kernel: hci0 cmd_cnt 1 cmd queued 1
Aug 14 20:31:21.383614 n kernel: hci0: skb 000000006e579c2c
Aug 14 20:31:21.386523 n kernel: hci0: result 0x00
Aug 14 20:31:21.386542 n kernel: hci0: end: err 0
Aug 14 20:31:21.386558 n kernel: hci0: Opcode 0x0c23
Aug 14 20:31:21.386575 n kernel: hci0: opcode 0x0c23 plen 0
Aug 14 20:31:21.386593 n kernel: hci0: skb len 3
Aug 14 20:31:21.386609 n kernel: hci0: length 1
Aug 14 20:31:21.386624 n kernel: hci0 cmd_cnt 1 cmd queued 1
Aug 14 20:31:21.386639 n kernel: hci0: skb 000000000c63916b
Aug 14 20:31:21.389487 n kernel: hci0: result 0x00
Aug 14 20:31:21.389554 n kernel: hci0: end: err 0
Aug 14 20:31:21.389571 n kernel: hci0: Opcode 0x0c14
Aug 14 20:31:21.389587 n kernel: hci0: opcode 0x0c14 plen 0
Aug 14 20:31:21.389602 n kernel: hci0: skb len 3
Aug 14 20:31:21.389620 n kernel: hci0: length 1
Aug 14 20:31:21.389638 n kernel: hci0 cmd_cnt 1 cmd queued 1
Aug 14 20:31:21.389676 n kernel: hci0: skb 000000002328ddee
Aug 14 20:31:21.407502 n kernel: hci0: result 0x00
Aug 14 20:31:21.407540 n kernel: hci0: end: err 0
Aug 14 20:31:21.407559 n kernel: hci0: Opcode 0x0c25
Aug 14 20:31:21.407577 n kernel: hci0: opcode 0x0c25 plen 0
Aug 14 20:31:21.407596 n kernel: hci0: skb len 3
Aug 14 20:31:21.407617 n kernel: hci0: length 1
Aug 14 20:31:21.407637 n kernel: hci0 cmd_cnt 1 cmd queued 1
Aug 14 20:31:21.407655 n kernel: hci0: skb 00000000feec4b3c
Aug 14 20:31:21.410651 n kernel: hci0: result 0x00
Aug 14 20:31:21.410668 n kernel: hci0: end: err 0
Aug 14 20:31:21.410679 n kernel: hci0: Opcode 0x0c38
Aug 14 20:31:21.410706 n kernel: hci0: opcode 0x0c38 plen 0
Aug 14 20:31:21.410717 n kernel: hci0: skb len 3
Aug 14 20:31:21.410727 n kernel: hci0: length 1
Aug 14 20:31:21.410737 n kernel: hci0 cmd_cnt 1 cmd queued 1
Aug 14 20:31:21.410747 n kernel: hci0: skb 0000000074baf7f2
Aug 14 20:31:21.413446 n kernel: hci0: result 0x00
Aug 14 20:31:21.413465 n kernel: hci0: end: err 0
Aug 14 20:31:21.413479 n kernel: hci0: Opcode 0x0c39
Aug 14 20:31:21.413494 n kernel: hci0: opcode 0x0c39 plen 0
Aug 14 20:31:21.413509 n kernel: hci0: skb len 3
Aug 14 20:31:21.413524 n kernel: hci0: length 1
Aug 14 20:31:21.413538 n kernel: hci0 cmd_cnt 1 cmd queued 1
Aug 14 20:31:21.413552 n kernel: hci0: skb 00000000792e8dc8
Aug 14 20:31:21.416442 n kernel: hci0: result 0x00
Aug 14 20:31:21.416460 n kernel: hci0: end: err 0
Aug 14 20:31:21.416475 n kernel: hci0: Opcode 0x0c16
Aug 14 20:31:21.416490 n kernel: hci0: opcode 0x0c16 plen 2
Aug 14 20:31:21.416533 n kernel: hci0: skb len 5
Aug 14 20:31:21.416549 n kernel: hci0: length 1
Aug 14 20:31:21.416562 n kernel: hci0 cmd_cnt 1 cmd queued 1
Aug 14 20:31:21.416577 n kernel: hci0: skb 00000000a714b05a
Aug 14 20:31:21.419474 n kernel: hci0: result 0x00
Aug 14 20:31:21.419545 n kernel: hci0: end: err 0
Aug 14 20:31:21.419583 n kernel: hci0: Opcode 0x2003
Aug 14 20:31:21.419614 n kernel: hci0: opcode 0x2003 plen 0
Aug 14 20:31:21.419642 n kernel: hci0: skb len 3
Aug 14 20:31:21.419669 n kernel: hci0: length 1
Aug 14 20:31:21.419694 n kernel: hci0 cmd_cnt 1 cmd queued 1
Aug 14 20:31:21.419720 n kernel: hci0: skb 000000006e579c2c
Aug 14 20:31:21.422472 n kernel: hci0: result 0x00
Aug 14 20:31:21.422494 n kernel: hci0: end: err 0
Aug 14 20:31:21.422513 n kernel: hci0: Opcode 0x2002
Aug 14 20:31:21.422535 n kernel: hci0: opcode 0x2002 plen 0
Aug 14 20:31:21.422554 n kernel: hci0: skb len 3
Aug 14 20:31:21.422573 n kernel: hci0: length 1
Aug 14 20:31:21.422590 n kernel: hci0 cmd_cnt 1 cmd queued 1
Aug 14 20:31:21.422622 n kernel: hci0: skb 00000000bb2b77bc
Aug 14 20:31:21.425470 n kernel: hci0: result 0x00
Aug 14 20:31:21.425497 n kernel: hci0: end: err 0
Aug 14 20:31:21.425513 n kernel: hci0: Opcode 0x201c
Aug 14 20:31:21.425530 n kernel: hci0: opcode 0x201c plen 0
Aug 14 20:31:21.425545 n kernel: hci0: skb len 3
Aug 14 20:31:21.425562 n kernel: hci0: length 1
Aug 14 20:31:21.425580 n kernel: hci0 cmd_cnt 1 cmd queued 1
Aug 14 20:31:21.425597 n kernel: hci0: skb 00000000473c293c
Aug 14 20:31:21.428442 n kernel: hci0: result 0x00
Aug 14 20:31:21.428453 n kernel: hci0: end: err 0
Aug 14 20:31:21.428487 n kernel: hci0: 
Aug 14 20:31:21.428497 n kernel: hci0: Opcode 0x0c01
Aug 14 20:31:21.428506 n kernel: hci0: opcode 0x0c01 plen 8
Aug 14 20:31:21.428517 n kernel: hci0: skb len 11
Aug 14 20:31:21.428527 n kernel: hci0: length 1
Aug 14 20:31:21.428537 n kernel: hci0 cmd_cnt 1 cmd queued 1
Aug 14 20:31:21.428546 n kernel: hci0: skb 00000000eb20f933
Aug 14 20:31:21.431421 n kernel: hci0: result 0x00
Aug 14 20:31:21.431431 n kernel: hci0: end: err 0
Aug 14 20:31:21.431438 n kernel: hci0: Opcode 0x0c0d
Aug 14 20:31:21.431446 n kernel: hci0: opcode 0x0c0d plen 7
Aug 14 20:31:21.431453 n kernel: hci0: skb len 10
Aug 14 20:31:21.431461 n kernel: hci0: length 1
Aug 14 20:31:21.431470 n kernel: hci0 cmd_cnt 1 cmd queued 1
Aug 14 20:31:21.431479 n kernel: hci0: skb 0000000002ef4a12
Aug 14 20:31:21.434434 n kernel: hci0: result 0x00
Aug 14 20:31:21.434452 n kernel: hci0: end: err 0
Aug 14 20:31:21.434467 n kernel: hci0: Opcode 0x080f
Aug 14 20:31:21.434484 n kernel: hci0: opcode 0x080f plen 2
Aug 14 20:31:21.434517 n kernel: hci0: skb len 5
Aug 14 20:31:21.434535 n kernel: hci0: length 1
Aug 14 20:31:21.434550 n kernel: hci0 cmd_cnt 1 cmd queued 1
Aug 14 20:31:21.434565 n kernel: hci0: skb 00000000c785d411
Aug 14 20:31:21.437502 n kernel: hci0: result 0x00
Aug 14 20:31:21.437526 n kernel: hci0: end: err 0
Aug 14 20:31:21.437546 n kernel: hci0: Opcode 0x0c1b
Aug 14 20:31:21.437562 n kernel: hci0: opcode 0x0c1b plen 0
Aug 14 20:31:21.437578 n kernel: hci0: skb len 3
Aug 14 20:31:21.437593 n kernel: hci0: length 1
Aug 14 20:31:21.437608 n kernel: hci0 cmd_cnt 1 cmd queued 1
Aug 14 20:31:21.437624 n kernel: hci0: skb 00000000547d9eff
Aug 14 20:31:21.440443 n kernel: hci0: result 0x00
Aug 14 20:31:21.440461 n kernel: hci0: end: err 0
Aug 14 20:31:21.440476 n kernel: hci0: Opcode 0x0c46
Aug 14 20:31:21.440491 n kernel: hci0: opcode 0x0c46 plen 0
Aug 14 20:31:21.440506 n kernel: hci0: skb len 3
Aug 14 20:31:21.440555 n kernel: hci0: length 1
Aug 14 20:31:21.440569 n kernel: hci0 cmd_cnt 1 cmd queued 1
Aug 14 20:31:21.440584 n kernel: hci0: skb 00000000c5b8123f
Aug 14 20:31:21.443451 n kernel: hci0: result 0x00
Aug 14 20:31:21.443552 n kernel: hci0: end: err 0
Aug 14 20:31:21.443568 n kernel: hci0: Opcode 0x1004
Aug 14 20:31:21.443583 n kernel: hci0: opcode 0x1004 plen 1
Aug 14 20:31:21.443599 n kernel: hci0: skb len 4
Aug 14 20:31:21.443613 n kernel: hci0: length 1
Aug 14 20:31:21.443627 n kernel: hci0 cmd_cnt 1 cmd queued 1
Aug 14 20:31:21.443641 n kernel: hci0: skb 00000000800ddaf2
Aug 14 20:31:21.447456 n kernel: hci0: result 0x00
Aug 14 20:31:21.447468 n kernel: hci0: end: err 0
Aug 14 20:31:21.447478 n kernel: hci0: Opcode 0x2001
Aug 14 20:31:21.447488 n kernel: hci0: opcode 0x2001 plen 8
Aug 14 20:31:21.447527 n kernel: hci0: skb len 11
Aug 14 20:31:21.447538 n kernel: hci0: length 1
Aug 14 20:31:21.447548 n kernel: hci0 cmd_cnt 1 cmd queued 1
Aug 14 20:31:21.447558 n kernel: hci0: skb 00000000f81172bd
Aug 14 20:31:21.450491 n kernel: hci0: result 0x00
Aug 14 20:31:21.450516 n kernel: hci0: end: err 0
Aug 14 20:31:21.450536 n kernel: hci0: Opcode 0x2007
Aug 14 20:31:21.450556 n kernel: hci0: opcode 0x2007 plen 0
Aug 14 20:31:21.450576 n kernel: hci0: skb len 3
Aug 14 20:31:21.450597 n kernel: hci0: length 1
Aug 14 20:31:21.450617 n kernel: hci0 cmd_cnt 1 cmd queued 1
Aug 14 20:31:21.450636 n kernel: hci0: skb 000000000fd660d4
Aug 14 20:31:21.453448 n kernel: hci0: result 0x00
Aug 14 20:31:21.453467 n kernel: hci0: end: err 0
Aug 14 20:31:21.453483 n kernel: hci0: Opcode 0x200f
Aug 14 20:31:21.453502 n kernel: hci0: opcode 0x200f plen 0
Aug 14 20:31:21.453519 n kernel: hci0: skb len 3
Aug 14 20:31:21.453534 n kernel: hci0: length 1
Aug 14 20:31:21.453548 n kernel: hci0 cmd_cnt 1 cmd queued 1
Aug 14 20:31:21.453565 n kernel: hci0: skb 00000000878b7b4b
Aug 14 20:31:21.456443 n kernel: hci0: result 0x00
Aug 14 20:31:21.456456 n kernel: hci0: end: err 0
Aug 14 20:31:21.456466 n kernel: hci0: Opcode 0x2010
Aug 14 20:31:21.456476 n kernel: hci0: opcode 0x2010 plen 0
Aug 14 20:31:21.456486 n kernel: hci0: skb len 3
Aug 14 20:31:21.456495 n kernel: hci0: length 1
Aug 14 20:31:21.456533 n kernel: hci0 cmd_cnt 1 cmd queued 1
Aug 14 20:31:21.456543 n kernel: hci0: skb 00000000a61a8144
Aug 14 20:31:21.459443 n kernel: hci0: result 0x00
Aug 14 20:31:21.459455 n kernel: hci0: end: err 0
Aug 14 20:31:21.459466 n kernel: hci0: Opcode 0x202a
Aug 14 20:31:21.459475 n kernel: hci0: opcode 0x202a plen 0
Aug 14 20:31:21.459484 n kernel: hci0: skb len 3
Aug 14 20:31:21.459493 n kernel: hci0: length 1
Aug 14 20:31:21.459503 n kernel: hci0 cmd_cnt 1 cmd queued 1
Aug 14 20:31:21.459512 n kernel: hci0: skb 00000000bddf5e63
Aug 14 20:31:21.462444 n kernel: hci0: result 0x00
Aug 14 20:31:21.462455 n kernel: hci0: end: err 0
Aug 14 20:31:21.462467 n kernel: hci0: Opcode 0x2029
Aug 14 20:31:21.462476 n kernel: hci0: opcode 0x2029 plen 0
Aug 14 20:31:21.462506 n kernel: hci0: skb len 3
Aug 14 20:31:21.462523 n kernel: hci0: length 1
Aug 14 20:31:21.462533 n kernel: hci0 cmd_cnt 1 cmd queued 1
Aug 14 20:31:21.462542 n kernel: hci0: skb 00000000c5b8123f
Aug 14 20:31:21.465398 n kernel: hci0: result 0x00
Aug 14 20:31:21.465415 n kernel: hci0: end: err 0
Aug 14 20:31:21.465424 n kernel: hci0: Opcode 0x202e
Aug 14 20:31:21.465434 n kernel: hci0: opcode 0x202e plen 2
Aug 14 20:31:21.465443 n kernel: hci0: skb len 5
Aug 14 20:31:21.465455 n kernel: hci0: length 1
Aug 14 20:31:21.465465 n kernel: hci0 cmd_cnt 1 cmd queued 1
Aug 14 20:31:21.465475 n kernel: hci0: skb 00000000547d9eff
Aug 14 20:31:21.468491 n kernel: hci0: result 0x00
Aug 14 20:31:21.468513 n kernel: hci0: end: err 0
Aug 14 20:31:21.468533 n kernel: hci0: Opcode 0x0c6d
Aug 14 20:31:21.468551 n kernel: hci0: opcode 0x0c6d plen 2
Aug 14 20:31:21.468571 n kernel: hci0: skb len 5
Aug 14 20:31:21.468588 n kernel: hci0: length 1
Aug 14 20:31:21.468605 n kernel: hci0 cmd_cnt 1 cmd queued 1
Aug 14 20:31:21.468624 n kernel: hci0: skb 00000000c785d411
Aug 14 20:31:21.471495 n kernel: hci0: result 0x00
Aug 14 20:31:21.471557 n kernel: hci0: end: err 0
Aug 14 20:31:21.471574 n kernel: hci0: 
Aug 14 20:31:21.471590 n kernel: hci0: Opcode 0x0c12
Aug 14 20:31:21.471607 n kernel: hci0: opcode 0x0c12 plen 7
Aug 14 20:31:21.471626 n kernel: hci0: skb len 10
Aug 14 20:31:21.471644 n kernel: hci0: length 1
Aug 14 20:31:21.471661 n kernel: hci0 cmd_cnt 1 cmd queued 1
Aug 14 20:31:21.471677 n kernel: hci0: skb 0000000002ef4a12
Aug 14 20:31:21.475442 n kernel: hci0: result 0x00
Aug 14 20:31:21.475453 n kernel: hci0: end: err 0
Aug 14 20:31:21.475486 n kernel: hci0: Opcode 0x0c77
Aug 14 20:31:21.475495 n kernel: hci0: opcode 0x0c77 plen 0
Aug 14 20:31:21.475508 n kernel: hci0: skb len 3
Aug 14 20:31:21.475518 n kernel: hci0: length 1
Aug 14 20:31:21.475529 n kernel: hci0 cmd_cnt 1 cmd queued 1
Aug 14 20:31:21.475539 n kernel: hci0: skb 00000000eb20f933
Aug 14 20:31:21.477497 n kernel: hci0: result 0x00
Aug 14 20:31:21.477517 n kernel: hci0: end: err 0
Aug 14 20:31:21.477536 n kernel: hci0: Opcode 0x0c7a
Aug 14 20:31:21.477553 n kernel: hci0: opcode 0x0c7a plen 1
Aug 14 20:31:21.477568 n kernel: hci0: skb len 4
Aug 14 20:31:21.477584 n kernel: hci0: length 1
Aug 14 20:31:21.477600 n kernel: hci0 cmd_cnt 1 cmd queued 1
Aug 14 20:31:21.477617 n kernel: hci0: skb 00000000473c293c
Aug 14 20:31:21.480451 n kernel: hci0: result 0x00
Aug 14 20:31:21.480464 n kernel: hci0: end: err 0
Aug 14 20:31:21.480473 n kernel: hci0: Opcode 0x0c1a
Aug 14 20:31:21.480483 n kernel: hci0: opcode 0x0c1a plen 1
Aug 14 20:31:21.480492 n kernel: hci0: skb len 4
Aug 14 20:31:21.480502 n kernel: hci0: length 1
Aug 14 20:31:21.480512 n kernel: hci0 cmd_cnt 1 cmd queued 1
Aug 14 20:31:21.480521 n kernel: hci0: skb 00000000bb2b77bc
Aug 14 20:31:21.483444 n kernel: hci0: result 0x00
Aug 14 20:31:21.483483 n kernel: hci0: end: err 0
Aug 14 20:31:21.483494 n kernel: hci0: 
Aug 14 20:31:21.483503 n kernel: hci0: Opcode 0x0c24
Aug 14 20:31:21.483516 n kernel: hci0: opcode 0x0c24 plen 3
Aug 14 20:31:21.483526 n kernel: hci0: skb len 6
Aug 14 20:31:21.483537 n kernel: hci0: length 1
Aug 14 20:31:21.483546 n kernel: hci0 cmd_cnt 1 cmd queued 1
Aug 14 20:31:21.483556 n kernel: hci0: skb 000000006e579c2c
Aug 14 20:31:21.486669 n kernel: hci0: result 0x00
Aug 14 20:31:21.486696 n kernel: hci0: end: err 0
Aug 14 20:31:21.486718 n kernel: hci0: Opcode 0x0c13
Aug 14 20:31:21.486737 n kernel: hci0: opcode 0x0c13 plen 248
Aug 14 20:31:21.486760 n kernel: hci0: skb len 251
Aug 14 20:31:21.486784 n kernel: hci0: length 1
Aug 14 20:31:21.486828 n kernel: hci0 cmd_cnt 1 cmd queued 1
Aug 14 20:31:21.486856 n kernel: hci0: skb 00000000a714b05a
Aug 14 20:31:21.489436 n kernel: hci0: result 0x00
Aug 14 20:31:21.489462 n kernel: hci0: end: err 0
Aug 14 20:31:21.489477 n kernel: hci0: 
Aug 14 20:31:21.489492 n kernel: hci0: Opcode 0x0c52
Aug 14 20:31:21.489507 n kernel: hci0: opcode 0x0c52 plen 241
Aug 14 20:31:21.489522 n kernel: hci0: skb len 244
Aug 14 20:31:21.489565 n kernel: hci0: length 1
Aug 14 20:31:21.489579 n kernel: hci0 cmd_cnt 1 cmd queued 1
Aug 14 20:31:21.489593 n kernel: hci0: skb 00000000fe7fb53c
Aug 14 20:31:21.492391 n kernel: hci0: result 0x00
Aug 14 20:31:21.492412 n kernel: hci0: end: err 0
Aug 14 20:31:21.492430 n kernel: hci0: entry 0000000000558883
Aug 14 20:31:21.492451 n kernel: hci0: ADV monitoring is off
Aug 14 20:31:21.492472 n kernel: hci0: stopping background scanning
Aug 14 20:31:21.492489 n kernel: hci0: 
Aug 14 20:31:21.495374 n kernel: hci0: 
Aug 14 20:31:21.495383 n kernel: hci0: entry 000000004e48c55f
Aug 14 20:31:21.495392 n kernel: hci0: ADV monitoring is off
Aug 14 20:31:21.495400 n kernel: hci0: stopping background scanning
Aug 14 20:31:21.495416 n kernel: hci0: 
Aug 14 20:31:21.495424 n kernel: hci0: entry 000000000768c10e
Aug 14 20:31:21.495432 n kernel: hci0: Opcode 0x0c3a
Aug 14 20:31:21.495440 n kernel: hci0: opcode 0x0c3a plen 4
Aug 14 20:31:21.495448 n kernel: hci0: skb len 7
Aug 14 20:31:21.495465 n kernel: hci0: length 1
Aug 14 20:31:21.495473 n kernel: hci0 cmd_cnt 1 cmd queued 1
Aug 14 20:31:21.495487 n kernel: hci0: skb 00000000785c8c0d
Aug 14 20:31:21.498385 n kernel: hci0: result 0x00
Aug 14 20:31:21.498403 n kernel: hci0: end: err 0
Aug 14 20:31:21.498419 n kernel: hci0: Opcode 0x0c1a
Aug 14 20:31:21.498448 n kernel: hci0: opcode 0x0c1a plen 1
Aug 14 20:31:21.498463 n kernel: hci0: skb len 4
Aug 14 20:31:21.498477 n kernel: hci0: length 1
Aug 14 20:31:21.498491 n kernel: hci0 cmd_cnt 1 cmd queued 1
Aug 14 20:31:21.498505 n kernel: hci0: skb 0000000090cc42f8
Aug 14 20:31:21.501415 n kernel: hci0: result 0x00
Aug 14 20:31:21.501448 n kernel: hci0: end: err 0
Aug 14 20:31:21.501478 n kernel: hci0: 
Aug 14 20:31:21.501525 n kernel: hci0: state 0 -> 1
Aug 14 20:31:21.501548 n kernel: hci0: 
Aug 14 20:31:21.501569 n kernel: hci0: entry 0000000035f81706
Aug 14 20:31:21.501582 n kernel: hci0: type 7
Aug 14 20:31:21.501595 n kernel: hci0: 
Aug 14 20:31:21.501607 n kernel: hci0: cancelling interleave scan
Aug 14 20:31:21.501619 n kernel: hci0: Opcode 0x2005
Aug 14 20:31:21.501632 n kernel: hci0: opcode 0x2005 plen 6
Aug 14 20:31:21.501645 n kernel: hci0: skb len 9
Aug 14 20:31:21.501657 n kernel: hci0: length 1
Aug 14 20:31:21.501669 n kernel: hci0 cmd_cnt 1 cmd queued 1
Aug 14 20:31:21.501682 n kernel: hci0: skb 00000000f37e9416
Aug 14 20:31:21.504397 n kernel: hci0: result 0x00
Aug 14 20:31:21.504417 n kernel: hci0: end: err 0
Aug 14 20:31:21.504432 n kernel: hci0: Opcode 0x200b
Aug 14 20:31:21.504448 n kernel: hci0: opcode 0x200b plen 7
Aug 14 20:31:21.504464 n kernel: hci0: skb len 10
Aug 14 20:31:21.504491 n kernel: hci0: length 1
Aug 14 20:31:21.504504 n kernel: hci0 cmd_cnt 1 cmd queued 1
Aug 14 20:31:21.504517 n kernel: hci0: skb 00000000919db9e2
Aug 14 20:31:21.506381 n kernel: Bluetooth: hci0: unexpected event for opcode 0x2005
Aug 14 20:31:21.508388 n kernel: hci0: result 0x00
Aug 14 20:31:21.508420 n kernel: hci0: end: err 0
Aug 14 20:31:21.508435 n kernel: hci0: Opcode 0x200c
Aug 14 20:31:21.508450 n kernel: hci0: opcode 0x200c plen 2
Aug 14 20:31:21.508465 n kernel: hci0: skb len 5
Aug 14 20:31:21.508479 n kernel: hci0: length 1
Aug 14 20:31:21.508499 n kernel: hci0 cmd_cnt 1 cmd queued 1
Aug 14 20:31:21.508513 n kernel: hci0: skb 000000006f02b9c7
Aug 14 20:31:21.511357 n kernel: hci0: state 1 -> 2
Aug 14 20:31:21.511413 n kernel: hci0: result 0x00
Aug 14 20:31:21.511439 n kernel: hci0: end: err 0
Aug 14 20:31:21.511460 n kernel: hci0: timeout 5120 ms
Aug 14 20:31:21.630841 n kernel: 00000000babfecdf name hci0 blocked 1
Aug 14 20:31:21.630863 n kernel: hci0 00000000babfecdf
Aug 14 20:31:21.630873 n kernel: hci0: Opcode 0x0c1a
Aug 14 20:31:21.630883 n kernel: hci0: opcode 0x0c1a plen 1
Aug 14 20:31:21.630893 n kernel: hci0: skb len 4
Aug 14 20:31:21.630902 n kernel: hci0: length 1
Aug 14 20:31:21.630912 n kernel: hci0 cmd_cnt 1 cmd queued 1
Aug 14 20:31:21.630928 n kernel: hci0: skb 00000000ee27940a
Aug 14 20:31:21.633398 n kernel: hci0: result 0x00
Aug 14 20:31:21.633443 n kernel: hci0: end: err 0
Aug 14 20:31:21.633453 n kernel: hci0: state 2
Aug 14 20:31:21.633464 n kernel: hci0: Opcode 0x200c
Aug 14 20:31:21.633475 n kernel: hci0: opcode 0x200c plen 2
Aug 14 20:31:21.633484 n kernel: hci0: skb len 5
Aug 14 20:31:21.633497 n kernel: hci0: length 1
Aug 14 20:31:21.633507 n kernel: hci0 cmd_cnt 1 cmd queued 1
Aug 14 20:31:21.633515 n kernel: hci0: skb 00000000473c293c
Aug 14 20:31:21.636496 n kernel: hci0: result 0x00
Aug 14 20:31:21.636526 n kernel: hci0: 
Aug 14 20:31:21.636545 n kernel: hci0: 
Aug 14 20:31:21.636561 n kernel: hci0: entry 00000000867923da
Aug 14 20:31:21.636577 n kernel: hci0: end: err 0
Aug 14 20:31:21.636593 n kernel: hci0: 
Aug 14 20:31:21.645388 n kernel: hci0: err 0x13
Aug 14 20:31:21.645411 n kernel: hci0: cancelling interleave scan
Aug 14 20:31:21.645428 n kernel: hci0: state 2 -> 0
Aug 14 20:31:21.645461 n kernel: hdev hci0
Aug 14 20:31:21.645477 n kernel: hci0
Aug 14 20:31:21.645531 n kernel: hci0
Aug 14 20:31:21.645547 n kernel: hci0: 
Aug 14 20:31:21.780353 n kernel: 00000000babfecdf name hci0 blocked 0
Aug 14 20:31:21.780398 n kernel: hci0: 
Aug 14 20:31:21.780408 n kernel: hci0: entry 00000000bc026be7
Aug 14 20:31:21.780418 n kernel: hci0: 
Aug 14 20:31:21.780426 n kernel: hci0
Aug 14 20:31:21.780435 n kernel: hci0
Aug 14 20:31:21.780443 n kernel: hci0
Aug 14 20:31:21.780452 n kernel: hci0
Aug 14 20:31:21.780460 n kernel: hci0: 
Aug 14 20:31:21.780468 n kernel: hci0: 
Aug 14 20:31:21.780477 n kernel: hci0: Opcode 0x0c03
Aug 14 20:31:21.780486 n kernel: hci0: opcode 0x0c03 plen 0
Aug 14 20:31:21.780496 n kernel: hci0: skb len 3
Aug 14 20:31:21.780510 n kernel: hci0: length 1
Aug 14 20:31:21.780520 n kernel: hci0 cmd_cnt 1 cmd queued 1
Aug 14 20:31:21.780529 n kernel: hci0: skb 00000000864eea07
Aug 14 20:31:21.837508 n kernel: hci0: result 0x00
Aug 14 20:31:21.837528 n kernel: hci0: end: err 0
Aug 14 20:31:21.837545 n kernel: hci0: Opcode 0x1003
Aug 14 20:31:21.837562 n kernel: hci0: opcode 0x1003 plen 0
Aug 14 20:31:21.837578 n kernel: hci0: skb len 3
Aug 14 20:31:21.837594 n kernel: hci0: length 1
Aug 14 20:31:21.837610 n kernel: hci0 cmd_cnt 1 cmd queued 1
Aug 14 20:31:21.837629 n kernel: hci0: skb 0000000074baf7f2
Aug 14 20:31:21.840489 n kernel: hci0: result 0x00
Aug 14 20:31:21.840522 n kernel: hci0: end: err 0
Aug 14 20:31:21.840538 n kernel: hci0: Opcode 0x1001
Aug 14 20:31:21.840554 n kernel: hci0: opcode 0x1001 plen 0
Aug 14 20:31:21.840570 n kernel: hci0: skb len 3
Aug 14 20:31:21.840586 n kernel: hci0: length 1
Aug 14 20:31:21.840605 n kernel: hci0 cmd_cnt 1 cmd queued 1
Aug 14 20:31:21.840624 n kernel: hci0: skb 0000000037bc8584
Aug 14 20:31:21.843525 n kernel: hci0: result 0x00
Aug 14 20:31:21.843550 n kernel: hci0: end: err 0
Aug 14 20:31:21.843567 n kernel: hci0: Opcode 0x1009
Aug 14 20:31:21.843583 n kernel: hci0: opcode 0x1009 plen 0
Aug 14 20:31:21.843598 n kernel: hci0: skb len 3
Aug 14 20:31:21.843613 n kernel: hci0: length 1
Aug 14 20:31:21.843633 n kernel: hci0 cmd_cnt 1 cmd queued 1
Aug 14 20:31:21.843653 n kernel: hci0: skb 000000009918b631
Aug 14 20:31:21.846442 n kernel: hci0: result 0x00
Aug 14 20:31:21.846454 n kernel: hci0: end: err 0
Aug 14 20:31:21.846480 n kernel: hci0: 
Aug 14 20:31:21.846489 n kernel: hci0: Opcode 0x1002
Aug 14 20:31:21.846499 n kernel: hci0: opcode 0x1002 plen 0
Aug 14 20:31:21.846508 n kernel: hci0: skb len 3
Aug 14 20:31:21.846518 n kernel: hci0: length 1
Aug 14 20:31:21.846528 n kernel: hci0 cmd_cnt 1 cmd queued 1
Aug 14 20:31:21.846538 n kernel: hci0: skb 00000000284e2496
Aug 14 20:31:21.853497 n kernel: hci0: result 0x00
Aug 14 20:31:21.853519 n kernel: hci0: end: err 0
Aug 14 20:31:21.853545 n kernel: hci0: Opcode 0x0c56
Aug 14 20:31:21.853571 n kernel: hci0: opcode 0x0c56 plen 1
Aug 14 20:31:21.853597 n kernel: hci0: skb len 4
Aug 14 20:31:21.853624 n kernel: hci0: length 1
Aug 14 20:31:21.853649 n kernel: hci0 cmd_cnt 1 cmd queued 1
Aug 14 20:31:21.853676 n kernel: hci0: skb 00000000dbb0eaf8
Aug 14 20:31:21.856439 n kernel: hci0: result 0x00
Aug 14 20:31:21.856455 n kernel: hci0: end: err 0
Aug 14 20:31:21.856467 n kernel: hci0: Opcode 0x0c45
Aug 14 20:31:21.856479 n kernel: hci0: opcode 0x0c45 plen 1
Aug 14 20:31:21.856491 n kernel: hci0: skb len 4
Aug 14 20:31:21.856503 n kernel: hci0: length 1
Aug 14 20:31:21.856515 n kernel: hci0 cmd_cnt 1 cmd queued 1
Aug 14 20:31:21.856527 n kernel: hci0: skb 00000000e4d795d8
Aug 14 20:31:21.859490 n kernel: hci0: result 0x00
Aug 14 20:31:21.859510 n kernel: hci0: end: err 0
Aug 14 20:31:21.859527 n kernel: hci0: Opcode 0x0c58
Aug 14 20:31:21.859543 n kernel: hci0: opcode 0x0c58 plen 0
Aug 14 20:31:21.859558 n kernel: hci0: skb len 3
Aug 14 20:31:21.859575 n kernel: hci0: length 1
Aug 14 20:31:21.859595 n kernel: hci0 cmd_cnt 1 cmd queued 1
Aug 14 20:31:21.859612 n kernel: hci0: skb 00000000a4b2d35e
Aug 14 20:31:21.862429 n kernel: hci0: result 0x00
Aug 14 20:31:21.862448 n kernel: hci0: end: err 0
Aug 14 20:31:21.862463 n kernel: hci0: Opcode 0x1004
Aug 14 20:31:21.862480 n kernel: hci0: opcode 0x1004 plen 1
Aug 14 20:31:21.862495 n kernel: hci0: skb len 4
Aug 14 20:31:21.862511 n kernel: hci0: length 1
Aug 14 20:31:21.862528 n kernel: hci0 cmd_cnt 1 cmd queued 1
Aug 14 20:31:21.862544 n kernel: hci0: skb 000000007321c78b
Aug 14 20:31:21.866419 n kernel: hci0: result 0x00
Aug 14 20:31:21.866439 n kernel: hci0: end: err 0
Aug 14 20:31:21.866455 n kernel: hci0: Opcode 0x1005
Aug 14 20:31:21.866471 n kernel: hci0: opcode 0x1005 plen 0
Aug 14 20:31:21.866490 n kernel: hci0: skb len 3
Aug 14 20:31:21.866512 n kernel: hci0: length 1
Aug 14 20:31:21.866529 n kernel: hci0 cmd_cnt 1 cmd queued 1
Aug 14 20:31:21.866545 n kernel: hci0: skb 000000001f6a44b3
Aug 14 20:31:21.869410 n kernel: hci0: result 0x00
Aug 14 20:31:21.869429 n kernel: hci0: end: err 0
Aug 14 20:31:21.869445 n kernel: hci0: Opcode 0x0c23
Aug 14 20:31:21.869484 n kernel: hci0: opcode 0x0c23 plen 0
Aug 14 20:31:21.869502 n kernel: hci0: skb len 3
Aug 14 20:31:21.869522 n kernel: hci0: length 1
Aug 14 20:31:21.869539 n kernel: hci0 cmd_cnt 1 cmd queued 1
Aug 14 20:31:21.869554 n kernel: hci0: skb 00000000b97f5699
Aug 14 20:31:21.872424 n kernel: hci0: result 0x00
Aug 14 20:31:21.872466 n kernel: hci0: end: err 0
Aug 14 20:31:21.872505 n kernel: hci0: Opcode 0x0c14
Aug 14 20:31:21.872544 n kernel: hci0: opcode 0x0c14 plen 0
Aug 14 20:31:21.872563 n kernel: hci0: skb len 3
Aug 14 20:31:21.872579 n kernel: hci0: length 1
Aug 14 20:31:21.872594 n kernel: hci0 cmd_cnt 1 cmd queued 1
Aug 14 20:31:21.872610 n kernel: hci0: skb 0000000021f8c324
Aug 14 20:31:21.890488 n kernel: hci0: result 0x00
Aug 14 20:31:21.890509 n kernel: hci0: end: err 0
Aug 14 20:31:21.890525 n kernel: hci0: Opcode 0x0c25
Aug 14 20:31:21.890541 n kernel: hci0: opcode 0x0c25 plen 0
Aug 14 20:31:21.890557 n kernel: hci0: skb len 3
Aug 14 20:31:21.890573 n kernel: hci0: length 1
Aug 14 20:31:21.890640 n kernel: hci0 cmd_cnt 1 cmd queued 1
Aug 14 20:31:21.890657 n kernel: hci0: skb 000000002c5264c4
Aug 14 20:31:21.893461 n kernel: hci0: result 0x00
Aug 14 20:31:21.893500 n kernel: hci0: end: err 0
Aug 14 20:31:21.893523 n kernel: hci0: Opcode 0x0c38
Aug 14 20:31:21.893539 n kernel: hci0: opcode 0x0c38 plen 0
Aug 14 20:31:21.893555 n kernel: hci0: skb len 3
Aug 14 20:31:21.893573 n kernel: hci0: length 1
Aug 14 20:31:21.893592 n kernel: hci0 cmd_cnt 1 cmd queued 1
Aug 14 20:31:21.893608 n kernel: hci0: skb 00000000435c19ea
Aug 14 20:31:21.896413 n kernel: hci0: result 0x00
Aug 14 20:31:21.896432 n kernel: hci0: end: err 0
Aug 14 20:31:21.896448 n kernel: hci0: Opcode 0x0c39
Aug 14 20:31:21.896465 n kernel: hci0: opcode 0x0c39 plen 0
Aug 14 20:31:21.896474 n kernel: hci0: skb len 3
Aug 14 20:31:21.896482 n kernel: hci0: length 1
Aug 14 20:31:21.896491 n kernel: hci0 cmd_cnt 1 cmd queued 1
Aug 14 20:31:21.896500 n kernel: hci0: skb 000000003292b51a
Aug 14 20:31:21.899438 n kernel: hci0: result 0x00
Aug 14 20:31:21.899450 n kernel: hci0: end: err 0
Aug 14 20:31:21.899460 n kernel: hci0: Opcode 0x0c16
Aug 14 20:31:21.899469 n kernel: hci0: opcode 0x0c16 plen 2
Aug 14 20:31:21.899478 n kernel: hci0: skb len 5
Aug 14 20:31:21.899488 n kernel: hci0: length 1
Aug 14 20:31:21.899497 n kernel: hci0 cmd_cnt 1 cmd queued 1
Aug 14 20:31:21.899506 n kernel: hci0: skb 00000000d0d378ec
Aug 14 20:31:21.902443 n kernel: hci0: result 0x00
Aug 14 20:31:21.902456 n kernel: hci0: end: err 0
Aug 14 20:31:21.902466 n kernel: hci0: Opcode 0x2003
Aug 14 20:31:21.902476 n kernel: hci0: opcode 0x2003 plen 0
Aug 14 20:31:21.902509 n kernel: hci0: skb len 3
Aug 14 20:31:21.902522 n kernel: hci0: length 1
Aug 14 20:31:21.902534 n kernel: hci0 cmd_cnt 1 cmd queued 1
Aug 14 20:31:21.902544 n kernel: hci0: skb 0000000002ef4a12
Aug 14 20:31:21.905481 n kernel: hci0: result 0x00
Aug 14 20:31:21.905502 n kernel: hci0: end: err 0
Aug 14 20:31:21.905511 n kernel: hci0: Opcode 0x2002
Aug 14 20:31:21.905518 n kernel: hci0: opcode 0x2002 plen 0
Aug 14 20:31:21.905526 n kernel: hci0: skb len 3
Aug 14 20:31:21.905534 n kernel: hci0: length 1
Aug 14 20:31:21.905541 n kernel: hci0 cmd_cnt 1 cmd queued 1
Aug 14 20:31:21.905548 n kernel: hci0: skb 000000002264d157
Aug 14 20:31:21.908487 n kernel: hci0: result 0x00
Aug 14 20:31:21.908506 n kernel: hci0: end: err 0
Aug 14 20:31:21.908545 n kernel: hci0: Opcode 0x201c
Aug 14 20:31:21.908561 n kernel: hci0: opcode 0x201c plen 0
Aug 14 20:31:21.908576 n kernel: hci0: skb len 3
Aug 14 20:31:21.908592 n kernel: hci0: length 1
Aug 14 20:31:21.908610 n kernel: hci0 cmd_cnt 1 cmd queued 1
Aug 14 20:31:21.908629 n kernel: hci0: skb 000000003edc81d8
Aug 14 20:31:21.911489 n kernel: hci0: result 0x00
Aug 14 20:31:21.911510 n kernel: hci0: end: err 0
Aug 14 20:31:21.911527 n kernel: hci0: 
Aug 14 20:31:21.911545 n kernel: hci0: Opcode 0x0c01
Aug 14 20:31:21.911562 n kernel: hci0: opcode 0x0c01 plen 8
Aug 14 20:31:21.911584 n kernel: hci0: skb len 11
Aug 14 20:31:21.911603 n kernel: hci0: length 1
Aug 14 20:31:21.911624 n kernel: hci0 cmd_cnt 1 cmd queued 1
Aug 14 20:31:21.911667 n kernel: hci0: skb 00000000502c2854
Aug 14 20:31:21.914385 n kernel: hci0: result 0x00
Aug 14 20:31:21.914409 n kernel: hci0: end: err 0
Aug 14 20:31:21.914421 n kernel: hci0: Opcode 0x0c0d
Aug 14 20:31:21.914432 n kernel: hci0: opcode 0x0c0d plen 7
Aug 14 20:31:21.914458 n kernel: hci0: skb len 10
Aug 14 20:31:21.914470 n kernel: hci0: length 1
Aug 14 20:31:21.914480 n kernel: hci0 cmd_cnt 1 cmd queued 1
Aug 14 20:31:21.914491 n kernel: hci0: skb 00000000be2d1b88
Aug 14 20:31:21.917418 n kernel: hci0: result 0x00
Aug 14 20:31:21.917444 n kernel: hci0: end: err 0
Aug 14 20:31:21.917460 n kernel: hci0: Opcode 0x080f
Aug 14 20:31:21.917476 n kernel: hci0: opcode 0x080f plen 2
Aug 14 20:31:21.917493 n kernel: hci0: skb len 5
Aug 14 20:31:21.917510 n kernel: hci0: length 1
Aug 14 20:31:21.917525 n kernel: hci0 cmd_cnt 1 cmd queued 1
Aug 14 20:31:21.917540 n kernel: hci0: skb 00000000d1e4cbfe
Aug 14 20:31:21.920388 n kernel: hci0: result 0x00
Aug 14 20:31:21.920399 n kernel: hci0: end: err 0
Aug 14 20:31:21.920417 n kernel: hci0: Opcode 0x0c1b
Aug 14 20:31:21.920427 n kernel: hci0: opcode 0x0c1b plen 0
Aug 14 20:31:21.920439 n kernel: hci0: skb len 3
Aug 14 20:31:21.920448 n kernel: hci0: length 1
Aug 14 20:31:21.920456 n kernel: hci0 cmd_cnt 1 cmd queued 1
Aug 14 20:31:21.920464 n kernel: hci0: skb 000000008ac7638b
Aug 14 20:31:21.923419 n kernel: hci0: result 0x00
Aug 14 20:31:21.923438 n kernel: hci0: end: err 0
Aug 14 20:31:21.923454 n kernel: hci0: Opcode 0x0c46
Aug 14 20:31:21.923470 n kernel: hci0: opcode 0x0c46 plen 0
Aug 14 20:31:21.923488 n kernel: hci0: skb len 3
Aug 14 20:31:21.923507 n kernel: hci0: length 1
Aug 14 20:31:21.923523 n kernel: hci0 cmd_cnt 1 cmd queued 1
Aug 14 20:31:21.923539 n kernel: hci0: skb 000000007ce60732
Aug 14 20:31:21.926430 n kernel: hci0: result 0x00
Aug 14 20:31:21.926450 n kernel: hci0: end: err 0
Aug 14 20:31:21.926467 n kernel: hci0: Opcode 0x1004
Aug 14 20:31:21.926570 n kernel: hci0: opcode 0x1004 plen 1
Aug 14 20:31:21.926597 n kernel: hci0: skb len 4
Aug 14 20:31:21.926614 n kernel: hci0: length 1
Aug 14 20:31:21.926630 n kernel: hci0 cmd_cnt 1 cmd queued 1
Aug 14 20:31:21.926646 n kernel: hci0: skb 00000000243f72a0
Aug 14 20:31:21.930353 n kernel: 00000000babfecdf name hci0 blocked 0
Aug 14 20:31:21.930382 n kernel: hci0: result 0x00
Aug 14 20:31:21.930389 n kernel: hci0: end: err 0
Aug 14 20:31:21.930397 n kernel: hci0: Opcode 0x2001
Aug 14 20:31:21.930404 n kernel: hci0: opcode 0x2001 plen 8
Aug 14 20:31:21.930413 n kernel: hci0: skb len 11
Aug 14 20:31:21.930420 n kernel: hci0: length 1
Aug 14 20:31:21.930428 n kernel: hci0 cmd_cnt 1 cmd queued 1
Aug 14 20:31:21.930435 n kernel: hci0: skb 00000000dc2098a6
Aug 14 20:31:21.933411 n kernel: hci0: result 0x00
Aug 14 20:31:21.933431 n kernel: hci0: end: err 0
Aug 14 20:31:21.933447 n kernel: hci0: Opcode 0x2007
Aug 14 20:31:21.933463 n kernel: hci0: opcode 0x2007 plen 0
Aug 14 20:31:21.933482 n kernel: hci0: skb len 3
Aug 14 20:31:21.933525 n kernel: hci0: length 1
Aug 14 20:31:21.933541 n kernel: hci0 cmd_cnt 1 cmd queued 1
Aug 14 20:31:21.933556 n kernel: hci0: skb 00000000c5b8123f
Aug 14 20:31:21.936411 n kernel: hci0: result 0x00
Aug 14 20:31:21.936431 n kernel: hci0: end: err 0
Aug 14 20:31:21.936447 n kernel: hci0: Opcode 0x200f
Aug 14 20:31:21.936464 n kernel: hci0: opcode 0x200f plen 0
Aug 14 20:31:21.936483 n kernel: hci0: skb len 3
Aug 14 20:31:21.936499 n kernel: hci0: length 1
Aug 14 20:31:21.936517 n kernel: hci0 cmd_cnt 1 cmd queued 1
Aug 14 20:31:21.936535 n kernel: hci0: skb 00000000b66e1005
Aug 14 20:31:21.939411 n kernel: hci0: result 0x00
Aug 14 20:31:21.939430 n kernel: hci0: end: err 0
Aug 14 20:31:21.939451 n kernel: hci0: Opcode 0x2010
Aug 14 20:31:21.939469 n kernel: hci0: opcode 0x2010 plen 0
Aug 14 20:31:21.939485 n kernel: hci0: skb len 3
Aug 14 20:31:21.939501 n kernel: hci0: length 1
Aug 14 20:31:21.939557 n kernel: hci0 cmd_cnt 1 cmd queued 1
Aug 14 20:31:21.939574 n kernel: hci0: skb 000000008a13e7ae
Aug 14 20:31:21.942383 n kernel: hci0: result 0x00
Aug 14 20:31:21.942396 n kernel: hci0: end: err 0
Aug 14 20:31:21.942408 n kernel: hci0: Opcode 0x202a
Aug 14 20:31:21.942417 n kernel: hci0: opcode 0x202a plen 0
Aug 14 20:31:21.942427 n kernel: hci0: skb len 3
Aug 14 20:31:21.942436 n kernel: hci0: length 1
Aug 14 20:31:21.942468 n kernel: hci0 cmd_cnt 1 cmd queued 1
Aug 14 20:31:21.942477 n kernel: hci0: skb 00000000864eea07
Aug 14 20:31:21.945397 n kernel: hci0: result 0x00
Aug 14 20:31:21.945411 n kernel: hci0: end: err 0
Aug 14 20:31:21.945420 n kernel: hci0: Opcode 0x2029
Aug 14 20:31:21.945430 n kernel: hci0: opcode 0x2029 plen 0
Aug 14 20:31:21.945438 n kernel: hci0: skb len 3
Aug 14 20:31:21.945447 n kernel: hci0: length 1
Aug 14 20:31:21.945455 n kernel: hci0 cmd_cnt 1 cmd queued 1
Aug 14 20:31:21.945473 n kernel: hci0: skb 0000000074baf7f2
Aug 14 20:31:21.948429 n kernel: hci0: result 0x00
Aug 14 20:31:21.948450 n kernel: hci0: end: err 0
Aug 14 20:31:21.948469 n kernel: hci0: Opcode 0x202e
Aug 14 20:31:21.948487 n kernel: hci0: opcode 0x202e plen 2
Aug 14 20:31:21.948503 n kernel: hci0: skb len 5
Aug 14 20:31:21.948519 n kernel: hci0: length 1
Aug 14 20:31:21.948535 n kernel: hci0 cmd_cnt 1 cmd queued 1
Aug 14 20:31:21.948550 n kernel: hci0: skb 0000000037bc8584
Aug 14 20:31:21.951427 n kernel: hci0: result 0x00
Aug 14 20:31:21.951450 n kernel: hci0: end: err 0
Aug 14 20:31:21.951471 n kernel: hci0: Opcode 0x0c6d
Aug 14 20:31:21.951487 n kernel: hci0: opcode 0x0c6d plen 2
Aug 14 20:31:21.951503 n kernel: hci0: skb len 5
Aug 14 20:31:21.951540 n kernel: hci0: length 1
Aug 14 20:31:21.951569 n kernel: hci0 cmd_cnt 1 cmd queued 1
Aug 14 20:31:21.951585 n kernel: hci0: skb 000000009918b631
Aug 14 20:31:21.954450 n kernel: hci0: result 0x00
Aug 14 20:31:21.954471 n kernel: hci0: end: err 0
Aug 14 20:31:21.954487 n kernel: hci0: 
Aug 14 20:31:21.954503 n kernel: hci0: Opcode 0x0c12
Aug 14 20:31:21.954519 n kernel: hci0: opcode 0x0c12 plen 7
Aug 14 20:31:21.954535 n kernel: hci0: skb len 10
Aug 14 20:31:21.954555 n kernel: hci0: length 1
Aug 14 20:31:21.954572 n kernel: hci0 cmd_cnt 1 cmd queued 1
Aug 14 20:31:21.954587 n kernel: hci0: skb 00000000284e2496
Aug 14 20:31:21.957411 n kernel: hci0: result 0x00
Aug 14 20:31:21.957431 n kernel: hci0: end: err 0
Aug 14 20:31:21.957450 n kernel: hci0: Opcode 0x0c77
Aug 14 20:31:21.957468 n kernel: hci0: opcode 0x0c77 plen 0
Aug 14 20:31:21.957498 n kernel: hci0: skb len 3
Aug 14 20:31:21.957515 n kernel: hci0: length 1
Aug 14 20:31:21.957534 n kernel: hci0 cmd_cnt 1 cmd queued 1
Aug 14 20:31:21.957553 n kernel: hci0: skb 00000000dbb0eaf8
Aug 14 20:31:21.960411 n kernel: hci0: result 0x00
Aug 14 20:31:21.960431 n kernel: hci0: end: err 0
Aug 14 20:31:21.960451 n kernel: hci0: Opcode 0x0c7a
Aug 14 20:31:21.960468 n kernel: hci0: opcode 0x0c7a plen 1
Aug 14 20:31:21.960484 n kernel: hci0: skb len 4
Aug 14 20:31:21.960499 n kernel: hci0: length 1
Aug 14 20:31:21.960515 n kernel: hci0 cmd_cnt 1 cmd queued 1
Aug 14 20:31:21.960532 n kernel: hci0: skb 000000004eade54a
Aug 14 20:31:21.963412 n kernel: hci0: result 0x00
Aug 14 20:31:21.963432 n kernel: hci0: end: err 0
Aug 14 20:31:21.963449 n kernel: hci0: Opcode 0x0c1a
Aug 14 20:31:21.963460 n kernel: hci0: opcode 0x0c1a plen 1
Aug 14 20:31:21.963470 n kernel: hci0: skb len 4
Aug 14 20:31:21.963480 n kernel: hci0: length 1
Aug 14 20:31:21.963488 n kernel: hci0 cmd_cnt 1 cmd queued 1
Aug 14 20:31:21.963497 n kernel: hci0: skb 000000007c00cbff
Aug 14 20:31:21.966412 n kernel: hci0: result 0x00
Aug 14 20:31:21.966432 n kernel: hci0: end: err 0
Aug 14 20:31:21.966450 n kernel: hci0: 
Aug 14 20:31:21.966469 n kernel: hci0: Opcode 0x0c24
Aug 14 20:31:21.966485 n kernel: hci0: opcode 0x0c24 plen 3
Aug 14 20:31:21.966501 n kernel: hci0: skb len 6
Aug 14 20:31:21.966517 n kernel: hci0: length 1
Aug 14 20:31:21.966535 n kernel: hci0 cmd_cnt 1 cmd queued 1
Aug 14 20:31:21.966552 n kernel: hci0: skb 000000007321c78b
Aug 14 20:31:21.969412 n kernel: hci0: result 0x00
Aug 14 20:31:21.969431 n kernel: hci0: end: err 0
Aug 14 20:31:21.969447 n kernel: hci0: Opcode 0x0c13
Aug 14 20:31:21.969463 n kernel: hci0: opcode 0x0c13 plen 248
Aug 14 20:31:21.969479 n kernel: hci0: skb len 251
Aug 14 20:31:21.969494 n kernel: hci0: length 1
Aug 14 20:31:21.969510 n kernel: hci0 cmd_cnt 1 cmd queued 1
Aug 14 20:31:21.969526 n kernel: hci0: skb 000000001f6a44b3
Aug 14 20:31:21.972401 n kernel: hci0: result 0x00
Aug 14 20:31:21.972411 n kernel: hci0: end: err 0
Aug 14 20:31:21.972425 n kernel: hci0: 
Aug 14 20:31:21.972433 n kernel: hci0: Opcode 0x0c52
Aug 14 20:31:21.972442 n kernel: hci0: opcode 0x0c52 plen 241
Aug 14 20:31:21.972451 n kernel: hci0: skb len 244
Aug 14 20:31:21.972460 n kernel: hci0: length 1
Aug 14 20:31:21.972472 n kernel: hci0 cmd_cnt 1 cmd queued 1
Aug 14 20:31:21.972481 n kernel: hci0: skb 00000000864eea07
Aug 14 20:31:21.975401 n kernel: hci0: result 0x00
Aug 14 20:31:21.975419 n kernel: hci0: end: err 0
Aug 14 20:31:21.975436 n kernel: hci0: entry 000000002d354319
Aug 14 20:31:21.975456 n kernel: hci0: ADV monitoring is off
Aug 14 20:31:21.975473 n kernel: hci0: stopping background scanning
Aug 14 20:31:21.975491 n kernel: hci0: 
Aug 14 20:31:21.977375 n kernel: hci0: 
Aug 14 20:31:21.977384 n kernel: hci0: entry 00000000fdcfe07f
Aug 14 20:31:21.977392 n kernel: hci0: ADV monitoring is off
Aug 14 20:31:21.977402 n kernel: hci0: stopping background scanning
Aug 14 20:31:21.977429 n kernel: hci0: 
Aug 14 20:31:21.977437 n kernel: hci0: entry 00000000a4b5928b
Aug 14 20:31:21.977457 n kernel: hci0: Opcode 0x0c3a
Aug 14 20:31:21.977466 n kernel: hci0: opcode 0x0c3a plen 4
Aug 14 20:31:21.977474 n kernel: hci0: skb len 7
Aug 14 20:31:21.977482 n kernel: hci0: length 1
Aug 14 20:31:21.977490 n kernel: hci0 cmd_cnt 1 cmd queued 1
Aug 14 20:31:21.977498 n kernel: hci0: skb 0000000044774a34
Aug 14 20:31:21.980399 n kernel: hci0: result 0x00
Aug 14 20:31:21.980427 n kernel: hci0: end: err 0
Aug 14 20:31:21.980448 n kernel: hci0: Opcode 0x0c1a
Aug 14 20:31:21.980463 n kernel: hci0: opcode 0x0c1a plen 1
Aug 14 20:31:21.980477 n kernel: hci0: skb len 4
Aug 14 20:31:21.980491 n kernel: hci0: length 1
Aug 14 20:31:21.980505 n kernel: hci0 cmd_cnt 1 cmd queued 1
Aug 14 20:31:21.980519 n kernel: hci0: skb 0000000017490f44
Aug 14 20:31:21.983388 n kernel: hci0: result 0x00
Aug 14 20:31:21.983420 n kernel: hci0: end: err 0
Aug 14 20:31:21.983447 n kernel: hci0: 
Aug 14 20:31:21.983504 n kernel: hci0: state 0 -> 1
Aug 14 20:31:21.983528 n kernel: hci0: 
Aug 14 20:31:21.983543 n kernel: hci0: entry 000000007b37d31c
Aug 14 20:31:21.983559 n kernel: hci0: type 7
Aug 14 20:31:21.983575 n kernel: hci0: 
Aug 14 20:31:21.983589 n kernel: hci0: cancelling interleave scan
Aug 14 20:31:21.983605 n kernel: hci0: Opcode 0x2005
Aug 14 20:31:21.983620 n kernel: hci0: opcode 0x2005 plen 6
Aug 14 20:31:21.983635 n kernel: hci0: skb len 9
Aug 14 20:31:21.983650 n kernel: hci0: length 1
Aug 14 20:31:21.983665 n kernel: hci0 cmd_cnt 1 cmd queued 1
Aug 14 20:31:21.983680 n kernel: hci0: skb 000000002d481c48
Aug 14 20:31:21.986369 n kernel: hci0: result 0x00
Aug 14 20:31:21.986396 n kernel: hci0: end: err 0
Aug 14 20:31:21.986406 n kernel: hci0: Opcode 0x200b
Aug 14 20:31:21.986416 n kernel: hci0: opcode 0x200b plen 7
Aug 14 20:31:21.986426 n kernel: hci0: skb len 10
Aug 14 20:31:21.986437 n kernel: hci0: length 1
Aug 14 20:31:21.986446 n kernel: hci0 cmd_cnt 1 cmd queued 1
Aug 14 20:31:21.986456 n kernel: hci0: skb 00000000c5b8123f
Aug 14 20:31:21.988363 n kernel: Bluetooth: hci0: unexpected event for opcode 0x2005
Aug 14 20:31:21.990375 n kernel: hci0: result 0x00
Aug 14 20:31:21.990393 n kernel: hci0: end: err 0
Aug 14 20:31:21.990405 n kernel: hci0: Opcode 0x200c
Aug 14 20:31:21.990418 n kernel: hci0: opcode 0x200c plen 2
Aug 14 20:31:21.990431 n kernel: hci0: skb len 5
Aug 14 20:31:21.990443 n kernel: hci0: length 1
Aug 14 20:31:21.990456 n kernel: hci0 cmd_cnt 1 cmd queued 1
Aug 14 20:31:21.990468 n kernel: hci0: skb 00000000dc2098a6
Aug 14 20:31:21.993355 n kernel: hci0: state 1 -> 2
Aug 14 20:31:21.993404 n kernel: hci0: result 0x00
Aug 14 20:31:21.993417 n kernel: hci0: end: err 0
Aug 14 20:31:21.993429 n kernel: hci0: timeout 5120 ms
Aug 14 20:31:22.080371 n kernel: 00000000babfecdf name hci0 blocked 1
Aug 14 20:31:22.080406 n kernel: hci0 00000000babfecdf
Aug 14 20:31:22.080417 n kernel: hci0: Opcode 0x0c1a
Aug 14 20:31:22.080428 n kernel: hci0: opcode 0x0c1a plen 1
Aug 14 20:31:22.080439 n kernel: hci0: skb len 4
Aug 14 20:31:22.080451 n kernel: hci0: length 1
Aug 14 20:31:22.080460 n kernel: hci0 cmd_cnt 1 cmd queued 1
Aug 14 20:31:22.080469 n kernel: hci0: skb 00000000442d1399
Aug 14 20:31:22.083433 n kernel: hci0: result 0x00
Aug 14 20:31:22.083451 n kernel: hci0: end: err 0
Aug 14 20:31:22.083464 n kernel: hci0: state 2
Aug 14 20:31:22.083477 n kernel: hci0: Opcode 0x200c
Aug 14 20:31:22.083491 n kernel: hci0: opcode 0x200c plen 2
Aug 14 20:31:22.083504 n kernel: hci0: skb len 5
Aug 14 20:31:22.083516 n kernel: hci0: length 1
Aug 14 20:31:22.083598 n kernel: hci0 cmd_cnt 1 cmd queued 1
Aug 14 20:31:22.083610 n kernel: hci0: skb 000000006f4577d8
Aug 14 20:31:22.086410 n kernel: hci0: result 0x00
Aug 14 20:31:22.086430 n kernel: hci0: 
Aug 14 20:31:22.086451 n kernel: hci0: 
Aug 14 20:31:22.086471 n kernel: hci0: entry 00000000e657c933
Aug 14 20:31:22.086488 n kernel: hci0: end: err 0
Aug 14 20:31:22.086504 n kernel: hci0: 
Aug 14 20:31:22.099353 n kernel: hci0: err 0x13
Aug 14 20:31:22.099399 n kernel: hci0: cancelling interleave scan
Aug 14 20:31:22.099415 n kernel: hci0: state 2 -> 0
Aug 14 20:31:22.099440 n kernel: hdev hci0
Aug 14 20:31:22.099453 n kernel: hci0
Aug 14 20:31:22.099465 n kernel: hci0
Aug 14 20:31:22.099489 n kernel: hci0: 
Aug 14 20:31:22.246357 n kernel: 00000000babfecdf name hci0 blocked 0
Aug 14 20:31:22.246397 n kernel: hci0: 
Aug 14 20:31:22.246406 n kernel: hci0: entry 000000000a384f2b
Aug 14 20:31:22.246416 n kernel: hci0: 
Aug 14 20:31:22.246425 n kernel: hci0
Aug 14 20:31:22.246443 n kernel: hci0
Aug 14 20:31:22.246459 n kernel: hci0
Aug 14 20:31:22.246474 n kernel: hci0
Aug 14 20:31:22.246483 n kernel: hci0: 
Aug 14 20:31:22.246492 n kernel: hci0: 
Aug 14 20:31:22.246500 n kernel: hci0: Opcode 0x0c03
Aug 14 20:31:22.246509 n kernel: hci0: opcode 0x0c03 plen 0
Aug 14 20:31:22.246519 n kernel: hci0: skb len 3
Aug 14 20:31:22.246542 n kernel: hci0: length 1
Aug 14 20:31:22.246551 n kernel: hci0 cmd_cnt 1 cmd queued 1
Aug 14 20:31:22.246560 n kernel: hci0: skb 00000000e9b0cc17
Aug 14 20:31:22.302460 n kernel: hci0: result 0x00
Aug 14 20:31:22.302472 n kernel: hci0: end: err 0
Aug 14 20:31:22.302485 n kernel: hci0: Opcode 0x1003
Aug 14 20:31:22.302499 n kernel: hci0: opcode 0x1003 plen 0
Aug 14 20:31:22.302513 n kernel: hci0: skb len 3
Aug 14 20:31:22.302529 n kernel: hci0: length 1
Aug 14 20:31:22.302538 n kernel: hci0 cmd_cnt 1 cmd queued 1
Aug 14 20:31:22.302548 n kernel: hci0: skb 00000000d1e4cbfe
Aug 14 20:31:22.305476 n kernel: hci0: result 0x00
Aug 14 20:31:22.305495 n kernel: hci0: end: err 0
Aug 14 20:31:22.305512 n kernel: hci0: Opcode 0x1001
Aug 14 20:31:22.305532 n kernel: hci0: opcode 0x1001 plen 0
Aug 14 20:31:22.305556 n kernel: hci0: skb len 3
Aug 14 20:31:22.305576 n kernel: hci0: length 1
Aug 14 20:31:22.305591 n kernel: hci0 cmd_cnt 1 cmd queued 1
Aug 14 20:31:22.305606 n kernel: hci0: skb 00000000be2d1b88
Aug 14 20:31:22.308494 n kernel: hci0: result 0x00
Aug 14 20:31:22.308528 n kernel: hci0: end: err 0
Aug 14 20:31:22.308558 n kernel: hci0: Opcode 0x1009
Aug 14 20:31:22.308592 n kernel: hci0: opcode 0x1009 plen 0
Aug 14 20:31:22.308639 n kernel: hci0: skb len 3
Aug 14 20:31:22.308667 n kernel: hci0: length 1
Aug 14 20:31:22.308698 n kernel: hci0 cmd_cnt 1 cmd queued 1
Aug 14 20:31:22.308724 n kernel: hci0: skb 0000000080299c17
Aug 14 20:31:22.311475 n kernel: hci0: result 0x00
Aug 14 20:31:22.311499 n kernel: hci0: end: err 0
Aug 14 20:31:22.311520 n kernel: hci0: 
Aug 14 20:31:22.311539 n kernel: hci0: Opcode 0x1002
Aug 14 20:31:22.311564 n kernel: hci0: opcode 0x1002 plen 0
Aug 14 20:31:22.311594 n kernel: hci0: skb len 3
Aug 14 20:31:22.311613 n kernel: hci0: length 1
Aug 14 20:31:22.311633 n kernel: hci0 cmd_cnt 1 cmd queued 1
Aug 14 20:31:22.311652 n kernel: hci0: skb 00000000502c2854
Aug 14 20:31:22.318493 n kernel: hci0: result 0x00
Aug 14 20:31:22.318515 n kernel: hci0: end: err 0
Aug 14 20:31:22.318582 n kernel: hci0: Opcode 0x0c56
Aug 14 20:31:22.318608 n kernel: hci0: opcode 0x0c56 plen 1
Aug 14 20:31:22.318628 n kernel: hci0: skb len 4
Aug 14 20:31:22.318654 n kernel: hci0: length 1
Aug 14 20:31:22.318670 n kernel: hci0 cmd_cnt 1 cmd queued 1
Aug 14 20:31:22.318687 n kernel: hci0: skb 00000000ed6809c3
Aug 14 20:31:22.321484 n kernel: hci0: result 0x00
Aug 14 20:31:22.321518 n kernel: hci0: end: err 0
Aug 14 20:31:22.321547 n kernel: hci0: Opcode 0x0c45
Aug 14 20:31:22.321594 n kernel: hci0: opcode 0x0c45 plen 1
Aug 14 20:31:22.321625 n kernel: hci0: skb len 4
Aug 14 20:31:22.321644 n kernel: hci0: length 1
Aug 14 20:31:22.321679 n kernel: hci0 cmd_cnt 1 cmd queued 1
Aug 14 20:31:22.321695 n kernel: hci0: skb 00000000b66e1005
Aug 14 20:31:22.325577 n kernel: hci0: result 0x00
Aug 14 20:31:22.325597 n kernel: hci0: end: err 0
Aug 14 20:31:22.325615 n kernel: hci0: Opcode 0x0c58
Aug 14 20:31:22.325629 n kernel: hci0: opcode 0x0c58 plen 0
Aug 14 20:31:22.325644 n kernel: hci0: skb len 3
Aug 14 20:31:22.325658 n kernel: hci0: length 1
Aug 14 20:31:22.325672 n kernel: hci0 cmd_cnt 1 cmd queued 1
Aug 14 20:31:22.325688 n kernel: hci0: skb 0000000017490f44
Aug 14 20:31:22.327501 n kernel: hci0: result 0x00
Aug 14 20:31:22.327541 n kernel: hci0: end: err 0
Aug 14 20:31:22.327575 n kernel: hci0: Opcode 0x1004
Aug 14 20:31:22.327622 n kernel: hci0: opcode 0x1004 plen 1
Aug 14 20:31:22.327652 n kernel: hci0: skb len 4
Aug 14 20:31:22.327680 n kernel: hci0: length 1
Aug 14 20:31:22.327707 n kernel: hci0 cmd_cnt 1 cmd queued 1
Aug 14 20:31:22.327730 n kernel: hci0: skb 000000002d8317c0
Aug 14 20:31:22.331445 n kernel: hci0: result 0x00
Aug 14 20:31:22.331494 n kernel: hci0: end: err 0
Aug 14 20:31:22.331515 n kernel: hci0: Opcode 0x1005
Aug 14 20:31:22.331525 n kernel: hci0: opcode 0x1005 plen 0
Aug 14 20:31:22.331535 n kernel: hci0: skb len 3
Aug 14 20:31:22.331546 n kernel: hci0: length 1
Aug 14 20:31:22.331556 n kernel: hci0 cmd_cnt 1 cmd queued 1
Aug 14 20:31:22.331566 n kernel: hci0: skb 00000000019a6680
Aug 14 20:31:22.334502 n kernel: hci0: result 0x00
Aug 14 20:31:22.334542 n kernel: hci0: end: err 0
Aug 14 20:31:22.334565 n kernel: hci0: Opcode 0x0c23
Aug 14 20:31:22.334589 n kernel: hci0: opcode 0x0c23 plen 0
Aug 14 20:31:22.334615 n kernel: hci0: skb len 3
Aug 14 20:31:22.334634 n kernel: hci0: length 1
Aug 14 20:31:22.334650 n kernel: hci0 cmd_cnt 1 cmd queued 1
Aug 14 20:31:22.334667 n kernel: hci0: skb 00000000deb783df
Aug 14 20:31:22.337501 n kernel: hci0: result 0x00
Aug 14 20:31:22.337526 n kernel: hci0: end: err 0
Aug 14 20:31:22.337545 n kernel: hci0: Opcode 0x0c14
Aug 14 20:31:22.337566 n kernel: hci0: opcode 0x0c14 plen 0
Aug 14 20:31:22.337591 n kernel: hci0: skb len 3
Aug 14 20:31:22.337612 n kernel: hci0: length 1
Aug 14 20:31:22.337633 n kernel: hci0 cmd_cnt 1 cmd queued 1
Aug 14 20:31:22.337651 n kernel: hci0: skb 00000000eb20f933
Aug 14 20:31:22.355442 n kernel: hci0: result 0x00
Aug 14 20:31:22.355455 n kernel: hci0: end: err 0
Aug 14 20:31:22.355467 n kernel: hci0: Opcode 0x0c25
Aug 14 20:31:22.355477 n kernel: hci0: opcode 0x0c25 plen 0
Aug 14 20:31:22.355489 n kernel: hci0: skb len 3
Aug 14 20:31:22.355506 n kernel: hci0: length 1
Aug 14 20:31:22.355519 n kernel: hci0 cmd_cnt 1 cmd queued 1
Aug 14 20:31:22.355528 n kernel: hci0: skb 0000000051de27e0
Aug 14 20:31:22.358492 n kernel: hci0: result 0x00
Aug 14 20:31:22.358531 n kernel: hci0: end: err 0
Aug 14 20:31:22.358555 n kernel: hci0: Opcode 0x0c38
Aug 14 20:31:22.358579 n kernel: hci0: opcode 0x0c38 plen 0
Aug 14 20:31:22.358602 n kernel: hci0: skb len 3
Aug 14 20:31:22.358645 n kernel: hci0: length 1
Aug 14 20:31:22.358661 n kernel: hci0 cmd_cnt 1 cmd queued 1
Aug 14 20:31:22.358677 n kernel: hci0: skb 00000000435c19ea
Aug 14 20:31:22.361492 n kernel: hci0: result 0x00
Aug 14 20:31:22.361515 n kernel: hci0: end: err 0
Aug 14 20:31:22.361533 n kernel: hci0: Opcode 0x0c39
Aug 14 20:31:22.361550 n kernel: hci0: opcode 0x0c39 plen 0
Aug 14 20:31:22.361573 n kernel: hci0: skb len 3
Aug 14 20:31:22.361598 n kernel: hci0: length 1
Aug 14 20:31:22.361619 n kernel: hci0 cmd_cnt 1 cmd queued 1
Aug 14 20:31:22.361640 n kernel: hci0: skb 00000000d7d03023
Aug 14 20:31:22.364393 n kernel: hci0: result 0x00
Aug 14 20:31:22.364405 n kernel: hci0: end: err 0
Aug 14 20:31:22.364416 n kernel: hci0: Opcode 0x0c16
Aug 14 20:31:22.364430 n kernel: hci0: opcode 0x0c16 plen 2
Aug 14 20:31:22.364444 n kernel: hci0: skb len 5
Aug 14 20:31:22.364454 n kernel: hci0: length 1
Aug 14 20:31:22.364463 n kernel: hci0 cmd_cnt 1 cmd queued 1
Aug 14 20:31:22.364471 n kernel: hci0: skb 00000000e4d795d8
Aug 14 20:31:22.367436 n kernel: hci0: result 0x00
Aug 14 20:31:22.367470 n kernel: hci0: end: err 0
Aug 14 20:31:22.367502 n kernel: hci0: Opcode 0x2003
Aug 14 20:31:22.367517 n kernel: hci0: opcode 0x2003 plen 0
Aug 14 20:31:22.367533 n kernel: hci0: skb len 3
Aug 14 20:31:22.367548 n kernel: hci0: length 1
Aug 14 20:31:22.367563 n kernel: hci0 cmd_cnt 1 cmd queued 1
Aug 14 20:31:22.367578 n kernel: hci0: skb 0000000021f8c324
Aug 14 20:31:22.370429 n kernel: hci0: result 0x00
Aug 14 20:31:22.370470 n kernel: hci0: end: err 0
Aug 14 20:31:22.370507 n kernel: hci0: Opcode 0x2002
Aug 14 20:31:22.370525 n kernel: hci0: opcode 0x2002 plen 0
Aug 14 20:31:22.370542 n kernel: hci0: skb len 3
Aug 14 20:31:22.370557 n kernel: hci0: length 1
Aug 14 20:31:22.370573 n kernel: hci0 cmd_cnt 1 cmd queued 1
Aug 14 20:31:22.370589 n kernel: hci0: skb 00000000284e2496
Aug 14 20:31:22.373413 n kernel: hci0: result 0x00
Aug 14 20:31:22.373445 n kernel: hci0: end: err 0
Aug 14 20:31:22.373480 n kernel: hci0: Opcode 0x201c
Aug 14 20:31:22.373496 n kernel: hci0: opcode 0x201c plen 0
Aug 14 20:31:22.373513 n kernel: hci0: skb len 3
Aug 14 20:31:22.373529 n kernel: hci0: length 1
Aug 14 20:31:22.373545 n kernel: hci0 cmd_cnt 1 cmd queued 1
Aug 14 20:31:22.373561 n kernel: hci0: skb 000000001f6a44b3
Aug 14 20:31:22.376413 n kernel: hci0: result 0x00
Aug 14 20:31:22.376445 n kernel: hci0: end: err 0
Aug 14 20:31:22.376485 n kernel: hci0: 
Aug 14 20:31:22.376503 n kernel: hci0: Opcode 0x0c01
Aug 14 20:31:22.376520 n kernel: hci0: opcode 0x0c01 plen 8
Aug 14 20:31:22.376536 n kernel: hci0: skb len 11
Aug 14 20:31:22.376552 n kernel: hci0: length 1
Aug 14 20:31:22.376568 n kernel: hci0 cmd_cnt 1 cmd queued 1
Aug 14 20:31:22.376583 n kernel: hci0: skb 0000000069ae3ec8
Aug 14 20:31:22.379378 n kernel: hci0: result 0x00
Aug 14 20:31:22.379392 n kernel: hci0: end: err 0
Aug 14 20:31:22.379409 n kernel: hci0: Opcode 0x0c0d
Aug 14 20:31:22.379422 n kernel: hci0: opcode 0x0c0d plen 7
Aug 14 20:31:22.379432 n kernel: hci0: skb len 10
Aug 14 20:31:22.379442 n kernel: hci0: length 1
Aug 14 20:31:22.379455 n kernel: hci0 cmd_cnt 1 cmd queued 1
Aug 14 20:31:22.379465 n kernel: hci0: skb 000000008ac7638b
Aug 14 20:31:22.382433 n kernel: hci0: result 0x00
Aug 14 20:31:22.382479 n kernel: hci0: end: err 0
Aug 14 20:31:22.382506 n kernel: hci0: Opcode 0x080f
Aug 14 20:31:22.382523 n kernel: hci0: opcode 0x080f plen 2
Aug 14 20:31:22.382539 n kernel: hci0: skb len 5
Aug 14 20:31:22.382576 n kernel: hci0: length 1
Aug 14 20:31:22.382592 n kernel: hci0 cmd_cnt 1 cmd queued 1
Aug 14 20:31:22.382608 n kernel: hci0: skb 000000006b0838fe
Aug 14 20:31:22.385412 n kernel: hci0: result 0x00
Aug 14 20:31:22.385447 n kernel: hci0: end: err 0
Aug 14 20:31:22.385478 n kernel: hci0: Opcode 0x0c1b
Aug 14 20:31:22.385494 n kernel: hci0: opcode 0x0c1b plen 0
Aug 14 20:31:22.385511 n kernel: hci0: skb len 3
Aug 14 20:31:22.385527 n kernel: hci0: length 1
Aug 14 20:31:22.385543 n kernel: hci0 cmd_cnt 1 cmd queued 1
Aug 14 20:31:22.385559 n kernel: hci0: skb 000000005c5009a5
Aug 14 20:31:22.388512 n kernel: hci0: result 0x00
Aug 14 20:31:22.388536 n kernel: hci0: end: err 0
Aug 14 20:31:22.388553 n kernel: hci0: Opcode 0x0c46
Aug 14 20:31:22.388570 n kernel: hci0: opcode 0x0c46 plen 0
Aug 14 20:31:22.388586 n kernel: hci0: skb len 3
Aug 14 20:31:22.388601 n kernel: hci0: length 1
Aug 14 20:31:22.388617 n kernel: hci0 cmd_cnt 1 cmd queued 1
Aug 14 20:31:22.388632 n kernel: hci0: skb 00000000fef59a14
Aug 14 20:31:22.391412 n kernel: hci0: result 0x00
Aug 14 20:31:22.391432 n kernel: hci0: end: err 0
Aug 14 20:31:22.391452 n kernel: hci0: Opcode 0x1004
Aug 14 20:31:22.391470 n kernel: hci0: opcode 0x1004 plen 1
Aug 14 20:31:22.391486 n kernel: hci0: skb len 4
Aug 14 20:31:22.391505 n kernel: hci0: length 1
Aug 14 20:31:22.391521 n kernel: hci0 cmd_cnt 1 cmd queued 1
Aug 14 20:31:22.391536 n kernel: hci0: skb 00000000442d1399
Aug 14 20:31:22.395413 n kernel: hci0: result 0x00
Aug 14 20:31:22.395433 n kernel: hci0: end: err 0
Aug 14 20:31:22.395456 n kernel: hci0: Opcode 0x2001
Aug 14 20:31:22.395472 n kernel: hci0: opcode 0x2001 plen 8
Aug 14 20:31:22.395488 n kernel: hci0: skb len 11
Aug 14 20:31:22.395503 n kernel: hci0: length 1
Aug 14 20:31:22.395519 n kernel: hci0 cmd_cnt 1 cmd queued 1
Aug 14 20:31:22.395535 n kernel: hci0: skb 000000008a13e7ae
Aug 14 20:31:22.398413 n kernel: hci0: result 0x00
Aug 14 20:31:22.398432 n kernel: hci0: end: err 0
Aug 14 20:31:22.398455 n kernel: hci0: Opcode 0x2007
Aug 14 20:31:22.398471 n kernel: hci0: opcode 0x2007 plen 0
Aug 14 20:31:22.398487 n kernel: hci0: skb len 3
Aug 14 20:31:22.398503 n kernel: hci0: length 1
Aug 14 20:31:22.398518 n kernel: hci0 cmd_cnt 1 cmd queued 1
Aug 14 20:31:22.398536 n kernel: hci0: skb 00000000b97f5699
Aug 14 20:31:22.401412 n kernel: hci0: result 0x00
Aug 14 20:31:22.401433 n kernel: hci0: end: err 0
Aug 14 20:31:22.401452 n kernel: hci0: Opcode 0x200f
Aug 14 20:31:22.401469 n kernel: hci0: opcode 0x200f plen 0
Aug 14 20:31:22.401484 n kernel: hci0: skb len 3
Aug 14 20:31:22.401501 n kernel: hci0: length 1
Aug 14 20:31:22.401516 n kernel: hci0 cmd_cnt 1 cmd queued 1
Aug 14 20:31:22.401551 n kernel: hci0: skb 00000000788a3568
Aug 14 20:31:22.404422 n kernel: hci0: result 0x00
Aug 14 20:31:22.404459 n kernel: hci0: end: err 0
Aug 14 20:31:22.404477 n kernel: hci0: Opcode 0x2010
Aug 14 20:31:22.404504 n kernel: hci0: opcode 0x2010 plen 0
Aug 14 20:31:22.404521 n kernel: hci0: skb len 3
Aug 14 20:31:22.404537 n kernel: hci0: length 1
Aug 14 20:31:22.404553 n kernel: hci0 cmd_cnt 1 cmd queued 1
Aug 14 20:31:22.404570 n kernel: hci0: skb 000000000ebe946b
Aug 14 20:31:22.407412 n kernel: hci0: result 0x00
Aug 14 20:31:22.407432 n kernel: hci0: end: err 0
Aug 14 20:31:22.407453 n kernel: hci0: Opcode 0x202a
Aug 14 20:31:22.407471 n kernel: hci0: opcode 0x202a plen 0
Aug 14 20:31:22.407487 n kernel: hci0: skb len 3
Aug 14 20:31:22.407505 n kernel: hci0: length 1
Aug 14 20:31:22.407520 n kernel: hci0 cmd_cnt 1 cmd queued 1
Aug 14 20:31:22.407552 n kernel: hci0: skb 00000000e9b0cc17
Aug 14 20:31:22.410428 n kernel: hci0: result 0x00
Aug 14 20:31:22.410471 n kernel: hci0: end: err 0
Aug 14 20:31:22.410488 n kernel: hci0: Opcode 0x2029
Aug 14 20:31:22.410506 n kernel: hci0: opcode 0x2029 plen 0
Aug 14 20:31:22.410522 n kernel: hci0: skb len 3
Aug 14 20:31:22.410537 n kernel: hci0: length 1
Aug 14 20:31:22.410553 n kernel: hci0 cmd_cnt 1 cmd queued 1
Aug 14 20:31:22.410568 n kernel: hci0: skb 000000002b7cdc35
Aug 14 20:31:22.413424 n kernel: hci0: result 0x00
Aug 14 20:31:22.413445 n kernel: hci0: end: err 0
Aug 14 20:31:22.413464 n kernel: hci0: Opcode 0x202e
Aug 14 20:31:22.413480 n kernel: hci0: opcode 0x202e plen 2
Aug 14 20:31:22.413497 n kernel: hci0: skb len 5
Aug 14 20:31:22.413517 n kernel: hci0: length 1
Aug 14 20:31:22.413532 n kernel: hci0 cmd_cnt 1 cmd queued 1
Aug 14 20:31:22.413548 n kernel: hci0: skb 00000000be2d1b88
Aug 14 20:31:22.416411 n kernel: hci0: result 0x00
Aug 14 20:31:22.416431 n kernel: hci0: end: err 0
Aug 14 20:31:22.416451 n kernel: hci0: Opcode 0x0c6d
Aug 14 20:31:22.416469 n kernel: hci0: opcode 0x0c6d plen 2
Aug 14 20:31:22.416485 n kernel: hci0: skb len 5
Aug 14 20:31:22.416503 n kernel: hci0: length 1
Aug 14 20:31:22.416519 n kernel: hci0 cmd_cnt 1 cmd queued 1
Aug 14 20:31:22.416534 n kernel: hci0: skb 0000000080299c17
Aug 14 20:31:22.419412 n kernel: hci0: result 0x00
Aug 14 20:31:22.419432 n kernel: hci0: end: err 0
Aug 14 20:31:22.419453 n kernel: hci0: 
Aug 14 20:31:22.419469 n kernel: hci0: Opcode 0x0c12
Aug 14 20:31:22.419487 n kernel: hci0: opcode 0x0c12 plen 7
Aug 14 20:31:22.419504 n kernel: hci0: skb len 10
Aug 14 20:31:22.419519 n kernel: hci0: length 1
Aug 14 20:31:22.419535 n kernel: hci0 cmd_cnt 1 cmd queued 1
Aug 14 20:31:22.419550 n kernel: hci0: skb 00000000502c2854
Aug 14 20:31:22.422411 n kernel: hci0: result 0x00
Aug 14 20:31:22.422431 n kernel: hci0: end: err 0
Aug 14 20:31:22.422453 n kernel: hci0: Opcode 0x0c77
Aug 14 20:31:22.422471 n kernel: hci0: opcode 0x0c77 plen 0
Aug 14 20:31:22.422487 n kernel: hci0: skb len 3
Aug 14 20:31:22.422505 n kernel: hci0: length 1
Aug 14 20:31:22.422538 n kernel: hci0 cmd_cnt 1 cmd queued 1
Aug 14 20:31:22.422554 n kernel: hci0: skb 00000000ed6809c3
Aug 14 20:31:22.425412 n kernel: hci0: result 0x00
Aug 14 20:31:22.425433 n kernel: hci0: end: err 0
Aug 14 20:31:22.425453 n kernel: hci0: Opcode 0x0c7a
Aug 14 20:31:22.425469 n kernel: hci0: opcode 0x0c7a plen 1
Aug 14 20:31:22.425485 n kernel: hci0: skb len 4
Aug 14 20:31:22.425505 n kernel: hci0: length 1
Aug 14 20:31:22.425537 n kernel: hci0 cmd_cnt 1 cmd queued 1
Aug 14 20:31:22.425553 n kernel: hci0: skb 00000000b66e1005
Aug 14 20:31:22.428411 n kernel: hci0: result 0x00
Aug 14 20:31:22.428431 n kernel: hci0: end: err 0
Aug 14 20:31:22.428449 n kernel: hci0: Opcode 0x0c1a
Aug 14 20:31:22.428468 n kernel: hci0: opcode 0x0c1a plen 1
Aug 14 20:31:22.428486 n kernel: hci0: skb len 4
Aug 14 20:31:22.428501 n kernel: hci0: length 1
Aug 14 20:31:22.428516 n kernel: hci0 cmd_cnt 1 cmd queued 1
Aug 14 20:31:22.428532 n kernel: hci0: skb 0000000017490f44
Aug 14 20:31:22.431411 n kernel: hci0: result 0x00
Aug 14 20:31:22.431431 n kernel: hci0: end: err 0
Aug 14 20:31:22.431451 n kernel: hci0: 
Aug 14 20:31:22.431468 n kernel: hci0: Opcode 0x0c24
Aug 14 20:31:22.431484 n kernel: hci0: opcode 0x0c24 plen 3
Aug 14 20:31:22.431500 n kernel: hci0: skb len 6
Aug 14 20:31:22.431518 n kernel: hci0: length 1
Aug 14 20:31:22.431534 n kernel: hci0 cmd_cnt 1 cmd queued 1
Aug 14 20:31:22.431549 n kernel: hci0: skb 000000002d8317c0
Aug 14 20:31:22.434439 n kernel: hci0: result 0x00
Aug 14 20:31:22.434492 n kernel: hci0: end: err 0
Aug 14 20:31:22.434512 n kernel: hci0: Opcode 0x0c13
Aug 14 20:31:22.434530 n kernel: hci0: opcode 0x0c13 plen 248
Aug 14 20:31:22.434551 n kernel: hci0: skb len 251
Aug 14 20:31:22.434580 n kernel: hci0: length 1
Aug 14 20:31:22.434607 n kernel: hci0 cmd_cnt 1 cmd queued 1
Aug 14 20:31:22.434632 n kernel: hci0: skb 00000000019a6680
Aug 14 20:31:22.437412 n kernel: hci0: result 0x00
Aug 14 20:31:22.437432 n kernel: hci0: end: err 0
Aug 14 20:31:22.437450 n kernel: hci0: 
Aug 14 20:31:22.437468 n kernel: hci0: Opcode 0x0c52
Aug 14 20:31:22.437485 n kernel: hci0: opcode 0x0c52 plen 241
Aug 14 20:31:22.437502 n kernel: hci0: skb len 244
Aug 14 20:31:22.437519 n kernel: hci0: length 1
Aug 14 20:31:22.437534 n kernel: hci0 cmd_cnt 1 cmd queued 1
Aug 14 20:31:22.437549 n kernel: hci0: skb 0000000069ae3ec8
Aug 14 20:31:22.440382 n kernel: hci0: result 0x00
Aug 14 20:31:22.440403 n kernel: hci0: end: err 0
Aug 14 20:31:22.440418 n kernel: hci0: entry 000000002d354319
Aug 14 20:31:22.440434 n kernel: hci0: ADV monitoring is off
Aug 14 20:31:22.440450 n kernel: hci0: stopping background scanning
Aug 14 20:31:22.440467 n kernel: hci0: 
Aug 14 20:31:22.443365 n kernel: hci0: 
Aug 14 20:31:22.443377 n kernel: hci0: entry 000000000d1c9c83
Aug 14 20:31:22.443391 n kernel: hci0: ADV monitoring is off
Aug 14 20:31:22.443403 n kernel: hci0: stopping background scanning
Aug 14 20:31:22.443426 n kernel: hci0: 
Aug 14 20:31:22.443437 n kernel: hci0: entry 00000000418c4fea
Aug 14 20:31:22.443449 n kernel: hci0: Opcode 0x0c3a
Aug 14 20:31:22.443461 n kernel: hci0: opcode 0x0c3a plen 4
Aug 14 20:31:22.443472 n kernel: hci0: skb len 7
Aug 14 20:31:22.443483 n kernel: hci0: length 1
Aug 14 20:31:22.443494 n kernel: hci0 cmd_cnt 1 cmd queued 1
Aug 14 20:31:22.443505 n kernel: hci0: skb 00000000ed6809c3
Aug 14 20:31:22.445356 n kernel: hci0: result 0x00
Aug 14 20:31:22.445365 n kernel: hci0: end: err 0
Aug 14 20:31:22.445374 n kernel: hci0: Opcode 0x0c1a
Aug 14 20:31:22.445383 n kernel: hci0: opcode 0x0c1a plen 1
Aug 14 20:31:22.445392 n kernel: hci0: skb len 4
Aug 14 20:31:22.445402 n kernel: hci0: length 1
Aug 14 20:31:22.445410 n kernel: hci0 cmd_cnt 1 cmd queued 1
Aug 14 20:31:22.445419 n kernel: hci0: skb 00000000284e2496
Aug 14 20:31:22.447349 n kernel: 00000000babfecdf name hci0 blocked 1
Aug 14 20:31:22.447366 n kernel: hci0 00000000babfecdf
Aug 14 20:31:22.448369 n kernel: hci0: result 0x00
Aug 14 20:31:22.448382 n kernel: hci0: end: err 0
Aug 14 20:31:22.448394 n kernel: hci0: 
Aug 14 20:31:22.448406 n kernel: hci0: Opcode 0x0c1a
Aug 14 20:31:22.448429 n kernel: hci0: opcode 0x0c1a plen 1
Aug 14 20:31:22.448442 n kernel: hci0: skb len 4
Aug 14 20:31:22.448461 n kernel: hci0: length 1
Aug 14 20:31:22.448472 n kernel: hci0 cmd_cnt 1 cmd queued 1
Aug 14 20:31:22.448484 n kernel: hci0: skb 000000005f6ed9a1
Aug 14 20:31:22.448508 n kernel: hci0: state 0 -> 1
Aug 14 20:31:22.448520 n kernel: hci0: 
Aug 14 20:31:22.448531 n kernel: hci0: entry 0000000077fd0e96
Aug 14 20:31:22.451371 n kernel: hci0: result 0x00
Aug 14 20:31:22.451385 n kernel: hci0: end: err 0
Aug 14 20:31:22.451398 n kernel: hci0: state 1
Aug 14 20:31:22.451412 n kernel: hci0: 
Aug 14 20:31:22.460348 n kernel: hci0: err 0x13
Aug 14 20:31:22.460367 n kernel: hci0: cancelling interleave scan
Aug 14 20:31:22.460377 n kernel: hci0: state 1 -> 0
Aug 14 20:31:22.460396 n kernel: hdev hci0
Aug 14 20:31:22.460403 n kernel: hci0
Aug 14 20:31:22.460411 n kernel: hci0
Aug 14 20:31:22.630537 n kernel: 00000000babfecdf name hci0 blocked 0
Aug 14 20:31:22.630575 n kernel: hci0: 
Aug 14 20:31:22.630588 n kernel: hci0: entry 00000000e108bbad
Aug 14 20:31:22.630600 n kernel: hci0: 
Aug 14 20:31:22.630609 n kernel: hci0
Aug 14 20:31:22.630618 n kernel: hci0
Aug 14 20:31:22.630627 n kernel: hci0
Aug 14 20:31:22.630635 n kernel: hci0
Aug 14 20:31:22.630643 n kernel: hci0: 
Aug 14 20:31:22.630652 n kernel: hci0: 
Aug 14 20:31:22.630661 n kernel: hci0: Opcode 0x0c03
Aug 14 20:31:22.630670 n kernel: hci0: opcode 0x0c03 plen 0
Aug 14 20:31:22.630679 n kernel: hci0: skb len 3
Aug 14 20:31:22.630688 n kernel: hci0: length 1
Aug 14 20:31:22.630697 n kernel: hci0 cmd_cnt 1 cmd queued 1
Aug 14 20:31:22.630707 n kernel: hci0: skb 000000005eaa013f
Aug 14 20:31:22.687506 n kernel: hci0: result 0x00
Aug 14 20:31:22.687526 n kernel: hci0: end: err 0
Aug 14 20:31:22.687545 n kernel: hci0: Opcode 0x1003
Aug 14 20:31:22.687562 n kernel: hci0: opcode 0x1003 plen 0
Aug 14 20:31:22.687579 n kernel: hci0: skb len 3
Aug 14 20:31:22.687594 n kernel: hci0: length 1
Aug 14 20:31:22.687610 n kernel: hci0 cmd_cnt 1 cmd queued 1
Aug 14 20:31:22.687626 n kernel: hci0: skb 0000000009e2f626
Aug 14 20:31:22.691445 n kernel: hci0: result 0x00
Aug 14 20:31:22.691463 n kernel: hci0: end: err 0
Aug 14 20:31:22.691479 n kernel: hci0: Opcode 0x1001
Aug 14 20:31:22.691494 n kernel: hci0: opcode 0x1001 plen 0
Aug 14 20:31:22.691508 n kernel: hci0: skb len 3
Aug 14 20:31:22.691553 n kernel: hci0: length 1
Aug 14 20:31:22.691568 n kernel: hci0 cmd_cnt 1 cmd queued 1
Aug 14 20:31:22.691583 n kernel: hci0: skb 000000000c63916b
Aug 14 20:31:22.693470 n kernel: hci0: result 0x00
Aug 14 20:31:22.693482 n kernel: hci0: end: err 0
Aug 14 20:31:22.693491 n kernel: hci0: Opcode 0x1009
Aug 14 20:31:22.693500 n kernel: hci0: opcode 0x1009 plen 0
Aug 14 20:31:22.693510 n kernel: hci0: skb len 3
Aug 14 20:31:22.693522 n kernel: hci0: length 1
Aug 14 20:31:22.693533 n kernel: hci0 cmd_cnt 1 cmd queued 1
Aug 14 20:31:22.693542 n kernel: hci0: skb 00000000584d8d0f
Aug 14 20:31:22.696559 n kernel: hci0: result 0x00
Aug 14 20:31:22.696580 n kernel: hci0: end: err 0
Aug 14 20:31:22.696600 n kernel: hci0: 
Aug 14 20:31:22.696620 n kernel: hci0: Opcode 0x1002
Aug 14 20:31:22.696638 n kernel: hci0: opcode 0x1002 plen 0
Aug 14 20:31:22.696656 n kernel: hci0: skb len 3
Aug 14 20:31:22.696671 n kernel: hci0: length 1
Aug 14 20:31:22.696687 n kernel: hci0 cmd_cnt 1 cmd queued 1
Aug 14 20:31:22.696706 n kernel: hci0: skb 00000000afc856af
Aug 14 20:31:22.703501 n kernel: hci0: result 0x00
Aug 14 20:31:22.703537 n kernel: hci0: end: err 0
Aug 14 20:31:22.703559 n kernel: hci0: Opcode 0x0c56
Aug 14 20:31:22.703576 n kernel: hci0: opcode 0x0c56 plen 1
Aug 14 20:31:22.703586 n kernel: hci0: skb len 4
Aug 14 20:31:22.703597 n kernel: hci0: length 1
Aug 14 20:31:22.703608 n kernel: hci0 cmd_cnt 1 cmd queued 1
Aug 14 20:31:22.703619 n kernel: hci0: skb 00000000d7d03023
Aug 14 20:31:22.706470 n kernel: hci0: result 0x00
Aug 14 20:31:22.706490 n kernel: hci0: end: err 0
Aug 14 20:31:22.706507 n kernel: hci0: Opcode 0x0c45
Aug 14 20:31:22.706525 n kernel: hci0: opcode 0x0c45 plen 1
Aug 14 20:31:22.706541 n kernel: hci0: skb len 4
Aug 14 20:31:22.706556 n kernel: hci0: length 1
Aug 14 20:31:22.706572 n kernel: hci0 cmd_cnt 1 cmd queued 1
Aug 14 20:31:22.706588 n kernel: hci0: skb 00000000019a6680
Aug 14 20:31:22.709475 n kernel: hci0: result 0x00
Aug 14 20:31:22.709495 n kernel: hci0: end: err 0
Aug 14 20:31:22.709514 n kernel: hci0: Opcode 0x0c58
Aug 14 20:31:22.709533 n kernel: hci0: opcode 0x0c58 plen 0
Aug 14 20:31:22.709548 n kernel: hci0: skb len 3
Aug 14 20:31:22.709564 n kernel: hci0: length 1
Aug 14 20:31:22.709580 n kernel: hci0 cmd_cnt 1 cmd queued 1
Aug 14 20:31:22.709596 n kernel: hci0: skb 000000000002e1e4
Aug 14 20:31:22.712460 n kernel: hci0: result 0x00
Aug 14 20:31:22.712476 n kernel: hci0: end: err 0
Aug 14 20:31:22.712489 n kernel: hci0: Opcode 0x1004
Aug 14 20:31:22.712503 n kernel: hci0: opcode 0x1004 plen 1
Aug 14 20:31:22.712515 n kernel: hci0: skb len 4
Aug 14 20:31:22.712528 n kernel: hci0: length 1
Aug 14 20:31:22.712540 n kernel: hci0 cmd_cnt 1 cmd queued 1
Aug 14 20:31:22.712552 n kernel: hci0: skb 00000000368b4e6e
Aug 14 20:31:22.716468 n kernel: hci0: result 0x00
Aug 14 20:31:22.716488 n kernel: hci0: end: err 0
Aug 14 20:31:22.716504 n kernel: hci0: Opcode 0x1005
Aug 14 20:31:22.716525 n kernel: hci0: opcode 0x1005 plen 0
Aug 14 20:31:22.716542 n kernel: hci0: skb len 3
Aug 14 20:31:22.716582 n kernel: hci0: length 1
Aug 14 20:31:22.716599 n kernel: hci0 cmd_cnt 1 cmd queued 1
Aug 14 20:31:22.716615 n kernel: hci0: skb 0000000067ffbbc8
Aug 14 20:31:22.719469 n kernel: hci0: result 0x00
Aug 14 20:31:22.719490 n kernel: hci0: end: err 0
Aug 14 20:31:22.719511 n kernel: hci0: Opcode 0x0c23
Aug 14 20:31:22.719526 n kernel: hci0: opcode 0x0c23 plen 0
Aug 14 20:31:22.719541 n kernel: hci0: skb len 3
Aug 14 20:31:22.719594 n kernel: hci0: length 1
Aug 14 20:31:22.719615 n kernel: hci0 cmd_cnt 1 cmd queued 1
Aug 14 20:31:22.719634 n kernel: hci0: skb 0000000091ca2362
Aug 14 20:31:22.722429 n kernel: hci0: result 0x00
Aug 14 20:31:22.722440 n kernel: hci0: end: err 0
Aug 14 20:31:22.722454 n kernel: hci0: Opcode 0x0c14
Aug 14 20:31:22.722463 n kernel: hci0: opcode 0x0c14 plen 0
Aug 14 20:31:22.722473 n kernel: hci0: skb len 3
Aug 14 20:31:22.722483 n kernel: hci0: length 1
Aug 14 20:31:22.722493 n kernel: hci0 cmd_cnt 1 cmd queued 1
Aug 14 20:31:22.722502 n kernel: hci0: skb 00000000c138e90e
Aug 14 20:31:22.740476 n kernel: hci0: result 0x00
Aug 14 20:31:22.740496 n kernel: hci0: end: err 0
Aug 14 20:31:22.740513 n kernel: hci0: Opcode 0x0c25
Aug 14 20:31:22.740531 n kernel: hci0: opcode 0x0c25 plen 0
Aug 14 20:31:22.740547 n kernel: hci0: skb len 3
Aug 14 20:31:22.740562 n kernel: hci0: length 1
Aug 14 20:31:22.740578 n kernel: hci0 cmd_cnt 1 cmd queued 1
Aug 14 20:31:22.740593 n kernel: hci0: skb 00000000a24d4a6a
Aug 14 20:31:22.743469 n kernel: hci0: result 0x00
Aug 14 20:31:22.743489 n kernel: hci0: end: err 0
Aug 14 20:31:22.743505 n kernel: hci0: Opcode 0x0c38
Aug 14 20:31:22.743521 n kernel: hci0: opcode 0x0c38 plen 0
Aug 14 20:31:22.743538 n kernel: hci0: skb len 3
Aug 14 20:31:22.743556 n kernel: hci0: length 1
Aug 14 20:31:22.743572 n kernel: hci0 cmd_cnt 1 cmd queued 1
Aug 14 20:31:22.743587 n kernel: hci0: skb 00000000d326682c
Aug 14 20:31:22.746439 n kernel: hci0: result 0x00
Aug 14 20:31:22.746458 n kernel: hci0: end: err 0
Aug 14 20:31:22.746474 n kernel: hci0: Opcode 0x0c39
Aug 14 20:31:22.746488 n kernel: hci0: opcode 0x0c39 plen 0
Aug 14 20:31:22.746503 n kernel: hci0: skb len 3
Aug 14 20:31:22.746517 n kernel: hci0: length 1
Aug 14 20:31:22.746532 n kernel: hci0 cmd_cnt 1 cmd queued 1
Aug 14 20:31:22.746547 n kernel: hci0: skb 0000000072db9ff4
Aug 14 20:31:22.749471 n kernel: hci0: result 0x00
Aug 14 20:31:22.749490 n kernel: hci0: end: err 0
Aug 14 20:31:22.749506 n kernel: hci0: Opcode 0x0c16
Aug 14 20:31:22.749523 n kernel: hci0: opcode 0x0c16 plen 2
Aug 14 20:31:22.749541 n kernel: hci0: skb len 5
Aug 14 20:31:22.749556 n kernel: hci0: length 1
Aug 14 20:31:22.749572 n kernel: hci0 cmd_cnt 1 cmd queued 1
Aug 14 20:31:22.749587 n kernel: hci0: skb 0000000014bf68fe
Aug 14 20:31:22.752462 n kernel: hci0: result 0x00
Aug 14 20:31:22.752485 n kernel: hci0: end: err 0
Aug 14 20:31:22.752505 n kernel: hci0: Opcode 0x2003
Aug 14 20:31:22.752523 n kernel: hci0: opcode 0x2003 plen 0
Aug 14 20:31:22.752540 n kernel: hci0: skb len 3
Aug 14 20:31:22.752555 n kernel: hci0: length 1
Aug 14 20:31:22.752572 n kernel: hci0 cmd_cnt 1 cmd queued 1
Aug 14 20:31:22.752588 n kernel: hci0: skb 00000000675234e1
Aug 14 20:31:22.755431 n kernel: hci0: result 0x00
Aug 14 20:31:22.755445 n kernel: hci0: end: err 0
Aug 14 20:31:22.755457 n kernel: hci0: Opcode 0x2002
Aug 14 20:31:22.755468 n kernel: hci0: opcode 0x2002 plen 0
Aug 14 20:31:22.755479 n kernel: hci0: skb len 3
Aug 14 20:31:22.755491 n kernel: hci0: length 1
Aug 14 20:31:22.755503 n kernel: hci0 cmd_cnt 1 cmd queued 1
Aug 14 20:31:22.755515 n kernel: hci0: skb 000000008d5536bc
Aug 14 20:31:22.758503 n kernel: hci0: result 0x00
Aug 14 20:31:22.758529 n kernel: hci0: end: err 0
Aug 14 20:31:22.758552 n kernel: hci0: Opcode 0x201c
Aug 14 20:31:22.758571 n kernel: hci0: opcode 0x201c plen 0
Aug 14 20:31:22.758591 n kernel: hci0: skb len 3
Aug 14 20:31:22.758610 n kernel: hci0: length 1
Aug 14 20:31:22.758630 n kernel: hci0 cmd_cnt 1 cmd queued 1
Aug 14 20:31:22.758652 n kernel: hci0: skb 00000000c1de1e26
Aug 14 20:31:22.761493 n kernel: hci0: result 0x00
Aug 14 20:31:22.761521 n kernel: hci0: end: err 0
Aug 14 20:31:22.761544 n kernel: hci0: 
Aug 14 20:31:22.761558 n kernel: hci0: Opcode 0x0c01
Aug 14 20:31:22.761572 n kernel: hci0: opcode 0x0c01 plen 8
Aug 14 20:31:22.761584 n kernel: hci0: skb len 11
Aug 14 20:31:22.761596 n kernel: hci0: length 1
Aug 14 20:31:22.761608 n kernel: hci0 cmd_cnt 1 cmd queued 1
Aug 14 20:31:22.761620 n kernel: hci0: skb 00000000cfd840bf
Aug 14 20:31:22.764399 n kernel: hci0: result 0x00
Aug 14 20:31:22.764410 n kernel: hci0: end: err 0
Aug 14 20:31:22.764419 n kernel: hci0: Opcode 0x0c0d
Aug 14 20:31:22.764429 n kernel: hci0: opcode 0x0c0d plen 7
Aug 14 20:31:22.764460 n kernel: hci0: skb len 10
Aug 14 20:31:22.764478 n kernel: hci0: length 1
Aug 14 20:31:22.764487 n kernel: hci0 cmd_cnt 1 cmd queued 1
Aug 14 20:31:22.764496 n kernel: hci0: skb 00000000af88bee1
Aug 14 20:31:22.767438 n kernel: hci0: result 0x00
Aug 14 20:31:22.767457 n kernel: hci0: end: err 0
Aug 14 20:31:22.767473 n kernel: hci0: Opcode 0x080f
Aug 14 20:31:22.767489 n kernel: hci0: opcode 0x080f plen 2
Aug 14 20:31:22.767506 n kernel: hci0: skb len 5
Aug 14 20:31:22.767525 n kernel: hci0: length 1
Aug 14 20:31:22.767541 n kernel: hci0 cmd_cnt 1 cmd queued 1
Aug 14 20:31:22.767557 n kernel: hci0: skb 000000009e7ebd3f
Aug 14 20:31:22.770472 n kernel: hci0: result 0x00
Aug 14 20:31:22.770492 n kernel: hci0: end: err 0
Aug 14 20:31:22.770508 n kernel: hci0: Opcode 0x0c1b
Aug 14 20:31:22.770527 n kernel: hci0: opcode 0x0c1b plen 0
Aug 14 20:31:22.770545 n kernel: hci0: skb len 3
Aug 14 20:31:22.770561 n kernel: hci0: length 1
Aug 14 20:31:22.770577 n kernel: hci0 cmd_cnt 1 cmd queued 1
Aug 14 20:31:22.770593 n kernel: hci0: skb 0000000030a10a7a
Aug 14 20:31:22.773436 n kernel: hci0: result 0x00
Aug 14 20:31:22.773448 n kernel: hci0: end: err 0
Aug 14 20:31:22.773457 n kernel: hci0: Opcode 0x0c46
Aug 14 20:31:22.773467 n kernel: hci0: opcode 0x0c46 plen 0
Aug 14 20:31:22.773477 n kernel: hci0: skb len 3
Aug 14 20:31:22.773486 n kernel: hci0: length 1
Aug 14 20:31:22.773495 n kernel: hci0 cmd_cnt 1 cmd queued 1
Aug 14 20:31:22.773504 n kernel: hci0: skb 000000008a3efec4
Aug 14 20:31:22.776478 n kernel: hci0: result 0x00
Aug 14 20:31:22.776532 n kernel: hci0: end: err 0
Aug 14 20:31:22.776555 n kernel: hci0: Opcode 0x1004
Aug 14 20:31:22.776570 n kernel: hci0: opcode 0x1004 plen 1
Aug 14 20:31:22.776587 n kernel: hci0: skb len 4
Aug 14 20:31:22.776603 n kernel: hci0: length 1
Aug 14 20:31:22.776619 n kernel: hci0 cmd_cnt 1 cmd queued 1
Aug 14 20:31:22.776640 n kernel: hci0: skb 00000000b07591f0
Aug 14 20:31:22.780440 n kernel: hci0: result 0x00
Aug 14 20:31:22.780451 n kernel: hci0: end: err 0
Aug 14 20:31:22.780460 n kernel: hci0: Opcode 0x2001
Aug 14 20:31:22.780469 n kernel: hci0: opcode 0x2001 plen 8
Aug 14 20:31:22.780478 n kernel: hci0: skb len 11
Aug 14 20:31:22.780488 n kernel: hci0: length 1
Aug 14 20:31:22.780501 n kernel: hci0 cmd_cnt 1 cmd queued 1
Aug 14 20:31:22.780511 n kernel: hci0: skb 00000000eba68c96
Aug 14 20:31:22.783470 n kernel: hci0: result 0x00
Aug 14 20:31:22.783491 n kernel: hci0: end: err 0
Aug 14 20:31:22.783507 n kernel: hci0: Opcode 0x2007
Aug 14 20:31:22.783525 n kernel: hci0: opcode 0x2007 plen 0
Aug 14 20:31:22.783541 n kernel: hci0: skb len 3
Aug 14 20:31:22.783581 n kernel: hci0: length 1
Aug 14 20:31:22.783597 n kernel: hci0 cmd_cnt 1 cmd queued 1
Aug 14 20:31:22.783612 n kernel: hci0: skb 00000000cf88216f
Aug 14 20:31:22.786490 n kernel: hci0: result 0x00
Aug 14 20:31:22.786509 n kernel: hci0: end: err 0
Aug 14 20:31:22.786530 n kernel: hci0: Opcode 0x200f
Aug 14 20:31:22.786549 n kernel: hci0: opcode 0x200f plen 0
Aug 14 20:31:22.786565 n kernel: hci0: skb len 3
Aug 14 20:31:22.786583 n kernel: hci0: length 1
Aug 14 20:31:22.786598 n kernel: hci0 cmd_cnt 1 cmd queued 1
Aug 14 20:31:22.786614 n kernel: hci0: skb 0000000017a0e527
Aug 14 20:31:22.789434 n kernel: hci0: result 0x00
Aug 14 20:31:22.789445 n kernel: hci0: end: err 0
Aug 14 20:31:22.789456 n kernel: hci0: Opcode 0x2010
Aug 14 20:31:22.789466 n kernel: hci0: opcode 0x2010 plen 0
Aug 14 20:31:22.789475 n kernel: hci0: skb len 3
Aug 14 20:31:22.789484 n kernel: hci0: length 1
Aug 14 20:31:22.789493 n kernel: hci0 cmd_cnt 1 cmd queued 1
Aug 14 20:31:22.789503 n kernel: hci0: skb 000000007c00cbff
Aug 14 20:31:22.792472 n kernel: hci0: result 0x00
Aug 14 20:31:22.792492 n kernel: hci0: end: err 0
Aug 14 20:31:22.792511 n kernel: hci0: Opcode 0x202a
Aug 14 20:31:22.792531 n kernel: hci0: opcode 0x202a plen 0
Aug 14 20:31:22.792547 n kernel: hci0: skb len 3
Aug 14 20:31:22.792564 n kernel: hci0: length 1
Aug 14 20:31:22.792580 n kernel: hci0 cmd_cnt 1 cmd queued 1
Aug 14 20:31:22.792597 n kernel: hci0: skb 000000000f99712f
Aug 14 20:31:22.795491 n kernel: hci0: result 0x00
Aug 14 20:31:22.795511 n kernel: hci0: end: err 0
Aug 14 20:31:22.795532 n kernel: hci0: Opcode 0x2029
Aug 14 20:31:22.795549 n kernel: hci0: opcode 0x2029 plen 0
Aug 14 20:31:22.795566 n kernel: hci0: skb len 3
Aug 14 20:31:22.795582 n kernel: hci0: length 1
Aug 14 20:31:22.795599 n kernel: hci0 cmd_cnt 1 cmd queued 1
Aug 14 20:31:22.795615 n kernel: hci0: skb 0000000069ae3ec8
Aug 14 20:31:22.797359 n kernel: 00000000babfecdf name hci0 blocked 0
Aug 14 20:31:22.798387 n kernel: hci0: result 0x00
Aug 14 20:31:22.798402 n kernel: hci0: end: err 0
Aug 14 20:31:22.798411 n kernel: hci0: Opcode 0x202e
Aug 14 20:31:22.798421 n kernel: hci0: opcode 0x202e plen 2
Aug 14 20:31:22.798431 n kernel: hci0: skb len 5
Aug 14 20:31:22.798442 n kernel: hci0: length 1
Aug 14 20:31:22.798452 n kernel: hci0 cmd_cnt 1 cmd queued 1
Aug 14 20:31:22.798461 n kernel: hci0: skb 0000000001b85ae2
Aug 14 20:31:22.801394 n kernel: hci0: result 0x00
Aug 14 20:31:22.801485 n kernel: hci0: end: err 0
Aug 14 20:31:22.801515 n kernel: hci0: Opcode 0x0c6d
Aug 14 20:31:22.801536 n kernel: hci0: opcode 0x0c6d plen 2
Aug 14 20:31:22.801556 n kernel: hci0: skb len 5
Aug 14 20:31:22.801571 n kernel: hci0: length 1
Aug 14 20:31:22.801586 n kernel: hci0 cmd_cnt 1 cmd queued 1
Aug 14 20:31:22.801601 n kernel: hci0: skb 00000000fa21bcd9
Aug 14 20:31:22.804417 n kernel: hci0: result 0x00
Aug 14 20:31:22.804435 n kernel: hci0: end: err 0
Aug 14 20:31:22.804451 n kernel: hci0: 
Aug 14 20:31:22.804468 n kernel: hci0: Opcode 0x0c12
Aug 14 20:31:22.804485 n kernel: hci0: opcode 0x0c12 plen 7
Aug 14 20:31:22.804500 n kernel: hci0: skb len 10
Aug 14 20:31:22.804516 n kernel: hci0: length 1
Aug 14 20:31:22.804532 n kernel: hci0 cmd_cnt 1 cmd queued 1
Aug 14 20:31:22.804547 n kernel: hci0: skb 000000003eff0283
Aug 14 20:31:22.807411 n kernel: hci0: result 0x00
Aug 14 20:31:22.807431 n kernel: hci0: end: err 0
Aug 14 20:31:22.807453 n kernel: hci0: Opcode 0x0c77
Aug 14 20:31:22.807470 n kernel: hci0: opcode 0x0c77 plen 0
Aug 14 20:31:22.807486 n kernel: hci0: skb len 3
Aug 14 20:31:22.807501 n kernel: hci0: length 1
Aug 14 20:31:22.807518 n kernel: hci0 cmd_cnt 1 cmd queued 1
Aug 14 20:31:22.807537 n kernel: hci0: skb 00000000aa30374d
Aug 14 20:31:22.810411 n kernel: hci0: result 0x00
Aug 14 20:31:22.810433 n kernel: hci0: end: err 0
Aug 14 20:31:22.810455 n kernel: hci0: Opcode 0x0c7a
Aug 14 20:31:22.810471 n kernel: hci0: opcode 0x0c7a plen 1
Aug 14 20:31:22.810487 n kernel: hci0: skb len 4
Aug 14 20:31:22.810502 n kernel: hci0: length 1
Aug 14 20:31:22.810519 n kernel: hci0 cmd_cnt 1 cmd queued 1
Aug 14 20:31:22.810536 n kernel: hci0: skb 000000003002d47c
Aug 14 20:31:22.813371 n kernel: hci0: result 0x00
Aug 14 20:31:22.813381 n kernel: hci0: end: err 0
Aug 14 20:31:22.813390 n kernel: hci0: Opcode 0x0c1a
Aug 14 20:31:22.813400 n kernel: hci0: opcode 0x0c1a plen 1
Aug 14 20:31:22.813409 n kernel: hci0: skb len 4
Aug 14 20:31:22.813418 n kernel: hci0: length 1
Aug 14 20:31:22.813426 n kernel: hci0 cmd_cnt 1 cmd queued 1
Aug 14 20:31:22.813435 n kernel: hci0: skb 00000000bcab5bb0
Aug 14 20:31:22.816411 n kernel: hci0: result 0x00
Aug 14 20:31:22.816430 n kernel: hci0: end: err 0
Aug 14 20:31:22.816450 n kernel: hci0: 
Aug 14 20:31:22.816468 n kernel: hci0: Opcode 0x0c24
Aug 14 20:31:22.816485 n kernel: hci0: opcode 0x0c24 plen 3
Aug 14 20:31:22.816501 n kernel: hci0: skb len 6
Aug 14 20:31:22.816550 n kernel: hci0: length 1
Aug 14 20:31:22.816569 n kernel: hci0 cmd_cnt 1 cmd queued 1
Aug 14 20:31:22.816585 n kernel: hci0: skb 00000000d3a95fa4
Aug 14 20:31:22.819418 n kernel: hci0: result 0x00
Aug 14 20:31:22.819459 n kernel: hci0: end: err 0
Aug 14 20:31:22.819485 n kernel: hci0: Opcode 0x0c13
Aug 14 20:31:22.819510 n kernel: hci0: opcode 0x0c13 plen 248
Aug 14 20:31:22.819552 n kernel: hci0: skb len 251
Aug 14 20:31:22.819576 n kernel: hci0: length 1
Aug 14 20:31:22.819601 n kernel: hci0 cmd_cnt 1 cmd queued 1
Aug 14 20:31:22.819638 n kernel: hci0: skb 00000000c5b8123f
Aug 14 20:31:22.822412 n kernel: hci0: result 0x00
Aug 14 20:31:22.822431 n kernel: hci0: end: err 0
Aug 14 20:31:22.822452 n kernel: hci0: 
Aug 14 20:31:22.822470 n kernel: hci0: Opcode 0x0c52
Aug 14 20:31:22.822486 n kernel: hci0: opcode 0x0c52 plen 241
Aug 14 20:31:22.822502 n kernel: hci0: skb len 244
Aug 14 20:31:22.822518 n kernel: hci0: length 1
Aug 14 20:31:22.822533 n kernel: hci0 cmd_cnt 1 cmd queued 1
Aug 14 20:31:22.822567 n kernel: hci0: skb 00000000e30e981a
Aug 14 20:31:22.825395 n kernel: hci0: result 0x00
Aug 14 20:31:22.825412 n kernel: hci0: end: err 0
Aug 14 20:31:22.825428 n kernel: hci0: entry 000000002d354319
Aug 14 20:31:22.825444 n kernel: hci0: ADV monitoring is off
Aug 14 20:31:22.825460 n kernel: hci0: stopping background scanning
Aug 14 20:31:22.825476 n kernel: hci0: 
Aug 14 20:31:22.827403 n kernel: hci0: 
Aug 14 20:31:22.827412 n kernel: hci0: entry 000000009777df08
Aug 14 20:31:22.827429 n kernel: hci0: ADV monitoring is off
Aug 14 20:31:22.827440 n kernel: hci0: stopping background scanning
Aug 14 20:31:22.827457 n kernel: hci0: 
Aug 14 20:31:22.827465 n kernel: hci0: entry 000000002cd53d9e
Aug 14 20:31:22.827473 n kernel: hci0: Opcode 0x0c3a
Aug 14 20:31:22.827481 n kernel: hci0: opcode 0x0c3a plen 4
Aug 14 20:31:22.827489 n kernel: hci0: skb len 7
Aug 14 20:31:22.827497 n kernel: hci0: length 1
Aug 14 20:31:22.827505 n kernel: hci0 cmd_cnt 1 cmd queued 1
Aug 14 20:31:22.827513 n kernel: hci0: skb 00000000dbb0eaf8
Aug 14 20:31:22.830395 n kernel: hci0: result 0x00
Aug 14 20:31:22.830412 n kernel: hci0: end: err 0
Aug 14 20:31:22.830427 n kernel: hci0: Opcode 0x0c1a
Aug 14 20:31:22.830441 n kernel: hci0: opcode 0x0c1a plen 1
Aug 14 20:31:22.830456 n kernel: hci0: skb len 4
Aug 14 20:31:22.830470 n kernel: hci0: length 1
Aug 14 20:31:22.830484 n kernel: hci0 cmd_cnt 1 cmd queued 1
Aug 14 20:31:22.830499 n kernel: hci0: skb 00000000d7d03023
Aug 14 20:31:22.833359 n kernel: hci0: result 0x00
Aug 14 20:31:22.833368 n kernel: hci0: end: err 0
Aug 14 20:31:22.833377 n kernel: hci0: 
Aug 14 20:31:22.833395 n kernel: hci0: state 0 -> 1
Aug 14 20:31:22.833404 n kernel: hci0: 
Aug 14 20:31:22.833413 n kernel: hci0: entry 0000000066baea60
Aug 14 20:31:22.833423 n kernel: hci0: type 7
Aug 14 20:31:22.833432 n kernel: hci0: 
Aug 14 20:31:22.833441 n kernel: hci0: cancelling interleave scan
Aug 14 20:31:22.833475 n kernel: hci0: Opcode 0x2005
Aug 14 20:31:22.833491 n kernel: hci0: opcode 0x2005 plen 6
Aug 14 20:31:22.833505 n kernel: hci0: skb len 9
Aug 14 20:31:22.833520 n kernel: hci0: length 1
Aug 14 20:31:22.833533 n kernel: hci0 cmd_cnt 1 cmd queued 1
Aug 14 20:31:22.833547 n kernel: hci0: skb 0000000022db93aa
Aug 14 20:31:22.836359 n kernel: hci0: result 0x00
Aug 14 20:31:22.836368 n kernel: hci0: end: err 0
Aug 14 20:31:22.836377 n kernel: hci0: Opcode 0x200b
Aug 14 20:31:22.836386 n kernel: hci0: opcode 0x200b plen 7
Aug 14 20:31:22.836395 n kernel: hci0: skb len 10
Aug 14 20:31:22.836404 n kernel: hci0: length 1
Aug 14 20:31:22.836413 n kernel: hci0 cmd_cnt 1 cmd queued 1
Aug 14 20:31:22.836422 n kernel: hci0: skb 00000000cf88216f
Aug 14 20:31:22.838363 n kernel: Bluetooth: hci0: unexpected event for opcode 0x2005
Aug 14 20:31:22.840357 n kernel: hci0: result 0x00
Aug 14 20:31:22.840366 n kernel: hci0: end: err 0
Aug 14 20:31:22.840375 n kernel: hci0: Opcode 0x200c
Aug 14 20:31:22.840383 n kernel: hci0: opcode 0x200c plen 2
Aug 14 20:31:22.840392 n kernel: hci0: skb len 5
Aug 14 20:31:22.840401 n kernel: hci0: length 1
Aug 14 20:31:22.840409 n kernel: hci0 cmd_cnt 1 cmd queued 1
Aug 14 20:31:22.840417 n kernel: hci0: skb 00000000eba68c96
Aug 14 20:31:22.843345 n kernel: hci0: state 1 -> 2
Aug 14 20:31:22.843377 n kernel: hci0: result 0x00
Aug 14 20:31:22.843386 n kernel: hci0: end: err 0
Aug 14 20:31:22.843398 n kernel: hci0: timeout 5120 ms
Aug 14 20:31:22.963393 n kernel: 00000000babfecdf name hci0 blocked 1
Aug 14 20:31:22.963430 n kernel: hci0 00000000babfecdf
Aug 14 20:31:22.963441 n kernel: hci0: Opcode 0x0c1a
Aug 14 20:31:22.963451 n kernel: hci0: opcode 0x0c1a plen 1
Aug 14 20:31:22.963460 n kernel: hci0: skb len 4
Aug 14 20:31:22.963468 n kernel: hci0: length 1
Aug 14 20:31:22.963478 n kernel: hci0 cmd_cnt 1 cmd queued 1
Aug 14 20:31:22.963487 n kernel: hci0: skb 0000000027d67db6
Aug 14 20:31:22.966414 n kernel: hci0: result 0x00
Aug 14 20:31:22.966429 n kernel: hci0: end: err 0
Aug 14 20:31:22.966442 n kernel: hci0: state 2
Aug 14 20:31:22.966455 n kernel: hci0: Opcode 0x200c
Aug 14 20:31:22.966467 n kernel: hci0: opcode 0x200c plen 2
Aug 14 20:31:22.966478 n kernel: hci0: skb len 5
Aug 14 20:31:22.966490 n kernel: hci0: length 1
Aug 14 20:31:22.966500 n kernel: hci0 cmd_cnt 1 cmd queued 1
Aug 14 20:31:22.966511 n kernel: hci0: skb 0000000044774a34
Aug 14 20:31:22.969428 n kernel: hci0: result 0x00
Aug 14 20:31:22.969448 n kernel: hci0: 
Aug 14 20:31:22.969467 n kernel: hci0: 
Aug 14 20:31:22.969484 n kernel: hci0: end: err 0
Aug 14 20:31:22.969500 n kernel: hci0: 
Aug 14 20:31:22.969515 n kernel: hci0: entry 000000002cd53d9e
Aug 14 20:31:22.976366 n kernel: hci0: err 0x13
Aug 14 20:31:22.976396 n kernel: hci0: cancelling interleave scan
Aug 14 20:31:22.976404 n kernel: hci0: state 2 -> 0
Aug 14 20:31:22.976420 n kernel: hdev hci0
Aug 14 20:31:22.976428 n kernel: hci0
Aug 14 20:31:22.976435 n kernel: hci0
Aug 14 20:31:22.976442 n kernel: hci0: 
Aug 14 20:31:23.131377 n kernel: 00000000babfecdf name hci0 blocked 0
Aug 14 20:31:23.131409 n kernel: hci0: 
Aug 14 20:31:23.131418 n kernel: hci0: entry 000000008dc99197
Aug 14 20:31:23.131428 n kernel: hci0: 
Aug 14 20:31:23.131436 n kernel: hci0
Aug 14 20:31:23.131447 n kernel: hci0
Aug 14 20:31:23.131455 n kernel: hci0
Aug 14 20:31:23.131464 n kernel: hci0
Aug 14 20:31:23.131474 n kernel: hci0: 
Aug 14 20:31:23.131482 n kernel: hci0: 
Aug 14 20:31:23.131491 n kernel: hci0: Opcode 0x0c03
Aug 14 20:31:23.131499 n kernel: hci0: opcode 0x0c03 plen 0
Aug 14 20:31:23.131508 n kernel: hci0: skb len 3
Aug 14 20:31:23.131521 n kernel: hci0: length 1
Aug 14 20:31:23.131536 n kernel: hci0 cmd_cnt 1 cmd queued 1
Aug 14 20:31:23.131552 n kernel: hci0: skb 00000000e9b0cc17
Aug 14 20:31:23.187645 n kernel: hci0: result 0x00
Aug 14 20:31:23.187666 n kernel: hci0: end: err 0
Aug 14 20:31:23.187683 n kernel: hci0: Opcode 0x1003
Aug 14 20:31:23.187710 n kernel: hci0: opcode 0x1003 plen 0
Aug 14 20:31:23.187729 n kernel: hci0: skb len 3
Aug 14 20:31:23.187745 n kernel: hci0: length 1
Aug 14 20:31:23.187761 n kernel: hci0 cmd_cnt 1 cmd queued 1
Aug 14 20:31:23.187777 n kernel: hci0: skb 00000000e4e6e90f
Aug 14 20:31:23.190492 n kernel: hci0: result 0x00
Aug 14 20:31:23.190523 n kernel: hci0: end: err 0
Aug 14 20:31:23.190540 n kernel: hci0: Opcode 0x1001
Aug 14 20:31:23.190556 n kernel: hci0: opcode 0x1001 plen 0
Aug 14 20:31:23.190571 n kernel: hci0: skb len 3
Aug 14 20:31:23.190587 n kernel: hci0: length 1
Aug 14 20:31:23.190607 n kernel: hci0 cmd_cnt 1 cmd queued 1
Aug 14 20:31:23.190626 n kernel: hci0: skb 00000000c2fb9c5b
Aug 14 20:31:23.193506 n kernel: hci0: result 0x00
Aug 14 20:31:23.193538 n kernel: hci0: end: err 0
Aug 14 20:31:23.193557 n kernel: hci0: Opcode 0x1009
Aug 14 20:31:23.193572 n kernel: hci0: opcode 0x1009 plen 0
Aug 14 20:31:23.193588 n kernel: hci0: skb len 3
Aug 14 20:31:23.193604 n kernel: hci0: length 1
Aug 14 20:31:23.193622 n kernel: hci0 cmd_cnt 1 cmd queued 1
Aug 14 20:31:23.193640 n kernel: hci0: skb 0000000065e70be4
Aug 14 20:31:23.196525 n kernel: hci0: result 0x00
Aug 14 20:31:23.196548 n kernel: hci0: end: err 0
Aug 14 20:31:23.196565 n kernel: hci0: 
Aug 14 20:31:23.196581 n kernel: hci0: Opcode 0x1002
Aug 14 20:31:23.196602 n kernel: hci0: opcode 0x1002 plen 0
Aug 14 20:31:23.196619 n kernel: hci0: skb len 3
Aug 14 20:31:23.196635 n kernel: hci0: length 1
Aug 14 20:31:23.196653 n kernel: hci0 cmd_cnt 1 cmd queued 1
Aug 14 20:31:23.196670 n kernel: hci0: skb 0000000002ef4a12
Aug 14 20:31:23.203483 n kernel: hci0: result 0x00
Aug 14 20:31:23.203503 n kernel: hci0: end: err 0
Aug 14 20:31:23.203520 n kernel: hci0: Opcode 0x0c56
Aug 14 20:31:23.203535 n kernel: hci0: opcode 0x0c56 plen 1
Aug 14 20:31:23.203551 n kernel: hci0: skb len 4
Aug 14 20:31:23.203567 n kernel: hci0: length 1
Aug 14 20:31:23.203585 n kernel: hci0 cmd_cnt 1 cmd queued 1
Aug 14 20:31:23.203606 n kernel: hci0: skb 00000000b66e1005
Aug 14 20:31:23.206479 n kernel: hci0: result 0x00
Aug 14 20:31:23.206499 n kernel: hci0: end: err 0
Aug 14 20:31:23.206515 n kernel: hci0: Opcode 0x0c45
Aug 14 20:31:23.206531 n kernel: hci0: opcode 0x0c45 plen 1
Aug 14 20:31:23.206547 n kernel: hci0: skb len 4
Aug 14 20:31:23.206564 n kernel: hci0: length 1
Aug 14 20:31:23.206581 n kernel: hci0 cmd_cnt 1 cmd queued 1
Aug 14 20:31:23.206597 n kernel: hci0: skb 0000000080299c17
Aug 14 20:31:23.209431 n kernel: hci0: result 0x00
Aug 14 20:31:23.209442 n kernel: hci0: end: err 0
Aug 14 20:31:23.209452 n kernel: hci0: Opcode 0x0c58
Aug 14 20:31:23.209461 n kernel: hci0: opcode 0x0c58 plen 0
Aug 14 20:31:23.209470 n kernel: hci0: skb len 3
Aug 14 20:31:23.209479 n kernel: hci0: length 1
Aug 14 20:31:23.209489 n kernel: hci0 cmd_cnt 1 cmd queued 1
Aug 14 20:31:23.209498 n kernel: hci0: skb 00000000eba68c96
Aug 14 20:31:23.212479 n kernel: hci0: result 0x00
Aug 14 20:31:23.212499 n kernel: hci0: end: err 0
Aug 14 20:31:23.212515 n kernel: hci0: Opcode 0x1004
Aug 14 20:31:23.212554 n kernel: hci0: opcode 0x1004 plen 1
Aug 14 20:31:23.212570 n kernel: hci0: skb len 4
Aug 14 20:31:23.212589 n kernel: hci0: length 1
Aug 14 20:31:23.212624 n kernel: hci0 cmd_cnt 1 cmd queued 1
Aug 14 20:31:23.212642 n kernel: hci0: skb 000000007eeb6db2
Aug 14 20:31:23.216431 n kernel: hci0: result 0x00
Aug 14 20:31:23.216445 n kernel: hci0: end: err 0
Aug 14 20:31:23.216457 n kernel: hci0: Opcode 0x1005
Aug 14 20:31:23.216468 n kernel: hci0: opcode 0x1005 plen 0
Aug 14 20:31:23.216479 n kernel: hci0: skb len 3
Aug 14 20:31:23.216490 n kernel: hci0: length 1
Aug 14 20:31:23.216500 n kernel: hci0 cmd_cnt 1 cmd queued 1
Aug 14 20:31:23.216512 n kernel: hci0: skb 000000009e7ebd3f
Aug 14 20:31:23.219497 n kernel: hci0: result 0x00
Aug 14 20:31:23.219521 n kernel: hci0: end: err 0
Aug 14 20:31:23.219540 n kernel: hci0: Opcode 0x0c23
Aug 14 20:31:23.219557 n kernel: hci0: opcode 0x0c23 plen 0
Aug 14 20:31:23.219574 n kernel: hci0: skb len 3
Aug 14 20:31:23.219590 n kernel: hci0: length 1
Aug 14 20:31:23.219608 n kernel: hci0 cmd_cnt 1 cmd queued 1
Aug 14 20:31:23.219626 n kernel: hci0: skb 00000000af88bee1
Aug 14 20:31:23.222481 n kernel: hci0: result 0x00
Aug 14 20:31:23.222500 n kernel: hci0: end: err 0
Aug 14 20:31:23.222516 n kernel: hci0: Opcode 0x0c14
Aug 14 20:31:23.222532 n kernel: hci0: opcode 0x0c14 plen 0
Aug 14 20:31:23.222548 n kernel: hci0: skb len 3
Aug 14 20:31:23.222565 n kernel: hci0: length 1
Aug 14 20:31:23.222581 n kernel: hci0 cmd_cnt 1 cmd queued 1
Aug 14 20:31:23.222598 n kernel: hci0: skb 00000000cfd840bf
Aug 14 20:31:23.240478 n kernel: hci0: result 0x00
Aug 14 20:31:23.240497 n kernel: hci0: end: err 0
Aug 14 20:31:23.240514 n kernel: hci0: Opcode 0x0c25
Aug 14 20:31:23.240530 n kernel: hci0: opcode 0x0c25 plen 0
Aug 14 20:31:23.240545 n kernel: hci0: skb len 3
Aug 14 20:31:23.240562 n kernel: hci0: length 1
Aug 14 20:31:23.240578 n kernel: hci0 cmd_cnt 1 cmd queued 1
Aug 14 20:31:23.240598 n kernel: hci0: skb 00000000c1de1e26
Aug 14 20:31:23.243472 n kernel: hci0: result 0x00
Aug 14 20:31:23.243493 n kernel: hci0: end: err 0
Aug 14 20:31:23.243513 n kernel: hci0: Opcode 0x0c38
Aug 14 20:31:23.243529 n kernel: hci0: opcode 0x0c38 plen 0
Aug 14 20:31:23.243545 n kernel: hci0: skb len 3
Aug 14 20:31:23.243564 n kernel: hci0: length 1
Aug 14 20:31:23.243582 n kernel: hci0 cmd_cnt 1 cmd queued 1
Aug 14 20:31:23.243599 n kernel: hci0: skb 000000008d5536bc
Aug 14 20:31:23.246464 n kernel: hci0: result 0x00
Aug 14 20:31:23.246484 n kernel: hci0: end: err 0
Aug 14 20:31:23.246500 n kernel: hci0: Opcode 0x0c39
Aug 14 20:31:23.246517 n kernel: hci0: opcode 0x0c39 plen 0
Aug 14 20:31:23.246532 n kernel: hci0: skb len 3
Aug 14 20:31:23.246548 n kernel: hci0: length 1
Aug 14 20:31:23.246565 n kernel: hci0 cmd_cnt 1 cmd queued 1
Aug 14 20:31:23.246582 n kernel: hci0: skb 00000000675234e1
Aug 14 20:31:23.250449 n kernel: hci0: result 0x00
Aug 14 20:31:23.250463 n kernel: hci0: end: err 0
Aug 14 20:31:23.250475 n kernel: hci0: Opcode 0x0c16
Aug 14 20:31:23.250486 n kernel: hci0: opcode 0x0c16 plen 2
Aug 14 20:31:23.250500 n kernel: hci0: skb len 5
Aug 14 20:31:23.250511 n kernel: hci0: length 1
Aug 14 20:31:23.250523 n kernel: hci0 cmd_cnt 1 cmd queued 1
Aug 14 20:31:23.250551 n kernel: hci0: skb 000000003b8aed21
Aug 14 20:31:23.252534 n kernel: hci0: result 0x00
Aug 14 20:31:23.252544 n kernel: hci0: end: err 0
Aug 14 20:31:23.252552 n kernel: hci0: Opcode 0x2003
Aug 14 20:31:23.252562 n kernel: hci0: opcode 0x2003 plen 0
Aug 14 20:31:23.252570 n kernel: hci0: skb len 3
Aug 14 20:31:23.252579 n kernel: hci0: length 1
Aug 14 20:31:23.252588 n kernel: hci0 cmd_cnt 1 cmd queued 1
Aug 14 20:31:23.252596 n kernel: hci0: skb 0000000080299c17
Aug 14 20:31:23.255422 n kernel: hci0: result 0x00
Aug 14 20:31:23.255442 n kernel: hci0: end: err 0
Aug 14 20:31:23.255458 n kernel: hci0: Opcode 0x2002
Aug 14 20:31:23.255475 n kernel: hci0: opcode 0x2002 plen 0
Aug 14 20:31:23.255491 n kernel: hci0: skb len 3
Aug 14 20:31:23.255510 n kernel: hci0: length 1
Aug 14 20:31:23.255529 n kernel: hci0 cmd_cnt 1 cmd queued 1
Aug 14 20:31:23.255544 n kernel: hci0: skb 00000000b66e1005
Aug 14 20:31:23.258511 n kernel: hci0: result 0x00
Aug 14 20:31:23.258531 n kernel: hci0: end: err 0
Aug 14 20:31:23.258550 n kernel: hci0: Opcode 0x201c
Aug 14 20:31:23.258568 n kernel: hci0: opcode 0x201c plen 0
Aug 14 20:31:23.258585 n kernel: hci0: skb len 3
Aug 14 20:31:23.258600 n kernel: hci0: length 1
Aug 14 20:31:23.258615 n kernel: hci0 cmd_cnt 1 cmd queued 1
Aug 14 20:31:23.258631 n kernel: hci0: skb 0000000002ef4a12
Aug 14 20:31:23.261425 n kernel: hci0: result 0x00
Aug 14 20:31:23.261444 n kernel: hci0: end: err 0
Aug 14 20:31:23.261461 n kernel: hci0: 
Aug 14 20:31:23.261478 n kernel: hci0: Opcode 0x0c01
Aug 14 20:31:23.261494 n kernel: hci0: opcode 0x0c01 plen 8
Aug 14 20:31:23.261512 n kernel: hci0: skb len 11
Aug 14 20:31:23.261529 n kernel: hci0: length 1
Aug 14 20:31:23.261545 n kernel: hci0 cmd_cnt 1 cmd queued 1
Aug 14 20:31:23.261562 n kernel: hci0: skb 0000000080d11151
Aug 14 20:31:23.264387 n kernel: hci0: result 0x00
Aug 14 20:31:23.264402 n kernel: hci0: end: err 0
Aug 14 20:31:23.264417 n kernel: hci0: Opcode 0x0c0d
Aug 14 20:31:23.264430 n kernel: hci0: opcode 0x0c0d plen 7
Aug 14 20:31:23.264443 n kernel: hci0: skb len 10
Aug 14 20:31:23.264459 n kernel: hci0: length 1
Aug 14 20:31:23.264471 n kernel: hci0 cmd_cnt 1 cmd queued 1
Aug 14 20:31:23.264483 n kernel: hci0: skb 00000000c2fb9c5b
Aug 14 20:31:23.267418 n kernel: hci0: result 0x00
Aug 14 20:31:23.267438 n kernel: hci0: end: err 0
Aug 14 20:31:23.267454 n kernel: hci0: Opcode 0x080f
Aug 14 20:31:23.267471 n kernel: hci0: opcode 0x080f plen 2
Aug 14 20:31:23.267488 n kernel: hci0: skb len 5
Aug 14 20:31:23.267506 n kernel: hci0: length 1
Aug 14 20:31:23.267522 n kernel: hci0 cmd_cnt 1 cmd queued 1
Aug 14 20:31:23.267538 n kernel: hci0: skb 00000000e4e6e90f
Aug 14 20:31:23.270418 n kernel: hci0: result 0x00
Aug 14 20:31:23.270437 n kernel: hci0: end: err 0
Aug 14 20:31:23.270471 n kernel: hci0: Opcode 0x0c1b
Aug 14 20:31:23.270488 n kernel: hci0: opcode 0x0c1b plen 0
Aug 14 20:31:23.270513 n kernel: hci0: skb len 3
Aug 14 20:31:23.270529 n kernel: hci0: length 1
Aug 14 20:31:23.270544 n kernel: hci0 cmd_cnt 1 cmd queued 1
Aug 14 20:31:23.270560 n kernel: hci0: skb 00000000e9b0cc17
Aug 14 20:31:23.273420 n kernel: hci0: result 0x00
Aug 14 20:31:23.273439 n kernel: hci0: end: err 0
Aug 14 20:31:23.273456 n kernel: hci0: Opcode 0x0c46
Aug 14 20:31:23.273472 n kernel: hci0: opcode 0x0c46 plen 0
Aug 14 20:31:23.273488 n kernel: hci0: skb len 3
Aug 14 20:31:23.273506 n kernel: hci0: length 1
Aug 14 20:31:23.273523 n kernel: hci0 cmd_cnt 1 cmd queued 1
Aug 14 20:31:23.273539 n kernel: hci0: skb 00000000bb6993bc
Aug 14 20:31:23.276420 n kernel: hci0: result 0x00
Aug 14 20:31:23.276449 n kernel: hci0: end: err 0
Aug 14 20:31:23.276476 n kernel: hci0: Opcode 0x1004
Aug 14 20:31:23.276493 n kernel: hci0: opcode 0x1004 plen 1
Aug 14 20:31:23.276526 n kernel: hci0: skb len 4
Aug 14 20:31:23.276543 n kernel: hci0: length 1
Aug 14 20:31:23.276558 n kernel: hci0 cmd_cnt 1 cmd queued 1
Aug 14 20:31:23.276574 n kernel: hci0: skb 000000005c5009a5
Aug 14 20:31:23.280436 n kernel: hci0: result 0x00
Aug 14 20:31:23.280465 n kernel: hci0: end: err 0
Aug 14 20:31:23.280484 n kernel: hci0: Opcode 0x2001
Aug 14 20:31:23.280501 n kernel: hci0: opcode 0x2001 plen 8
Aug 14 20:31:23.280517 n kernel: hci0: skb len 11
Aug 14 20:31:23.280533 n kernel: hci0: length 1
Aug 14 20:31:23.280548 n kernel: hci0 cmd_cnt 1 cmd queued 1
Aug 14 20:31:23.280565 n kernel: hci0: skb 00000000614ad435
Aug 14 20:31:23.283427 n kernel: hci0: result 0x00
Aug 14 20:31:23.283449 n kernel: hci0: end: err 0
Aug 14 20:31:23.283465 n kernel: hci0: Opcode 0x2007
Aug 14 20:31:23.283481 n kernel: hci0: opcode 0x2007 plen 0
Aug 14 20:31:23.283498 n kernel: hci0: skb len 3
Aug 14 20:31:23.283514 n kernel: hci0: length 1
Aug 14 20:31:23.283529 n kernel: hci0 cmd_cnt 1 cmd queued 1
Aug 14 20:31:23.283545 n kernel: hci0: skb 000000004f4b5b5c
Aug 14 20:31:23.286488 n kernel: hci0: result 0x00
Aug 14 20:31:23.286519 n kernel: hci0: end: err 0
Aug 14 20:31:23.286537 n kernel: hci0: Opcode 0x200f
Aug 14 20:31:23.286553 n kernel: hci0: opcode 0x200f plen 0
Aug 14 20:31:23.286571 n kernel: hci0: skb len 3
Aug 14 20:31:23.286586 n kernel: hci0: length 1
Aug 14 20:31:23.286602 n kernel: hci0 cmd_cnt 1 cmd queued 1
Aug 14 20:31:23.286617 n kernel: hci0: skb 000000006f02b9c7
Aug 14 20:31:23.289437 n kernel: hci0: result 0x00
Aug 14 20:31:23.289461 n kernel: hci0: end: err 0
Aug 14 20:31:23.289480 n kernel: hci0: Opcode 0x2010
Aug 14 20:31:23.289496 n kernel: hci0: opcode 0x2010 plen 0
Aug 14 20:31:23.289513 n kernel: hci0: skb len 3
Aug 14 20:31:23.289529 n kernel: hci0: length 1
Aug 14 20:31:23.289544 n kernel: hci0 cmd_cnt 1 cmd queued 1
Aug 14 20:31:23.289561 n kernel: hci0: skb 00000000740830ba
Aug 14 20:31:23.292411 n kernel: hci0: result 0x00
Aug 14 20:31:23.292436 n kernel: hci0: end: err 0
Aug 14 20:31:23.292454 n kernel: hci0: Opcode 0x202a
Aug 14 20:31:23.292470 n kernel: hci0: opcode 0x202a plen 0
Aug 14 20:31:23.292486 n kernel: hci0: skb len 3
Aug 14 20:31:23.292501 n kernel: hci0: length 1
Aug 14 20:31:23.292518 n kernel: hci0 cmd_cnt 1 cmd queued 1
Aug 14 20:31:23.292534 n kernel: hci0: skb 00000000149b13ed
Aug 14 20:31:23.295419 n kernel: hci0: result 0x00
Aug 14 20:31:23.295439 n kernel: hci0: end: err 0
Aug 14 20:31:23.295461 n kernel: hci0: Opcode 0x2029
Aug 14 20:31:23.295477 n kernel: hci0: opcode 0x2029 plen 0
Aug 14 20:31:23.295494 n kernel: hci0: skb len 3
Aug 14 20:31:23.295510 n kernel: hci0: length 1
Aug 14 20:31:23.295525 n kernel: hci0 cmd_cnt 1 cmd queued 1
Aug 14 20:31:23.295541 n kernel: hci0: skb 00000000614ad435
Aug 14 20:31:23.298370 n kernel: hci0: result 0x00
Aug 14 20:31:23.298379 n kernel: hci0: end: err 0
Aug 14 20:31:23.298388 n kernel: hci0: Opcode 0x202e
Aug 14 20:31:23.298395 n kernel: hci0: opcode 0x202e plen 2
Aug 14 20:31:23.298403 n kernel: hci0: skb len 5
Aug 14 20:31:23.298412 n kernel: hci0: length 1
Aug 14 20:31:23.298419 n kernel: hci0 cmd_cnt 1 cmd queued 1
Aug 14 20:31:23.298426 n kernel: hci0: skb 000000005c5009a5
Aug 14 20:31:23.301414 n kernel: hci0: result 0x00
Aug 14 20:31:23.301439 n kernel: hci0: end: err 0
Aug 14 20:31:23.301456 n kernel: hci0: Opcode 0x0c6d
Aug 14 20:31:23.301476 n kernel: hci0: opcode 0x0c6d plen 2
Aug 14 20:31:23.301492 n kernel: hci0: skb len 5
Aug 14 20:31:23.301508 n kernel: hci0: length 1
Aug 14 20:31:23.301524 n kernel: hci0 cmd_cnt 1 cmd queued 1
Aug 14 20:31:23.301539 n kernel: hci0: skb 00000000094cbe4d
Aug 14 20:31:23.304412 n kernel: hci0: result 0x00
Aug 14 20:31:23.304436 n kernel: hci0: end: err 0
Aug 14 20:31:23.304452 n kernel: hci0: 
Aug 14 20:31:23.304468 n kernel: hci0: Opcode 0x0c12
Aug 14 20:31:23.304485 n kernel: hci0: opcode 0x0c12 plen 7
Aug 14 20:31:23.304500 n kernel: hci0: skb len 10
Aug 14 20:31:23.304516 n kernel: hci0: length 1
Aug 14 20:31:23.304532 n kernel: hci0 cmd_cnt 1 cmd queued 1
Aug 14 20:31:23.304548 n kernel: hci0: skb 00000000e30e981a
Aug 14 20:31:23.307417 n kernel: hci0: result 0x00
Aug 14 20:31:23.307437 n kernel: hci0: end: err 0
Aug 14 20:31:23.307454 n kernel: hci0: Opcode 0x0c77
Aug 14 20:31:23.307471 n kernel: hci0: opcode 0x0c77 plen 0
Aug 14 20:31:23.307488 n kernel: hci0: skb len 3
Aug 14 20:31:23.307504 n kernel: hci0: length 1
Aug 14 20:31:23.307519 n kernel: hci0 cmd_cnt 1 cmd queued 1
Aug 14 20:31:23.307535 n kernel: hci0: skb 0000000097917ae5
Aug 14 20:31:23.310413 n kernel: hci0: result 0x00
Aug 14 20:31:23.310438 n kernel: hci0: end: err 0
Aug 14 20:31:23.310458 n kernel: hci0: Opcode 0x0c7a
Aug 14 20:31:23.310474 n kernel: hci0: opcode 0x0c7a plen 1
Aug 14 20:31:23.310490 n kernel: hci0: skb len 4
Aug 14 20:31:23.310506 n kernel: hci0: length 1
Aug 14 20:31:23.310521 n kernel: hci0 cmd_cnt 1 cmd queued 1
Aug 14 20:31:23.310537 n kernel: hci0: skb 00000000e512d548
Aug 14 20:31:23.313418 n kernel: hci0: result 0x00
Aug 14 20:31:23.313438 n kernel: hci0: end: err 0
Aug 14 20:31:23.313454 n kernel: hci0: Opcode 0x0c1a
Aug 14 20:31:23.313471 n kernel: hci0: opcode 0x0c1a plen 1
Aug 14 20:31:23.313487 n kernel: hci0: skb len 4
Aug 14 20:31:23.313503 n kernel: hci0: length 1
Aug 14 20:31:23.313518 n kernel: hci0 cmd_cnt 1 cmd queued 1
Aug 14 20:31:23.313533 n kernel: hci0: skb 0000000068504c4d
Aug 14 20:31:23.314357 n kernel: 00000000babfecdf name hci0 blocked 0
Aug 14 20:31:23.316387 n kernel: hci0: result 0x00
Aug 14 20:31:23.316403 n kernel: hci0: end: err 0
Aug 14 20:31:23.316416 n kernel: hci0: 
Aug 14 20:31:23.316429 n kernel: hci0: Opcode 0x0c24
Aug 14 20:31:23.316442 n kernel: hci0: opcode 0x0c24 plen 3
Aug 14 20:31:23.316454 n kernel: hci0: skb len 6
Aug 14 20:31:23.316467 n kernel: hci0: length 1
Aug 14 20:31:23.316478 n kernel: hci0 cmd_cnt 1 cmd queued 1
Aug 14 20:31:23.316490 n kernel: hci0: skb 00000000d29e3823
Aug 14 20:31:23.319415 n kernel: hci0: result 0x00
Aug 14 20:31:23.319435 n kernel: hci0: end: err 0
Aug 14 20:31:23.319451 n kernel: hci0: Opcode 0x0c13
Aug 14 20:31:23.319467 n kernel: hci0: opcode 0x0c13 plen 248
Aug 14 20:31:23.319483 n kernel: hci0: skb len 251
Aug 14 20:31:23.319500 n kernel: hci0: length 1
Aug 14 20:31:23.319515 n kernel: hci0 cmd_cnt 1 cmd queued 1
Aug 14 20:31:23.319531 n kernel: hci0: skb 0000000035cb29ec
Aug 14 20:31:23.322435 n kernel: hci0: result 0x00
Aug 14 20:31:23.322454 n kernel: hci0: end: err 0
Aug 14 20:31:23.322470 n kernel: hci0: 
Aug 14 20:31:23.322486 n kernel: hci0: Opcode 0x0c52
Aug 14 20:31:23.322502 n kernel: hci0: opcode 0x0c52 plen 241
Aug 14 20:31:23.322519 n kernel: hci0: skb len 244
Aug 14 20:31:23.322535 n kernel: hci0: length 1
Aug 14 20:31:23.322550 n kernel: hci0 cmd_cnt 1 cmd queued 1
Aug 14 20:31:23.322566 n kernel: hci0: skb 00000000bb6993bc
Aug 14 20:31:23.325421 n kernel: hci0: result 0x00
Aug 14 20:31:23.325439 n kernel: hci0: end: err 0
Aug 14 20:31:23.325455 n kernel: hci0: entry 000000002ee8b0e4
Aug 14 20:31:23.325472 n kernel: hci0: ADV monitoring is off
Aug 14 20:31:23.325489 n kernel: hci0: stopping background scanning
Aug 14 20:31:23.325508 n kernel: hci0: 
Aug 14 20:31:23.327356 n kernel: hci0: 
Aug 14 20:31:23.327364 n kernel: hci0: entry 00000000402c1017
Aug 14 20:31:23.327373 n kernel: hci0: ADV monitoring is off
Aug 14 20:31:23.327382 n kernel: hci0: stopping background scanning
Aug 14 20:31:23.327397 n kernel: hci0: 
Aug 14 20:31:23.327404 n kernel: hci0: entry 000000003f9a2390
Aug 14 20:31:23.327412 n kernel: hci0: Opcode 0x0c3a
Aug 14 20:31:23.327419 n kernel: hci0: opcode 0x0c3a plen 4
Aug 14 20:31:23.327427 n kernel: hci0: skb len 7
Aug 14 20:31:23.327435 n kernel: hci0: length 1
Aug 14 20:31:23.327442 n kernel: hci0 cmd_cnt 1 cmd queued 1
Aug 14 20:31:23.327450 n kernel: hci0: skb 00000000af097312
Aug 14 20:31:23.330401 n kernel: hci0: result 0x00
Aug 14 20:31:23.330416 n kernel: hci0: end: err 0
Aug 14 20:31:23.330430 n kernel: hci0: Opcode 0x0c1a
Aug 14 20:31:23.330445 n kernel: hci0: opcode 0x0c1a plen 1
Aug 14 20:31:23.330459 n kernel: hci0: skb len 4
Aug 14 20:31:23.330472 n kernel: hci0: length 1
Aug 14 20:31:23.330486 n kernel: hci0 cmd_cnt 1 cmd queued 1
Aug 14 20:31:23.330500 n kernel: hci0: skb 00000000284e2496
Aug 14 20:31:23.333420 n kernel: hci0: result 0x00
Aug 14 20:31:23.333436 n kernel: hci0: end: err 0
Aug 14 20:31:23.333450 n kernel: hci0: 
Aug 14 20:31:23.333478 n kernel: hci0: state 0 -> 1
Aug 14 20:31:23.333492 n kernel: hci0: 
Aug 14 20:31:23.333505 n kernel: hci0: entry 000000007ee1aedc
Aug 14 20:31:23.333519 n kernel: hci0: type 7
Aug 14 20:31:23.333539 n kernel: hci0: 
Aug 14 20:31:23.333561 n kernel: hci0: cancelling interleave scan
Aug 14 20:31:23.333586 n kernel: hci0: Opcode 0x2005
Aug 14 20:31:23.333645 n kernel: hci0: opcode 0x2005 plen 6
Aug 14 20:31:23.333661 n kernel: hci0: skb len 9
Aug 14 20:31:23.333674 n kernel: hci0: length 1
Aug 14 20:31:23.333688 n kernel: hci0 cmd_cnt 1 cmd queued 1
Aug 14 20:31:23.333701 n kernel: hci0: skb 000000008fc5abaa
Aug 14 20:31:23.336373 n kernel: hci0: result 0x00
Aug 14 20:31:23.336383 n kernel: hci0: end: err 0
Aug 14 20:31:23.336393 n kernel: hci0: Opcode 0x200b
Aug 14 20:31:23.336404 n kernel: hci0: opcode 0x200b plen 7
Aug 14 20:31:23.336414 n kernel: hci0: skb len 10
Aug 14 20:31:23.336424 n kernel: hci0: length 1
Aug 14 20:31:23.336434 n kernel: hci0 cmd_cnt 1 cmd queued 1
Aug 14 20:31:23.336443 n kernel: hci0: skb 000000001a813867
Aug 14 20:31:23.338377 n kernel: Bluetooth: hci0: unexpected event for opcode 0x2005
Aug 14 20:31:23.340364 n kernel: hci0: result 0x00
Aug 14 20:31:23.340379 n kernel: hci0: end: err 0
Aug 14 20:31:23.340403 n kernel: hci0: Opcode 0x200c
Aug 14 20:31:23.340424 n kernel: hci0: opcode 0x200c plen 2
Aug 14 20:31:23.340439 n kernel: hci0: skb len 5
Aug 14 20:31:23.340454 n kernel: hci0: length 1
Aug 14 20:31:23.340468 n kernel: hci0 cmd_cnt 1 cmd queued 1
Aug 14 20:31:23.340482 n kernel: hci0: skb 00000000b2b64d15
Aug 14 20:31:23.343347 n kernel: hci0: state 1 -> 2
Aug 14 20:31:23.343402 n kernel: hci0: result 0x00
Aug 14 20:31:23.343431 n kernel: hci0: end: err 0
Aug 14 20:31:23.343463 n kernel: hci0: timeout 5120 ms
Aug 14 20:31:23.464485 n kernel: 00000000babfecdf name hci0 blocked 1
Aug 14 20:31:23.464527 n kernel: hci0 00000000babfecdf
Aug 14 20:31:23.464546 n kernel: hci0: Opcode 0x0c1a
Aug 14 20:31:23.464555 n kernel: hci0: opcode 0x0c1a plen 1
Aug 14 20:31:23.464564 n kernel: hci0: skb len 4
Aug 14 20:31:23.464573 n kernel: hci0: length 1
Aug 14 20:31:23.464582 n kernel: hci0 cmd_cnt 1 cmd queued 1
Aug 14 20:31:23.464594 n kernel: hci0: skb 000000009f00e9a9
Aug 14 20:31:23.467398 n kernel: hci0: result 0x00
Aug 14 20:31:23.467414 n kernel: hci0: end: err 0
Aug 14 20:31:23.467425 n kernel: hci0: state 2
Aug 14 20:31:23.467439 n kernel: hci0: Opcode 0x200c
Aug 14 20:31:23.467449 n kernel: hci0: opcode 0x200c plen 2
Aug 14 20:31:23.467462 n kernel: hci0: skb len 5
Aug 14 20:31:23.467473 n kernel: hci0: length 1
Aug 14 20:31:23.467483 n kernel: hci0 cmd_cnt 1 cmd queued 1
Aug 14 20:31:23.467493 n kernel: hci0: skb 0000000090cc42f8
Aug 14 20:31:23.470439 n kernel: hci0: result 0x00
Aug 14 20:31:23.470462 n kernel: hci0: 
Aug 14 20:31:23.470484 n kernel: hci0: 
Aug 14 20:31:23.470524 n kernel: hci0: end: err 0
Aug 14 20:31:23.470555 n kernel: hci0: entry 000000002cd53d9e
Aug 14 20:31:23.470573 n kernel: hci0: 
Aug 14 20:31:23.479377 n kernel: hci0: err 0x13
Aug 14 20:31:23.479392 n kernel: hci0: cancelling interleave scan
Aug 14 20:31:23.479402 n kernel: hci0: state 2 -> 0
Aug 14 20:31:23.479422 n kernel: hdev hci0
Aug 14 20:31:23.479432 n kernel: hci0
Aug 14 20:31:23.479443 n kernel: hci0
Aug 14 20:31:23.479453 n kernel: hci0: 
Aug 14 20:31:23.648371 n kernel: 00000000babfecdf name hci0 blocked 0
Aug 14 20:31:23.648399 n kernel: hci0: 
Aug 14 20:31:23.648410 n kernel: hci0: entry 000000002eee4ec8
Aug 14 20:31:23.648420 n kernel: hci0: 
Aug 14 20:31:23.648428 n kernel: hci0
Aug 14 20:31:23.648439 n kernel: hci0
Aug 14 20:31:23.648449 n kernel: hci0
Aug 14 20:31:23.648457 n kernel: hci0
Aug 14 20:31:23.648465 n kernel: hci0: 
Aug 14 20:31:23.648474 n kernel: hci0: 
Aug 14 20:31:23.648482 n kernel: hci0: Opcode 0x0c03
Aug 14 20:31:23.648495 n kernel: hci0: opcode 0x0c03 plen 0
Aug 14 20:31:23.648503 n kernel: hci0: skb len 3
Aug 14 20:31:23.648512 n kernel: hci0: length 1
Aug 14 20:31:23.648521 n kernel: hci0 cmd_cnt 1 cmd queued 1
Aug 14 20:31:23.648531 n kernel: hci0: skb 0000000078af2816
Aug 14 20:31:23.704492 n kernel: hci0: result 0x00
Aug 14 20:31:23.704512 n kernel: hci0: end: err 0
Aug 14 20:31:23.704530 n kernel: hci0: Opcode 0x1003
Aug 14 20:31:23.704547 n kernel: hci0: opcode 0x1003 plen 0
Aug 14 20:31:23.704562 n kernel: hci0: skb len 3
Aug 14 20:31:23.704578 n kernel: hci0: length 1
Aug 14 20:31:23.704594 n kernel: hci0 cmd_cnt 1 cmd queued 1
Aug 14 20:31:23.704610 n kernel: hci0: skb 00000000b2b64d15
Aug 14 20:31:23.707476 n kernel: hci0: result 0x00
Aug 14 20:31:23.707496 n kernel: hci0: end: err 0
Aug 14 20:31:23.707513 n kernel: hci0: Opcode 0x1001
Aug 14 20:31:23.707534 n kernel: hci0: opcode 0x1001 plen 0
Aug 14 20:31:23.707550 n kernel: hci0: skb len 3
Aug 14 20:31:23.707566 n kernel: hci0: length 1
Aug 14 20:31:23.707581 n kernel: hci0 cmd_cnt 1 cmd queued 1
Aug 14 20:31:23.707597 n kernel: hci0: skb 0000000033031c83
Aug 14 20:31:23.710481 n kernel: hci0: result 0x00
Aug 14 20:31:23.710502 n kernel: hci0: end: err 0
Aug 14 20:31:23.710521 n kernel: hci0: Opcode 0x1009
Aug 14 20:31:23.710537 n kernel: hci0: opcode 0x1009 plen 0
Aug 14 20:31:23.710552 n kernel: hci0: skb len 3
Aug 14 20:31:23.710568 n kernel: hci0: length 1
Aug 14 20:31:23.710583 n kernel: hci0 cmd_cnt 1 cmd queued 1
Aug 14 20:31:23.710600 n kernel: hci0: skb 000000003292b51a
Aug 14 20:31:23.713438 n kernel: hci0: result 0x00
Aug 14 20:31:23.713450 n kernel: hci0: end: err 0
Aug 14 20:31:23.713460 n kernel: hci0: 
Aug 14 20:31:23.713473 n kernel: hci0: Opcode 0x1002
Aug 14 20:31:23.713484 n kernel: hci0: opcode 0x1002 plen 0
Aug 14 20:31:23.713494 n kernel: hci0: skb len 3
Aug 14 20:31:23.713504 n kernel: hci0: length 1
Aug 14 20:31:23.713514 n kernel: hci0 cmd_cnt 1 cmd queued 1
Aug 14 20:31:23.713524 n kernel: hci0: skb 00000000740830ba
Aug 14 20:31:23.720553 n kernel: hci0: result 0x00
Aug 14 20:31:23.720578 n kernel: hci0: end: err 0
Aug 14 20:31:23.720595 n kernel: hci0: Opcode 0x0c56
Aug 14 20:31:23.720610 n kernel: hci0: opcode 0x0c56 plen 1
Aug 14 20:31:23.720626 n kernel: hci0: skb len 4
Aug 14 20:31:23.720648 n kernel: hci0: length 1
Aug 14 20:31:23.720666 n kernel: hci0 cmd_cnt 1 cmd queued 1
Aug 14 20:31:23.720682 n kernel: hci0: skb 000000005c5009a5
Aug 14 20:31:23.723454 n kernel: hci0: result 0x00
Aug 14 20:31:23.723473 n kernel: hci0: end: err 0
Aug 14 20:31:23.723492 n kernel: hci0: Opcode 0x0c45
Aug 14 20:31:23.723509 n kernel: hci0: opcode 0x0c45 plen 1
Aug 14 20:31:23.723524 n kernel: hci0: skb len 4
Aug 14 20:31:23.723539 n kernel: hci0: length 1
Aug 14 20:31:23.723605 n kernel: hci0 cmd_cnt 1 cmd queued 1
Aug 14 20:31:23.723621 n kernel: hci0: skb 000000008d5536bc
Aug 14 20:31:23.727431 n kernel: hci0: result 0x00
Aug 14 20:31:23.727442 n kernel: hci0: end: err 0
Aug 14 20:31:23.727449 n kernel: hci0: Opcode 0x0c58
Aug 14 20:31:23.727457 n kernel: hci0: opcode 0x0c58 plen 0
Aug 14 20:31:23.727466 n kernel: hci0: skb len 3
Aug 14 20:31:23.727474 n kernel: hci0: length 1
Aug 14 20:31:23.727482 n kernel: hci0 cmd_cnt 1 cmd queued 1
Aug 14 20:31:23.727490 n kernel: hci0: skb 00000000d29e3823
Aug 14 20:31:23.729517 n kernel: hci0: result 0x00
Aug 14 20:31:23.729556 n kernel: hci0: end: err 0
Aug 14 20:31:23.729573 n kernel: hci0: Opcode 0x1004
Aug 14 20:31:23.729589 n kernel: hci0: opcode 0x1004 plen 1
Aug 14 20:31:23.729605 n kernel: hci0: skb len 4
Aug 14 20:31:23.729621 n kernel: hci0: length 1
Aug 14 20:31:23.729637 n kernel: hci0 cmd_cnt 1 cmd queued 1
Aug 14 20:31:23.729653 n kernel: hci0: skb 00000000800ed76d
Aug 14 20:31:23.733401 n kernel: hci0: result 0x00
Aug 14 20:31:23.733426 n kernel: hci0: end: err 0
Aug 14 20:31:23.733435 n kernel: hci0: Opcode 0x1005
Aug 14 20:31:23.733444 n kernel: hci0: opcode 0x1005 plen 0
Aug 14 20:31:23.733453 n kernel: hci0: skb len 3
Aug 14 20:31:23.733464 n kernel: hci0: length 1
Aug 14 20:31:23.733473 n kernel: hci0 cmd_cnt 1 cmd queued 1
Aug 14 20:31:23.733483 n kernel: hci0: skb 000000008a3efec4
Aug 14 20:31:23.736479 n kernel: hci0: result 0x00
Aug 14 20:31:23.736498 n kernel: hci0: end: err 0
Aug 14 20:31:23.736514 n kernel: hci0: Opcode 0x0c23
Aug 14 20:31:23.736531 n kernel: hci0: opcode 0x0c23 plen 0
Aug 14 20:31:23.736548 n kernel: hci0: skb len 3
Aug 14 20:31:23.736585 n kernel: hci0: length 1
Aug 14 20:31:23.736601 n kernel: hci0 cmd_cnt 1 cmd queued 1
Aug 14 20:31:23.736618 n kernel: hci0: skb 0000000030a10a7a
Aug 14 20:31:23.739486 n kernel: hci0: result 0x00
Aug 14 20:31:23.739507 n kernel: hci0: end: err 0
Aug 14 20:31:23.739516 n kernel: hci0: Opcode 0x0c14
Aug 14 20:31:23.739525 n kernel: hci0: opcode 0x0c14 plen 0
Aug 14 20:31:23.739533 n kernel: hci0: skb len 3
Aug 14 20:31:23.739540 n kernel: hci0: length 1
Aug 14 20:31:23.739548 n kernel: hci0 cmd_cnt 1 cmd queued 1
Aug 14 20:31:23.739556 n kernel: hci0: skb 00000000d9194659
Aug 14 20:31:23.757470 n kernel: hci0: result 0x00
Aug 14 20:31:23.757491 n kernel: hci0: end: err 0
Aug 14 20:31:23.757509 n kernel: hci0: Opcode 0x0c25
Aug 14 20:31:23.757526 n kernel: hci0: opcode 0x0c25 plen 0
Aug 14 20:31:23.757542 n kernel: hci0: skb len 3
Aug 14 20:31:23.757558 n kernel: hci0: length 1
Aug 14 20:31:23.757573 n kernel: hci0 cmd_cnt 1 cmd queued 1
Aug 14 20:31:23.757589 n kernel: hci0: skb 00000000e4e6e90f
Aug 14 20:31:23.760491 n kernel: hci0: result 0x00
Aug 14 20:31:23.760511 n kernel: hci0: end: err 0
Aug 14 20:31:23.760529 n kernel: hci0: Opcode 0x0c38
Aug 14 20:31:23.760546 n kernel: hci0: opcode 0x0c38 plen 0
Aug 14 20:31:23.760561 n kernel: hci0: skb len 3
Aug 14 20:31:23.760577 n kernel: hci0: length 1
Aug 14 20:31:23.760594 n kernel: hci0 cmd_cnt 1 cmd queued 1
Aug 14 20:31:23.760613 n kernel: hci0: skb 0000000014a8537d
Aug 14 20:31:23.763477 n kernel: hci0: result 0x00
Aug 14 20:31:23.763496 n kernel: hci0: end: err 0
Aug 14 20:31:23.763515 n kernel: hci0: Opcode 0x0c39
Aug 14 20:31:23.763534 n kernel: hci0: opcode 0x0c39 plen 0
Aug 14 20:31:23.763549 n kernel: hci0: skb len 3
Aug 14 20:31:23.763565 n kernel: hci0: length 1
Aug 14 20:31:23.763581 n kernel: hci0 cmd_cnt 1 cmd queued 1
Aug 14 20:31:23.763596 n kernel: hci0: skb 000000006e935077
Aug 14 20:31:23.767435 n kernel: hci0: result 0x00
Aug 14 20:31:23.767445 n kernel: hci0: end: err 0
Aug 14 20:31:23.767454 n kernel: hci0: Opcode 0x0c16
Aug 14 20:31:23.767461 n kernel: hci0: opcode 0x0c16 plen 2
Aug 14 20:31:23.767469 n kernel: hci0: skb len 5
Aug 14 20:31:23.767478 n kernel: hci0: length 1
Aug 14 20:31:23.767488 n kernel: hci0 cmd_cnt 1 cmd queued 1
Aug 14 20:31:23.767496 n kernel: hci0: skb 0000000065e70be4
Aug 14 20:31:23.769431 n kernel: hci0: result 0x00
Aug 14 20:31:23.769445 n kernel: hci0: end: err 0
Aug 14 20:31:23.769456 n kernel: hci0: Opcode 0x2003
Aug 14 20:31:23.769467 n kernel: hci0: opcode 0x2003 plen 0
Aug 14 20:31:23.769478 n kernel: hci0: skb len 3
Aug 14 20:31:23.769489 n kernel: hci0: length 1
Aug 14 20:31:23.769499 n kernel: hci0 cmd_cnt 1 cmd queued 1
Aug 14 20:31:23.769509 n kernel: hci0: skb 00000000b83787b6
Aug 14 20:31:23.772423 n kernel: hci0: result 0x00
Aug 14 20:31:23.772433 n kernel: hci0: end: err 0
Aug 14 20:31:23.772444 n kernel: hci0: Opcode 0x2002
Aug 14 20:31:23.772453 n kernel: hci0: opcode 0x2002 plen 0
Aug 14 20:31:23.772461 n kernel: hci0: skb len 3
Aug 14 20:31:23.772470 n kernel: hci0: length 1
Aug 14 20:31:23.772478 n kernel: hci0 cmd_cnt 1 cmd queued 1
Aug 14 20:31:23.772486 n kernel: hci0: skb 00000000e4bdf4ad
Aug 14 20:31:23.775465 n kernel: hci0: result 0x00
Aug 14 20:31:23.775485 n kernel: hci0: end: err 0
Aug 14 20:31:23.775503 n kernel: hci0: Opcode 0x201c
Aug 14 20:31:23.775519 n kernel: hci0: opcode 0x201c plen 0
Aug 14 20:31:23.775534 n kernel: hci0: skb len 3
Aug 14 20:31:23.775552 n kernel: hci0: length 1
Aug 14 20:31:23.775569 n kernel: hci0 cmd_cnt 1 cmd queued 1
Aug 14 20:31:23.775588 n kernel: hci0: skb 0000000042f6b221
Aug 14 20:31:23.778457 n kernel: hci0: result 0x00
Aug 14 20:31:23.778466 n kernel: hci0: end: err 0
Aug 14 20:31:23.778474 n kernel: hci0: 
Aug 14 20:31:23.778483 n kernel: hci0: Opcode 0x0c01
Aug 14 20:31:23.778491 n kernel: hci0: opcode 0x0c01 plen 8
Aug 14 20:31:23.778499 n kernel: hci0: skb len 11
Aug 14 20:31:23.778507 n kernel: hci0: length 1
Aug 14 20:31:23.778514 n kernel: hci0 cmd_cnt 1 cmd queued 1
Aug 14 20:31:23.778521 n kernel: hci0: skb 000000007099675c
Aug 14 20:31:23.781644 n kernel: hci0: result 0x00
Aug 14 20:31:23.781672 n kernel: hci0: end: err 0
Aug 14 20:31:23.781680 n kernel: hci0: Opcode 0x0c0d
Aug 14 20:31:23.781687 n kernel: hci0: opcode 0x0c0d plen 7
Aug 14 20:31:23.781695 n kernel: hci0: skb len 10
Aug 14 20:31:23.781702 n kernel: hci0: length 1
Aug 14 20:31:23.781710 n kernel: hci0 cmd_cnt 1 cmd queued 1
Aug 14 20:31:23.781718 n kernel: hci0: skb 00000000576b3273
Aug 14 20:31:23.784436 n kernel: hci0: result 0x00
Aug 14 20:31:23.784450 n kernel: hci0: end: err 0
Aug 14 20:31:23.784460 n kernel: hci0: Opcode 0x080f
Aug 14 20:31:23.784473 n kernel: hci0: opcode 0x080f plen 2
Aug 14 20:31:23.784486 n kernel: hci0: skb len 5
Aug 14 20:31:23.784499 n kernel: hci0: length 1
Aug 14 20:31:23.784511 n kernel: hci0 cmd_cnt 1 cmd queued 1
Aug 14 20:31:23.784525 n kernel: hci0: skb 000000008e6ca5c9
Aug 14 20:31:23.787505 n kernel: hci0: result 0x00
Aug 14 20:31:23.787525 n kernel: hci0: end: err 0
Aug 14 20:31:23.787544 n kernel: hci0: Opcode 0x0c1b
Aug 14 20:31:23.787562 n kernel: hci0: opcode 0x0c1b plen 0
Aug 14 20:31:23.787578 n kernel: hci0: skb len 3
Aug 14 20:31:23.787594 n kernel: hci0: length 1
Aug 14 20:31:23.787610 n kernel: hci0 cmd_cnt 1 cmd queued 1
Aug 14 20:31:23.787626 n kernel: hci0: skb 000000004aee562a
Aug 14 20:31:23.790504 n kernel: hci0: result 0x00
Aug 14 20:31:23.790525 n kernel: hci0: end: err 0
Aug 14 20:31:23.790545 n kernel: hci0: Opcode 0x0c46
Aug 14 20:31:23.790564 n kernel: hci0: opcode 0x0c46 plen 0
Aug 14 20:31:23.790580 n kernel: hci0: skb len 3
Aug 14 20:31:23.790595 n kernel: hci0: length 1
Aug 14 20:31:23.790611 n kernel: hci0 cmd_cnt 1 cmd queued 1
Aug 14 20:31:23.790620 n kernel: hci0: skb 00000000fa456799
Aug 14 20:31:23.793493 n kernel: hci0: result 0x00
Aug 14 20:31:23.793513 n kernel: hci0: end: err 0
Aug 14 20:31:23.793530 n kernel: hci0: Opcode 0x1004
Aug 14 20:31:23.793549 n kernel: hci0: opcode 0x1004 plen 1
Aug 14 20:31:23.793564 n kernel: hci0: skb len 4
Aug 14 20:31:23.793579 n kernel: hci0: length 1
Aug 14 20:31:23.793595 n kernel: hci0 cmd_cnt 1 cmd queued 1
Aug 14 20:31:23.793612 n kernel: hci0: skb 00000000cf88216f
Aug 14 20:31:23.797442 n kernel: hci0: result 0x00
Aug 14 20:31:23.797457 n kernel: hci0: end: err 0
Aug 14 20:31:23.797470 n kernel: hci0: Opcode 0x2001
Aug 14 20:31:23.797481 n kernel: hci0: opcode 0x2001 plen 8
Aug 14 20:31:23.797492 n kernel: hci0: skb len 11
Aug 14 20:31:23.797503 n kernel: hci0: length 1
Aug 14 20:31:23.797514 n kernel: hci0 cmd_cnt 1 cmd queued 1
Aug 14 20:31:23.797526 n kernel: hci0: skb 00000000b711f49c
Aug 14 20:31:23.800488 n kernel: hci0: result 0x00
Aug 14 20:31:23.800517 n kernel: hci0: end: err 0
Aug 14 20:31:23.800543 n kernel: hci0: Opcode 0x2007
Aug 14 20:31:23.800565 n kernel: hci0: opcode 0x2007 plen 0
Aug 14 20:31:23.800587 n kernel: hci0: skb len 3
Aug 14 20:31:23.800610 n kernel: hci0: length 1
Aug 14 20:31:23.800624 n kernel: hci0 cmd_cnt 1 cmd queued 1
Aug 14 20:31:23.800637 n kernel: hci0: skb 000000003806efe9
Aug 14 20:31:23.803513 n kernel: hci0: result 0x00
Aug 14 20:31:23.803533 n kernel: hci0: end: err 0
Aug 14 20:31:23.803551 n kernel: hci0: Opcode 0x200f
Aug 14 20:31:23.803569 n kernel: hci0: opcode 0x200f plen 0
Aug 14 20:31:23.803585 n kernel: hci0: skb len 3
Aug 14 20:31:23.803601 n kernel: hci0: length 1
Aug 14 20:31:23.803617 n kernel: hci0 cmd_cnt 1 cmd queued 1
Aug 14 20:31:23.803634 n kernel: hci0: skb 0000000069f6d26d
Aug 14 20:31:23.806505 n kernel: hci0: result 0x00
Aug 14 20:31:23.806554 n kernel: hci0: end: err 0
Aug 14 20:31:23.806573 n kernel: hci0: Opcode 0x2010
Aug 14 20:31:23.806590 n kernel: hci0: opcode 0x2010 plen 0
Aug 14 20:31:23.806606 n kernel: hci0: skb len 3
Aug 14 20:31:23.806621 n kernel: hci0: length 1
Aug 14 20:31:23.806637 n kernel: hci0 cmd_cnt 1 cmd queued 1
Aug 14 20:31:23.806658 n kernel: hci0: skb 000000006cac590f
Aug 14 20:31:23.809503 n kernel: hci0: result 0x00
Aug 14 20:31:23.809529 n kernel: hci0: end: err 0
Aug 14 20:31:23.809549 n kernel: hci0: Opcode 0x202a
Aug 14 20:31:23.809572 n kernel: hci0: opcode 0x202a plen 0
Aug 14 20:31:23.809593 n kernel: hci0: skb len 3
Aug 14 20:31:23.809613 n kernel: hci0: length 1
Aug 14 20:31:23.809632 n kernel: hci0 cmd_cnt 1 cmd queued 1
Aug 14 20:31:23.809652 n kernel: hci0: skb 00000000442d1399
Aug 14 20:31:23.812443 n kernel: hci0: result 0x00
Aug 14 20:31:23.812458 n kernel: hci0: end: err 0
Aug 14 20:31:23.812469 n kernel: hci0: Opcode 0x2029
Aug 14 20:31:23.812481 n kernel: hci0: opcode 0x2029 plen 0
Aug 14 20:31:23.812492 n kernel: hci0: skb len 3
Aug 14 20:31:23.812504 n kernel: hci0: length 1
Aug 14 20:31:23.812515 n kernel: hci0 cmd_cnt 1 cmd queued 1
Aug 14 20:31:23.812527 n kernel: hci0: skb 000000009f3709a5
Aug 14 20:31:23.815401 n kernel: hci0: result 0x00
Aug 14 20:31:23.815418 n kernel: hci0: end: err 0
Aug 14 20:31:23.815427 n kernel: hci0: Opcode 0x202e
Aug 14 20:31:23.815437 n kernel: hci0: opcode 0x202e plen 2
Aug 14 20:31:23.815447 n kernel: hci0: skb len 5
Aug 14 20:31:23.815457 n kernel: hci0: length 1
Aug 14 20:31:23.815468 n kernel: hci0 cmd_cnt 1 cmd queued 1
Aug 14 20:31:23.815494 n kernel: hci0: skb 000000006f02b9c7
Aug 14 20:31:23.818444 n kernel: hci0: result 0x00
Aug 14 20:31:23.818458 n kernel: hci0: end: err 0
Aug 14 20:31:23.818469 n kernel: hci0: Opcode 0x0c6d
Aug 14 20:31:23.818480 n kernel: hci0: opcode 0x0c6d plen 2
Aug 14 20:31:23.818492 n kernel: hci0: skb len 5
Aug 14 20:31:23.818507 n kernel: hci0: length 1
Aug 14 20:31:23.818521 n kernel: hci0 cmd_cnt 1 cmd queued 1
Aug 14 20:31:23.818532 n kernel: hci0: skb 00000000614ad435
Aug 14 20:31:23.821489 n kernel: hci0: result 0x00
Aug 14 20:31:23.821522 n kernel: hci0: end: err 0
Aug 14 20:31:23.821544 n kernel: hci0: 
Aug 14 20:31:23.821566 n kernel: hci0: Opcode 0x0c12
Aug 14 20:31:23.821586 n kernel: hci0: opcode 0x0c12 plen 7
Aug 14 20:31:23.821606 n kernel: hci0: skb len 10
Aug 14 20:31:23.821628 n kernel: hci0: length 1
Aug 14 20:31:23.821649 n kernel: hci0 cmd_cnt 1 cmd queued 1
Aug 14 20:31:23.821671 n kernel: hci0: skb 00000000e30e981a
Aug 14 20:31:23.824508 n kernel: hci0: result 0x00
Aug 14 20:31:23.824537 n kernel: hci0: end: err 0
Aug 14 20:31:23.824554 n kernel: hci0: Opcode 0x0c77
Aug 14 20:31:23.824570 n kernel: hci0: opcode 0x0c77 plen 0
Aug 14 20:31:23.824585 n kernel: hci0: skb len 3
Aug 14 20:31:23.824601 n kernel: hci0: length 1
Aug 14 20:31:23.824622 n kernel: hci0 cmd_cnt 1 cmd queued 1
Aug 14 20:31:23.824639 n kernel: hci0: skb 0000000097917ae5
Aug 14 20:31:23.827496 n kernel: hci0: result 0x00
Aug 14 20:31:23.827516 n kernel: hci0: end: err 0
Aug 14 20:31:23.827532 n kernel: hci0: Opcode 0x0c7a
Aug 14 20:31:23.827548 n kernel: hci0: opcode 0x0c7a plen 1
Aug 14 20:31:23.827564 n kernel: hci0: skb len 4
Aug 14 20:31:23.827581 n kernel: hci0: length 1
Aug 14 20:31:23.827599 n kernel: hci0 cmd_cnt 1 cmd queued 1
Aug 14 20:31:23.827625 n kernel: hci0: skb 00000000dfcde8de
Aug 14 20:31:23.830446 n kernel: hci0: result 0x00
Aug 14 20:31:23.830465 n kernel: hci0: end: err 0
Aug 14 20:31:23.830480 n kernel: hci0: Opcode 0x0c1a
Aug 14 20:31:23.830496 n kernel: hci0: opcode 0x0c1a plen 1
Aug 14 20:31:23.830511 n kernel: hci0: skb len 4
Aug 14 20:31:23.830526 n kernel: hci0: length 1
Aug 14 20:31:23.830540 n kernel: hci0 cmd_cnt 1 cmd queued 1
Aug 14 20:31:23.830556 n kernel: hci0: skb 00000000cd9dac24
Aug 14 20:31:23.833439 n kernel: hci0: result 0x00
Aug 14 20:31:23.833451 n kernel: hci0: end: err 0
Aug 14 20:31:23.833462 n kernel: hci0: 
Aug 14 20:31:23.833473 n kernel: hci0: Opcode 0x0c24
Aug 14 20:31:23.833483 n kernel: hci0: opcode 0x0c24 plen 3
Aug 14 20:31:23.833494 n kernel: hci0: skb len 6
Aug 14 20:31:23.833503 n kernel: hci0: length 1
Aug 14 20:31:23.833513 n kernel: hci0 cmd_cnt 1 cmd queued 1
Aug 14 20:31:23.833526 n kernel: hci0: skb 000000003fea9a50
Aug 14 20:31:23.836444 n kernel: hci0: result 0x00
Aug 14 20:31:23.836460 n kernel: hci0: end: err 0
Aug 14 20:31:23.836477 n kernel: hci0: Opcode 0x0c13
Aug 14 20:31:23.836493 n kernel: hci0: opcode 0x0c13 plen 248
Aug 14 20:31:23.836508 n kernel: hci0: skb len 251
Aug 14 20:31:23.836524 n kernel: hci0: length 1
Aug 14 20:31:23.836541 n kernel: hci0 cmd_cnt 1 cmd queued 1
Aug 14 20:31:23.836561 n kernel: hci0: skb 00000000476d3474
Aug 14 20:31:23.839421 n kernel: hci0: result 0x00
Aug 14 20:31:23.839430 n kernel: hci0: end: err 0
Aug 14 20:31:23.839442 n kernel: hci0: 
Aug 14 20:31:23.839461 n kernel: hci0: Opcode 0x0c52
Aug 14 20:31:23.839469 n kernel: hci0: opcode 0x0c52 plen 241
Aug 14 20:31:23.839477 n kernel: hci0: skb len 244
Aug 14 20:31:23.839485 n kernel: hci0: length 1
Aug 14 20:31:23.839492 n kernel: hci0 cmd_cnt 1 cmd queued 1
Aug 14 20:31:23.839500 n kernel: hci0: skb 00000000b6bc02d7
Aug 14 20:31:23.842375 n kernel: hci0: result 0x00
Aug 14 20:31:23.842397 n kernel: hci0: end: err 0
Aug 14 20:31:23.842413 n kernel: hci0: entry 000000009679f179
Aug 14 20:31:23.842471 n kernel: hci0: ADV monitoring is off
Aug 14 20:31:23.842497 n kernel: hci0: stopping background scanning
Aug 14 20:31:23.842515 n kernel: hci0: 
Aug 14 20:31:23.845374 n kernel: hci0: 
Aug 14 20:31:23.845386 n kernel: hci0: entry 000000000876118b
Aug 14 20:31:23.845396 n kernel: hci0: ADV monitoring is off
Aug 14 20:31:23.845416 n kernel: hci0: stopping background scanning
Aug 14 20:31:23.845436 n kernel: hci0: 
Aug 14 20:31:23.845445 n kernel: hci0: entry 0000000098095431
Aug 14 20:31:23.845455 n kernel: hci0: Opcode 0x0c3a
Aug 14 20:31:23.845465 n kernel: hci0: opcode 0x0c3a plen 4
Aug 14 20:31:23.845474 n kernel: hci0: skb len 7
Aug 14 20:31:23.845484 n kernel: hci0: length 1
Aug 14 20:31:23.845493 n kernel: hci0 cmd_cnt 1 cmd queued 1
Aug 14 20:31:23.845503 n kernel: hci0: skb 00000000af097312
Aug 14 20:31:23.847348 n kernel: 00000000babfecdf name hci0 blocked 1
Aug 14 20:31:23.847373 n kernel: hci0 00000000babfecdf
Aug 14 20:31:23.847398 n kernel: hci0: result 0x00
Aug 14 20:31:23.847411 n kernel: hci0: end: err 0
Aug 14 20:31:23.847422 n kernel: hci0: Opcode 0x0c1a
Aug 14 20:31:23.847433 n kernel: hci0: opcode 0x0c1a plen 1
Aug 14 20:31:23.847444 n kernel: hci0: skb len 4
Aug 14 20:31:23.847456 n kernel: hci0: length 1
Aug 14 20:31:23.847477 n kernel: hci0 cmd_cnt 1 cmd queued 1
Aug 14 20:31:23.847489 n kernel: hci0: skb 00000000af9431b8
Aug 14 20:31:23.850373 n kernel: hci0: result 0x00
Aug 14 20:31:23.850387 n kernel: hci0: end: err 0
Aug 14 20:31:23.850401 n kernel: hci0: 
Aug 14 20:31:23.850414 n kernel: hci0: Opcode 0x0c1a
Aug 14 20:31:23.850428 n kernel: hci0: opcode 0x0c1a plen 1
Aug 14 20:31:23.850441 n kernel: hci0: skb len 4
Aug 14 20:31:23.850455 n kernel: hci0: length 1
Aug 14 20:31:23.850469 n kernel: hci0 cmd_cnt 1 cmd queued 1
Aug 14 20:31:23.850482 n kernel: hci0: skb 000000006c9bb996
Aug 14 20:31:23.850535 n kernel: hci0: state 0 -> 1
Aug 14 20:31:23.850560 n kernel: hci0: 
Aug 14 20:31:23.850583 n kernel: hci0: entry 0000000077fd0e96
Aug 14 20:31:23.853360 n kernel: hci0: result 0x00
Aug 14 20:31:23.853371 n kernel: hci0: end: err 0
Aug 14 20:31:23.853381 n kernel: hci0: state 1
Aug 14 20:31:23.853392 n kernel: hci0: 
Aug 14 20:31:23.863352 n kernel: hci0: err 0x13
Aug 14 20:31:23.863375 n kernel: hci0: cancelling interleave scan
Aug 14 20:31:23.863389 n kernel: hci0: state 1 -> 0
Aug 14 20:31:23.863414 n kernel: hdev hci0
Aug 14 20:31:23.863427 n kernel: hci0
Aug 14 20:31:23.863439 n kernel: hci0
Aug 14 20:31:24.181379 n kernel: 00000000babfecdf name hci0 blocked 0
Aug 14 20:31:24.181426 n kernel: hci0: 
Aug 14 20:31:24.181446 n kernel: hci0: entry 000000009bfe61d5
Aug 14 20:31:24.181458 n kernel: hci0: 
Aug 14 20:31:24.181469 n kernel: hci0
Aug 14 20:31:24.181478 n kernel: hci0
Aug 14 20:31:24.181488 n kernel: hci0
Aug 14 20:31:24.181498 n kernel: hci0
Aug 14 20:31:24.181512 n kernel: hci0: 
Aug 14 20:31:24.181525 n kernel: hci0: 
Aug 14 20:31:24.181539 n kernel: hci0: Opcode 0x0c03
Aug 14 20:31:24.181559 n kernel: hci0: opcode 0x0c03 plen 0
Aug 14 20:31:24.181575 n kernel: hci0: skb len 3
Aug 14 20:31:24.181590 n kernel: hci0: length 1
Aug 14 20:31:24.181608 n kernel: hci0 cmd_cnt 1 cmd queued 1
Aug 14 20:31:24.181623 n kernel: hci0: skb 00000000eaa1a331
Aug 14 20:31:24.238442 n kernel: hci0: result 0x00
Aug 14 20:31:24.238462 n kernel: hci0: end: err 0
Aug 14 20:31:24.238472 n kernel: hci0: Opcode 0x1003
Aug 14 20:31:24.238482 n kernel: hci0: opcode 0x1003 plen 0
Aug 14 20:31:24.238491 n kernel: hci0: skb len 3
Aug 14 20:31:24.238504 n kernel: hci0: length 1
Aug 14 20:31:24.238514 n kernel: hci0 cmd_cnt 1 cmd queued 1
Aug 14 20:31:24.238524 n kernel: hci0: skb 000000008bdd465f
Aug 14 20:31:24.240449 n kernel: hci0: result 0x00
Aug 14 20:31:24.240460 n kernel: hci0: end: err 0
Aug 14 20:31:24.240472 n kernel: hci0: Opcode 0x1001
Aug 14 20:31:24.240481 n kernel: hci0: opcode 0x1001 plen 0
Aug 14 20:31:24.240525 n kernel: hci0: skb len 3
Aug 14 20:31:24.240534 n kernel: hci0: length 1
Aug 14 20:31:24.240544 n kernel: hci0 cmd_cnt 1 cmd queued 1
Aug 14 20:31:24.240554 n kernel: hci0: skb 00000000bca4b4e2
Aug 14 20:31:24.243531 n kernel: hci0: result 0x00
Aug 14 20:31:24.243560 n kernel: hci0: end: err 0
Aug 14 20:31:24.243577 n kernel: hci0: Opcode 0x1009
Aug 14 20:31:24.243593 n kernel: hci0: opcode 0x1009 plen 0
Aug 14 20:31:24.243610 n kernel: hci0: skb len 3
Aug 14 20:31:24.243632 n kernel: hci0: length 1
Aug 14 20:31:24.243649 n kernel: hci0 cmd_cnt 1 cmd queued 1
Aug 14 20:31:24.243665 n kernel: hci0: skb 00000000ae570748
Aug 14 20:31:24.246471 n kernel: hci0: result 0x00
Aug 14 20:31:24.246502 n kernel: hci0: end: err 0
Aug 14 20:31:24.246520 n kernel: hci0: 
Aug 14 20:31:24.246538 n kernel: hci0: Opcode 0x1002
Aug 14 20:31:24.246555 n kernel: hci0: opcode 0x1002 plen 0
Aug 14 20:31:24.246600 n kernel: hci0: skb len 3
Aug 14 20:31:24.246615 n kernel: hci0: length 1
Aug 14 20:31:24.246632 n kernel: hci0 cmd_cnt 1 cmd queued 1
Aug 14 20:31:24.246651 n kernel: hci0: skb 00000000c96afae9
Aug 14 20:31:24.253522 n kernel: hci0: result 0x00
Aug 14 20:31:24.253553 n kernel: hci0: end: err 0
Aug 14 20:31:24.253570 n kernel: hci0: Opcode 0x0c56
Aug 14 20:31:24.253587 n kernel: hci0: opcode 0x0c56 plen 1
Aug 14 20:31:24.253605 n kernel: hci0: skb len 4
Aug 14 20:31:24.253625 n kernel: hci0: length 1
Aug 14 20:31:24.253643 n kernel: hci0 cmd_cnt 1 cmd queued 1
Aug 14 20:31:24.253660 n kernel: hci0: skb 00000000ee27940a
Aug 14 20:31:24.256522 n kernel: hci0: result 0x00
Aug 14 20:31:24.256555 n kernel: hci0: end: err 0
Aug 14 20:31:24.256571 n kernel: hci0: Opcode 0x0c45
Aug 14 20:31:24.256588 n kernel: hci0: opcode 0x0c45 plen 1
Aug 14 20:31:24.256636 n kernel: hci0: skb len 4
Aug 14 20:31:24.256669 n kernel: hci0: length 1
Aug 14 20:31:24.256690 n kernel: hci0 cmd_cnt 1 cmd queued 1
Aug 14 20:31:24.256706 n kernel: hci0: skb 00000000800ddaf2
Aug 14 20:31:24.259487 n kernel: hci0: result 0x00
Aug 14 20:31:24.259508 n kernel: hci0: end: err 0
Aug 14 20:31:24.259528 n kernel: hci0: Opcode 0x0c58
Aug 14 20:31:24.259544 n kernel: hci0: opcode 0x0c58 plen 0
Aug 14 20:31:24.259561 n kernel: hci0: skb len 3
Aug 14 20:31:24.259577 n kernel: hci0: length 1
Aug 14 20:31:24.259593 n kernel: hci0 cmd_cnt 1 cmd queued 1
Aug 14 20:31:24.259610 n kernel: hci0: skb 00000000b07591f0
Aug 14 20:31:24.262505 n kernel: hci0: result 0x00
Aug 14 20:31:24.262542 n kernel: hci0: end: err 0
Aug 14 20:31:24.262558 n kernel: hci0: Opcode 0x1004
Aug 14 20:31:24.262574 n kernel: hci0: opcode 0x1004 plen 1
Aug 14 20:31:24.262590 n kernel: hci0: skb len 4
Aug 14 20:31:24.262659 n kernel: hci0: length 1
Aug 14 20:31:24.262686 n kernel: hci0 cmd_cnt 1 cmd queued 1
Aug 14 20:31:24.262713 n kernel: hci0: skb 00000000dbb0eaf8
Aug 14 20:31:24.266515 n kernel: hci0: result 0x00
Aug 14 20:31:24.266531 n kernel: hci0: end: err 0
Aug 14 20:31:24.266543 n kernel: hci0: Opcode 0x1005
Aug 14 20:31:24.266555 n kernel: hci0: opcode 0x1005 plen 0
Aug 14 20:31:24.266565 n kernel: hci0: skb len 3
Aug 14 20:31:24.266574 n kernel: hci0: length 1
Aug 14 20:31:24.266584 n kernel: hci0 cmd_cnt 1 cmd queued 1
Aug 14 20:31:24.266593 n kernel: hci0: skb 000000009a647537
Aug 14 20:31:24.269434 n kernel: hci0: result 0x00
Aug 14 20:31:24.269444 n kernel: hci0: end: err 0
Aug 14 20:31:24.269452 n kernel: hci0: Opcode 0x0c23
Aug 14 20:31:24.269460 n kernel: hci0: opcode 0x0c23 plen 0
Aug 14 20:31:24.269469 n kernel: hci0: skb len 3
Aug 14 20:31:24.269502 n kernel: hci0: length 1
Aug 14 20:31:24.269530 n kernel: hci0 cmd_cnt 1 cmd queued 1
Aug 14 20:31:24.269537 n kernel: hci0: skb 000000009dbcd722
Aug 14 20:31:24.272438 n kernel: hci0: result 0x00
Aug 14 20:31:24.272450 n kernel: hci0: end: err 0
Aug 14 20:31:24.272462 n kernel: hci0: Opcode 0x0c14
Aug 14 20:31:24.272472 n kernel: hci0: opcode 0x0c14 plen 0
Aug 14 20:31:24.272481 n kernel: hci0: skb len 3
Aug 14 20:31:24.272495 n kernel: hci0: length 1
Aug 14 20:31:24.272507 n kernel: hci0 cmd_cnt 1 cmd queued 1
Aug 14 20:31:24.272519 n kernel: hci0: skb 0000000015fa4bf6
Aug 14 20:31:24.290504 n kernel: hci0: result 0x00
Aug 14 20:31:24.290526 n kernel: hci0: end: err 0
Aug 14 20:31:24.290548 n kernel: hci0: Opcode 0x0c25
Aug 14 20:31:24.290565 n kernel: hci0: opcode 0x0c25 plen 0
Aug 14 20:31:24.290590 n kernel: hci0: skb len 3
Aug 14 20:31:24.290611 n kernel: hci0: length 1
Aug 14 20:31:24.290713 n kernel: hci0 cmd_cnt 1 cmd queued 1
Aug 14 20:31:24.290731 n kernel: hci0: skb 0000000054b071f7
Aug 14 20:31:24.293575 n kernel: hci0: result 0x00
Aug 14 20:31:24.293615 n kernel: hci0: end: err 0
Aug 14 20:31:24.293636 n kernel: hci0: Opcode 0x0c38
Aug 14 20:31:24.293654 n kernel: hci0: opcode 0x0c38 plen 0
Aug 14 20:31:24.293672 n kernel: hci0: skb len 3
Aug 14 20:31:24.293691 n kernel: hci0: length 1
Aug 14 20:31:24.293709 n kernel: hci0 cmd_cnt 1 cmd queued 1
Aug 14 20:31:24.293724 n kernel: hci0: skb 00000000547d9eff
Aug 14 20:31:24.296511 n kernel: hci0: result 0x00
Aug 14 20:31:24.296543 n kernel: hci0: end: err 0
Aug 14 20:31:24.296560 n kernel: hci0: Opcode 0x0c39
Aug 14 20:31:24.296577 n kernel: hci0: opcode 0x0c39 plen 0
Aug 14 20:31:24.296594 n kernel: hci0: skb len 3
Aug 14 20:31:24.296611 n kernel: hci0: length 1
Aug 14 20:31:24.296683 n kernel: hci0 cmd_cnt 1 cmd queued 1
Aug 14 20:31:24.296701 n kernel: hci0: skb 0000000086cdd368
Aug 14 20:31:24.300447 n kernel: hci0: result 0x00
Aug 14 20:31:24.300466 n kernel: hci0: end: err 0
Aug 14 20:31:24.300482 n kernel: hci0: Opcode 0x0c16
Aug 14 20:31:24.300498 n kernel: hci0: opcode 0x0c16 plen 2
Aug 14 20:31:24.300512 n kernel: hci0: skb len 5
Aug 14 20:31:24.300527 n kernel: hci0: length 1
Aug 14 20:31:24.300542 n kernel: hci0 cmd_cnt 1 cmd queued 1
Aug 14 20:31:24.300557 n kernel: hci0: skb 0000000065e70be4
Aug 14 20:31:24.302527 n kernel: hci0: result 0x00
Aug 14 20:31:24.302560 n kernel: hci0: end: err 0
Aug 14 20:31:24.302576 n kernel: hci0: Opcode 0x2003
Aug 14 20:31:24.302592 n kernel: hci0: opcode 0x2003 plen 0
Aug 14 20:31:24.302609 n kernel: hci0: skb len 3
Aug 14 20:31:24.302627 n kernel: hci0: length 1
Aug 14 20:31:24.302645 n kernel: hci0 cmd_cnt 1 cmd queued 1
Aug 14 20:31:24.302662 n kernel: hci0: skb 00000000049896ec
Aug 14 20:31:24.305514 n kernel: hci0: result 0x00
Aug 14 20:31:24.305526 n kernel: hci0: end: err 0
Aug 14 20:31:24.305535 n kernel: hci0: Opcode 0x2002
Aug 14 20:31:24.305544 n kernel: hci0: opcode 0x2002 plen 0
Aug 14 20:31:24.305572 n kernel: hci0: skb len 3
Aug 14 20:31:24.305590 n kernel: hci0: length 1
Aug 14 20:31:24.305600 n kernel: hci0 cmd_cnt 1 cmd queued 1
Aug 14 20:31:24.305610 n kernel: hci0: skb 00000000f5b27c8b
Aug 14 20:31:24.308506 n kernel: hci0: result 0x00
Aug 14 20:31:24.308526 n kernel: hci0: end: err 0
Aug 14 20:31:24.308542 n kernel: hci0: Opcode 0x201c
Aug 14 20:31:24.308558 n kernel: hci0: opcode 0x201c plen 0
Aug 14 20:31:24.308597 n kernel: hci0: skb len 3
Aug 14 20:31:24.308619 n kernel: hci0: length 1
Aug 14 20:31:24.308637 n kernel: hci0 cmd_cnt 1 cmd queued 1
Aug 14 20:31:24.308658 n kernel: hci0: skb 000000002b5b9f95
Aug 14 20:31:24.311508 n kernel: hci0: result 0x00
Aug 14 20:31:24.311528 n kernel: hci0: end: err 0
Aug 14 20:31:24.311544 n kernel: hci0: 
Aug 14 20:31:24.311560 n kernel: hci0: Opcode 0x0c01
Aug 14 20:31:24.311577 n kernel: hci0: opcode 0x0c01 plen 8
Aug 14 20:31:24.311592 n kernel: hci0: skb len 11
Aug 14 20:31:24.311611 n kernel: hci0: length 1
Aug 14 20:31:24.311628 n kernel: hci0 cmd_cnt 1 cmd queued 1
Aug 14 20:31:24.311645 n kernel: hci0: skb 00000000c8b114dd
Aug 14 20:31:24.314385 n kernel: hci0: result 0x00
Aug 14 20:31:24.314395 n kernel: hci0: end: err 0
Aug 14 20:31:24.314404 n kernel: hci0: Opcode 0x0c0d
Aug 14 20:31:24.314413 n kernel: hci0: opcode 0x0c0d plen 7
Aug 14 20:31:24.314422 n kernel: hci0: skb len 10
Aug 14 20:31:24.314431 n kernel: hci0: length 1
Aug 14 20:31:24.314440 n kernel: hci0 cmd_cnt 1 cmd queued 1
Aug 14 20:31:24.314449 n kernel: hci0: skb 000000007e147097
Aug 14 20:31:24.317432 n kernel: hci0: result 0x00
Aug 14 20:31:24.317456 n kernel: hci0: end: err 0
Aug 14 20:31:24.317475 n kernel: hci0: Opcode 0x080f
Aug 14 20:31:24.317490 n kernel: hci0: opcode 0x080f plen 2
Aug 14 20:31:24.317506 n kernel: hci0: skb len 5
Aug 14 20:31:24.317523 n kernel: hci0: length 1
Aug 14 20:31:24.317539 n kernel: hci0 cmd_cnt 1 cmd queued 1
Aug 14 20:31:24.317554 n kernel: hci0: skb 00000000864aa928
Aug 14 20:31:24.320429 n kernel: hci0: result 0x00
Aug 14 20:31:24.320448 n kernel: hci0: end: err 0
Aug 14 20:31:24.320464 n kernel: hci0: Opcode 0x0c1b
Aug 14 20:31:24.320479 n kernel: hci0: opcode 0x0c1b plen 0
Aug 14 20:31:24.320520 n kernel: hci0: skb len 3
Aug 14 20:31:24.320536 n kernel: hci0: length 1
Aug 14 20:31:24.320552 n kernel: hci0 cmd_cnt 1 cmd queued 1
Aug 14 20:31:24.320567 n kernel: hci0: skb 000000009a30fc6d
Aug 14 20:31:24.324386 n kernel: hci0: result 0x00
Aug 14 20:31:24.324398 n kernel: hci0: end: err 0
Aug 14 20:31:24.324407 n kernel: hci0: Opcode 0x0c46
Aug 14 20:31:24.324415 n kernel: hci0: opcode 0x0c46 plen 0
Aug 14 20:31:24.324424 n kernel: hci0: skb len 3
Aug 14 20:31:24.324433 n kernel: hci0: length 1
Aug 14 20:31:24.324441 n kernel: hci0 cmd_cnt 1 cmd queued 1
Aug 14 20:31:24.324449 n kernel: hci0: skb 000000005574815b
Aug 14 20:31:24.327445 n kernel: hci0: result 0x00
Aug 14 20:31:24.327464 n kernel: hci0: end: err 0
Aug 14 20:31:24.327480 n kernel: hci0: Opcode 0x1004
Aug 14 20:31:24.327496 n kernel: hci0: opcode 0x1004 plen 1
Aug 14 20:31:24.327512 n kernel: hci0: skb len 4
Aug 14 20:31:24.327529 n kernel: hci0: length 1
Aug 14 20:31:24.327545 n kernel: hci0 cmd_cnt 1 cmd queued 1
Aug 14 20:31:24.327560 n kernel: hci0: skb 000000001593e3fe
Aug 14 20:31:24.330447 n kernel: hci0: result 0x00
Aug 14 20:31:24.330467 n kernel: hci0: end: err 0
Aug 14 20:31:24.330483 n kernel: hci0: Opcode 0x2001
Aug 14 20:31:24.330500 n kernel: hci0: opcode 0x2001 plen 8
Aug 14 20:31:24.330517 n kernel: hci0: skb len 11
Aug 14 20:31:24.330532 n kernel: hci0: length 1
Aug 14 20:31:24.330548 n kernel: hci0 cmd_cnt 1 cmd queued 1
Aug 14 20:31:24.330564 n kernel: hci0: skb 00000000dbc5c719
Aug 14 20:31:24.333429 n kernel: hci0: result 0x00
Aug 14 20:31:24.333449 n kernel: hci0: end: err 0
Aug 14 20:31:24.333465 n kernel: hci0: Opcode 0x2007
Aug 14 20:31:24.333481 n kernel: hci0: opcode 0x2007 plen 0
Aug 14 20:31:24.333497 n kernel: hci0: skb len 3
Aug 14 20:31:24.333513 n kernel: hci0: length 1
Aug 14 20:31:24.333528 n kernel: hci0 cmd_cnt 1 cmd queued 1
Aug 14 20:31:24.333543 n kernel: hci0: skb 00000000d8e64006
Aug 14 20:31:24.336443 n kernel: hci0: result 0x00
Aug 14 20:31:24.336462 n kernel: hci0: end: err 0
Aug 14 20:31:24.336478 n kernel: hci0: Opcode 0x200f
Aug 14 20:31:24.336495 n kernel: hci0: opcode 0x200f plen 0
Aug 14 20:31:24.336512 n kernel: hci0: skb len 3
Aug 14 20:31:24.336527 n kernel: hci0: length 1
Aug 14 20:31:24.336543 n kernel: hci0 cmd_cnt 1 cmd queued 1
Aug 14 20:31:24.336559 n kernel: hci0: skb 000000004c1169b4
Aug 14 20:31:24.339439 n kernel: hci0: result 0x00
Aug 14 20:31:24.339459 n kernel: hci0: end: err 0
Aug 14 20:31:24.339476 n kernel: hci0: Opcode 0x2010
Aug 14 20:31:24.339492 n kernel: hci0: opcode 0x2010 plen 0
Aug 14 20:31:24.339509 n kernel: hci0: skb len 3
Aug 14 20:31:24.339524 n kernel: hci0: length 1
Aug 14 20:31:24.339540 n kernel: hci0 cmd_cnt 1 cmd queued 1
Aug 14 20:31:24.339556 n kernel: hci0: skb 000000001ef445c6
Aug 14 20:31:24.343464 n kernel: hci0: result 0x00
Aug 14 20:31:24.343488 n kernel: hci0: end: err 0
Aug 14 20:31:24.343505 n kernel: hci0: Opcode 0x202a
Aug 14 20:31:24.343521 n kernel: hci0: opcode 0x202a plen 0
Aug 14 20:31:24.343537 n kernel: hci0: skb len 3
Aug 14 20:31:24.343553 n kernel: hci0: length 1
Aug 14 20:31:24.343568 n kernel: hci0 cmd_cnt 1 cmd queued 1
Aug 14 20:31:24.343584 n kernel: hci0: skb 00000000d9337327
Aug 14 20:31:24.346445 n kernel: hci0: result 0x00
Aug 14 20:31:24.346464 n kernel: hci0: end: err 0
Aug 14 20:31:24.346481 n kernel: hci0: Opcode 0x2029
Aug 14 20:31:24.346497 n kernel: hci0: opcode 0x2029 plen 0
Aug 14 20:31:24.346513 n kernel: hci0: skb len 3
Aug 14 20:31:24.346550 n kernel: hci0: length 1
Aug 14 20:31:24.346566 n kernel: hci0 cmd_cnt 1 cmd queued 1
Aug 14 20:31:24.346582 n kernel: hci0: skb 00000000176f6806
Aug 14 20:31:24.348384 n kernel: hci0: result 0x00
Aug 14 20:31:24.348395 n kernel: hci0: end: err 0
Aug 14 20:31:24.348403 n kernel: hci0: Opcode 0x202e
Aug 14 20:31:24.348412 n kernel: hci0: opcode 0x202e plen 2
Aug 14 20:31:24.348421 n kernel: hci0: skb len 5
Aug 14 20:31:24.348429 n kernel: hci0: length 1
Aug 14 20:31:24.348437 n kernel: hci0 cmd_cnt 1 cmd queued 1
Aug 14 20:31:24.348446 n kernel: hci0: skb 000000000da3e763
Aug 14 20:31:24.351417 n kernel: hci0: result 0x00
Aug 14 20:31:24.351436 n kernel: hci0: end: err 0
Aug 14 20:31:24.351452 n kernel: hci0: Opcode 0x0c6d
Aug 14 20:31:24.351469 n kernel: hci0: opcode 0x0c6d plen 2
Aug 14 20:31:24.351485 n kernel: hci0: skb len 5
Aug 14 20:31:24.351501 n kernel: hci0: length 1
Aug 14 20:31:24.351516 n kernel: hci0 cmd_cnt 1 cmd queued 1
Aug 14 20:31:24.351532 n kernel: hci0: skb 00000000f2a9161b
Aug 14 20:31:24.354419 n kernel: hci0: result 0x00
Aug 14 20:31:24.354459 n kernel: hci0: end: err 0
Aug 14 20:31:24.354476 n kernel: hci0: 
Aug 14 20:31:24.354492 n kernel: hci0: Opcode 0x0c12
Aug 14 20:31:24.354508 n kernel: hci0: opcode 0x0c12 plen 7
Aug 14 20:31:24.354525 n kernel: hci0: skb len 10
Aug 14 20:31:24.354593 n kernel: hci0: length 1
Aug 14 20:31:24.354625 n kernel: hci0 cmd_cnt 1 cmd queued 1
Aug 14 20:31:24.354641 n kernel: hci0: skb 0000000009323da2
Aug 14 20:31:24.357419 n kernel: hci0: result 0x00
Aug 14 20:31:24.357439 n kernel: hci0: end: err 0
Aug 14 20:31:24.357455 n kernel: hci0: Opcode 0x0c77
Aug 14 20:31:24.357472 n kernel: hci0: opcode 0x0c77 plen 0
Aug 14 20:31:24.357488 n kernel: hci0: skb len 3
Aug 14 20:31:24.357503 n kernel: hci0: length 1
Aug 14 20:31:24.357518 n kernel: hci0 cmd_cnt 1 cmd queued 1
Aug 14 20:31:24.357534 n kernel: hci0: skb 000000006b9696c5
Aug 14 20:31:24.360422 n kernel: hci0: result 0x00
Aug 14 20:31:24.360442 n kernel: hci0: end: err 0
Aug 14 20:31:24.360460 n kernel: hci0: Opcode 0x0c7a
Aug 14 20:31:24.360476 n kernel: hci0: opcode 0x0c7a plen 1
Aug 14 20:31:24.360492 n kernel: hci0: skb len 4
Aug 14 20:31:24.360508 n kernel: hci0: length 1
Aug 14 20:31:24.360523 n kernel: hci0 cmd_cnt 1 cmd queued 1
Aug 14 20:31:24.360539 n kernel: hci0: skb 00000000d0d21f0d
Aug 14 20:31:24.363422 n kernel: hci0: result 0x00
Aug 14 20:31:24.363441 n kernel: hci0: end: err 0
Aug 14 20:31:24.363457 n kernel: hci0: Opcode 0x0c1a
Aug 14 20:31:24.363473 n kernel: hci0: opcode 0x0c1a plen 1
Aug 14 20:31:24.363490 n kernel: hci0: skb len 4
Aug 14 20:31:24.363505 n kernel: hci0: length 1
Aug 14 20:31:24.363521 n kernel: hci0 cmd_cnt 1 cmd queued 1
Aug 14 20:31:24.363537 n kernel: hci0: skb 000000008ca08fa9
Aug 14 20:31:24.364351 n kernel: 00000000babfecdf name hci0 blocked 0
Aug 14 20:31:24.366387 n kernel: hci0: result 0x00
Aug 14 20:31:24.366400 n kernel: hci0: end: err 0
Aug 14 20:31:24.366411 n kernel: hci0: 
Aug 14 20:31:24.366422 n kernel: hci0: Opcode 0x0c24
Aug 14 20:31:24.366433 n kernel: hci0: opcode 0x0c24 plen 3
Aug 14 20:31:24.366444 n kernel: hci0: skb len 6
Aug 14 20:31:24.366454 n kernel: hci0: length 1
Aug 14 20:31:24.366465 n kernel: hci0 cmd_cnt 1 cmd queued 1
Aug 14 20:31:24.366475 n kernel: hci0: skb 00000000abf929d9
Aug 14 20:31:24.369427 n kernel: hci0: result 0x00
Aug 14 20:31:24.369447 n kernel: hci0: end: err 0
Aug 14 20:31:24.369463 n kernel: hci0: Opcode 0x0c13
Aug 14 20:31:24.369480 n kernel: hci0: opcode 0x0c13 plen 248
Aug 14 20:31:24.369496 n kernel: hci0: skb len 251
Aug 14 20:31:24.369511 n kernel: hci0: length 1
Aug 14 20:31:24.369534 n kernel: hci0 cmd_cnt 1 cmd queued 1
Aug 14 20:31:24.369558 n kernel: hci0: skb 00000000677fe8be
Aug 14 20:31:24.372440 n kernel: hci0: result 0x00
Aug 14 20:31:24.372460 n kernel: hci0: end: err 0
Aug 14 20:31:24.372477 n kernel: hci0: 
Aug 14 20:31:24.372493 n kernel: hci0: Opcode 0x0c52
Aug 14 20:31:24.372509 n kernel: hci0: opcode 0x0c52 plen 241
Aug 14 20:31:24.372525 n kernel: hci0: skb len 244
Aug 14 20:31:24.372541 n kernel: hci0: length 1
Aug 14 20:31:24.372566 n kernel: hci0 cmd_cnt 1 cmd queued 1
Aug 14 20:31:24.372581 n kernel: hci0: skb 00000000dbc5c719
Aug 14 20:31:24.375444 n kernel: hci0: result 0x00
Aug 14 20:31:24.375462 n kernel: hci0: end: err 0
Aug 14 20:31:24.375478 n kernel: hci0: entry 000000002d354319
Aug 14 20:31:24.375495 n kernel: hci0: ADV monitoring is off
Aug 14 20:31:24.375511 n kernel: hci0: stopping background scanning
Aug 14 20:31:24.375532 n kernel: hci0: 
Aug 14 20:31:24.377362 n kernel: hci0: 
Aug 14 20:31:24.377372 n kernel: hci0: entry 000000000876118b
Aug 14 20:31:24.377381 n kernel: hci0: ADV monitoring is off
Aug 14 20:31:24.377390 n kernel: hci0: stopping background scanning
Aug 14 20:31:24.377407 n kernel: hci0: 
Aug 14 20:31:24.377416 n kernel: hci0: entry 000000009777df08
Aug 14 20:31:24.377425 n kernel: hci0: Opcode 0x0c3a
Aug 14 20:31:24.377433 n kernel: hci0: opcode 0x0c3a plen 4
Aug 14 20:31:24.377442 n kernel: hci0: skb len 7
Aug 14 20:31:24.377450 n kernel: hci0: length 1
Aug 14 20:31:24.377459 n kernel: hci0 cmd_cnt 1 cmd queued 1
Aug 14 20:31:24.377467 n kernel: hci0: skb 000000006b39d645
Aug 14 20:31:24.380376 n kernel: hci0: result 0x00
Aug 14 20:31:24.380390 n kernel: hci0: end: err 0
Aug 14 20:31:24.380403 n kernel: hci0: Opcode 0x0c1a
Aug 14 20:31:24.380415 n kernel: hci0: opcode 0x0c1a plen 1
Aug 14 20:31:24.380428 n kernel: hci0: skb len 4
Aug 14 20:31:24.380440 n kernel: hci0: length 1
Aug 14 20:31:24.380453 n kernel: hci0 cmd_cnt 1 cmd queued 1
Aug 14 20:31:24.380465 n kernel: hci0: skb 000000005574815b
Aug 14 20:31:24.383375 n kernel: hci0: result 0x00
Aug 14 20:31:24.383395 n kernel: hci0: end: err 0
Aug 14 20:31:24.383414 n kernel: hci0: 
Aug 14 20:31:24.383440 n kernel: hci0: state 0 -> 1
Aug 14 20:31:24.383452 n kernel: hci0: 
Aug 14 20:31:24.383464 n kernel: hci0: entry 00000000dd98ecc7
Aug 14 20:31:24.383477 n kernel: hci0: type 7
Aug 14 20:31:24.383490 n kernel: hci0: 
Aug 14 20:31:24.383502 n kernel: hci0: cancelling interleave scan
Aug 14 20:31:24.383515 n kernel: hci0: Opcode 0x2005
Aug 14 20:31:24.383527 n kernel: hci0: opcode 0x2005 plen 6
Aug 14 20:31:24.383540 n kernel: hci0: skb len 9
Aug 14 20:31:24.383552 n kernel: hci0: length 1
Aug 14 20:31:24.383564 n kernel: hci0 cmd_cnt 1 cmd queued 1
Aug 14 20:31:24.383577 n kernel: hci0: skb 00000000199595a3
Aug 14 20:31:24.386365 n kernel: hci0: result 0x00
Aug 14 20:31:24.386376 n kernel: hci0: end: err 0
Aug 14 20:31:24.386386 n kernel: hci0: Opcode 0x200b
Aug 14 20:31:24.386396 n kernel: hci0: opcode 0x200b plen 7
Aug 14 20:31:24.386407 n kernel: hci0: skb len 10
Aug 14 20:31:24.386417 n kernel: hci0: length 1
Aug 14 20:31:24.386427 n kernel: hci0 cmd_cnt 1 cmd queued 1
Aug 14 20:31:24.386437 n kernel: hci0: skb 00000000864aa928
Aug 14 20:31:24.388385 n kernel: Bluetooth: hci0: unexpected event for opcode 0x2005
Aug 14 20:31:24.390360 n kernel: hci0: result 0x00
Aug 14 20:31:24.390369 n kernel: hci0: end: err 0
Aug 14 20:31:24.390376 n kernel: hci0: Opcode 0x200c
Aug 14 20:31:24.390384 n kernel: hci0: opcode 0x200c plen 2
Aug 14 20:31:24.390392 n kernel: hci0: skb len 5
Aug 14 20:31:24.390401 n kernel: hci0: length 1
Aug 14 20:31:24.390408 n kernel: hci0 cmd_cnt 1 cmd queued 1
Aug 14 20:31:24.390415 n kernel: hci0: skb 00000000ae570748
Aug 14 20:31:24.393347 n kernel: hci0: state 1 -> 2
Aug 14 20:31:24.393411 n kernel: hci0: result 0x00
Aug 14 20:31:24.393428 n kernel: hci0: end: err 0
Aug 14 20:31:24.393442 n kernel: hci0: timeout 5120 ms
Aug 14 20:31:24.532369 n kernel: 00000000babfecdf name hci0 blocked 1
Aug 14 20:31:24.532406 n kernel: hci0 00000000babfecdf
Aug 14 20:31:24.532421 n kernel: hci0: Opcode 0x0c1a
Aug 14 20:31:24.532438 n kernel: hci0: opcode 0x0c1a plen 1
Aug 14 20:31:24.532454 n kernel: hci0: skb len 4
Aug 14 20:31:24.532471 n kernel: hci0: length 1
Aug 14 20:31:24.532485 n kernel: hci0 cmd_cnt 1 cmd queued 1
Aug 14 20:31:24.532500 n kernel: hci0: skb 000000005707cc6c
Aug 14 20:31:24.534386 n kernel: hci0: result 0x00
Aug 14 20:31:24.534407 n kernel: hci0: end: err 0
Aug 14 20:31:24.534423 n kernel: hci0: state 2
Aug 14 20:31:24.534438 n kernel: hci0: Opcode 0x200c
Aug 14 20:31:24.534452 n kernel: hci0: opcode 0x200c plen 2
Aug 14 20:31:24.534467 n kernel: hci0: skb len 5
Aug 14 20:31:24.534484 n kernel: hci0: length 1
Aug 14 20:31:24.534498 n kernel: hci0 cmd_cnt 1 cmd queued 1
Aug 14 20:31:24.534512 n kernel: hci0: skb 000000008ba6385a
Aug 14 20:31:24.537418 n kernel: hci0: result 0x00
Aug 14 20:31:24.537443 n kernel: hci0: 
Aug 14 20:31:24.537462 n kernel: hci0: 
Aug 14 20:31:24.537480 n kernel: hci0: entry 000000009777df08
Aug 14 20:31:24.537496 n kernel: hci0: end: err 0
Aug 14 20:31:24.537511 n kernel: hci0: 
Aug 14 20:31:24.546358 n kernel: hci0: err 0x13
Aug 14 20:31:24.546392 n kernel: hci0: cancelling interleave scan
Aug 14 20:31:24.546421 n kernel: hci0: state 2 -> 0
Aug 14 20:31:24.546471 n kernel: hdev hci0
Aug 14 20:31:24.546490 n kernel: hci0
Aug 14 20:31:24.546507 n kernel: hci0
Aug 14 20:31:24.546523 n kernel: hci0: 
Aug 14 20:31:24.681615 n kernel: 00000000babfecdf name hci0 blocked 0
Aug 14 20:31:24.681644 n kernel: hci0: 
Aug 14 20:31:24.681656 n kernel: hci0: entry 000000002eee4ec8
Aug 14 20:31:24.681665 n kernel: hci0: 
Aug 14 20:31:24.681674 n kernel: hci0
Aug 14 20:31:24.681683 n kernel: hci0
Aug 14 20:31:24.681693 n kernel: hci0
Aug 14 20:31:24.681701 n kernel: hci0
Aug 14 20:31:24.681712 n kernel: hci0: 
Aug 14 20:31:24.681721 n kernel: hci0: 
Aug 14 20:31:24.681729 n kernel: hci0: Opcode 0x0c03
Aug 14 20:31:24.681738 n kernel: hci0: opcode 0x0c03 plen 0
Aug 14 20:31:24.681752 n kernel: hci0: skb len 3
Aug 14 20:31:24.681763 n kernel: hci0: length 1
Aug 14 20:31:24.681774 n kernel: hci0 cmd_cnt 1 cmd queued 1
Aug 14 20:31:24.681784 n kernel: hci0: skb 00000000afc856af
Aug 14 20:31:24.737518 n kernel: hci0: result 0x00
Aug 14 20:31:24.737553 n kernel: hci0: end: err 0
Aug 14 20:31:24.737571 n kernel: hci0: Opcode 0x1003
Aug 14 20:31:24.737588 n kernel: hci0: opcode 0x1003 plen 0
Aug 14 20:31:24.737604 n kernel: hci0: skb len 3
Aug 14 20:31:24.737622 n kernel: hci0: length 1
Aug 14 20:31:24.737640 n kernel: hci0 cmd_cnt 1 cmd queued 1
Aug 14 20:31:24.737659 n kernel: hci0: skb 00000000ea4ceabf
Aug 14 20:31:24.740456 n kernel: hci0: result 0x00
Aug 14 20:31:24.740473 n kernel: hci0: end: err 0
Aug 14 20:31:24.740485 n kernel: hci0: Opcode 0x1001
Aug 14 20:31:24.740494 n kernel: hci0: opcode 0x1001 plen 0
Aug 14 20:31:24.740503 n kernel: hci0: skb len 3
Aug 14 20:31:24.740512 n kernel: hci0: length 1
Aug 14 20:31:24.740522 n kernel: hci0 cmd_cnt 1 cmd queued 1
Aug 14 20:31:24.740532 n kernel: hci0: skb 00000000cc8f8f2b
Aug 14 20:31:24.743507 n kernel: hci0: result 0x00
Aug 14 20:31:24.743540 n kernel: hci0: end: err 0
Aug 14 20:31:24.743556 n kernel: hci0: Opcode 0x1009
Aug 14 20:31:24.743572 n kernel: hci0: opcode 0x1009 plen 0
Aug 14 20:31:24.743587 n kernel: hci0: skb len 3
Aug 14 20:31:24.743605 n kernel: hci0: length 1
Aug 14 20:31:24.743625 n kernel: hci0 cmd_cnt 1 cmd queued 1
Aug 14 20:31:24.743691 n kernel: hci0: skb 0000000041821bcc
Aug 14 20:31:24.746459 n kernel: hci0: result 0x00
Aug 14 20:31:24.746470 n kernel: hci0: end: err 0
Aug 14 20:31:24.746480 n kernel: hci0: 
Aug 14 20:31:24.746489 n kernel: hci0: Opcode 0x1002
Aug 14 20:31:24.746498 n kernel: hci0: opcode 0x1002 plen 0
Aug 14 20:31:24.746507 n kernel: hci0: skb len 3
Aug 14 20:31:24.746516 n kernel: hci0: length 1
Aug 14 20:31:24.746525 n kernel: hci0 cmd_cnt 1 cmd queued 1
Aug 14 20:31:24.746534 n kernel: hci0: skb 00000000f7708a61
Aug 14 20:31:24.753493 n kernel: hci0: result 0x00
Aug 14 20:31:24.753518 n kernel: hci0: end: err 0
Aug 14 20:31:24.753537 n kernel: hci0: Opcode 0x0c56
Aug 14 20:31:24.753555 n kernel: hci0: opcode 0x0c56 plen 1
Aug 14 20:31:24.753571 n kernel: hci0: skb len 4
Aug 14 20:31:24.753587 n kernel: hci0: length 1
Aug 14 20:31:24.753602 n kernel: hci0 cmd_cnt 1 cmd queued 1
Aug 14 20:31:24.753618 n kernel: hci0: skb 000000000c1f9d1a
Aug 14 20:31:24.756507 n kernel: hci0: result 0x00
Aug 14 20:31:24.756540 n kernel: hci0: end: err 0
Aug 14 20:31:24.756557 n kernel: hci0: Opcode 0x0c45
Aug 14 20:31:24.756574 n kernel: hci0: opcode 0x0c45 plen 1
Aug 14 20:31:24.756636 n kernel: hci0: skb len 4
Aug 14 20:31:24.756653 n kernel: hci0: length 1
Aug 14 20:31:24.756669 n kernel: hci0 cmd_cnt 1 cmd queued 1
Aug 14 20:31:24.756685 n kernel: hci0: skb 00000000804646ab
Aug 14 20:31:24.759716 n kernel: hci0: result 0x00
Aug 14 20:31:24.759741 n kernel: hci0: end: err 0
Aug 14 20:31:24.759760 n kernel: hci0: Opcode 0x0c58
Aug 14 20:31:24.759776 n kernel: hci0: opcode 0x0c58 plen 0
Aug 14 20:31:24.759792 n kernel: hci0: skb len 3
Aug 14 20:31:24.759808 n kernel: hci0: length 1
Aug 14 20:31:24.759824 n kernel: hci0 cmd_cnt 1 cmd queued 1
Aug 14 20:31:24.759840 n kernel: hci0: skb 0000000052a1c7bf
Aug 14 20:31:24.763509 n kernel: hci0: result 0x00
Aug 14 20:31:24.763530 n kernel: hci0: end: err 0
Aug 14 20:31:24.763552 n kernel: hci0: Opcode 0x1004
Aug 14 20:31:24.763568 n kernel: hci0: opcode 0x1004 plen 1
Aug 14 20:31:24.763583 n kernel: hci0: skb len 4
Aug 14 20:31:24.763600 n kernel: hci0: length 1
Aug 14 20:31:24.763615 n kernel: hci0 cmd_cnt 1 cmd queued 1
Aug 14 20:31:24.763625 n kernel: hci0: skb 0000000046114d61
Aug 14 20:31:24.766396 n kernel: hci0: result 0x00
Aug 14 20:31:24.766412 n kernel: hci0: end: err 0
Aug 14 20:31:24.766424 n kernel: hci0: Opcode 0x1005
Aug 14 20:31:24.766438 n kernel: hci0: opcode 0x1005 plen 0
Aug 14 20:31:24.766451 n kernel: hci0: skb len 3
Aug 14 20:31:24.766463 n kernel: hci0: length 1
Aug 14 20:31:24.766475 n kernel: hci0 cmd_cnt 1 cmd queued 1
Aug 14 20:31:24.766487 n kernel: hci0: skb 000000007459d7d3
Aug 14 20:31:24.769450 n kernel: hci0: result 0x00
Aug 14 20:31:24.769475 n kernel: hci0: end: err 0
Aug 14 20:31:24.769492 n kernel: hci0: Opcode 0x0c23
Aug 14 20:31:24.769509 n kernel: hci0: opcode 0x0c23 plen 0
Aug 14 20:31:24.769527 n kernel: hci0: skb len 3
Aug 14 20:31:24.769547 n kernel: hci0: length 1
Aug 14 20:31:24.769563 n kernel: hci0 cmd_cnt 1 cmd queued 1
Aug 14 20:31:24.769578 n kernel: hci0: skb 0000000060b48e4a
Aug 14 20:31:24.772434 n kernel: hci0: result 0x00
Aug 14 20:31:24.772454 n kernel: hci0: end: err 0
Aug 14 20:31:24.772471 n kernel: hci0: Opcode 0x0c14
Aug 14 20:31:24.772490 n kernel: hci0: opcode 0x0c14 plen 0
Aug 14 20:31:24.772508 n kernel: hci0: skb len 3
Aug 14 20:31:24.772526 n kernel: hci0: length 1
Aug 14 20:31:24.772541 n kernel: hci0 cmd_cnt 1 cmd queued 1
Aug 14 20:31:24.772557 n kernel: hci0: skb 00000000b2de1b23
Aug 14 20:31:24.790458 n kernel: hci0: result 0x00
Aug 14 20:31:24.790478 n kernel: hci0: end: err 0
Aug 14 20:31:24.790521 n kernel: hci0: Opcode 0x0c25
Aug 14 20:31:24.790553 n kernel: hci0: opcode 0x0c25 plen 0
Aug 14 20:31:24.790573 n kernel: hci0: skb len 3
Aug 14 20:31:24.790589 n kernel: hci0: length 1
Aug 14 20:31:24.790605 n kernel: hci0 cmd_cnt 1 cmd queued 1
Aug 14 20:31:24.790621 n kernel: hci0: skb 000000008cf62963
Aug 14 20:31:24.793493 n kernel: hci0: result 0x00
Aug 14 20:31:24.793513 n kernel: hci0: end: err 0
Aug 14 20:31:24.793529 n kernel: hci0: Opcode 0x0c38
Aug 14 20:31:24.793546 n kernel: hci0: opcode 0x0c38 plen 0
Aug 14 20:31:24.793564 n kernel: hci0: skb len 3
Aug 14 20:31:24.793584 n kernel: hci0: length 1
Aug 14 20:31:24.793604 n kernel: hci0 cmd_cnt 1 cmd queued 1
Aug 14 20:31:24.793620 n kernel: hci0: skb 00000000b0821664
Aug 14 20:31:24.797398 n kernel: hci0: result 0x00
Aug 14 20:31:24.797408 n kernel: hci0: end: err 0
Aug 14 20:31:24.797417 n kernel: hci0: Opcode 0x0c39
Aug 14 20:31:24.797427 n kernel: hci0: opcode 0x0c39 plen 0
Aug 14 20:31:24.797437 n kernel: hci0: skb len 3
Aug 14 20:31:24.797446 n kernel: hci0: length 1
Aug 14 20:31:24.797454 n kernel: hci0 cmd_cnt 1 cmd queued 1
Aug 14 20:31:24.797463 n kernel: hci0: skb 0000000050ed3e94
Aug 14 20:31:24.799395 n kernel: hci0: result 0x00
Aug 14 20:31:24.799408 n kernel: hci0: end: err 0
Aug 14 20:31:24.799419 n kernel: hci0: Opcode 0x0c16
Aug 14 20:31:24.799430 n kernel: hci0: opcode 0x0c16 plen 2
Aug 14 20:31:24.799442 n kernel: hci0: skb len 5
Aug 14 20:31:24.799454 n kernel: hci0: length 1
Aug 14 20:31:24.799465 n kernel: hci0 cmd_cnt 1 cmd queued 1
Aug 14 20:31:24.799476 n kernel: hci0: skb 0000000021af6961
Aug 14 20:31:24.802440 n kernel: hci0: result 0x00
Aug 14 20:31:24.802460 n kernel: hci0: end: err 0
Aug 14 20:31:24.802478 n kernel: hci0: Opcode 0x2003
Aug 14 20:31:24.802498 n kernel: hci0: opcode 0x2003 plen 0
Aug 14 20:31:24.802516 n kernel: hci0: skb len 3
Aug 14 20:31:24.802534 n kernel: hci0: length 1
Aug 14 20:31:24.802550 n kernel: hci0 cmd_cnt 1 cmd queued 1
Aug 14 20:31:24.802566 n kernel: hci0: skb 0000000051de27e0
Aug 14 20:31:24.805417 n kernel: hci0: result 0x00
Aug 14 20:31:24.805428 n kernel: hci0: end: err 0
Aug 14 20:31:24.805437 n kernel: hci0: Opcode 0x2002
Aug 14 20:31:24.805446 n kernel: hci0: opcode 0x2002 plen 0
Aug 14 20:31:24.805456 n kernel: hci0: skb len 3
Aug 14 20:31:24.805464 n kernel: hci0: length 1
Aug 14 20:31:24.805473 n kernel: hci0 cmd_cnt 1 cmd queued 1
Aug 14 20:31:24.805481 n kernel: hci0: skb 000000009b2db2f7
Aug 14 20:31:24.809456 n kernel: hci0: result 0x00
Aug 14 20:31:24.809475 n kernel: hci0: end: err 0
Aug 14 20:31:24.809492 n kernel: hci0: Opcode 0x201c
Aug 14 20:31:24.809509 n kernel: hci0: opcode 0x201c plen 0
Aug 14 20:31:24.809527 n kernel: hci0: skb len 3
Aug 14 20:31:24.809542 n kernel: hci0: length 1
Aug 14 20:31:24.809557 n kernel: hci0 cmd_cnt 1 cmd queued 1
Aug 14 20:31:24.809573 n kernel: hci0: skb 000000005a264d5d
Aug 14 20:31:24.811373 n kernel: hci0: result 0x00
Aug 14 20:31:24.811382 n kernel: hci0: end: err 0
Aug 14 20:31:24.811389 n kernel: hci0: 
Aug 14 20:31:24.811396 n kernel: hci0: Opcode 0x0c01
Aug 14 20:31:24.811404 n kernel: hci0: opcode 0x0c01 plen 8
Aug 14 20:31:24.811411 n kernel: hci0: skb len 11
Aug 14 20:31:24.811418 n kernel: hci0: length 1
Aug 14 20:31:24.811428 n kernel: hci0 cmd_cnt 1 cmd queued 1
Aug 14 20:31:24.811434 n kernel: hci0: skb 00000000bb2b77bc
Aug 14 20:31:24.814381 n kernel: hci0: result 0x00
Aug 14 20:31:24.814391 n kernel: hci0: end: err 0
Aug 14 20:31:24.814400 n kernel: hci0: Opcode 0x0c0d
Aug 14 20:31:24.814410 n kernel: hci0: opcode 0x0c0d plen 7
Aug 14 20:31:24.814420 n kernel: hci0: skb len 10
Aug 14 20:31:24.814428 n kernel: hci0: length 1
Aug 14 20:31:24.814436 n kernel: hci0 cmd_cnt 1 cmd queued 1
Aug 14 20:31:24.814446 n kernel: hci0: skb 0000000016dcbcf1
Aug 14 20:31:24.817419 n kernel: hci0: result 0x00
Aug 14 20:31:24.817440 n kernel: hci0: end: err 0
Aug 14 20:31:24.817461 n kernel: hci0: Opcode 0x080f
Aug 14 20:31:24.817477 n kernel: hci0: opcode 0x080f plen 2
Aug 14 20:31:24.817494 n kernel: hci0: skb len 5
Aug 14 20:31:24.817510 n kernel: hci0: length 1
Aug 14 20:31:24.817525 n kernel: hci0 cmd_cnt 1 cmd queued 1
Aug 14 20:31:24.817541 n kernel: hci0: skb 000000003002d47c
Aug 14 20:31:24.820379 n kernel: hci0: result 0x00
Aug 14 20:31:24.820390 n kernel: hci0: end: err 0
Aug 14 20:31:24.820399 n kernel: hci0: Opcode 0x0c1b
Aug 14 20:31:24.820408 n kernel: hci0: opcode 0x0c1b plen 0
Aug 14 20:31:24.820419 n kernel: hci0: skb len 3
Aug 14 20:31:24.820428 n kernel: hci0: length 1
Aug 14 20:31:24.820436 n kernel: hci0 cmd_cnt 1 cmd queued 1
Aug 14 20:31:24.820445 n kernel: hci0: skb 0000000022db93aa
Aug 14 20:31:24.823431 n kernel: hci0: result 0x00
Aug 14 20:31:24.823451 n kernel: hci0: end: err 0
Aug 14 20:31:24.823468 n kernel: hci0: Opcode 0x0c46
Aug 14 20:31:24.823484 n kernel: hci0: opcode 0x0c46 plen 0
Aug 14 20:31:24.823501 n kernel: hci0: skb len 3
Aug 14 20:31:24.823516 n kernel: hci0: length 1
Aug 14 20:31:24.823532 n kernel: hci0 cmd_cnt 1 cmd queued 1
Aug 14 20:31:24.823547 n kernel: hci0: skb 00000000bb81bd71
Aug 14 20:31:24.826419 n kernel: hci0: result 0x00
Aug 14 20:31:24.826438 n kernel: hci0: end: err 0
Aug 14 20:31:24.826455 n kernel: hci0: Opcode 0x1004
Aug 14 20:31:24.826471 n kernel: hci0: opcode 0x1004 plen 1
Aug 14 20:31:24.826508 n kernel: hci0: skb len 4
Aug 14 20:31:24.826525 n kernel: hci0: length 1
Aug 14 20:31:24.826540 n kernel: hci0 cmd_cnt 1 cmd queued 1
Aug 14 20:31:24.826556 n kernel: hci0: skb 00000000be19dbf7
Aug 14 20:31:24.830357 n kernel: hci0: result 0x00
Aug 14 20:31:24.830370 n kernel: hci0: end: err 0
Aug 14 20:31:24.830379 n kernel: hci0: Opcode 0x2001
Aug 14 20:31:24.830388 n kernel: hci0: opcode 0x2001 plen 8
Aug 14 20:31:24.830399 n kernel: hci0: skb len 11
Aug 14 20:31:24.830409 n kernel: hci0: length 1
Aug 14 20:31:24.830417 n kernel: hci0 cmd_cnt 1 cmd queued 1
Aug 14 20:31:24.830425 n kernel: hci0: skb 00000000b4924f86
Aug 14 20:31:24.830434 n kernel: 00000000babfecdf name hci0 blocked 0
Aug 14 20:31:24.833411 n kernel: hci0: result 0x00
Aug 14 20:31:24.833431 n kernel: hci0: end: err 0
Aug 14 20:31:24.833447 n kernel: hci0: Opcode 0x2007
Aug 14 20:31:24.833463 n kernel: hci0: opcode 0x2007 plen 0
Aug 14 20:31:24.833480 n kernel: hci0: skb len 3
Aug 14 20:31:24.833496 n kernel: hci0: length 1
Aug 14 20:31:24.833528 n kernel: hci0 cmd_cnt 1 cmd queued 1
Aug 14 20:31:24.833544 n kernel: hci0: skb 000000009d58a7d8
Aug 14 20:31:24.836410 n kernel: hci0: result 0x00
Aug 14 20:31:24.836430 n kernel: hci0: end: err 0
Aug 14 20:31:24.836448 n kernel: hci0: Opcode 0x200f
Aug 14 20:31:24.836466 n kernel: hci0: opcode 0x200f plen 0
Aug 14 20:31:24.836483 n kernel: hci0: skb len 3
Aug 14 20:31:24.836498 n kernel: hci0: length 1
Aug 14 20:31:24.836514 n kernel: hci0 cmd_cnt 1 cmd queued 1
Aug 14 20:31:24.836529 n kernel: hci0: skb 00000000b6bc02d7
Aug 14 20:31:24.839411 n kernel: hci0: result 0x00
Aug 14 20:31:24.839431 n kernel: hci0: end: err 0
Aug 14 20:31:24.839450 n kernel: hci0: Opcode 0x2010
Aug 14 20:31:24.839467 n kernel: hci0: opcode 0x2010 plen 0
Aug 14 20:31:24.839485 n kernel: hci0: skb len 3
Aug 14 20:31:24.839501 n kernel: hci0: length 1
Aug 14 20:31:24.839516 n kernel: hci0 cmd_cnt 1 cmd queued 1
Aug 14 20:31:24.839532 n kernel: hci0: skb 00000000aa30374d
Aug 14 20:31:24.842413 n kernel: hci0: result 0x00
Aug 14 20:31:24.842432 n kernel: hci0: end: err 0
Aug 14 20:31:24.842451 n kernel: hci0: Opcode 0x202a
Aug 14 20:31:24.842467 n kernel: hci0: opcode 0x202a plen 0
Aug 14 20:31:24.842484 n kernel: hci0: skb len 3
Aug 14 20:31:24.842499 n kernel: hci0: length 1
Aug 14 20:31:24.842515 n kernel: hci0 cmd_cnt 1 cmd queued 1
Aug 14 20:31:24.842532 n kernel: hci0: skb 0000000028356ecc
Aug 14 20:31:24.845413 n kernel: hci0: result 0x00
Aug 14 20:31:24.845433 n kernel: hci0: end: err 0
Aug 14 20:31:24.845449 n kernel: hci0: Opcode 0x2029
Aug 14 20:31:24.845465 n kernel: hci0: opcode 0x2029 plen 0
Aug 14 20:31:24.845482 n kernel: hci0: skb len 3
Aug 14 20:31:24.845500 n kernel: hci0: length 1
Aug 14 20:31:24.845518 n kernel: hci0 cmd_cnt 1 cmd queued 1
Aug 14 20:31:24.845537 n kernel: hci0: skb 00000000c324b6c3
Aug 14 20:31:24.848387 n kernel: hci0: result 0x00
Aug 14 20:31:24.848402 n kernel: hci0: end: err 0
Aug 14 20:31:24.848414 n kernel: hci0: Opcode 0x202e
Aug 14 20:31:24.848428 n kernel: hci0: opcode 0x202e plen 2
Aug 14 20:31:24.848442 n kernel: hci0: skb len 5
Aug 14 20:31:24.848454 n kernel: hci0: length 1
Aug 14 20:31:24.848466 n kernel: hci0 cmd_cnt 1 cmd queued 1
Aug 14 20:31:24.848478 n kernel: hci0: skb 00000000473c293c
Aug 14 20:31:24.851410 n kernel: hci0: result 0x00
Aug 14 20:31:24.851430 n kernel: hci0: end: err 0
Aug 14 20:31:24.851446 n kernel: hci0: Opcode 0x0c6d
Aug 14 20:31:24.851463 n kernel: hci0: opcode 0x0c6d plen 2
Aug 14 20:31:24.851482 n kernel: hci0: skb len 5
Aug 14 20:31:24.851500 n kernel: hci0: length 1
Aug 14 20:31:24.851518 n kernel: hci0 cmd_cnt 1 cmd queued 1
Aug 14 20:31:24.851533 n kernel: hci0: skb 0000000041821bcc
Aug 14 20:31:24.854412 n kernel: hci0: result 0x00
Aug 14 20:31:24.854431 n kernel: hci0: end: err 0
Aug 14 20:31:24.854448 n kernel: hci0: 
Aug 14 20:31:24.854463 n kernel: hci0: Opcode 0x0c12
Aug 14 20:31:24.854481 n kernel: hci0: opcode 0x0c12 plen 7
Aug 14 20:31:24.854613 n kernel: hci0: skb len 10
Aug 14 20:31:24.854630 n kernel: hci0: length 1
Aug 14 20:31:24.854646 n kernel: hci0 cmd_cnt 1 cmd queued 1
Aug 14 20:31:24.854662 n kernel: hci0: skb 00000000f7708a61
Aug 14 20:31:24.857410 n kernel: hci0: result 0x00
Aug 14 20:31:24.857430 n kernel: hci0: end: err 0
Aug 14 20:31:24.857446 n kernel: hci0: Opcode 0x0c77
Aug 14 20:31:24.857462 n kernel: hci0: opcode 0x0c77 plen 0
Aug 14 20:31:24.857479 n kernel: hci0: skb len 3
Aug 14 20:31:24.857498 n kernel: hci0: length 1
Aug 14 20:31:24.857515 n kernel: hci0 cmd_cnt 1 cmd queued 1
Aug 14 20:31:24.857530 n kernel: hci0: skb 000000000c1f9d1a
Aug 14 20:31:24.860409 n kernel: hci0: result 0x00
Aug 14 20:31:24.860429 n kernel: hci0: end: err 0
Aug 14 20:31:24.860445 n kernel: hci0: Opcode 0x0c7a
Aug 14 20:31:24.860462 n kernel: hci0: opcode 0x0c7a plen 1
Aug 14 20:31:24.860478 n kernel: hci0: skb len 4
Aug 14 20:31:24.860498 n kernel: hci0: length 1
Aug 14 20:31:24.860515 n kernel: hci0 cmd_cnt 1 cmd queued 1
Aug 14 20:31:24.860531 n kernel: hci0: skb 00000000804646ab
Aug 14 20:31:24.863447 n kernel: hci0: result 0x00
Aug 14 20:31:24.863462 n kernel: hci0: end: err 0
Aug 14 20:31:24.863476 n kernel: hci0: Opcode 0x0c1a
Aug 14 20:31:24.863491 n kernel: hci0: opcode 0x0c1a plen 1
Aug 14 20:31:24.863504 n kernel: hci0: skb len 4
Aug 14 20:31:24.863516 n kernel: hci0: length 1
Aug 14 20:31:24.863529 n kernel: hci0 cmd_cnt 1 cmd queued 1
Aug 14 20:31:24.863542 n kernel: hci0: skb 0000000052a1c7bf
Aug 14 20:31:24.866376 n kernel: hci0: result 0x00
Aug 14 20:31:24.866391 n kernel: hci0: end: err 0
Aug 14 20:31:24.866404 n kernel: hci0: 
Aug 14 20:31:24.866416 n kernel: hci0: Opcode 0x0c24
Aug 14 20:31:24.866429 n kernel: hci0: opcode 0x0c24 plen 3
Aug 14 20:31:24.866442 n kernel: hci0: skb len 6
Aug 14 20:31:24.866457 n kernel: hci0: length 1
Aug 14 20:31:24.866473 n kernel: hci0 cmd_cnt 1 cmd queued 1
Aug 14 20:31:24.866486 n kernel: hci0: skb 0000000046114d61
Aug 14 20:31:24.869376 n kernel: hci0: result 0x00
Aug 14 20:31:24.869389 n kernel: hci0: end: err 0
Aug 14 20:31:24.869401 n kernel: hci0: Opcode 0x0c13
Aug 14 20:31:24.869415 n kernel: hci0: opcode 0x0c13 plen 248
Aug 14 20:31:24.869428 n kernel: hci0: skb len 251
Aug 14 20:31:24.869443 n kernel: hci0: length 1
Aug 14 20:31:24.869460 n kernel: hci0 cmd_cnt 1 cmd queued 1
Aug 14 20:31:24.869473 n kernel: hci0: skb 000000007459d7d3
Aug 14 20:31:24.872384 n kernel: hci0: result 0x00
Aug 14 20:31:24.872398 n kernel: hci0: end: err 0
Aug 14 20:31:24.872411 n kernel: hci0: 
Aug 14 20:31:24.872426 n kernel: hci0: Opcode 0x0c52
Aug 14 20:31:24.872442 n kernel: hci0: opcode 0x0c52 plen 241
Aug 14 20:31:24.872456 n kernel: hci0: skb len 244
Aug 14 20:31:24.872471 n kernel: hci0: length 1
Aug 14 20:31:24.872486 n kernel: hci0 cmd_cnt 1 cmd queued 1
Aug 14 20:31:24.872498 n kernel: hci0: skb 0000000021af6961
Aug 14 20:31:24.875417 n kernel: hci0: result 0x00
Aug 14 20:31:24.875435 n kernel: hci0: end: err 0
Aug 14 20:31:24.875448 n kernel: hci0: entry 00000000468f6357
Aug 14 20:31:24.875461 n kernel: hci0: ADV monitoring is off
Aug 14 20:31:24.875475 n kernel: hci0: stopping background scanning
Aug 14 20:31:24.875489 n kernel: hci0: 
Aug 14 20:31:24.877362 n kernel: hci0: 
Aug 14 20:31:24.877370 n kernel: hci0: entry 00000000a85f62c0
Aug 14 20:31:24.877378 n kernel: hci0: ADV monitoring is off
Aug 14 20:31:24.877387 n kernel: hci0: stopping background scanning
Aug 14 20:31:24.877404 n kernel: hci0: 
Aug 14 20:31:24.877411 n kernel: hci0: entry 00000000b9c3ae70
Aug 14 20:31:24.877420 n kernel: hci0: Opcode 0x0c3a
Aug 14 20:31:24.877428 n kernel: hci0: opcode 0x0c3a plen 4
Aug 14 20:31:24.877436 n kernel: hci0: skb len 7
Aug 14 20:31:24.877444 n kernel: hci0: length 1
Aug 14 20:31:24.877452 n kernel: hci0 cmd_cnt 1 cmd queued 1
Aug 14 20:31:24.877460 n kernel: hci0: skb 0000000027d67db6
Aug 14 20:31:24.880383 n kernel: hci0: result 0x00
Aug 14 20:31:24.880402 n kernel: hci0: end: err 0
Aug 14 20:31:24.880417 n kernel: hci0: Opcode 0x0c1a
Aug 14 20:31:24.880432 n kernel: hci0: opcode 0x0c1a plen 1
Aug 14 20:31:24.880447 n kernel: hci0: skb len 4
Aug 14 20:31:24.880461 n kernel: hci0: length 1
Aug 14 20:31:24.880475 n kernel: hci0 cmd_cnt 1 cmd queued 1
Aug 14 20:31:24.880489 n kernel: hci0: skb 00000000b0821664
Aug 14 20:31:24.883371 n kernel: hci0: result 0x00
Aug 14 20:31:24.883381 n kernel: hci0: end: err 0
Aug 14 20:31:24.883391 n kernel: hci0: 
Aug 14 20:31:24.883410 n kernel: hci0: state 0 -> 1
Aug 14 20:31:24.883420 n kernel: hci0: 
Aug 14 20:31:24.883430 n kernel: hci0: entry 0000000008de03e5
Aug 14 20:31:24.883440 n kernel: hci0: type 7
Aug 14 20:31:24.883450 n kernel: hci0: 
Aug 14 20:31:24.883459 n kernel: hci0: cancelling interleave scan
Aug 14 20:31:24.883469 n kernel: hci0: Opcode 0x2005
Aug 14 20:31:24.883479 n kernel: hci0: opcode 0x2005 plen 6
Aug 14 20:31:24.883488 n kernel: hci0: skb len 9
Aug 14 20:31:24.883498 n kernel: hci0: length 1
Aug 14 20:31:24.883508 n kernel: hci0 cmd_cnt 1 cmd queued 1
Aug 14 20:31:24.883517 n kernel: hci0: skb 00000000dbb0eaf8
Aug 14 20:31:24.886375 n kernel: hci0: result 0x00
Aug 14 20:31:24.886386 n kernel: hci0: end: err 0
Aug 14 20:31:24.886397 n kernel: hci0: Opcode 0x200b
Aug 14 20:31:24.886408 n kernel: hci0: opcode 0x200b plen 7
Aug 14 20:31:24.886419 n kernel: hci0: skb len 10
Aug 14 20:31:24.886430 n kernel: hci0: length 1
Aug 14 20:31:24.886440 n kernel: hci0 cmd_cnt 1 cmd queued 1
Aug 14 20:31:24.886450 n kernel: hci0: skb 00000000b2de1b23
Aug 14 20:31:24.888379 n kernel: Bluetooth: hci0: unexpected event for opcode 0x2005
Aug 14 20:31:24.890364 n kernel: hci0: result 0x00
Aug 14 20:31:24.890375 n kernel: hci0: end: err 0
Aug 14 20:31:24.890385 n kernel: hci0: Opcode 0x200c
Aug 14 20:31:24.890395 n kernel: hci0: opcode 0x200c plen 2
Aug 14 20:31:24.890405 n kernel: hci0: skb len 5
Aug 14 20:31:24.890415 n kernel: hci0: length 1
Aug 14 20:31:24.890424 n kernel: hci0 cmd_cnt 1 cmd queued 1
Aug 14 20:31:24.890434 n kernel: hci0: skb 0000000060b48e4a
Aug 14 20:31:24.893350 n kernel: hci0: state 1 -> 2
Aug 14 20:31:24.893393 n kernel: hci0: result 0x00
Aug 14 20:31:24.893420 n kernel: hci0: end: err 0
Aug 14 20:31:24.893437 n kernel: hci0: timeout 5120 ms
Aug 14 20:31:24.964357 n kernel: 00000000babfecdf name hci0 blocked 1
Aug 14 20:31:24.964389 n kernel: hci0 00000000babfecdf
Aug 14 20:31:24.964401 n kernel: hci0: Opcode 0x0c1a
Aug 14 20:31:24.964410 n kernel: hci0: opcode 0x0c1a plen 1
Aug 14 20:31:24.964419 n kernel: hci0: skb len 4
Aug 14 20:31:24.964428 n kernel: hci0: length 1
Aug 14 20:31:24.964441 n kernel: hci0 cmd_cnt 1 cmd queued 1
Aug 14 20:31:24.964451 n kernel: hci0: skb 00000000b20a67b1
Aug 14 20:31:24.967387 n kernel: hci0: result 0x00
Aug 14 20:31:24.967399 n kernel: hci0: end: err 0
Aug 14 20:31:24.967410 n kernel: hci0: state 2
Aug 14 20:31:24.967420 n kernel: hci0: Opcode 0x200c
Aug 14 20:31:24.967430 n kernel: hci0: opcode 0x200c plen 2
Aug 14 20:31:24.967439 n kernel: hci0: skb len 5
Aug 14 20:31:24.967449 n kernel: hci0: length 1
Aug 14 20:31:24.967458 n kernel: hci0 cmd_cnt 1 cmd queued 1
Aug 14 20:31:24.967468 n kernel: hci0: skb 00000000ee27940a
Aug 14 20:31:24.970392 n kernel: hci0: result 0x00
Aug 14 20:31:24.970403 n kernel: hci0: 
Aug 14 20:31:24.970413 n kernel: hci0: 
Aug 14 20:31:24.970421 n kernel: hci0: entry 0000000008de03e5
Aug 14 20:31:24.970431 n kernel: hci0: end: err 0
Aug 14 20:31:24.970440 n kernel: hci0: 
Aug 14 20:31:24.983351 n kernel: hci0: err 0x13
Aug 14 20:31:24.983379 n kernel: hci0: cancelling interleave scan
Aug 14 20:31:24.983389 n kernel: hci0: state 2 -> 0
Aug 14 20:31:24.983404 n kernel: hdev hci0
Aug 14 20:31:24.983411 n kernel: hci0
Aug 14 20:31:24.983419 n kernel: hci0
Aug 14 20:31:24.983425 n kernel: hci0: 
Aug 14 20:31:25.114404 n kernel: 00000000babfecdf name hci0 blocked 0
Aug 14 20:31:25.114454 n kernel: hci0: 
Aug 14 20:31:25.114468 n kernel: hci0: entry 00000000cb288412
Aug 14 20:31:25.114482 n kernel: hci0: 
Aug 14 20:31:25.114492 n kernel: hci0
Aug 14 20:31:25.114504 n kernel: hci0
Aug 14 20:31:25.114513 n kernel: hci0
Aug 14 20:31:25.114522 n kernel: hci0
Aug 14 20:31:25.114532 n kernel: hci0: 
Aug 14 20:31:25.114542 n kernel: hci0: 
Aug 14 20:31:25.114551 n kernel: hci0: Opcode 0x0c03
Aug 14 20:31:25.114561 n kernel: hci0: opcode 0x0c03 plen 0
Aug 14 20:31:25.114571 n kernel: hci0: skb len 3
Aug 14 20:31:25.114581 n kernel: hci0: length 1
Aug 14 20:31:25.114591 n kernel: hci0 cmd_cnt 1 cmd queued 1
Aug 14 20:31:25.114601 n kernel: hci0: skb 00000000f37e9416
Aug 14 20:31:25.170442 n kernel: hci0: result 0x00
Aug 14 20:31:25.170483 n kernel: hci0: end: err 0
Aug 14 20:31:25.170492 n kernel: hci0: Opcode 0x1003
Aug 14 20:31:25.170502 n kernel: hci0: opcode 0x1003 plen 0
Aug 14 20:31:25.170512 n kernel: hci0: skb len 3
Aug 14 20:31:25.170523 n kernel: hci0: length 1
Aug 14 20:31:25.170533 n kernel: hci0 cmd_cnt 1 cmd queued 1
Aug 14 20:31:25.170543 n kernel: hci0: skb 00000000f7708a61
Aug 14 20:31:25.173490 n kernel: hci0: result 0x00
Aug 14 20:31:25.173511 n kernel: hci0: end: err 0
Aug 14 20:31:25.173530 n kernel: hci0: Opcode 0x1001
Aug 14 20:31:25.173551 n kernel: hci0: opcode 0x1001 plen 0
Aug 14 20:31:25.173567 n kernel: hci0: skb len 3
Aug 14 20:31:25.173582 n kernel: hci0: length 1
Aug 14 20:31:25.173598 n kernel: hci0 cmd_cnt 1 cmd queued 1
Aug 14 20:31:25.173614 n kernel: hci0: skb 00000000bb2b77bc
Aug 14 20:31:25.177445 n kernel: hci0: result 0x00
Aug 14 20:31:25.177457 n kernel: hci0: end: err 0
Aug 14 20:31:25.177470 n kernel: hci0: Opcode 0x1009
Aug 14 20:31:25.177479 n kernel: hci0: opcode 0x1009 plen 0
Aug 14 20:31:25.177488 n kernel: hci0: skb len 3
Aug 14 20:31:25.177499 n kernel: hci0: length 1
Aug 14 20:31:25.177510 n kernel: hci0 cmd_cnt 1 cmd queued 1
Aug 14 20:31:25.177519 n kernel: hci0: skb 00000000f6c3e88f
Aug 14 20:31:25.179466 n kernel: hci0: result 0x00
Aug 14 20:31:25.179485 n kernel: hci0: end: err 0
Aug 14 20:31:25.179502 n kernel: hci0: 
Aug 14 20:31:25.179517 n kernel: hci0: Opcode 0x1002
Aug 14 20:31:25.179532 n kernel: hci0: opcode 0x1002 plen 0
Aug 14 20:31:25.179546 n kernel: hci0: skb len 3
Aug 14 20:31:25.179561 n kernel: hci0: length 1
Aug 14 20:31:25.179575 n kernel: hci0 cmd_cnt 1 cmd queued 1
Aug 14 20:31:25.179589 n kernel: hci0: skb 000000005026799c
Aug 14 20:31:25.186532 n kernel: hci0: result 0x00
Aug 14 20:31:25.186555 n kernel: hci0: end: err 0
Aug 14 20:31:25.186572 n kernel: hci0: Opcode 0x0c56
Aug 14 20:31:25.186587 n kernel: hci0: opcode 0x0c56 plen 1
Aug 14 20:31:25.186605 n kernel: hci0: skb len 4
Aug 14 20:31:25.186623 n kernel: hci0: length 1
Aug 14 20:31:25.186638 n kernel: hci0 cmd_cnt 1 cmd queued 1
Aug 14 20:31:25.186653 n kernel: hci0: skb 000000004388e0cc
Aug 14 20:31:25.189432 n kernel: hci0: result 0x00
Aug 14 20:31:25.189451 n kernel: hci0: end: err 0
Aug 14 20:31:25.189468 n kernel: hci0: Opcode 0x0c45
Aug 14 20:31:25.189484 n kernel: hci0: opcode 0x0c45 plen 1
Aug 14 20:31:25.189505 n kernel: hci0: skb len 4
Aug 14 20:31:25.189523 n kernel: hci0: length 1
Aug 14 20:31:25.189539 n kernel: hci0 cmd_cnt 1 cmd queued 1
Aug 14 20:31:25.189570 n kernel: hci0: skb 0000000078aeaf61
Aug 14 20:31:25.192420 n kernel: hci0: result 0x00
Aug 14 20:31:25.192448 n kernel: hci0: end: err 0
Aug 14 20:31:25.192464 n kernel: hci0: Opcode 0x0c58
Aug 14 20:31:25.192481 n kernel: hci0: opcode 0x0c58 plen 0
Aug 14 20:31:25.192500 n kernel: hci0: skb len 3
Aug 14 20:31:25.192518 n kernel: hci0: length 1
Aug 14 20:31:25.192535 n kernel: hci0 cmd_cnt 1 cmd queued 1
Aug 14 20:31:25.192550 n kernel: hci0: skb 00000000d817a9ba
Aug 14 20:31:25.195419 n kernel: hci0: result 0x00
Aug 14 20:31:25.195439 n kernel: hci0: end: err 0
Aug 14 20:31:25.195455 n kernel: hci0: Opcode 0x1004
Aug 14 20:31:25.195471 n kernel: hci0: opcode 0x1004 plen 1
Aug 14 20:31:25.195490 n kernel: hci0: skb len 4
Aug 14 20:31:25.195508 n kernel: hci0: length 1
Aug 14 20:31:25.195524 n kernel: hci0 cmd_cnt 1 cmd queued 1
Aug 14 20:31:25.195539 n kernel: hci0: skb 0000000041fc6183
Aug 14 20:31:25.199385 n kernel: hci0: result 0x00
Aug 14 20:31:25.199398 n kernel: hci0: end: err 0
Aug 14 20:31:25.199410 n kernel: hci0: Opcode 0x1005
Aug 14 20:31:25.199422 n kernel: hci0: opcode 0x1005 plen 0
Aug 14 20:31:25.199433 n kernel: hci0: skb len 3
Aug 14 20:31:25.199444 n kernel: hci0: length 1
Aug 14 20:31:25.199455 n kernel: hci0 cmd_cnt 1 cmd queued 1
Aug 14 20:31:25.199466 n kernel: hci0: skb 00000000ed2606aa
Aug 14 20:31:25.202417 n kernel: hci0: result 0x00
Aug 14 20:31:25.202440 n kernel: hci0: end: err 0
Aug 14 20:31:25.202456 n kernel: hci0: Opcode 0x0c23
Aug 14 20:31:25.202472 n kernel: hci0: opcode 0x0c23 plen 0
Aug 14 20:31:25.202494 n kernel: hci0: skb len 3
Aug 14 20:31:25.202512 n kernel: hci0: length 1
Aug 14 20:31:25.202527 n kernel: hci0 cmd_cnt 1 cmd queued 1
Aug 14 20:31:25.202543 n kernel: hci0: skb 000000008dcba533
Aug 14 20:31:25.205419 n kernel: hci0: result 0x00
Aug 14 20:31:25.205439 n kernel: hci0: end: err 0
Aug 14 20:31:25.205456 n kernel: hci0: Opcode 0x0c14
Aug 14 20:31:25.205471 n kernel: hci0: opcode 0x0c14 plen 0
Aug 14 20:31:25.205488 n kernel: hci0: skb len 3
Aug 14 20:31:25.205505 n kernel: hci0: length 1
Aug 14 20:31:25.205522 n kernel: hci0 cmd_cnt 1 cmd queued 1
Aug 14 20:31:25.205537 n kernel: hci0: skb 00000000b8f595d5
Aug 14 20:31:25.223617 n kernel: hci0: result 0x00
Aug 14 20:31:25.223638 n kernel: hci0: end: err 0
Aug 14 20:31:25.223656 n kernel: hci0: Opcode 0x0c25
Aug 14 20:31:25.223673 n kernel: hci0: opcode 0x0c25 plen 0
Aug 14 20:31:25.223691 n kernel: hci0: skb len 3
Aug 14 20:31:25.223707 n kernel: hci0: length 1
Aug 14 20:31:25.223723 n kernel: hci0 cmd_cnt 1 cmd queued 1
Aug 14 20:31:25.223739 n kernel: hci0: skb 00000000b71f4bc8
Aug 14 20:31:25.226430 n kernel: hci0: result 0x00
Aug 14 20:31:25.226464 n kernel: hci0: end: err 0
Aug 14 20:31:25.226482 n kernel: hci0: Opcode 0x0c38
Aug 14 20:31:25.226499 n kernel: hci0: opcode 0x0c38 plen 0
Aug 14 20:31:25.226515 n kernel: hci0: skb len 3
Aug 14 20:31:25.226534 n kernel: hci0: length 1
Aug 14 20:31:25.226552 n kernel: hci0 cmd_cnt 1 cmd queued 1
Aug 14 20:31:25.226568 n kernel: hci0: skb 000000008d239362
Aug 14 20:31:25.229441 n kernel: hci0: result 0x00
Aug 14 20:31:25.229478 n kernel: hci0: end: err 0
Aug 14 20:31:25.229494 n kernel: hci0: Opcode 0x0c39
Aug 14 20:31:25.229511 n kernel: hci0: opcode 0x0c39 plen 0
Aug 14 20:31:25.229527 n kernel: hci0: skb len 3
Aug 14 20:31:25.229546 n kernel: hci0: length 1
Aug 14 20:31:25.229564 n kernel: hci0 cmd_cnt 1 cmd queued 1
Aug 14 20:31:25.229580 n kernel: hci0: skb 0000000063005a93
Aug 14 20:31:25.232382 n kernel: hci0: result 0x00
Aug 14 20:31:25.232395 n kernel: hci0: end: err 0
Aug 14 20:31:25.232406 n kernel: hci0: Opcode 0x0c16
Aug 14 20:31:25.232419 n kernel: hci0: opcode 0x0c16 plen 2
Aug 14 20:31:25.232430 n kernel: hci0: skb len 5
Aug 14 20:31:25.232455 n kernel: hci0: length 1
Aug 14 20:31:25.232471 n kernel: hci0 cmd_cnt 1 cmd queued 1
Aug 14 20:31:25.232482 n kernel: hci0: skb 00000000b8f595d5
Aug 14 20:31:25.235421 n kernel: hci0: result 0x00
Aug 14 20:31:25.235440 n kernel: hci0: end: err 0
Aug 14 20:31:25.235457 n kernel: hci0: Opcode 0x2003
Aug 14 20:31:25.235473 n kernel: hci0: opcode 0x2003 plen 0
Aug 14 20:31:25.235492 n kernel: hci0: skb len 3
Aug 14 20:31:25.235510 n kernel: hci0: length 1
Aug 14 20:31:25.235525 n kernel: hci0 cmd_cnt 1 cmd queued 1
Aug 14 20:31:25.235541 n kernel: hci0: skb 000000008dcba533
Aug 14 20:31:25.238420 n kernel: hci0: result 0x00
Aug 14 20:31:25.238439 n kernel: hci0: end: err 0
Aug 14 20:31:25.238456 n kernel: hci0: Opcode 0x2002
Aug 14 20:31:25.238472 n kernel: hci0: opcode 0x2002 plen 0
Aug 14 20:31:25.238520 n kernel: hci0: skb len 3
Aug 14 20:31:25.238536 n kernel: hci0: length 1
Aug 14 20:31:25.238552 n kernel: hci0 cmd_cnt 1 cmd queued 1
Aug 14 20:31:25.238567 n kernel: hci0: skb 00000000ed2606aa
Aug 14 20:31:25.241414 n kernel: hci0: result 0x00
Aug 14 20:31:25.241439 n kernel: hci0: end: err 0
Aug 14 20:31:25.241456 n kernel: hci0: Opcode 0x201c
Aug 14 20:31:25.241472 n kernel: hci0: opcode 0x201c plen 0
Aug 14 20:31:25.241490 n kernel: hci0: skb len 3
Aug 14 20:31:25.241507 n kernel: hci0: length 1
Aug 14 20:31:25.241524 n kernel: hci0 cmd_cnt 1 cmd queued 1
Aug 14 20:31:25.241557 n kernel: hci0: skb 0000000041fc6183
Aug 14 20:31:25.244421 n kernel: hci0: result 0x00
Aug 14 20:31:25.244440 n kernel: hci0: end: err 0
Aug 14 20:31:25.244456 n kernel: hci0: 
Aug 14 20:31:25.244474 n kernel: hci0: Opcode 0x0c01
Aug 14 20:31:25.244494 n kernel: hci0: opcode 0x0c01 plen 8
Aug 14 20:31:25.244511 n kernel: hci0: skb len 11
Aug 14 20:31:25.244527 n kernel: hci0: length 1
Aug 14 20:31:25.244542 n kernel: hci0 cmd_cnt 1 cmd queued 1
Aug 14 20:31:25.244558 n kernel: hci0: skb 00000000d817a9ba
Aug 14 20:31:25.247369 n kernel: hci0: result 0x00
Aug 14 20:31:25.247383 n kernel: hci0: end: err 0
Aug 14 20:31:25.247396 n kernel: hci0: Opcode 0x0c0d
Aug 14 20:31:25.247409 n kernel: hci0: opcode 0x0c0d plen 7
Aug 14 20:31:25.247420 n kernel: hci0: skb len 10
Aug 14 20:31:25.247432 n kernel: hci0: length 1
Aug 14 20:31:25.247443 n kernel: hci0 cmd_cnt 1 cmd queued 1
Aug 14 20:31:25.247454 n kernel: hci0: skb 0000000078aeaf61
Aug 14 20:31:25.250368 n kernel: hci0: result 0x00
Aug 14 20:31:25.250381 n kernel: hci0: end: err 0
Aug 14 20:31:25.250394 n kernel: hci0: Opcode 0x080f
Aug 14 20:31:25.250407 n kernel: hci0: opcode 0x080f plen 2
Aug 14 20:31:25.250422 n kernel: hci0: skb len 5
Aug 14 20:31:25.250434 n kernel: hci0: length 1
Aug 14 20:31:25.250447 n kernel: hci0 cmd_cnt 1 cmd queued 1
Aug 14 20:31:25.250459 n kernel: hci0: skb 000000004388e0cc
Aug 14 20:31:25.253367 n kernel: hci0: result 0x00
Aug 14 20:31:25.253380 n kernel: hci0: end: err 0
Aug 14 20:31:25.253392 n kernel: hci0: Opcode 0x0c1b
Aug 14 20:31:25.253406 n kernel: hci0: opcode 0x0c1b plen 0
Aug 14 20:31:25.253420 n kernel: hci0: skb len 3
Aug 14 20:31:25.253433 n kernel: hci0: length 1
Aug 14 20:31:25.253445 n kernel: hci0 cmd_cnt 1 cmd queued 1
Aug 14 20:31:25.253457 n kernel: hci0: skb 000000005026799c
Aug 14 20:31:25.256357 n kernel: hci0: result 0x00
Aug 14 20:31:25.256367 n kernel: hci0: end: err 0
Aug 14 20:31:25.256376 n kernel: hci0: Opcode 0x0c46
Aug 14 20:31:25.256388 n kernel: hci0: opcode 0x0c46 plen 0
Aug 14 20:31:25.256397 n kernel: hci0: skb len 3
Aug 14 20:31:25.256408 n kernel: hci0: length 1
Aug 14 20:31:25.256419 n kernel: hci0 cmd_cnt 1 cmd queued 1
Aug 14 20:31:25.256428 n kernel: hci0: skb 00000000f6c3e88f
Aug 14 20:31:25.259366 n kernel: hci0: result 0x00
Aug 14 20:31:25.259379 n kernel: hci0: end: err 0
Aug 14 20:31:25.259392 n kernel: hci0: Opcode 0x1004
Aug 14 20:31:25.259404 n kernel: hci0: opcode 0x1004 plen 1
Aug 14 20:31:25.259418 n kernel: hci0: skb len 4
Aug 14 20:31:25.259450 n kernel: hci0: length 1
Aug 14 20:31:25.259463 n kernel: hci0 cmd_cnt 1 cmd queued 1
Aug 14 20:31:25.259475 n kernel: hci0: skb 00000000bb2b77bc
Aug 14 20:31:25.263369 n kernel: hci0: result 0x00
Aug 14 20:31:25.263382 n kernel: hci0: end: err 0
Aug 14 20:31:25.263394 n kernel: hci0: Opcode 0x2001
Aug 14 20:31:25.263407 n kernel: hci0: opcode 0x2001 plen 8
Aug 14 20:31:25.263419 n kernel: hci0: skb len 11
Aug 14 20:31:25.263432 n kernel: hci0: length 1
Aug 14 20:31:25.263444 n kernel: hci0 cmd_cnt 1 cmd queued 1
Aug 14 20:31:25.263456 n kernel: hci0: skb 00000000f7708a61
Aug 14 20:31:25.266375 n kernel: hci0: result 0x00
Aug 14 20:31:25.266388 n kernel: hci0: end: err 0
Aug 14 20:31:25.266401 n kernel: hci0: Opcode 0x2007
Aug 14 20:31:25.266414 n kernel: hci0: opcode 0x2007 plen 0
Aug 14 20:31:25.266427 n kernel: hci0: skb len 3
Aug 14 20:31:25.266440 n kernel: hci0: length 1
Aug 14 20:31:25.266453 n kernel: hci0 cmd_cnt 1 cmd queued 1
Aug 14 20:31:25.266468 n kernel: hci0: skb 00000000f37e9416
Aug 14 20:31:25.269368 n kernel: hci0: result 0x00
Aug 14 20:31:25.269380 n kernel: hci0: end: err 0
Aug 14 20:31:25.269393 n kernel: hci0: Opcode 0x200f
Aug 14 20:31:25.269405 n kernel: hci0: opcode 0x200f plen 0
Aug 14 20:31:25.269418 n kernel: hci0: skb len 3
Aug 14 20:31:25.269431 n kernel: hci0: length 1
Aug 14 20:31:25.269443 n kernel: hci0 cmd_cnt 1 cmd queued 1
Aug 14 20:31:25.269456 n kernel: hci0: skb 00000000677fe8be
Aug 14 20:31:25.272363 n kernel: hci0: result 0x00
Aug 14 20:31:25.272373 n kernel: hci0: end: err 0
Aug 14 20:31:25.272382 n kernel: hci0: Opcode 0x2010
Aug 14 20:31:25.272392 n kernel: hci0: opcode 0x2010 plen 0
Aug 14 20:31:25.272403 n kernel: hci0: skb len 3
Aug 14 20:31:25.272412 n kernel: hci0: length 1
Aug 14 20:31:25.272421 n kernel: hci0 cmd_cnt 1 cmd queued 1
Aug 14 20:31:25.272431 n kernel: hci0: skb 0000000042f6b221
Aug 14 20:31:25.275368 n kernel: hci0: result 0x00
Aug 14 20:31:25.275381 n kernel: hci0: end: err 0
Aug 14 20:31:25.275393 n kernel: hci0: Opcode 0x202a
Aug 14 20:31:25.275406 n kernel: hci0: opcode 0x202a plen 0
Aug 14 20:31:25.275419 n kernel: hci0: skb len 3
Aug 14 20:31:25.275431 n kernel: hci0: length 1
Aug 14 20:31:25.275444 n kernel: hci0 cmd_cnt 1 cmd queued 1
Aug 14 20:31:25.275456 n kernel: hci0: skb 0000000041821bcc
Aug 14 20:31:25.278420 n kernel: hci0: result 0x00
Aug 14 20:31:25.278430 n kernel: hci0: end: err 0
Aug 14 20:31:25.278438 n kernel: hci0: Opcode 0x2029
Aug 14 20:31:25.278446 n kernel: hci0: opcode 0x2029 plen 0
Aug 14 20:31:25.278454 n kernel: hci0: skb len 3
Aug 14 20:31:25.278462 n kernel: hci0: length 1
Aug 14 20:31:25.278470 n kernel: hci0 cmd_cnt 1 cmd queued 1
Aug 14 20:31:25.278478 n kernel: hci0: skb 00000000d15fe678
Aug 14 20:31:25.281360 n kernel: 00000000babfecdf name hci0 blocked 0
Aug 14 20:31:25.281404 n kernel: hci0: result 0x00
Aug 14 20:31:25.281415 n kernel: hci0: end: err 0
Aug 14 20:31:25.281424 n kernel: hci0: Opcode 0x202e
Aug 14 20:31:25.281435 n kernel: hci0: opcode 0x202e plen 2
Aug 14 20:31:25.281445 n kernel: hci0: skb len 5
Aug 14 20:31:25.281455 n kernel: hci0: length 1
Aug 14 20:31:25.281465 n kernel: hci0 cmd_cnt 1 cmd queued 1
Aug 14 20:31:25.281475 n kernel: hci0: skb 000000001e20a5e8
Aug 14 20:31:25.284410 n kernel: hci0: result 0x00
Aug 14 20:31:25.284426 n kernel: hci0: end: err 0
Aug 14 20:31:25.284439 n kernel: hci0: Opcode 0x0c6d
Aug 14 20:31:25.284542 n kernel: hci0: opcode 0x0c6d plen 2
Aug 14 20:31:25.284556 n kernel: hci0: skb len 5
Aug 14 20:31:25.284568 n kernel: hci0: length 1
Aug 14 20:31:25.284580 n kernel: hci0 cmd_cnt 1 cmd queued 1
Aug 14 20:31:25.284593 n kernel: hci0: skb 000000002264d157
Aug 14 20:31:25.287381 n kernel: hci0: result 0x00
Aug 14 20:31:25.287392 n kernel: hci0: end: err 0
Aug 14 20:31:25.287402 n kernel: hci0: 
Aug 14 20:31:25.287411 n kernel: hci0: Opcode 0x0c12
Aug 14 20:31:25.287420 n kernel: hci0: opcode 0x0c12 plen 7
Aug 14 20:31:25.287430 n kernel: hci0: skb len 10
Aug 14 20:31:25.287439 n kernel: hci0: length 1
Aug 14 20:31:25.287448 n kernel: hci0 cmd_cnt 1 cmd queued 1
Aug 14 20:31:25.287457 n kernel: hci0: skb 00000000199595a3
Aug 14 20:31:25.290410 n kernel: hci0: result 0x00
Aug 14 20:31:25.290429 n kernel: hci0: end: err 0
Aug 14 20:31:25.290446 n kernel: hci0: Opcode 0x0c77
Aug 14 20:31:25.290462 n kernel: hci0: opcode 0x0c77 plen 0
Aug 14 20:31:25.290479 n kernel: hci0: skb len 3
Aug 14 20:31:25.290496 n kernel: hci0: length 1
Aug 14 20:31:25.290511 n kernel: hci0 cmd_cnt 1 cmd queued 1
Aug 14 20:31:25.290527 n kernel: hci0: skb 00000000c2fb9c5b
Aug 14 20:31:25.293414 n kernel: hci0: result 0x00
Aug 14 20:31:25.293448 n kernel: hci0: end: err 0
Aug 14 20:31:25.293464 n kernel: hci0: Opcode 0x0c7a
Aug 14 20:31:25.293481 n kernel: hci0: opcode 0x0c7a plen 1
Aug 14 20:31:25.293497 n kernel: hci0: skb len 4
Aug 14 20:31:25.293514 n kernel: hci0: length 1
Aug 14 20:31:25.293530 n kernel: hci0 cmd_cnt 1 cmd queued 1
Aug 14 20:31:25.293546 n kernel: hci0: skb 000000008543eaa5
Aug 14 20:31:25.296379 n kernel: hci0: result 0x00
Aug 14 20:31:25.296390 n kernel: hci0: end: err 0
Aug 14 20:31:25.296399 n kernel: hci0: Opcode 0x0c1a
Aug 14 20:31:25.296408 n kernel: hci0: opcode 0x0c1a plen 1
Aug 14 20:31:25.296417 n kernel: hci0: skb len 4
Aug 14 20:31:25.296425 n kernel: hci0: length 1
Aug 14 20:31:25.296434 n kernel: hci0 cmd_cnt 1 cmd queued 1
Aug 14 20:31:25.296443 n kernel: hci0: skb 00000000413dffce
Aug 14 20:31:25.299382 n kernel: hci0: result 0x00
Aug 14 20:31:25.299395 n kernel: hci0: end: err 0
Aug 14 20:31:25.299406 n kernel: hci0: 
Aug 14 20:31:25.299417 n kernel: hci0: Opcode 0x0c24
Aug 14 20:31:25.299429 n kernel: hci0: opcode 0x0c24 plen 3
Aug 14 20:31:25.299441 n kernel: hci0: skb len 6
Aug 14 20:31:25.299452 n kernel: hci0: length 1
Aug 14 20:31:25.299463 n kernel: hci0 cmd_cnt 1 cmd queued 1
Aug 14 20:31:25.299474 n kernel: hci0: skb 000000008a3efec4
Aug 14 20:31:25.302415 n kernel: hci0: result 0x00
Aug 14 20:31:25.302435 n kernel: hci0: end: err 0
Aug 14 20:31:25.302451 n kernel: hci0: Opcode 0x0c13
Aug 14 20:31:25.302468 n kernel: hci0: opcode 0x0c13 plen 248
Aug 14 20:31:25.302488 n kernel: hci0: skb len 251
Aug 14 20:31:25.302506 n kernel: hci0: length 1
Aug 14 20:31:25.302521 n kernel: hci0 cmd_cnt 1 cmd queued 1
Aug 14 20:31:25.302537 n kernel: hci0: skb 00000000dbb0eaf8
Aug 14 20:31:25.305416 n kernel: hci0: result 0x00
Aug 14 20:31:25.305436 n kernel: hci0: end: err 0
Aug 14 20:31:25.305452 n kernel: hci0: 
Aug 14 20:31:25.305468 n kernel: hci0: Opcode 0x0c52
Aug 14 20:31:25.305485 n kernel: hci0: opcode 0x0c52 plen 241
Aug 14 20:31:25.305502 n kernel: hci0: skb len 244
Aug 14 20:31:25.305518 n kernel: hci0: length 1
Aug 14 20:31:25.305541 n kernel: hci0 cmd_cnt 1 cmd queued 1
Aug 14 20:31:25.305556 n kernel: hci0: skb 00000000800ddaf2
Aug 14 20:31:25.308427 n kernel: hci0: result 0x00
Aug 14 20:31:25.308451 n kernel: hci0: end: err 0
Aug 14 20:31:25.308467 n kernel: hci0: entry 00000000468f6357
Aug 14 20:31:25.308484 n kernel: hci0: ADV monitoring is off
Aug 14 20:31:25.308500 n kernel: hci0: stopping background scanning
Aug 14 20:31:25.308517 n kernel: hci0: 
Aug 14 20:31:25.310364 n kernel: hci0: 
Aug 14 20:31:25.310373 n kernel: hci0: entry 000000007741e2e5
Aug 14 20:31:25.310381 n kernel: hci0: ADV monitoring is off
Aug 14 20:31:25.310389 n kernel: hci0: stopping background scanning
Aug 14 20:31:25.310404 n kernel: hci0: 
Aug 14 20:31:25.310412 n kernel: hci0: entry 0000000042c59125
Aug 14 20:31:25.310420 n kernel: hci0: Opcode 0x0c3a
Aug 14 20:31:25.310427 n kernel: hci0: opcode 0x0c3a plen 4
Aug 14 20:31:25.310435 n kernel: hci0: skb len 7
Aug 14 20:31:25.310443 n kernel: hci0: length 1
Aug 14 20:31:25.310450 n kernel: hci0 cmd_cnt 1 cmd queued 1
Aug 14 20:31:25.310458 n kernel: hci0: skb 0000000033a1699c
Aug 14 20:31:25.313372 n kernel: hci0: result 0x00
Aug 14 20:31:25.313382 n kernel: hci0: end: err 0
Aug 14 20:31:25.313391 n kernel: hci0: Opcode 0x0c1a
Aug 14 20:31:25.313401 n kernel: hci0: opcode 0x0c1a plen 1
Aug 14 20:31:25.313409 n kernel: hci0: skb len 4
Aug 14 20:31:25.313418 n kernel: hci0: length 1
Aug 14 20:31:25.313426 n kernel: hci0 cmd_cnt 1 cmd queued 1
Aug 14 20:31:25.313434 n kernel: hci0: skb 00000000019b68fe
Aug 14 20:31:25.316365 n kernel: hci0: result 0x00
Aug 14 20:31:25.316376 n kernel: hci0: end: err 0
Aug 14 20:31:25.316386 n kernel: hci0: 
Aug 14 20:31:25.316407 n kernel: hci0: state 0 -> 1
Aug 14 20:31:25.316417 n kernel: hci0: 
Aug 14 20:31:25.316427 n kernel: hci0: entry 00000000f7b83f9a
Aug 14 20:31:25.316438 n kernel: hci0: type 7
Aug 14 20:31:25.316448 n kernel: hci0: 
Aug 14 20:31:25.316458 n kernel: hci0: cancelling interleave scan
Aug 14 20:31:25.316469 n kernel: hci0: Opcode 0x2005
Aug 14 20:31:25.316480 n kernel: hci0: opcode 0x2005 plen 6
Aug 14 20:31:25.316490 n kernel: hci0: skb len 9
Aug 14 20:31:25.316500 n kernel: hci0: length 1
Aug 14 20:31:25.316510 n kernel: hci0 cmd_cnt 1 cmd queued 1
Aug 14 20:31:25.316520 n kernel: hci0: skb 00000000d3a95fa4
Aug 14 20:31:25.319362 n kernel: hci0: result 0x00
Aug 14 20:31:25.319373 n kernel: hci0: end: err 0
Aug 14 20:31:25.319382 n kernel: hci0: Opcode 0x200b
Aug 14 20:31:25.319392 n kernel: hci0: opcode 0x200b plen 7
Aug 14 20:31:25.319402 n kernel: hci0: skb len 10
Aug 14 20:31:25.319412 n kernel: hci0: length 1
Aug 14 20:31:25.319422 n kernel: hci0 cmd_cnt 1 cmd queued 1
Aug 14 20:31:25.319431 n kernel: hci0: skb 0000000080299c17
Aug 14 20:31:25.321358 n kernel: Bluetooth: hci0: unexpected event for opcode 0x2005
Aug 14 20:31:25.323351 n kernel: hci0: result 0x00
Aug 14 20:31:25.323362 n kernel: hci0: end: err 0
Aug 14 20:31:25.323373 n kernel: hci0: Opcode 0x200c
Aug 14 20:31:25.323384 n kernel: hci0: opcode 0x200c plen 2
Aug 14 20:31:25.323394 n kernel: hci0: skb len 5
Aug 14 20:31:25.323405 n kernel: hci0: length 1
Aug 14 20:31:25.323416 n kernel: hci0 cmd_cnt 1 cmd queued 1
Aug 14 20:31:25.323426 n kernel: hci0: skb 00000000a94c9134
Aug 14 20:31:25.326344 n kernel: hci0: state 1 -> 2
Aug 14 20:31:25.326377 n kernel: hci0: result 0x00
Aug 14 20:31:25.326391 n kernel: hci0: end: err 0
Aug 14 20:31:25.326405 n kernel: hci0: timeout 5120 ms
Aug 14 20:31:25.431365 n kernel: 00000000babfecdf name hci0 blocked 1
Aug 14 20:31:25.431389 n kernel: hci0 00000000babfecdf
Aug 14 20:31:25.431398 n kernel: hci0: Opcode 0x0c1a
Aug 14 20:31:25.431407 n kernel: hci0: opcode 0x0c1a plen 1
Aug 14 20:31:25.431415 n kernel: hci0: skb len 4
Aug 14 20:31:25.431422 n kernel: hci0: length 1
Aug 14 20:31:25.431430 n kernel: hci0 cmd_cnt 1 cmd queued 1
Aug 14 20:31:25.431437 n kernel: hci0: skb 000000007d47d485
Aug 14 20:31:25.433391 n kernel: hci0: result 0x00
Aug 14 20:31:25.433405 n kernel: hci0: end: err 0
Aug 14 20:31:25.433416 n kernel: hci0: state 2
Aug 14 20:31:25.433428 n kernel: hci0: Opcode 0x200c
Aug 14 20:31:25.433442 n kernel: hci0: opcode 0x200c plen 2
Aug 14 20:31:25.433454 n kernel: hci0: skb len 5
Aug 14 20:31:25.433465 n kernel: hci0: length 1
Aug 14 20:31:25.433475 n kernel: hci0 cmd_cnt 1 cmd queued 1
Aug 14 20:31:25.433487 n kernel: hci0: skb 00000000f6dd1d43
Aug 14 20:31:25.436426 n kernel: hci0: result 0x00
Aug 14 20:31:25.436446 n kernel: hci0: 
Aug 14 20:31:25.436463 n kernel: hci0: 
Aug 14 20:31:25.436523 n kernel: hci0: entry 00000000f7b83f9a
Aug 14 20:31:25.436540 n kernel: hci0: end: err 0
Aug 14 20:31:25.436557 n kernel: hci0: 
Aug 14 20:31:25.445358 n kernel: hci0: err 0x13
Aug 14 20:31:25.445371 n kernel: hci0: cancelling interleave scan
Aug 14 20:31:25.445382 n kernel: hci0: state 2 -> 0
Aug 14 20:31:25.445401 n kernel: hdev hci0
Aug 14 20:31:25.445411 n kernel: hci0
Aug 14 20:31:25.445419 n kernel: hci0
Aug 14 20:31:25.445428 n kernel: hci0: 
Aug 14 20:31:25.581358 n kernel: 00000000babfecdf name hci0 blocked 0
Aug 14 20:31:25.581387 n kernel: hci0: 
Aug 14 20:31:25.581402 n kernel: hci0: entry 00000000583e68c7
Aug 14 20:31:25.581416 n kernel: hci0: 
Aug 14 20:31:25.581440 n kernel: hci0
Aug 14 20:31:25.581458 n kernel: hci0
Aug 14 20:31:25.581473 n kernel: hci0
Aug 14 20:31:25.581486 n kernel: hci0
Aug 14 20:31:25.581498 n kernel: hci0: 
Aug 14 20:31:25.581510 n kernel: hci0: 
Aug 14 20:31:25.581521 n kernel: hci0: Opcode 0x0c03
Aug 14 20:31:25.581532 n kernel: hci0: opcode 0x0c03 plen 0
Aug 14 20:31:25.581544 n kernel: hci0: skb len 3
Aug 14 20:31:25.581554 n kernel: hci0: length 1
Aug 14 20:31:25.581566 n kernel: hci0 cmd_cnt 1 cmd queued 1
Aug 14 20:31:25.581575 n kernel: hci0: skb 000000000bd6798d
Aug 14 20:31:25.637491 n kernel: hci0: result 0x00
Aug 14 20:31:25.637531 n kernel: hci0: end: err 0
Aug 14 20:31:25.637553 n kernel: hci0: Opcode 0x1003
Aug 14 20:31:25.637576 n kernel: hci0: opcode 0x1003 plen 0
Aug 14 20:31:25.637598 n kernel: hci0: skb len 3
Aug 14 20:31:25.637621 n kernel: hci0: length 1
Aug 14 20:31:25.637646 n kernel: hci0 cmd_cnt 1 cmd queued 1
Aug 14 20:31:25.637669 n kernel: hci0: skb 0000000046114d61
Aug 14 20:31:25.640571 n kernel: hci0: result 0x00
Aug 14 20:31:25.640624 n kernel: hci0: end: err 0
Aug 14 20:31:25.640647 n kernel: hci0: Opcode 0x1001
Aug 14 20:31:25.640665 n kernel: hci0: opcode 0x1001 plen 0
Aug 14 20:31:25.640683 n kernel: hci0: skb len 3
Aug 14 20:31:25.640701 n kernel: hci0: length 1
Aug 14 20:31:25.640720 n kernel: hci0 cmd_cnt 1 cmd queued 1
Aug 14 20:31:25.640736 n kernel: hci0: skb 00000000d38f82cb
Aug 14 20:31:25.643443 n kernel: hci0: result 0x00
Aug 14 20:31:25.643461 n kernel: hci0: end: err 0
Aug 14 20:31:25.643476 n kernel: hci0: Opcode 0x1009
Aug 14 20:31:25.643489 n kernel: hci0: opcode 0x1009 plen 0
Aug 14 20:31:25.643501 n kernel: hci0: skb len 3
Aug 14 20:31:25.643514 n kernel: hci0: length 1
Aug 14 20:31:25.643527 n kernel: hci0 cmd_cnt 1 cmd queued 1
Aug 14 20:31:25.643539 n kernel: hci0: skb 000000004d938671
Aug 14 20:31:25.647453 n kernel: hci0: result 0x00
Aug 14 20:31:25.647472 n kernel: hci0: end: err 0
Aug 14 20:31:25.647487 n kernel: hci0: 
Aug 14 20:31:25.647504 n kernel: hci0: Opcode 0x1002
Aug 14 20:31:25.647519 n kernel: hci0: opcode 0x1002 plen 0
Aug 14 20:31:25.647533 n kernel: hci0: skb len 3
Aug 14 20:31:25.647548 n kernel: hci0: length 1
Aug 14 20:31:25.647562 n kernel: hci0 cmd_cnt 1 cmd queued 1
Aug 14 20:31:25.647576 n kernel: hci0: skb 000000007c0f3396
Aug 14 20:31:25.653465 n kernel: hci0: result 0x00
Aug 14 20:31:25.653493 n kernel: hci0: end: err 0
Aug 14 20:31:25.653519 n kernel: hci0: Opcode 0x0c56
Aug 14 20:31:25.653544 n kernel: hci0: opcode 0x0c56 plen 1
Aug 14 20:31:25.653569 n kernel: hci0: skb len 4
Aug 14 20:31:25.653592 n kernel: hci0: length 1
Aug 14 20:31:25.653614 n kernel: hci0 cmd_cnt 1 cmd queued 1
Aug 14 20:31:25.653636 n kernel: hci0: skb 00000000d7d03023
Aug 14 20:31:25.656442 n kernel: hci0: result 0x00
Aug 14 20:31:25.656455 n kernel: hci0: end: err 0
Aug 14 20:31:25.656466 n kernel: hci0: Opcode 0x0c45
Aug 14 20:31:25.656490 n kernel: hci0: opcode 0x0c45 plen 1
Aug 14 20:31:25.656500 n kernel: hci0: skb len 4
Aug 14 20:31:25.656509 n kernel: hci0: length 1
Aug 14 20:31:25.656521 n kernel: hci0 cmd_cnt 1 cmd queued 1
Aug 14 20:31:25.656534 n kernel: hci0: skb 000000005574815b
Aug 14 20:31:25.659444 n kernel: hci0: result 0x00
Aug 14 20:31:25.659464 n kernel: hci0: end: err 0
Aug 14 20:31:25.659473 n kernel: hci0: Opcode 0x0c58
Aug 14 20:31:25.659482 n kernel: hci0: opcode 0x0c58 plen 0
Aug 14 20:31:25.659491 n kernel: hci0: skb len 3
Aug 14 20:31:25.659500 n kernel: hci0: length 1
Aug 14 20:31:25.659511 n kernel: hci0 cmd_cnt 1 cmd queued 1
Aug 14 20:31:25.659521 n kernel: hci0: skb 000000009e7ebd3f
Aug 14 20:31:25.662487 n kernel: hci0: result 0x00
Aug 14 20:31:25.662508 n kernel: hci0: end: err 0
Aug 14 20:31:25.662524 n kernel: hci0: Opcode 0x1004
Aug 14 20:31:25.662540 n kernel: hci0: opcode 0x1004 plen 1
Aug 14 20:31:25.662555 n kernel: hci0: skb len 4
Aug 14 20:31:25.662571 n kernel: hci0: length 1
Aug 14 20:31:25.662587 n kernel: hci0 cmd_cnt 1 cmd queued 1
Aug 14 20:31:25.662603 n kernel: hci0: skb 0000000078c0dbcd
Aug 14 20:31:25.666395 n kernel: hci0: result 0x00
Aug 14 20:31:25.666406 n kernel: hci0: end: err 0
Aug 14 20:31:25.666416 n kernel: hci0: Opcode 0x1005
Aug 14 20:31:25.666425 n kernel: hci0: opcode 0x1005 plen 0
Aug 14 20:31:25.666435 n kernel: hci0: skb len 3
Aug 14 20:31:25.666444 n kernel: hci0: length 1
Aug 14 20:31:25.666452 n kernel: hci0 cmd_cnt 1 cmd queued 1
Aug 14 20:31:25.666461 n kernel: hci0: skb 00000000bca4b4e2
Aug 14 20:31:25.669436 n kernel: hci0: result 0x00
Aug 14 20:31:25.669462 n kernel: hci0: end: err 0
Aug 14 20:31:25.669480 n kernel: hci0: Opcode 0x0c23
Aug 14 20:31:25.669498 n kernel: hci0: opcode 0x0c23 plen 0
Aug 14 20:31:25.669514 n kernel: hci0: skb len 3
Aug 14 20:31:25.669529 n kernel: hci0: length 1
Aug 14 20:31:25.669544 n kernel: hci0 cmd_cnt 1 cmd queued 1
Aug 14 20:31:25.669559 n kernel: hci0: skb 00000000f8000bf3
Aug 14 20:31:25.672454 n kernel: hci0: result 0x00
Aug 14 20:31:25.672468 n kernel: hci0: end: err 0
Aug 14 20:31:25.672478 n kernel: hci0: Opcode 0x0c14
Aug 14 20:31:25.672487 n kernel: hci0: opcode 0x0c14 plen 0
Aug 14 20:31:25.672496 n kernel: hci0: skb len 3
Aug 14 20:31:25.672506 n kernel: hci0: length 1
Aug 14 20:31:25.672516 n kernel: hci0 cmd_cnt 1 cmd queued 1
Aug 14 20:31:25.672525 n kernel: hci0: skb 000000001b9df027
Aug 14 20:31:25.690497 n kernel: hci0: result 0x00
Aug 14 20:31:25.690530 n kernel: hci0: end: err 0
Aug 14 20:31:25.690549 n kernel: hci0: Opcode 0x0c25
Aug 14 20:31:25.690564 n kernel: hci0: opcode 0x0c25 plen 0
Aug 14 20:31:25.690580 n kernel: hci0: skb len 3
Aug 14 20:31:25.690596 n kernel: hci0: length 1
Aug 14 20:31:25.690612 n kernel: hci0 cmd_cnt 1 cmd queued 1
Aug 14 20:31:25.690630 n kernel: hci0: skb 000000003eff0283
Aug 14 20:31:25.693500 n kernel: hci0: result 0x00
Aug 14 20:31:25.693537 n kernel: hci0: end: err 0
Aug 14 20:31:25.693554 n kernel: hci0: Opcode 0x0c38
Aug 14 20:31:25.693570 n kernel: hci0: opcode 0x0c38 plen 0
Aug 14 20:31:25.693586 n kernel: hci0: skb len 3
Aug 14 20:31:25.693601 n kernel: hci0: length 1
Aug 14 20:31:25.693617 n kernel: hci0 cmd_cnt 1 cmd queued 1
Aug 14 20:31:25.693634 n kernel: hci0: skb 0000000012564fc7
Aug 14 20:31:25.696685 n kernel: hci0: result 0x00
Aug 14 20:31:25.696706 n kernel: hci0: end: err 0
Aug 14 20:31:25.696724 n kernel: hci0: Opcode 0x0c39
Aug 14 20:31:25.696740 n kernel: hci0: opcode 0x0c39 plen 0
Aug 14 20:31:25.696756 n kernel: hci0: skb len 3
Aug 14 20:31:25.696772 n kernel: hci0: length 1
Aug 14 20:31:25.696788 n kernel: hci0 cmd_cnt 1 cmd queued 1
Aug 14 20:31:25.696804 n kernel: hci0: skb 00000000dbb0eaf8
Aug 14 20:31:25.699390 n kernel: hci0: result 0x00
Aug 14 20:31:25.699400 n kernel: hci0: end: err 0
Aug 14 20:31:25.699410 n kernel: hci0: Opcode 0x0c16
Aug 14 20:31:25.699418 n kernel: hci0: opcode 0x0c16 plen 2
Aug 14 20:31:25.699426 n kernel: hci0: skb len 5
Aug 14 20:31:25.699434 n kernel: hci0: length 1
Aug 14 20:31:25.699442 n kernel: hci0 cmd_cnt 1 cmd queued 1
Aug 14 20:31:25.699450 n kernel: hci0: skb 00000000502c2854
Aug 14 20:31:25.702516 n kernel: hci0: result 0x00
Aug 14 20:31:25.702539 n kernel: hci0: end: err 0
Aug 14 20:31:25.702558 n kernel: hci0: Opcode 0x2003
Aug 14 20:31:25.702577 n kernel: hci0: opcode 0x2003 plen 0
Aug 14 20:31:25.702595 n kernel: hci0: skb len 3
Aug 14 20:31:25.702611 n kernel: hci0: length 1
Aug 14 20:31:25.702628 n kernel: hci0 cmd_cnt 1 cmd queued 1
Aug 14 20:31:25.702645 n kernel: hci0: skb 000000002c5264c4
Aug 14 20:31:25.705442 n kernel: hci0: result 0x00
Aug 14 20:31:25.705464 n kernel: hci0: end: err 0
Aug 14 20:31:25.705483 n kernel: hci0: Opcode 0x2002
Aug 14 20:31:25.705499 n kernel: hci0: opcode 0x2002 plen 0
Aug 14 20:31:25.705515 n kernel: hci0: skb len 3
Aug 14 20:31:25.705530 n kernel: hci0: length 1
Aug 14 20:31:25.705545 n kernel: hci0 cmd_cnt 1 cmd queued 1
Aug 14 20:31:25.705560 n kernel: hci0: skb 00000000ec82389e
Aug 14 20:31:25.708495 n kernel: hci0: result 0x00
Aug 14 20:31:25.708517 n kernel: hci0: end: err 0
Aug 14 20:31:25.708537 n kernel: hci0: Opcode 0x201c
Aug 14 20:31:25.708553 n kernel: hci0: opcode 0x201c plen 0
Aug 14 20:31:25.708568 n kernel: hci0: skb len 3
Aug 14 20:31:25.708584 n kernel: hci0: length 1
Aug 14 20:31:25.708599 n kernel: hci0 cmd_cnt 1 cmd queued 1
Aug 14 20:31:25.708616 n kernel: hci0: skb 000000002ec70e9d
Aug 14 20:31:25.712438 n kernel: hci0: result 0x00
Aug 14 20:31:25.712453 n kernel: hci0: end: err 0
Aug 14 20:31:25.712463 n kernel: hci0: 
Aug 14 20:31:25.712473 n kernel: hci0: Opcode 0x0c01
Aug 14 20:31:25.712482 n kernel: hci0: opcode 0x0c01 plen 8
Aug 14 20:31:25.712490 n kernel: hci0: skb len 11
Aug 14 20:31:25.712499 n kernel: hci0: length 1
Aug 14 20:31:25.712510 n kernel: hci0 cmd_cnt 1 cmd queued 1
Aug 14 20:31:25.712521 n kernel: hci0: skb 000000005707cc6c
Aug 14 20:31:25.714447 n kernel: hci0: result 0x00
Aug 14 20:31:25.714458 n kernel: hci0: end: err 0
Aug 14 20:31:25.714468 n kernel: hci0: Opcode 0x0c0d
Aug 14 20:31:25.714477 n kernel: hci0: opcode 0x0c0d plen 7
Aug 14 20:31:25.714485 n kernel: hci0: skb len 10
Aug 14 20:31:25.714495 n kernel: hci0: length 1
Aug 14 20:31:25.714507 n kernel: hci0 cmd_cnt 1 cmd queued 1
Aug 14 20:31:25.714516 n kernel: hci0: skb 00000000639c8259
Aug 14 20:31:25.717475 n kernel: hci0: result 0x00
Aug 14 20:31:25.717495 n kernel: hci0: end: err 0
Aug 14 20:31:25.717513 n kernel: hci0: Opcode 0x080f
Aug 14 20:31:25.717531 n kernel: hci0: opcode 0x080f plen 2
Aug 14 20:31:25.717547 n kernel: hci0: skb len 5
Aug 14 20:31:25.717562 n kernel: hci0: length 1
Aug 14 20:31:25.717577 n kernel: hci0 cmd_cnt 1 cmd queued 1
Aug 14 20:31:25.717595 n kernel: hci0: skb 00000000bc7c62f1
Aug 14 20:31:25.720400 n kernel: hci0: result 0x00
Aug 14 20:31:25.720412 n kernel: hci0: end: err 0
Aug 14 20:31:25.720423 n kernel: hci0: Opcode 0x0c1b
Aug 14 20:31:25.720433 n kernel: hci0: opcode 0x0c1b plen 0
Aug 14 20:31:25.720443 n kernel: hci0: skb len 3
Aug 14 20:31:25.720453 n kernel: hci0: length 1
Aug 14 20:31:25.720462 n kernel: hci0 cmd_cnt 1 cmd queued 1
Aug 14 20:31:25.720472 n kernel: hci0: skb 00000000e4ba4441
Aug 14 20:31:25.723489 n kernel: hci0: result 0x00
Aug 14 20:31:25.723512 n kernel: hci0: end: err 0
Aug 14 20:31:25.723531 n kernel: hci0: Opcode 0x0c46
Aug 14 20:31:25.723548 n kernel: hci0: opcode 0x0c46 plen 0
Aug 14 20:31:25.723565 n kernel: hci0: skb len 3
Aug 14 20:31:25.723583 n kernel: hci0: length 1
Aug 14 20:31:25.723599 n kernel: hci0 cmd_cnt 1 cmd queued 1
Aug 14 20:31:25.723614 n kernel: hci0: skb 00000000dfcde8de
Aug 14 20:31:25.726447 n kernel: hci0: result 0x00
Aug 14 20:31:25.726460 n kernel: hci0: end: err 0
Aug 14 20:31:25.726470 n kernel: hci0: Opcode 0x1004
Aug 14 20:31:25.726479 n kernel: hci0: opcode 0x1004 plen 1
Aug 14 20:31:25.726491 n kernel: hci0: skb len 4
Aug 14 20:31:25.726502 n kernel: hci0: length 1
Aug 14 20:31:25.726511 n kernel: hci0 cmd_cnt 1 cmd queued 1
Aug 14 20:31:25.726520 n kernel: hci0: skb 00000000bad3c84b
Aug 14 20:31:25.730506 n kernel: hci0: result 0x00
Aug 14 20:31:25.730526 n kernel: hci0: end: err 0
Aug 14 20:31:25.730542 n kernel: hci0: Opcode 0x2001
Aug 14 20:31:25.730558 n kernel: hci0: opcode 0x2001 plen 8
Aug 14 20:31:25.730573 n kernel: hci0: skb len 11
Aug 14 20:31:25.730590 n kernel: hci0: length 1
Aug 14 20:31:25.730608 n kernel: hci0 cmd_cnt 1 cmd queued 1
Aug 14 20:31:25.730626 n kernel: hci0: skb 000000006b9480c8
Aug 14 20:31:25.731372 n kernel: 00000000babfecdf name hci0 blocked 0
Aug 14 20:31:25.733389 n kernel: hci0: result 0x00
Aug 14 20:31:25.733398 n kernel: hci0: end: err 0
Aug 14 20:31:25.733406 n kernel: hci0: Opcode 0x2007
Aug 14 20:31:25.733415 n kernel: hci0: opcode 0x2007 plen 0
Aug 14 20:31:25.733423 n kernel: hci0: skb len 3
Aug 14 20:31:25.733430 n kernel: hci0: length 1
Aug 14 20:31:25.733438 n kernel: hci0 cmd_cnt 1 cmd queued 1
Aug 14 20:31:25.733448 n kernel: hci0: skb 000000008a3efec4
Aug 14 20:31:25.737447 n kernel: hci0: result 0x00
Aug 14 20:31:25.737460 n kernel: hci0: end: err 0
Aug 14 20:31:25.737470 n kernel: hci0: Opcode 0x200f
Aug 14 20:31:25.737480 n kernel: hci0: opcode 0x200f plen 0
Aug 14 20:31:25.737489 n kernel: hci0: skb len 3
Aug 14 20:31:25.737500 n kernel: hci0: length 1
Aug 14 20:31:25.737511 n kernel: hci0 cmd_cnt 1 cmd queued 1
Aug 14 20:31:25.737544 n kernel: hci0: skb 00000000c5b8123f
Aug 14 20:31:25.739390 n kernel: hci0: result 0x00
Aug 14 20:31:25.739401 n kernel: hci0: end: err 0
Aug 14 20:31:25.739411 n kernel: hci0: Opcode 0x2010
Aug 14 20:31:25.739419 n kernel: hci0: opcode 0x2010 plen 0
Aug 14 20:31:25.739426 n kernel: hci0: skb len 3
Aug 14 20:31:25.739433 n kernel: hci0: length 1
Aug 14 20:31:25.739450 n kernel: hci0 cmd_cnt 1 cmd queued 1
Aug 14 20:31:25.739461 n kernel: hci0: skb 00000000c42b8e74
Aug 14 20:31:25.742537 n kernel: hci0: result 0x00
Aug 14 20:31:25.742562 n kernel: hci0: end: err 0
Aug 14 20:31:25.742580 n kernel: hci0: Opcode 0x202a
Aug 14 20:31:25.742599 n kernel: hci0: opcode 0x202a plen 0
Aug 14 20:31:25.742616 n kernel: hci0: skb len 3
Aug 14 20:31:25.742634 n kernel: hci0: length 1
Aug 14 20:31:25.742651 n kernel: hci0 cmd_cnt 1 cmd queued 1
Aug 14 20:31:25.742671 n kernel: hci0: skb 00000000afc856af
Aug 14 20:31:25.746456 n kernel: hci0: result 0x00
Aug 14 20:31:25.746475 n kernel: hci0: end: err 0
Aug 14 20:31:25.746490 n kernel: hci0: Opcode 0x2029
Aug 14 20:31:25.746505 n kernel: hci0: opcode 0x2029 plen 0
Aug 14 20:31:25.746520 n kernel: hci0: skb len 3
Aug 14 20:31:25.746534 n kernel: hci0: length 1
Aug 14 20:31:25.746551 n kernel: hci0 cmd_cnt 1 cmd queued 1
Aug 14 20:31:25.746566 n kernel: hci0: skb 00000000b6bc02d7
Aug 14 20:31:25.748378 n kernel: hci0: result 0x00
Aug 14 20:31:25.748387 n kernel: hci0: end: err 0
Aug 14 20:31:25.748395 n kernel: hci0: Opcode 0x202e
Aug 14 20:31:25.748404 n kernel: hci0: opcode 0x202e plen 2
Aug 14 20:31:25.748413 n kernel: hci0: skb len 5
Aug 14 20:31:25.748482 n kernel: hci0: length 1
Aug 14 20:31:25.748490 n kernel: hci0 cmd_cnt 1 cmd queued 1
Aug 14 20:31:25.748497 n kernel: hci0: skb 00000000cb589ead
Aug 14 20:31:25.751469 n kernel: hci0: result 0x00
Aug 14 20:31:25.751499 n kernel: hci0: end: err 0
Aug 14 20:31:25.751521 n kernel: hci0: Opcode 0x0c6d
Aug 14 20:31:25.751536 n kernel: hci0: opcode 0x0c6d plen 2
Aug 14 20:31:25.751554 n kernel: hci0: skb len 5
Aug 14 20:31:25.751569 n kernel: hci0: length 1
Aug 14 20:31:25.751587 n kernel: hci0 cmd_cnt 1 cmd queued 1
Aug 14 20:31:25.751602 n kernel: hci0: skb 00000000878b7b4b
Aug 14 20:31:25.754473 n kernel: hci0: result 0x00
Aug 14 20:31:25.754492 n kernel: hci0: end: err 0
Aug 14 20:31:25.754507 n kernel: hci0: 
Aug 14 20:31:25.754527 n kernel: hci0: Opcode 0x0c12
Aug 14 20:31:25.754544 n kernel: hci0: opcode 0x0c12 plen 7
Aug 14 20:31:25.754560 n kernel: hci0: skb len 10
Aug 14 20:31:25.754577 n kernel: hci0: length 1
Aug 14 20:31:25.754593 n kernel: hci0 cmd_cnt 1 cmd queued 1
Aug 14 20:31:25.754610 n kernel: hci0: skb 00000000bb2b77bc
Aug 14 20:31:25.757446 n kernel: hci0: result 0x00
Aug 14 20:31:25.757474 n kernel: hci0: end: err 0
Aug 14 20:31:25.757491 n kernel: hci0: Opcode 0x0c77
Aug 14 20:31:25.757507 n kernel: hci0: opcode 0x0c77 plen 0
Aug 14 20:31:25.757523 n kernel: hci0: skb len 3
Aug 14 20:31:25.757540 n kernel: hci0: length 1
Aug 14 20:31:25.757557 n kernel: hci0 cmd_cnt 1 cmd queued 1
Aug 14 20:31:25.757573 n kernel: hci0: skb 0000000065dd99da
Aug 14 20:31:25.760420 n kernel: hci0: result 0x00
Aug 14 20:31:25.760439 n kernel: hci0: end: err 0
Aug 14 20:31:25.760455 n kernel: hci0: Opcode 0x0c7a
Aug 14 20:31:25.760471 n kernel: hci0: opcode 0x0c7a plen 1
Aug 14 20:31:25.760487 n kernel: hci0: skb len 4
Aug 14 20:31:25.760504 n kernel: hci0: length 1
Aug 14 20:31:25.760522 n kernel: hci0 cmd_cnt 1 cmd queued 1
Aug 14 20:31:25.760537 n kernel: hci0: skb 00000000b882569d
Aug 14 20:31:25.763422 n kernel: hci0: result 0x00
Aug 14 20:31:25.763441 n kernel: hci0: end: err 0
Aug 14 20:31:25.763457 n kernel: hci0: Opcode 0x0c1a
Aug 14 20:31:25.763472 n kernel: hci0: opcode 0x0c1a plen 1
Aug 14 20:31:25.763490 n kernel: hci0: skb len 4
Aug 14 20:31:25.763507 n kernel: hci0: length 1
Aug 14 20:31:25.763522 n kernel: hci0 cmd_cnt 1 cmd queued 1
Aug 14 20:31:25.763537 n kernel: hci0: skb 0000000022fe473a
Aug 14 20:31:25.766417 n kernel: hci0: result 0x00
Aug 14 20:31:25.766437 n kernel: hci0: end: err 0
Aug 14 20:31:25.766454 n kernel: hci0: 
Aug 14 20:31:25.766470 n kernel: hci0: Opcode 0x0c24
Aug 14 20:31:25.766487 n kernel: hci0: opcode 0x0c24 plen 3
Aug 14 20:31:25.766506 n kernel: hci0: skb len 6
Aug 14 20:31:25.766523 n kernel: hci0: length 1
Aug 14 20:31:25.766539 n kernel: hci0 cmd_cnt 1 cmd queued 1
Aug 14 20:31:25.766555 n kernel: hci0: skb 00000000eabbf4f1
Aug 14 20:31:25.769545 n kernel: hci0: result 0x00
Aug 14 20:31:25.769567 n kernel: hci0: end: err 0
Aug 14 20:31:25.769587 n kernel: hci0: Opcode 0x0c13
Aug 14 20:31:25.769604 n kernel: hci0: opcode 0x0c13 plen 248
Aug 14 20:31:25.769621 n kernel: hci0: skb len 251
Aug 14 20:31:25.769637 n kernel: hci0: length 1
Aug 14 20:31:25.769653 n kernel: hci0 cmd_cnt 1 cmd queued 1
Aug 14 20:31:25.769669 n kernel: hci0: skb 000000000fee7dec
Aug 14 20:31:25.772440 n kernel: hci0: result 0x00
Aug 14 20:31:25.772464 n kernel: hci0: end: err 0
Aug 14 20:31:25.772480 n kernel: hci0: 
Aug 14 20:31:25.772496 n kernel: hci0: Opcode 0x0c52
Aug 14 20:31:25.772514 n kernel: hci0: opcode 0x0c52 plen 241
Aug 14 20:31:25.772532 n kernel: hci0: skb len 244
Aug 14 20:31:25.772548 n kernel: hci0: length 1
Aug 14 20:31:25.772581 n kernel: hci0 cmd_cnt 1 cmd queued 1
Aug 14 20:31:25.772597 n kernel: hci0: skb 00000000551af315
Aug 14 20:31:25.775408 n kernel: hci0: result 0x00
Aug 14 20:31:25.775425 n kernel: hci0: end: err 0
Aug 14 20:31:25.775441 n kernel: hci0: entry 00000000468f6357
Aug 14 20:31:25.775459 n kernel: hci0: ADV monitoring is off
Aug 14 20:31:25.775475 n kernel: hci0: stopping background scanning
Aug 14 20:31:25.775491 n kernel: hci0: 
Aug 14 20:31:25.777355 n kernel: hci0: 
Aug 14 20:31:25.777363 n kernel: hci0: entry 00000000ac3be954
Aug 14 20:31:25.777371 n kernel: hci0: ADV monitoring is off
Aug 14 20:31:25.777378 n kernel: hci0: stopping background scanning
Aug 14 20:31:25.777393 n kernel: hci0: 
Aug 14 20:31:25.777400 n kernel: hci0: entry 000000006c595cfd
Aug 14 20:31:25.777408 n kernel: hci0: Opcode 0x0c3a
Aug 14 20:31:25.777416 n kernel: hci0: opcode 0x0c3a plen 4
Aug 14 20:31:25.777424 n kernel: hci0: skb len 7
Aug 14 20:31:25.777431 n kernel: hci0: length 1
Aug 14 20:31:25.777438 n kernel: hci0 cmd_cnt 1 cmd queued 1
Aug 14 20:31:25.777446 n kernel: hci0: skb 000000001f6a44b3
Aug 14 20:31:25.780370 n kernel: hci0: result 0x00
Aug 14 20:31:25.780379 n kernel: hci0: end: err 0
Aug 14 20:31:25.780386 n kernel: hci0: Opcode 0x0c1a
Aug 14 20:31:25.780393 n kernel: hci0: opcode 0x0c1a plen 1
Aug 14 20:31:25.780401 n kernel: hci0: skb len 4
Aug 14 20:31:25.780408 n kernel: hci0: length 1
Aug 14 20:31:25.780415 n kernel: hci0 cmd_cnt 1 cmd queued 1
Aug 14 20:31:25.780422 n kernel: hci0: skb 00000000ba0d0561
Aug 14 20:31:25.783360 n kernel: hci0: result 0x00
Aug 14 20:31:25.783370 n kernel: hci0: end: err 0
Aug 14 20:31:25.783380 n kernel: hci0: 
Aug 14 20:31:25.783399 n kernel: hci0: state 0 -> 1
Aug 14 20:31:25.783409 n kernel: hci0: 
Aug 14 20:31:25.783418 n kernel: hci0: entry 00000000a269d2d3
Aug 14 20:31:25.783427 n kernel: hci0: type 7
Aug 14 20:31:25.783437 n kernel: hci0: 
Aug 14 20:31:25.783446 n kernel: hci0: cancelling interleave scan
Aug 14 20:31:25.783456 n kernel: hci0: Opcode 0x2005
Aug 14 20:31:25.783465 n kernel: hci0: opcode 0x2005 plen 6
Aug 14 20:31:25.783475 n kernel: hci0: skb len 9
Aug 14 20:31:25.783485 n kernel: hci0: length 1
Aug 14 20:31:25.783494 n kernel: hci0 cmd_cnt 1 cmd queued 1
Aug 14 20:31:25.783503 n kernel: hci0: skb 000000000e34e955
Aug 14 20:31:25.786369 n kernel: hci0: result 0x00
Aug 14 20:31:25.786379 n kernel: hci0: end: err 0
Aug 14 20:31:25.786389 n kernel: hci0: Opcode 0x200b
Aug 14 20:31:25.786398 n kernel: hci0: opcode 0x200b plen 7
Aug 14 20:31:25.786408 n kernel: hci0: skb len 10
Aug 14 20:31:25.786418 n kernel: hci0: length 1
Aug 14 20:31:25.786427 n kernel: hci0 cmd_cnt 1 cmd queued 1
Aug 14 20:31:25.786436 n kernel: hci0: skb 00000000864aa928
Aug 14 20:31:25.788358 n kernel: Bluetooth: hci0: unexpected event for opcode 0x2005
Aug 14 20:31:25.790351 n kernel: hci0: result 0x00
Aug 14 20:31:25.790360 n kernel: hci0: end: err 0
Aug 14 20:31:25.790368 n kernel: hci0: Opcode 0x200c
Aug 14 20:31:25.790377 n kernel: hci0: opcode 0x200c plen 2
Aug 14 20:31:25.790386 n kernel: hci0: skb len 5
Aug 14 20:31:25.790395 n kernel: hci0: length 1
Aug 14 20:31:25.790403 n kernel: hci0 cmd_cnt 1 cmd queued 1
Aug 14 20:31:25.790412 n kernel: hci0: skb 00000000f6c3e88f
Aug 14 20:31:25.793344 n kernel: hci0: state 1 -> 2
Aug 14 20:31:25.793388 n kernel: hci0: result 0x00
Aug 14 20:31:25.793403 n kernel: hci0: end: err 0
Aug 14 20:31:25.793436 n kernel: hci0: timeout 5120 ms
Aug 14 20:31:25.915363 n kernel: 00000000babfecdf name hci0 blocked 1
Aug 14 20:31:25.915393 n kernel: hci0 00000000babfecdf
Aug 14 20:31:25.915403 n kernel: hci0: Opcode 0x0c1a
Aug 14 20:31:25.915411 n kernel: hci0: opcode 0x0c1a plen 1
Aug 14 20:31:25.915420 n kernel: hci0: skb len 4
Aug 14 20:31:25.915429 n kernel: hci0: length 1
Aug 14 20:31:25.915439 n kernel: hci0 cmd_cnt 1 cmd queued 1
Aug 14 20:31:25.915446 n kernel: hci0: skb 000000006779f52a
Aug 14 20:31:25.917399 n kernel: hci0: result 0x00
Aug 14 20:31:25.917411 n kernel: hci0: end: err 0
Aug 14 20:31:25.917422 n kernel: hci0: state 2
Aug 14 20:31:25.917432 n kernel: hci0: Opcode 0x200c
Aug 14 20:31:25.917443 n kernel: hci0: opcode 0x200c plen 2
Aug 14 20:31:25.917453 n kernel: hci0: skb len 5
Aug 14 20:31:25.917463 n kernel: hci0: length 1
Aug 14 20:31:25.917472 n kernel: hci0 cmd_cnt 1 cmd queued 1
Aug 14 20:31:25.917481 n kernel: hci0: skb 00000000b71f4bc8
Aug 14 20:31:25.920429 n kernel: hci0: result 0x00
Aug 14 20:31:25.920450 n kernel: hci0: 
Aug 14 20:31:25.920473 n kernel: hci0: 
Aug 14 20:31:25.920489 n kernel: hci0: end: err 0
Aug 14 20:31:25.920505 n kernel: hci0: entry 00000000a269d2d3
Aug 14 20:31:25.920521 n kernel: hci0: 
Aug 14 20:31:25.935444 n kernel: hci0: err 0x13
Aug 14 20:31:25.935482 n kernel: hci0: cancelling interleave scan
Aug 14 20:31:25.935506 n kernel: hci0: state 2 -> 0
Aug 14 20:31:25.935539 n kernel: hdev hci0
Aug 14 20:31:25.935557 n kernel: hci0
Aug 14 20:31:25.935575 n kernel: hci0
Aug 14 20:31:25.935591 n kernel: hci0: 
Aug 14 20:31:26.065379 n kernel: 00000000babfecdf name hci0 blocked 0
Aug 14 20:31:26.065418 n kernel: hci0: 
Aug 14 20:31:26.065432 n kernel: hci0: entry 00000000ad287bf3
Aug 14 20:31:26.065457 n kernel: hci0: 
Aug 14 20:31:26.065470 n kernel: hci0
Aug 14 20:31:26.065480 n kernel: hci0
Aug 14 20:31:26.065488 n kernel: hci0
Aug 14 20:31:26.065497 n kernel: hci0
Aug 14 20:31:26.065505 n kernel: hci0: 
Aug 14 20:31:26.065514 n kernel: hci0: 
Aug 14 20:31:26.065522 n kernel: hci0: Opcode 0x0c03
Aug 14 20:31:26.065531 n kernel: hci0: opcode 0x0c03 plen 0
Aug 14 20:31:26.065540 n kernel: hci0: skb len 3
Aug 14 20:31:26.065548 n kernel: hci0: length 1
Aug 14 20:31:26.065557 n kernel: hci0 cmd_cnt 1 cmd queued 1
Aug 14 20:31:26.065566 n kernel: hci0: skb 00000000ad000b86
Aug 14 20:31:26.123447 n kernel: hci0: result 0x00
Aug 14 20:31:26.123461 n kernel: hci0: end: err 0
Aug 14 20:31:26.123474 n kernel: hci0: Opcode 0x1003
Aug 14 20:31:26.123485 n kernel: hci0: opcode 0x1003 plen 0
Aug 14 20:31:26.123496 n kernel: hci0: skb len 3
Aug 14 20:31:26.123508 n kernel: hci0: length 1
Aug 14 20:31:26.123520 n kernel: hci0 cmd_cnt 1 cmd queued 1
Aug 14 20:31:26.123533 n kernel: hci0: skb 00000000413dffce
Aug 14 20:31:26.125487 n kernel: hci0: result 0x00
Aug 14 20:31:26.125508 n kernel: hci0: end: err 0
Aug 14 20:31:26.125524 n kernel: hci0: Opcode 0x1001
Aug 14 20:31:26.125539 n kernel: hci0: opcode 0x1001 plen 0
Aug 14 20:31:26.125555 n kernel: hci0: skb len 3
Aug 14 20:31:26.125574 n kernel: hci0: length 1
Aug 14 20:31:26.125593 n kernel: hci0 cmd_cnt 1 cmd queued 1
Aug 14 20:31:26.125612 n kernel: hci0: skb 000000007459d7d3
Aug 14 20:31:26.128440 n kernel: hci0: result 0x00
Aug 14 20:31:26.128452 n kernel: hci0: end: err 0
Aug 14 20:31:26.128462 n kernel: hci0: Opcode 0x1009
Aug 14 20:31:26.128474 n kernel: hci0: opcode 0x1009 plen 0
Aug 14 20:31:26.128483 n kernel: hci0: skb len 3
Aug 14 20:31:26.128492 n kernel: hci0: length 1
Aug 14 20:31:26.128502 n kernel: hci0 cmd_cnt 1 cmd queued 1
Aug 14 20:31:26.128512 n kernel: hci0: skb 00000000ef95d0ad
Aug 14 20:31:26.131464 n kernel: hci0: result 0x00
Aug 14 20:31:26.131479 n kernel: hci0: end: err 0
Aug 14 20:31:26.131491 n kernel: hci0: 
Aug 14 20:31:26.131503 n kernel: hci0: Opcode 0x1002
Aug 14 20:31:26.131514 n kernel: hci0: opcode 0x1002 plen 0
Aug 14 20:31:26.131525 n kernel: hci0: skb len 3
Aug 14 20:31:26.131535 n kernel: hci0: length 1
Aug 14 20:31:26.131545 n kernel: hci0 cmd_cnt 1 cmd queued 1
Aug 14 20:31:26.131556 n kernel: hci0: skb 00000000a91d0a67
Aug 14 20:31:26.138493 n kernel: hci0: result 0x00
Aug 14 20:31:26.138523 n kernel: hci0: end: err 0
Aug 14 20:31:26.138542 n kernel: hci0: Opcode 0x0c56
Aug 14 20:31:26.138559 n kernel: hci0: opcode 0x0c56 plen 1
Aug 14 20:31:26.138577 n kernel: hci0: skb len 4
Aug 14 20:31:26.138593 n kernel: hci0: length 1
Aug 14 20:31:26.138616 n kernel: hci0 cmd_cnt 1 cmd queued 1
Aug 14 20:31:26.138639 n kernel: hci0: skb 0000000021af6961
Aug 14 20:31:26.142451 n kernel: hci0: result 0x00
Aug 14 20:31:26.142470 n kernel: hci0: end: err 0
Aug 14 20:31:26.142487 n kernel: hci0: Opcode 0x0c45
Aug 14 20:31:26.142501 n kernel: hci0: opcode 0x0c45 plen 1
Aug 14 20:31:26.142516 n kernel: hci0: skb len 4
Aug 14 20:31:26.142530 n kernel: hci0: length 1
Aug 14 20:31:26.142545 n kernel: hci0 cmd_cnt 1 cmd queued 1
Aug 14 20:31:26.142561 n kernel: hci0: skb 00000000f8000bf3
Aug 14 20:31:26.144456 n kernel: hci0: result 0x00
Aug 14 20:31:26.144475 n kernel: hci0: end: err 0
Aug 14 20:31:26.144492 n kernel: hci0: Opcode 0x0c58
Aug 14 20:31:26.144507 n kernel: hci0: opcode 0x0c58 plen 0
Aug 14 20:31:26.144521 n kernel: hci0: skb len 3
Aug 14 20:31:26.144536 n kernel: hci0: length 1
Aug 14 20:31:26.144554 n kernel: hci0 cmd_cnt 1 cmd queued 1
Aug 14 20:31:26.144569 n kernel: hci0: skb 00000000bca4b4e2
Aug 14 20:31:26.147435 n kernel: hci0: result 0x00
Aug 14 20:31:26.147454 n kernel: hci0: end: err 0
Aug 14 20:31:26.147469 n kernel: hci0: Opcode 0x1004
Aug 14 20:31:26.147484 n kernel: hci0: opcode 0x1004 plen 1
Aug 14 20:31:26.147499 n kernel: hci0: skb len 4
Aug 14 20:31:26.147514 n kernel: hci0: length 1
Aug 14 20:31:26.147529 n kernel: hci0 cmd_cnt 1 cmd queued 1
Aug 14 20:31:26.147543 n kernel: hci0: skb 0000000078c0dbcd
Aug 14 20:31:26.152450 n kernel: hci0: result 0x00
Aug 14 20:31:26.152463 n kernel: hci0: end: err 0
Aug 14 20:31:26.152475 n kernel: hci0: Opcode 0x1005
Aug 14 20:31:26.152484 n kernel: hci0: opcode 0x1005 plen 0
Aug 14 20:31:26.152494 n kernel: hci0: skb len 3
Aug 14 20:31:26.152504 n kernel: hci0: length 1
Aug 14 20:31:26.152545 n kernel: hci0 cmd_cnt 1 cmd queued 1
Aug 14 20:31:26.152555 n kernel: hci0: skb 000000009e7ebd3f
Aug 14 20:31:26.154404 n kernel: hci0: result 0x00
Aug 14 20:31:26.154414 n kernel: hci0: end: err 0
Aug 14 20:31:26.154422 n kernel: hci0: Opcode 0x0c23
Aug 14 20:31:26.154430 n kernel: hci0: opcode 0x0c23 plen 0
Aug 14 20:31:26.154440 n kernel: hci0: skb len 3
Aug 14 20:31:26.154448 n kernel: hci0: length 1
Aug 14 20:31:26.154457 n kernel: hci0 cmd_cnt 1 cmd queued 1
Aug 14 20:31:26.154466 n kernel: hci0: skb 000000005574815b
Aug 14 20:31:26.157523 n kernel: hci0: result 0x00
Aug 14 20:31:26.157560 n kernel: hci0: end: err 0
Aug 14 20:31:26.157579 n kernel: hci0: Opcode 0x0c14
Aug 14 20:31:26.157597 n kernel: hci0: opcode 0x0c14 plen 0
Aug 14 20:31:26.157613 n kernel: hci0: skb len 3
Aug 14 20:31:26.157629 n kernel: hci0: length 1
Aug 14 20:31:26.157645 n kernel: hci0 cmd_cnt 1 cmd queued 1
Aug 14 20:31:26.157661 n kernel: hci0: skb 00000000d7d03023
Aug 14 20:31:26.175567 n kernel: hci0: result 0x00
Aug 14 20:31:26.175588 n kernel: hci0: end: err 0
Aug 14 20:31:26.175608 n kernel: hci0: Opcode 0x0c25
Aug 14 20:31:26.175631 n kernel: hci0: opcode 0x0c25 plen 0
Aug 14 20:31:26.175657 n kernel: hci0: skb len 3
Aug 14 20:31:26.175685 n kernel: hci0: length 1
Aug 14 20:31:26.175715 n kernel: hci0 cmd_cnt 1 cmd queued 1
Aug 14 20:31:26.175742 n kernel: hci0: skb 00000000a94c9134
Aug 14 20:31:26.178462 n kernel: hci0: result 0x00
Aug 14 20:31:26.178483 n kernel: hci0: end: err 0
Aug 14 20:31:26.178498 n kernel: hci0: Opcode 0x0c38
Aug 14 20:31:26.178513 n kernel: hci0: opcode 0x0c38 plen 0
Aug 14 20:31:26.178527 n kernel: hci0: skb len 3
Aug 14 20:31:26.178541 n kernel: hci0: length 1
Aug 14 20:31:26.178558 n kernel: hci0 cmd_cnt 1 cmd queued 1
Aug 14 20:31:26.178572 n kernel: hci0: skb 000000004d938671
Aug 14 20:31:26.181408 n kernel: hci0: result 0x00
Aug 14 20:31:26.181438 n kernel: hci0: end: err 0
Aug 14 20:31:26.181449 n kernel: hci0: Opcode 0x0c39
Aug 14 20:31:26.181458 n kernel: hci0: opcode 0x0c39 plen 0
Aug 14 20:31:26.181467 n kernel: hci0: skb len 3
Aug 14 20:31:26.181478 n kernel: hci0: length 1
Aug 14 20:31:26.181487 n kernel: hci0 cmd_cnt 1 cmd queued 1
Aug 14 20:31:26.181495 n kernel: hci0: skb 00000000d38f82cb
Aug 14 20:31:26.185429 n kernel: hci0: result 0x00
Aug 14 20:31:26.185444 n kernel: hci0: end: err 0
Aug 14 20:31:26.185455 n kernel: hci0: Opcode 0x0c16
Aug 14 20:31:26.185464 n kernel: hci0: opcode 0x0c16 plen 2
Aug 14 20:31:26.185473 n kernel: hci0: skb len 5
Aug 14 20:31:26.185484 n kernel: hci0: length 1
Aug 14 20:31:26.185495 n kernel: hci0 cmd_cnt 1 cmd queued 1
Aug 14 20:31:26.185507 n kernel: hci0: skb 0000000046114d61
Aug 14 20:31:26.187428 n kernel: hci0: result 0x00
Aug 14 20:31:26.187441 n kernel: hci0: end: err 0
Aug 14 20:31:26.187455 n kernel: hci0: Opcode 0x2003
Aug 14 20:31:26.187468 n kernel: hci0: opcode 0x2003 plen 0
Aug 14 20:31:26.187476 n kernel: hci0: skb len 3
Aug 14 20:31:26.187485 n kernel: hci0: length 1
Aug 14 20:31:26.187493 n kernel: hci0 cmd_cnt 1 cmd queued 1
Aug 14 20:31:26.187502 n kernel: hci0: skb 000000000bd6798d
Aug 14 20:31:26.190358 n kernel: hci0: result 0x00
Aug 14 20:31:26.190367 n kernel: hci0: end: err 0
Aug 14 20:31:26.190377 n kernel: hci0: Opcode 0x2002
Aug 14 20:31:26.190387 n kernel: hci0: opcode 0x2002 plen 0
Aug 14 20:31:26.190399 n kernel: hci0: skb len 3
Aug 14 20:31:26.190408 n kernel: hci0: length 1
Aug 14 20:31:26.190417 n kernel: hci0 cmd_cnt 1 cmd queued 1
Aug 14 20:31:26.190427 n kernel: hci0: skb 000000007ce60732
Aug 14 20:31:26.193373 n kernel: hci0: result 0x00
Aug 14 20:31:26.193388 n kernel: hci0: end: err 0
Aug 14 20:31:26.193409 n kernel: hci0: Opcode 0x201c
Aug 14 20:31:26.193439 n kernel: hci0: opcode 0x201c plen 0
Aug 14 20:31:26.193468 n kernel: hci0: skb len 3
Aug 14 20:31:26.193483 n kernel: hci0: length 1
Aug 14 20:31:26.193500 n kernel: hci0 cmd_cnt 1 cmd queued 1
Aug 14 20:31:26.193518 n kernel: hci0: skb 00000000832cb750
Aug 14 20:31:26.196385 n kernel: hci0: result 0x00
Aug 14 20:31:26.196397 n kernel: hci0: end: err 0
Aug 14 20:31:26.196410 n kernel: hci0: 
Aug 14 20:31:26.196423 n kernel: hci0: Opcode 0x0c01
Aug 14 20:31:26.196436 n kernel: hci0: opcode 0x0c01 plen 8
Aug 14 20:31:26.196449 n kernel: hci0: skb len 11
Aug 14 20:31:26.196462 n kernel: hci0: length 1
Aug 14 20:31:26.196479 n kernel: hci0 cmd_cnt 1 cmd queued 1
Aug 14 20:31:26.196493 n kernel: hci0: skb 00000000d51eb30e
Aug 14 20:31:26.199365 n kernel: hci0: result 0x00
Aug 14 20:31:26.199374 n kernel: hci0: end: err 0
Aug 14 20:31:26.199382 n kernel: hci0: Opcode 0x0c0d
Aug 14 20:31:26.199391 n kernel: hci0: opcode 0x0c0d plen 7
Aug 14 20:31:26.199399 n kernel: hci0: skb len 10
Aug 14 20:31:26.199408 n kernel: hci0: length 1
Aug 14 20:31:26.199417 n kernel: hci0 cmd_cnt 1 cmd queued 1
Aug 14 20:31:26.199425 n kernel: hci0: skb 000000006b39d645
Aug 14 20:31:26.202417 n kernel: hci0: result 0x00
Aug 14 20:31:26.202446 n kernel: hci0: end: err 0
Aug 14 20:31:26.202463 n kernel: hci0: Opcode 0x080f
Aug 14 20:31:26.202479 n kernel: hci0: opcode 0x080f plen 2
Aug 14 20:31:26.202495 n kernel: hci0: skb len 5
Aug 14 20:31:26.202510 n kernel: hci0: length 1
Aug 14 20:31:26.202526 n kernel: hci0 cmd_cnt 1 cmd queued 1
Aug 14 20:31:26.202542 n kernel: hci0: skb 000000002d78c5f5
Aug 14 20:31:26.205382 n kernel: hci0: result 0x00
Aug 14 20:31:26.205395 n kernel: hci0: end: err 0
Aug 14 20:31:26.205407 n kernel: hci0: Opcode 0x0c1b
Aug 14 20:31:26.205420 n kernel: hci0: opcode 0x0c1b plen 0
Aug 14 20:31:26.205433 n kernel: hci0: skb len 3
Aug 14 20:31:26.205446 n kernel: hci0: length 1
Aug 14 20:31:26.205459 n kernel: hci0 cmd_cnt 1 cmd queued 1
Aug 14 20:31:26.205472 n kernel: hci0: skb 000000002264d157
Aug 14 20:31:26.208366 n kernel: hci0: result 0x00
Aug 14 20:31:26.208379 n kernel: hci0: end: err 0
Aug 14 20:31:26.208392 n kernel: hci0: Opcode 0x0c46
Aug 14 20:31:26.208405 n kernel: hci0: opcode 0x0c46 plen 0
Aug 14 20:31:26.208417 n kernel: hci0: skb len 3
Aug 14 20:31:26.208430 n kernel: hci0: length 1
Aug 14 20:31:26.208442 n kernel: hci0 cmd_cnt 1 cmd queued 1
Aug 14 20:31:26.208454 n kernel: hci0: skb 00000000f6dd1d43
Aug 14 20:31:26.211371 n kernel: hci0: result 0x00
Aug 14 20:31:26.211384 n kernel: hci0: end: err 0
Aug 14 20:31:26.211396 n kernel: hci0: Opcode 0x1004
Aug 14 20:31:26.211409 n kernel: hci0: opcode 0x1004 plen 1
Aug 14 20:31:26.211422 n kernel: hci0: skb len 4
Aug 14 20:31:26.211435 n kernel: hci0: length 1
Aug 14 20:31:26.211447 n kernel: hci0 cmd_cnt 1 cmd queued 1
Aug 14 20:31:26.211460 n kernel: hci0: skb 00000000b254765a
Aug 14 20:31:26.215360 n kernel: hci0: result 0x00
Aug 14 20:31:26.215367 n kernel: hci0: end: err 0
Aug 14 20:31:26.215374 n kernel: hci0: Opcode 0x2001
Aug 14 20:31:26.215382 n kernel: hci0: opcode 0x2001 plen 8
Aug 14 20:31:26.215389 n kernel: hci0: skb len 11
Aug 14 20:31:26.215396 n kernel: hci0: length 1
Aug 14 20:31:26.215404 n kernel: hci0 cmd_cnt 1 cmd queued 1
Aug 14 20:31:26.215410 n kernel: hci0: skb 000000003eff0283
Aug 14 20:31:26.218484 n kernel: hci0: result 0x00
Aug 14 20:31:26.218498 n kernel: hci0: end: err 0
Aug 14 20:31:26.218510 n kernel: hci0: Opcode 0x2007
Aug 14 20:31:26.218523 n kernel: hci0: opcode 0x2007 plen 0
Aug 14 20:31:26.218536 n kernel: hci0: skb len 3
Aug 14 20:31:26.218549 n kernel: hci0: length 1
Aug 14 20:31:26.218561 n kernel: hci0 cmd_cnt 1 cmd queued 1
Aug 14 20:31:26.218573 n kernel: hci0: skb 00000000f6c3e88f
Aug 14 20:31:26.221395 n kernel: hci0: result 0x00
Aug 14 20:31:26.221411 n kernel: hci0: end: err 0
Aug 14 20:31:26.221425 n kernel: hci0: Opcode 0x200f
Aug 14 20:31:26.221437 n kernel: hci0: opcode 0x200f plen 0
Aug 14 20:31:26.221451 n kernel: hci0: skb len 3
Aug 14 20:31:26.221466 n kernel: hci0: length 1
Aug 14 20:31:26.221482 n kernel: hci0 cmd_cnt 1 cmd queued 1
Aug 14 20:31:26.221495 n kernel: hci0: skb 00000000577b3713
Aug 14 20:31:26.224369 n kernel: hci0: result 0x00
Aug 14 20:31:26.224382 n kernel: hci0: end: err 0
Aug 14 20:31:26.224394 n kernel: hci0: Opcode 0x2010
Aug 14 20:31:26.224409 n kernel: hci0: opcode 0x2010 plen 0
Aug 14 20:31:26.224433 n kernel: hci0: skb len 3
Aug 14 20:31:26.224454 n kernel: hci0: length 1
Aug 14 20:31:26.224475 n kernel: hci0 cmd_cnt 1 cmd queued 1
Aug 14 20:31:26.224497 n kernel: hci0: skb 000000007693c921
Aug 14 20:31:26.227372 n kernel: hci0: result 0x00
Aug 14 20:31:26.227393 n kernel: hci0: end: err 0
Aug 14 20:31:26.227414 n kernel: hci0: Opcode 0x202a
Aug 14 20:31:26.227431 n kernel: hci0: opcode 0x202a plen 0
Aug 14 20:31:26.227444 n kernel: hci0: skb len 3
Aug 14 20:31:26.227459 n kernel: hci0: length 1
Aug 14 20:31:26.227473 n kernel: hci0 cmd_cnt 1 cmd queued 1
Aug 14 20:31:26.227486 n kernel: hci0: skb 000000003a8faa46
Aug 14 20:31:26.230369 n kernel: hci0: result 0x00
Aug 14 20:31:26.230390 n kernel: hci0: end: err 0
Aug 14 20:31:26.230405 n kernel: hci0: Opcode 0x2029
Aug 14 20:31:26.230418 n kernel: hci0: opcode 0x2029 plen 0
Aug 14 20:31:26.230430 n kernel: hci0: skb len 3
Aug 14 20:31:26.230442 n kernel: hci0: length 1
Aug 14 20:31:26.230455 n kernel: hci0 cmd_cnt 1 cmd queued 1
Aug 14 20:31:26.230467 n kernel: hci0: skb 00000000102356bd
Aug 14 20:31:26.233371 n kernel: hci0: result 0x00
Aug 14 20:31:26.233388 n kernel: hci0: end: err 0
Aug 14 20:31:26.233400 n kernel: hci0: Opcode 0x202e
Aug 14 20:31:26.233413 n kernel: hci0: opcode 0x202e plen 2
Aug 14 20:31:26.233426 n kernel: hci0: skb len 5
Aug 14 20:31:26.233439 n kernel: hci0: length 1
Aug 14 20:31:26.233452 n kernel: hci0 cmd_cnt 1 cmd queued 1
Aug 14 20:31:26.233468 n kernel: hci0: skb 00000000e44239d4
Aug 14 20:31:26.236363 n kernel: hci0: result 0x00
Aug 14 20:31:26.236376 n kernel: hci0: end: err 0
Aug 14 20:31:26.236389 n kernel: hci0: Opcode 0x0c6d
Aug 14 20:31:26.236401 n kernel: hci0: opcode 0x0c6d plen 2
Aug 14 20:31:26.236414 n kernel: hci0: skb len 5
Aug 14 20:31:26.236426 n kernel: hci0: length 1
Aug 14 20:31:26.236439 n kernel: hci0 cmd_cnt 1 cmd queued 1
Aug 14 20:31:26.236451 n kernel: hci0: skb 00000000c8b114dd
Aug 14 20:31:26.239365 n kernel: hci0: result 0x00
Aug 14 20:31:26.239378 n kernel: hci0: end: err 0
Aug 14 20:31:26.239390 n kernel: hci0: 
Aug 14 20:31:26.239477 n kernel: hci0: Opcode 0x0c12
Aug 14 20:31:26.239493 n kernel: hci0: opcode 0x0c12 plen 7
Aug 14 20:31:26.239506 n kernel: hci0: skb len 10
Aug 14 20:31:26.239519 n kernel: hci0: length 1
Aug 14 20:31:26.239532 n kernel: hci0 cmd_cnt 1 cmd queued 1
Aug 14 20:31:26.239544 n kernel: hci0: skb 00000000792e8dc8
Aug 14 20:31:26.242365 n kernel: hci0: result 0x00
Aug 14 20:31:26.242377 n kernel: hci0: end: err 0
Aug 14 20:31:26.242390 n kernel: hci0: Opcode 0x0c77
Aug 14 20:31:26.242403 n kernel: hci0: opcode 0x0c77 plen 0
Aug 14 20:31:26.242415 n kernel: hci0: skb len 3
Aug 14 20:31:26.242428 n kernel: hci0: length 1
Aug 14 20:31:26.242440 n kernel: hci0 cmd_cnt 1 cmd queued 1
Aug 14 20:31:26.242454 n kernel: hci0: skb 000000006c79406c
Aug 14 20:31:26.245360 n kernel: hci0: result 0x00
Aug 14 20:31:26.245373 n kernel: hci0: end: err 0
Aug 14 20:31:26.245385 n kernel: hci0: Opcode 0x0c7a
Aug 14 20:31:26.245398 n kernel: hci0: opcode 0x0c7a plen 1
Aug 14 20:31:26.245411 n kernel: hci0: skb len 4
Aug 14 20:31:26.245423 n kernel: hci0: length 1
Aug 14 20:31:26.245436 n kernel: hci0 cmd_cnt 1 cmd queued 1
Aug 14 20:31:26.245448 n kernel: hci0: skb 00000000bfcdfb2b
Aug 14 20:31:26.248364 n kernel: hci0: result 0x00
Aug 14 20:31:26.248372 n kernel: hci0: end: err 0
Aug 14 20:31:26.248381 n kernel: hci0: Opcode 0x0c1a
Aug 14 20:31:26.248390 n kernel: hci0: opcode 0x0c1a plen 1
Aug 14 20:31:26.248399 n kernel: hci0: skb len 4
Aug 14 20:31:26.248407 n kernel: hci0: length 1
Aug 14 20:31:26.248418 n kernel: hci0 cmd_cnt 1 cmd queued 1
Aug 14 20:31:26.248426 n kernel: hci0: skb 000000005026799c
Aug 14 20:31:26.251364 n kernel: hci0: result 0x00
Aug 14 20:31:26.251380 n kernel: hci0: end: err 0
Aug 14 20:31:26.251392 n kernel: hci0: 
Aug 14 20:31:26.251404 n kernel: hci0: Opcode 0x0c24
Aug 14 20:31:26.251418 n kernel: hci0: opcode 0x0c24 plen 3
Aug 14 20:31:26.251430 n kernel: hci0: skb len 6
Aug 14 20:31:26.251443 n kernel: hci0: length 1
Aug 14 20:31:26.251455 n kernel: hci0 cmd_cnt 1 cmd queued 1
Aug 14 20:31:26.251469 n kernel: hci0: skb 00000000dbc5c719
Aug 14 20:31:26.254369 n kernel: hci0: result 0x00
Aug 14 20:31:26.254382 n kernel: hci0: end: err 0
Aug 14 20:31:26.254395 n kernel: hci0: Opcode 0x0c13
Aug 14 20:31:26.254408 n kernel: hci0: opcode 0x0c13 plen 248
Aug 14 20:31:26.254421 n kernel: hci0: skb len 251
Aug 14 20:31:26.254433 n kernel: hci0: length 1
Aug 14 20:31:26.254448 n kernel: hci0 cmd_cnt 1 cmd queued 1
Aug 14 20:31:26.254465 n kernel: hci0: skb 000000001ef445c6
Aug 14 20:31:26.257377 n kernel: hci0: result 0x00
Aug 14 20:31:26.257391 n kernel: hci0: end: err 0
Aug 14 20:31:26.257404 n kernel: hci0: 
Aug 14 20:31:26.257417 n kernel: hci0: Opcode 0x0c52
Aug 14 20:31:26.257430 n kernel: hci0: opcode 0x0c52 plen 241
Aug 14 20:31:26.257446 n kernel: hci0: skb len 244
Aug 14 20:31:26.257460 n kernel: hci0: length 1
Aug 14 20:31:26.257473 n kernel: hci0 cmd_cnt 1 cmd queued 1
Aug 14 20:31:26.257486 n kernel: hci0: skb 00000000785c8c0d
Aug 14 20:31:26.260406 n kernel: hci0: result 0x00
Aug 14 20:31:26.260446 n kernel: hci0: end: err 0
Aug 14 20:31:26.260459 n kernel: hci0: entry 00000000468f6357
Aug 14 20:31:26.260477 n kernel: hci0: ADV monitoring is off
Aug 14 20:31:26.260498 n kernel: hci0: stopping background scanning
Aug 14 20:31:26.260512 n kernel: hci0: 
Aug 14 20:31:26.262366 n kernel: hci0: 
Aug 14 20:31:26.262373 n kernel: hci0: entry 000000003c63ea71
Aug 14 20:31:26.262382 n kernel: hci0: ADV monitoring is off
Aug 14 20:31:26.262389 n kernel: hci0: stopping background scanning
Aug 14 20:31:26.262403 n kernel: hci0: 
Aug 14 20:31:26.262410 n kernel: hci0: entry 00000000d62765bc
Aug 14 20:31:26.262417 n kernel: hci0: Opcode 0x0c3a
Aug 14 20:31:26.262425 n kernel: hci0: opcode 0x0c3a plen 4
Aug 14 20:31:26.262432 n kernel: hci0: skb len 7
Aug 14 20:31:26.262440 n kernel: hci0: length 1
Aug 14 20:31:26.262447 n kernel: hci0 cmd_cnt 1 cmd queued 1
Aug 14 20:31:26.262455 n kernel: hci0: skb 00000000c8b114dd
Aug 14 20:31:26.264347 n kernel: 00000000babfecdf name hci0 blocked 1
Aug 14 20:31:26.264366 n kernel: hci0 00000000babfecdf
Aug 14 20:31:26.265362 n kernel: hci0: result 0x00
Aug 14 20:31:26.265387 n kernel: hci0: end: err 0
Aug 14 20:31:26.265399 n kernel: hci0: Opcode 0x0c1a
Aug 14 20:31:26.265411 n kernel: hci0: opcode 0x0c1a plen 1
Aug 14 20:31:26.265422 n kernel: hci0: skb len 4
Aug 14 20:31:26.265434 n kernel: hci0: length 1
Aug 14 20:31:26.265445 n kernel: hci0 cmd_cnt 1 cmd queued 1
Aug 14 20:31:26.265456 n kernel: hci0: skb 0000000083c21035
Aug 14 20:31:26.268385 n kernel: hci0: result 0x00
Aug 14 20:31:26.268402 n kernel: hci0: end: err 0
Aug 14 20:31:26.268418 n kernel: hci0: 
Aug 14 20:31:26.268434 n kernel: hci0: Opcode 0x0c1a
Aug 14 20:31:26.268451 n kernel: hci0: opcode 0x0c1a plen 1
Aug 14 20:31:26.268467 n kernel: hci0: skb len 4
Aug 14 20:31:26.268483 n kernel: hci0: length 1
Aug 14 20:31:26.268498 n kernel: hci0 cmd_cnt 1 cmd queued 1
Aug 14 20:31:26.268515 n kernel: hci0: skb 000000005026799c
Aug 14 20:31:26.268546 n kernel: hci0: state 0 -> 1
Aug 14 20:31:26.268562 n kernel: hci0: 
Aug 14 20:31:26.268577 n kernel: hci0: entry 00000000a2bf0e30
Aug 14 20:31:26.271361 n kernel: hci0: result 0x00
Aug 14 20:31:26.271373 n kernel: hci0: end: err 0
Aug 14 20:31:26.271383 n kernel: hci0: state 1
Aug 14 20:31:26.271393 n kernel: hci0: 
Aug 14 20:31:26.281353 n kernel: hci0: err 0x13
Aug 14 20:31:26.281373 n kernel: hci0: cancelling interleave scan
Aug 14 20:31:26.281386 n kernel: hci0: state 1 -> 0
Aug 14 20:31:26.281411 n kernel: hdev hci0
Aug 14 20:31:26.281423 n kernel: hci0
Aug 14 20:31:26.281435 n kernel: hci0
Aug 14 20:31:26.415345 n kernel: 00000000babfecdf name hci0 blocked 0
Aug 14 20:31:26.415379 n kernel: hci0: 
Aug 14 20:31:26.415388 n kernel: hci0: entry 00000000cdc470e2
Aug 14 20:31:26.415425 n kernel: hci0: 
Aug 14 20:31:26.415433 n kernel: hci0
Aug 14 20:31:26.415444 n kernel: hci0
Aug 14 20:31:26.415453 n kernel: hci0
Aug 14 20:31:26.415462 n kernel: hci0
Aug 14 20:31:26.415470 n kernel: hci0: 
Aug 14 20:31:26.415478 n kernel: hci0: 
Aug 14 20:31:26.415487 n kernel: hci0: Opcode 0x0c03
Aug 14 20:31:26.415495 n kernel: hci0: opcode 0x0c03 plen 0
Aug 14 20:31:26.415504 n kernel: hci0: skb len 3
Aug 14 20:31:26.415513 n kernel: hci0: length 1
Aug 14 20:31:26.415522 n kernel: hci0 cmd_cnt 1 cmd queued 1
Aug 14 20:31:26.415531 n kernel: hci0: skb 00000000b882569d
Aug 14 20:31:26.472513 n kernel: hci0: result 0x00
Aug 14 20:31:26.472541 n kernel: hci0: end: err 0
Aug 14 20:31:26.472559 n kernel: hci0: Opcode 0x1003
Aug 14 20:31:26.472576 n kernel: hci0: opcode 0x1003 plen 0
Aug 14 20:31:26.472592 n kernel: hci0: skb len 3
Aug 14 20:31:26.472608 n kernel: hci0: length 1
Aug 14 20:31:26.472626 n kernel: hci0 cmd_cnt 1 cmd queued 1
Aug 14 20:31:26.472645 n kernel: hci0: skb 00000000bca4b4e2
Aug 14 20:31:26.475486 n kernel: hci0: result 0x00
Aug 14 20:31:26.475512 n kernel: hci0: end: err 0
Aug 14 20:31:26.475529 n kernel: hci0: Opcode 0x1001
Aug 14 20:31:26.475544 n kernel: hci0: opcode 0x1001 plen 0
Aug 14 20:31:26.475559 n kernel: hci0: skb len 3
Aug 14 20:31:26.475576 n kernel: hci0: length 1
Aug 14 20:31:26.475596 n kernel: hci0 cmd_cnt 1 cmd queued 1
Aug 14 20:31:26.475617 n kernel: hci0: skb 000000003edc81d8
Aug 14 20:31:26.478535 n kernel: hci0: result 0x00
Aug 14 20:31:26.478567 n kernel: hci0: end: err 0
Aug 14 20:31:26.478585 n kernel: hci0: Opcode 0x1009
Aug 14 20:31:26.478602 n kernel: hci0: opcode 0x1009 plen 0
Aug 14 20:31:26.478617 n kernel: hci0: skb len 3
Aug 14 20:31:26.478635 n kernel: hci0: length 1
Aug 14 20:31:26.478655 n kernel: hci0 cmd_cnt 1 cmd queued 1
Aug 14 20:31:26.478676 n kernel: hci0: skb 00000000fa21bcd9
Aug 14 20:31:26.481758 n kernel: hci0: result 0x00
Aug 14 20:31:26.481781 n kernel: hci0: end: err 0
Aug 14 20:31:26.481795 n kernel: hci0: 
Aug 14 20:31:26.481809 n kernel: hci0: Opcode 0x1002
Aug 14 20:31:26.481825 n kernel: hci0: opcode 0x1002 plen 0
Aug 14 20:31:26.481837 n kernel: hci0: skb len 3
Aug 14 20:31:26.481851 n kernel: hci0: length 1
Aug 14 20:31:26.481863 n kernel: hci0 cmd_cnt 1 cmd queued 1
Aug 14 20:31:26.481876 n kernel: hci0: skb 00000000f4de0531
Aug 14 20:31:26.488450 n kernel: hci0: result 0x00
Aug 14 20:31:26.488468 n kernel: hci0: end: err 0
Aug 14 20:31:26.488481 n kernel: hci0: Opcode 0x0c56
Aug 14 20:31:26.488494 n kernel: hci0: opcode 0x0c56 plen 1
Aug 14 20:31:26.488509 n kernel: hci0: skb len 4
Aug 14 20:31:26.488523 n kernel: hci0: length 1
Aug 14 20:31:26.488536 n kernel: hci0 cmd_cnt 1 cmd queued 1
Aug 14 20:31:26.488550 n kernel: hci0: skb 0000000004cd8f07
Aug 14 20:31:26.491504 n kernel: hci0: result 0x00
Aug 14 20:31:26.491525 n kernel: hci0: end: err 0
Aug 14 20:31:26.491545 n kernel: hci0: Opcode 0x0c45
Aug 14 20:31:26.491564 n kernel: hci0: opcode 0x0c45 plen 1
Aug 14 20:31:26.491580 n kernel: hci0: skb len 4
Aug 14 20:31:26.491595 n kernel: hci0: length 1
Aug 14 20:31:26.491612 n kernel: hci0 cmd_cnt 1 cmd queued 1
Aug 14 20:31:26.491628 n kernel: hci0: skb 000000000ab6c9d9
Aug 14 20:31:26.494985 n kernel: hci0: result 0x00
Aug 14 20:31:26.495004 n kernel: hci0: end: err 0
Aug 14 20:31:26.495017 n kernel: hci0: Opcode 0x0c58
Aug 14 20:31:26.495028 n kernel: hci0: opcode 0x0c58 plen 0
Aug 14 20:31:26.495039 n kernel: hci0: skb len 3
Aug 14 20:31:26.495051 n kernel: hci0: length 1
Aug 14 20:31:26.495062 n kernel: hci0 cmd_cnt 1 cmd queued 1
Aug 14 20:31:26.495073 n kernel: hci0: skb 00000000d34fac54
Aug 14 20:31:26.498467 n kernel: hci0: result 0x00
Aug 14 20:31:26.498480 n kernel: hci0: end: err 0
Aug 14 20:31:26.498491 n kernel: hci0: Opcode 0x1004
Aug 14 20:31:26.498500 n kernel: hci0: opcode 0x1004 plen 1
Aug 14 20:31:26.498509 n kernel: hci0: skb len 4
Aug 14 20:31:26.498519 n kernel: hci0: length 1
Aug 14 20:31:26.498528 n kernel: hci0 cmd_cnt 1 cmd queued 1
Aug 14 20:31:26.498537 n kernel: hci0: skb 00000000f6dd1d43
Aug 14 20:31:26.502504 n kernel: hci0: result 0x00
Aug 14 20:31:26.502530 n kernel: hci0: end: err 0
Aug 14 20:31:26.502550 n kernel: hci0: Opcode 0x1005
Aug 14 20:31:26.502566 n kernel: hci0: opcode 0x1005 plen 0
Aug 14 20:31:26.502582 n kernel: hci0: skb len 3
Aug 14 20:31:26.502597 n kernel: hci0: length 1
Aug 14 20:31:26.502613 n kernel: hci0 cmd_cnt 1 cmd queued 1
Aug 14 20:31:26.502629 n kernel: hci0: skb 00000000852fab3a
Aug 14 20:31:26.505490 n kernel: hci0: result 0x00
Aug 14 20:31:26.505522 n kernel: hci0: end: err 0
Aug 14 20:31:26.505543 n kernel: hci0: Opcode 0x0c23
Aug 14 20:31:26.505562 n kernel: hci0: opcode 0x0c23 plen 0
Aug 14 20:31:26.505582 n kernel: hci0: skb len 3
Aug 14 20:31:26.505603 n kernel: hci0: length 1
Aug 14 20:31:26.505625 n kernel: hci0 cmd_cnt 1 cmd queued 1
Aug 14 20:31:26.505646 n kernel: hci0: skb 00000000582f348f
Aug 14 20:31:26.508476 n kernel: hci0: result 0x00
Aug 14 20:31:26.508501 n kernel: hci0: end: err 0
Aug 14 20:31:26.508524 n kernel: hci0: Opcode 0x0c14
Aug 14 20:31:26.508544 n kernel: hci0: opcode 0x0c14 plen 0
Aug 14 20:31:26.508563 n kernel: hci0: skb len 3
Aug 14 20:31:26.508583 n kernel: hci0: length 1
Aug 14 20:31:26.508603 n kernel: hci0 cmd_cnt 1 cmd queued 1
Aug 14 20:31:26.508624 n kernel: hci0: skb 00000000b8f595d5
Aug 14 20:31:26.526512 n kernel: hci0: result 0x00
Aug 14 20:31:26.526524 n kernel: hci0: end: err 0
Aug 14 20:31:26.526534 n kernel: hci0: Opcode 0x0c25
Aug 14 20:31:26.526543 n kernel: hci0: opcode 0x0c25 plen 0
Aug 14 20:31:26.526554 n kernel: hci0: skb len 3
Aug 14 20:31:26.526566 n kernel: hci0: length 1
Aug 14 20:31:26.526576 n kernel: hci0 cmd_cnt 1 cmd queued 1
Aug 14 20:31:26.526585 n kernel: hci0: skb 00000000b71f4bc8
Aug 14 20:31:26.529500 n kernel: hci0: result 0x00
Aug 14 20:31:26.529529 n kernel: hci0: end: err 0
Aug 14 20:31:26.529545 n kernel: hci0: Opcode 0x0c38
Aug 14 20:31:26.529561 n kernel: hci0: opcode 0x0c38 plen 0
Aug 14 20:31:26.529578 n kernel: hci0: skb len 3
Aug 14 20:31:26.529596 n kernel: hci0: length 1
Aug 14 20:31:26.529612 n kernel: hci0 cmd_cnt 1 cmd queued 1
Aug 14 20:31:26.529628 n kernel: hci0: skb 000000007e8d4019
Aug 14 20:31:26.532422 n kernel: hci0: result 0x00
Aug 14 20:31:26.532434 n kernel: hci0: end: err 0
Aug 14 20:31:26.532445 n kernel: hci0: Opcode 0x0c39
Aug 14 20:31:26.532455 n kernel: hci0: opcode 0x0c39 plen 0
Aug 14 20:31:26.532465 n kernel: hci0: skb len 3
Aug 14 20:31:26.532475 n kernel: hci0: length 1
Aug 14 20:31:26.532485 n kernel: hci0 cmd_cnt 1 cmd queued 1
Aug 14 20:31:26.532495 n kernel: hci0: skb 00000000049896ec
Aug 14 20:31:26.535417 n kernel: hci0: result 0x00
Aug 14 20:31:26.535437 n kernel: hci0: end: err 0
Aug 14 20:31:26.535456 n kernel: hci0: Opcode 0x0c16
Aug 14 20:31:26.535474 n kernel: hci0: opcode 0x0c16 plen 2
Aug 14 20:31:26.535490 n kernel: hci0: skb len 5
Aug 14 20:31:26.535506 n kernel: hci0: length 1
Aug 14 20:31:26.535521 n kernel: hci0 cmd_cnt 1 cmd queued 1
Aug 14 20:31:26.535536 n kernel: hci0: skb 00000000c4022300
Aug 14 20:31:26.538411 n kernel: hci0: result 0x00
Aug 14 20:31:26.538431 n kernel: hci0: end: err 0
Aug 14 20:31:26.538452 n kernel: hci0: Opcode 0x2003
Aug 14 20:31:26.538469 n kernel: hci0: opcode 0x2003 plen 0
Aug 14 20:31:26.538484 n kernel: hci0: skb len 3
Aug 14 20:31:26.538499 n kernel: hci0: length 1
Aug 14 20:31:26.538514 n kernel: hci0 cmd_cnt 1 cmd queued 1
Aug 14 20:31:26.538530 n kernel: hci0: skb 00000000aa30374d
Aug 14 20:31:26.541411 n kernel: hci0: result 0x00
Aug 14 20:31:26.541431 n kernel: hci0: end: err 0
Aug 14 20:31:26.541447 n kernel: hci0: Opcode 0x2002
Aug 14 20:31:26.541463 n kernel: hci0: opcode 0x2002 plen 0
Aug 14 20:31:26.541480 n kernel: hci0: skb len 3
Aug 14 20:31:26.541496 n kernel: hci0: length 1
Aug 14 20:31:26.541511 n kernel: hci0 cmd_cnt 1 cmd queued 1
Aug 14 20:31:26.541527 n kernel: hci0: skb 000000003002d47c
Aug 14 20:31:26.544410 n kernel: hci0: result 0x00
Aug 14 20:31:26.544429 n kernel: hci0: end: err 0
Aug 14 20:31:26.544446 n kernel: hci0: Opcode 0x201c
Aug 14 20:31:26.544463 n kernel: hci0: opcode 0x201c plen 0
Aug 14 20:31:26.544479 n kernel: hci0: skb len 3
Aug 14 20:31:26.544495 n kernel: hci0: length 1
Aug 14 20:31:26.544510 n kernel: hci0 cmd_cnt 1 cmd queued 1
Aug 14 20:31:26.544527 n kernel: hci0: skb 0000000078aeaf61
Aug 14 20:31:26.547377 n kernel: hci0: result 0x00
Aug 14 20:31:26.547388 n kernel: hci0: end: err 0
Aug 14 20:31:26.547399 n kernel: hci0: 
Aug 14 20:31:26.547408 n kernel: hci0: Opcode 0x0c01
Aug 14 20:31:26.547417 n kernel: hci0: opcode 0x0c01 plen 8
Aug 14 20:31:26.547426 n kernel: hci0: skb len 11
Aug 14 20:31:26.547434 n kernel: hci0: length 1
Aug 14 20:31:26.547444 n kernel: hci0 cmd_cnt 1 cmd queued 1
Aug 14 20:31:26.547453 n kernel: hci0: skb 00000000c2fb9c5b
Aug 14 20:31:26.550410 n kernel: hci0: result 0x00
Aug 14 20:31:26.550429 n kernel: hci0: end: err 0
Aug 14 20:31:26.550446 n kernel: hci0: Opcode 0x0c0d
Aug 14 20:31:26.550463 n kernel: hci0: opcode 0x0c0d plen 7
Aug 14 20:31:26.550479 n kernel: hci0: skb len 10
Aug 14 20:31:26.550498 n kernel: hci0: length 1
Aug 14 20:31:26.550519 n kernel: hci0 cmd_cnt 1 cmd queued 1
Aug 14 20:31:26.550534 n kernel: hci0: skb 000000001d2887d3
Aug 14 20:31:26.553414 n kernel: hci0: result 0x00
Aug 14 20:31:26.553434 n kernel: hci0: end: err 0
Aug 14 20:31:26.553450 n kernel: hci0: Opcode 0x080f
Aug 14 20:31:26.553467 n kernel: hci0: opcode 0x080f plen 2
Aug 14 20:31:26.553485 n kernel: hci0: skb len 5
Aug 14 20:31:26.553502 n kernel: hci0: length 1
Aug 14 20:31:26.553518 n kernel: hci0 cmd_cnt 1 cmd queued 1
Aug 14 20:31:26.553533 n kernel: hci0: skb 000000008eb04ad6
Aug 14 20:31:26.556416 n kernel: hci0: result 0x00
Aug 14 20:31:26.556436 n kernel: hci0: end: err 0
Aug 14 20:31:26.556453 n kernel: hci0: Opcode 0x0c1b
Aug 14 20:31:26.556471 n kernel: hci0: opcode 0x0c1b plen 0
Aug 14 20:31:26.556488 n kernel: hci0: skb len 3
Aug 14 20:31:26.556505 n kernel: hci0: length 1
Aug 14 20:31:26.556521 n kernel: hci0 cmd_cnt 1 cmd queued 1
Aug 14 20:31:26.556536 n kernel: hci0: skb 00000000aeffe1b6
Aug 14 20:31:26.559423 n kernel: hci0: result 0x00
Aug 14 20:31:26.559443 n kernel: hci0: end: err 0
Aug 14 20:31:26.559460 n kernel: hci0: Opcode 0x0c46
Aug 14 20:31:26.559476 n kernel: hci0: opcode 0x0c46 plen 0
Aug 14 20:31:26.559492 n kernel: hci0: skb len 3
Aug 14 20:31:26.559511 n kernel: hci0: length 1
Aug 14 20:31:26.559530 n kernel: hci0 cmd_cnt 1 cmd queued 1
Aug 14 20:31:26.559547 n kernel: hci0: skb 00000000da5f4f5e
Aug 14 20:31:26.562412 n kernel: hci0: result 0x00
Aug 14 20:31:26.562433 n kernel: hci0: end: err 0
Aug 14 20:31:26.562449 n kernel: hci0: Opcode 0x1004
Aug 14 20:31:26.562465 n kernel: hci0: opcode 0x1004 plen 1
Aug 14 20:31:26.562486 n kernel: hci0: skb len 4
Aug 14 20:31:26.562504 n kernel: hci0: length 1
Aug 14 20:31:26.562520 n kernel: hci0 cmd_cnt 1 cmd queued 1
Aug 14 20:31:26.562535 n kernel: hci0: skb 00000000b3729a26
Aug 14 20:31:26.566424 n kernel: hci0: result 0x00
Aug 14 20:31:26.566449 n kernel: hci0: end: err 0
Aug 14 20:31:26.566503 n kernel: hci0: Opcode 0x2001
Aug 14 20:31:26.566527 n kernel: hci0: opcode 0x2001 plen 8
Aug 14 20:31:26.566544 n kernel: hci0: skb len 11
Aug 14 20:31:26.566559 n kernel: hci0: length 1
Aug 14 20:31:26.566575 n kernel: hci0 cmd_cnt 1 cmd queued 1
Aug 14 20:31:26.566591 n kernel: hci0: skb 00000000b0446792
Aug 14 20:31:26.569409 n kernel: hci0: result 0x00
Aug 14 20:31:26.569429 n kernel: hci0: end: err 0
Aug 14 20:31:26.569445 n kernel: hci0: Opcode 0x2007
Aug 14 20:31:26.569461 n kernel: hci0: opcode 0x2007 plen 0
Aug 14 20:31:26.569482 n kernel: hci0: skb len 3
Aug 14 20:31:26.569500 n kernel: hci0: length 1
Aug 14 20:31:26.569516 n kernel: hci0 cmd_cnt 1 cmd queued 1
Aug 14 20:31:26.569531 n kernel: hci0: skb 0000000002e6dac8
Aug 14 20:31:26.572409 n kernel: hci0: result 0x00
Aug 14 20:31:26.572428 n kernel: hci0: end: err 0
Aug 14 20:31:26.572517 n kernel: hci0: Opcode 0x200f
Aug 14 20:31:26.572534 n kernel: hci0: opcode 0x200f plen 0
Aug 14 20:31:26.572551 n kernel: hci0: skb len 3
Aug 14 20:31:26.572567 n kernel: hci0: length 1
Aug 14 20:31:26.572583 n kernel: hci0 cmd_cnt 1 cmd queued 1
Aug 14 20:31:26.572599 n kernel: hci0: skb 0000000074baf7f2
Aug 14 20:31:26.575409 n kernel: hci0: result 0x00
Aug 14 20:31:26.575429 n kernel: hci0: end: err 0
Aug 14 20:31:26.575445 n kernel: hci0: Opcode 0x2010
Aug 14 20:31:26.575460 n kernel: hci0: opcode 0x2010 plen 0
Aug 14 20:31:26.575483 n kernel: hci0: skb len 3
Aug 14 20:31:26.575503 n kernel: hci0: length 1
Aug 14 20:31:26.575518 n kernel: hci0 cmd_cnt 1 cmd queued 1
Aug 14 20:31:26.575534 n kernel: hci0: skb 000000008eb04ad6
Aug 14 20:31:26.578411 n kernel: hci0: result 0x00
Aug 14 20:31:26.578465 n kernel: hci0: end: err 0
Aug 14 20:31:26.578496 n kernel: hci0: Opcode 0x202a
Aug 14 20:31:26.578512 n kernel: hci0: opcode 0x202a plen 0
Aug 14 20:31:26.578528 n kernel: hci0: skb len 3
Aug 14 20:31:26.578543 n kernel: hci0: length 1
Aug 14 20:31:26.578558 n kernel: hci0 cmd_cnt 1 cmd queued 1
Aug 14 20:31:26.578574 n kernel: hci0: skb 000000001d2887d3
Aug 14 20:31:26.581410 n kernel: hci0: result 0x00
Aug 14 20:31:26.581430 n kernel: hci0: end: err 0
Aug 14 20:31:26.581446 n kernel: hci0: Opcode 0x2029
Aug 14 20:31:26.581462 n kernel: hci0: opcode 0x2029 plen 0
Aug 14 20:31:26.581477 n kernel: hci0: skb len 3
Aug 14 20:31:26.581487 n kernel: hci0: length 1
Aug 14 20:31:26.581497 n kernel: hci0 cmd_cnt 1 cmd queued 1
Aug 14 20:31:26.581506 n kernel: hci0: skb 00000000c2fb9c5b
Aug 14 20:31:26.584409 n kernel: hci0: result 0x00
Aug 14 20:31:26.584429 n kernel: hci0: end: err 0
Aug 14 20:31:26.584445 n kernel: hci0: Opcode 0x202e
Aug 14 20:31:26.584461 n kernel: hci0: opcode 0x202e plen 2
Aug 14 20:31:26.584479 n kernel: hci0: skb len 5
Aug 14 20:31:26.584497 n kernel: hci0: length 1
Aug 14 20:31:26.584513 n kernel: hci0 cmd_cnt 1 cmd queued 1
Aug 14 20:31:26.584528 n kernel: hci0: skb 0000000078aeaf61
Aug 14 20:31:26.587411 n kernel: hci0: result 0x00
Aug 14 20:31:26.587431 n kernel: hci0: end: err 0
Aug 14 20:31:26.587447 n kernel: hci0: Opcode 0x0c6d
Aug 14 20:31:26.587463 n kernel: hci0: opcode 0x0c6d plen 2
Aug 14 20:31:26.587483 n kernel: hci0: skb len 5
Aug 14 20:31:26.587501 n kernel: hci0: length 1
Aug 14 20:31:26.587516 n kernel: hci0 cmd_cnt 1 cmd queued 1
Aug 14 20:31:26.587532 n kernel: hci0: skb 000000003002d47c
Aug 14 20:31:26.590411 n kernel: hci0: result 0x00
Aug 14 20:31:26.590431 n kernel: hci0: end: err 0
Aug 14 20:31:26.590448 n kernel: hci0: 
Aug 14 20:31:26.590464 n kernel: hci0: Opcode 0x0c12
Aug 14 20:31:26.590482 n kernel: hci0: opcode 0x0c12 plen 7
Aug 14 20:31:26.590501 n kernel: hci0: skb len 10
Aug 14 20:31:26.590517 n kernel: hci0: length 1
Aug 14 20:31:26.590532 n kernel: hci0 cmd_cnt 1 cmd queued 1
Aug 14 20:31:26.590548 n kernel: hci0: skb 00000000aa30374d
Aug 14 20:31:26.593416 n kernel: hci0: result 0x00
Aug 14 20:31:26.593444 n kernel: hci0: end: err 0
Aug 14 20:31:26.593464 n kernel: hci0: Opcode 0x0c77
Aug 14 20:31:26.593481 n kernel: hci0: opcode 0x0c77 plen 0
Aug 14 20:31:26.593497 n kernel: hci0: skb len 3
Aug 14 20:31:26.593513 n kernel: hci0: length 1
Aug 14 20:31:26.593528 n kernel: hci0 cmd_cnt 1 cmd queued 1
Aug 14 20:31:26.593544 n kernel: hci0: skb 00000000c4022300
Aug 14 20:31:26.596423 n kernel: hci0: result 0x00
Aug 14 20:31:26.596703 n kernel: hci0: end: err 0
Aug 14 20:31:26.596843 n kernel: hci0: Opcode 0x0c7a
Aug 14 20:31:26.596873 n kernel: hci0: opcode 0x0c7a plen 1
Aug 14 20:31:26.596890 n kernel: hci0: skb len 4
Aug 14 20:31:26.596910 n kernel: hci0: length 1
Aug 14 20:31:26.596930 n kernel: hci0 cmd_cnt 1 cmd queued 1
Aug 14 20:31:26.596955 n kernel: hci0: skb 00000000049896ec
Aug 14 20:31:26.598367 n kernel: 00000000babfecdf name hci0 blocked 0
Aug 14 20:31:26.599382 n kernel: hci0: result 0x00
Aug 14 20:31:26.599423 n kernel: hci0: end: err 0
Aug 14 20:31:26.599438 n kernel: hci0: Opcode 0x0c1a
Aug 14 20:31:26.599464 n kernel: hci0: opcode 0x0c1a plen 1
Aug 14 20:31:26.599483 n kernel: hci0: skb len 4
Aug 14 20:31:26.599497 n kernel: hci0: length 1
Aug 14 20:31:26.599511 n kernel: hci0 cmd_cnt 1 cmd queued 1
Aug 14 20:31:26.599525 n kernel: hci0: skb 000000007e8d4019
Aug 14 20:31:26.602438 n kernel: hci0: result 0x00
Aug 14 20:31:26.602459 n kernel: hci0: end: err 0
Aug 14 20:31:26.602482 n kernel: hci0: 
Aug 14 20:31:26.602507 n kernel: hci0: Opcode 0x0c24
Aug 14 20:31:26.602523 n kernel: hci0: opcode 0x0c24 plen 3
Aug 14 20:31:26.602540 n kernel: hci0: skb len 6
Aug 14 20:31:26.602581 n kernel: hci0: length 1
Aug 14 20:31:26.602597 n kernel: hci0 cmd_cnt 1 cmd queued 1
Aug 14 20:31:26.602612 n kernel: hci0: skb 00000000b71f4bc8
Aug 14 20:31:26.605390 n kernel: hci0: result 0x00
Aug 14 20:31:26.605408 n kernel: hci0: end: err 0
Aug 14 20:31:26.605427 n kernel: hci0: Opcode 0x0c13
Aug 14 20:31:26.605455 n kernel: hci0: opcode 0x0c13 plen 248
Aug 14 20:31:26.605471 n kernel: hci0: skb len 251
Aug 14 20:31:26.605486 n kernel: hci0: length 1
Aug 14 20:31:26.605494 n kernel: hci0 cmd_cnt 1 cmd queued 1
Aug 14 20:31:26.605502 n kernel: hci0: skb 00000000b8f595d5
Aug 14 20:31:26.608410 n kernel: hci0: result 0x00
Aug 14 20:31:26.608431 n kernel: hci0: end: err 0
Aug 14 20:31:26.608462 n kernel: hci0: 
Aug 14 20:31:26.608488 n kernel: hci0: Opcode 0x0c52
Aug 14 20:31:26.608520 n kernel: hci0: opcode 0x0c52 plen 241
Aug 14 20:31:26.608536 n kernel: hci0: skb len 244
Aug 14 20:31:26.608552 n kernel: hci0: length 1
Aug 14 20:31:26.608567 n kernel: hci0 cmd_cnt 1 cmd queued 1
Aug 14 20:31:26.608593 n kernel: hci0: skb 00000000df88d9c6
Aug 14 20:31:26.611419 n kernel: hci0: result 0x00
Aug 14 20:31:26.611458 n kernel: hci0: end: err 0
Aug 14 20:31:26.611475 n kernel: hci0: entry 00000000468f6357
Aug 14 20:31:26.611497 n kernel: hci0: ADV monitoring is off
Aug 14 20:31:26.611519 n kernel: hci0: stopping background scanning
Aug 14 20:31:26.611535 n kernel: hci0: 
Aug 14 20:31:26.613365 n kernel: hci0: 
Aug 14 20:31:26.613374 n kernel: hci0: entry 00000000ea661feb
Aug 14 20:31:26.613383 n kernel: hci0: ADV monitoring is off
Aug 14 20:31:26.613392 n kernel: hci0: stopping background scanning
Aug 14 20:31:26.614377 n kernel: hci0: 
Aug 14 20:31:26.614392 n kernel: hci0: entry 00000000525cf781
Aug 14 20:31:26.614415 n kernel: hci0: Opcode 0x0c3a
Aug 14 20:31:26.614432 n kernel: hci0: opcode 0x0c3a plen 4
Aug 14 20:31:26.614443 n kernel: hci0: skb len 7
Aug 14 20:31:26.614455 n kernel: hci0: length 1
Aug 14 20:31:26.614466 n kernel: hci0 cmd_cnt 1 cmd queued 1
Aug 14 20:31:26.614477 n kernel: hci0: skb 00000000f94f09d9
Aug 14 20:31:26.616377 n kernel: hci0: result 0x00
Aug 14 20:31:26.616396 n kernel: hci0: end: err 0
Aug 14 20:31:26.616411 n kernel: hci0: Opcode 0x0c1a
Aug 14 20:31:26.616426 n kernel: hci0: opcode 0x0c1a plen 1
Aug 14 20:31:26.616441 n kernel: hci0: skb len 4
Aug 14 20:31:26.616455 n kernel: hci0: length 1
Aug 14 20:31:26.616469 n kernel: hci0 cmd_cnt 1 cmd queued 1
Aug 14 20:31:26.616483 n kernel: hci0: skb 000000000bd6798d
Aug 14 20:31:26.619398 n kernel: hci0: result 0x00
Aug 14 20:31:26.619415 n kernel: hci0: end: err 0
Aug 14 20:31:26.619430 n kernel: hci0: 
Aug 14 20:31:26.619459 n kernel: hci0: state 0 -> 1
Aug 14 20:31:26.619475 n kernel: hci0: 
Aug 14 20:31:26.619490 n kernel: hci0: entry 00000000a5320aa5
Aug 14 20:31:26.619506 n kernel: hci0: type 7
Aug 14 20:31:26.619532 n kernel: hci0: 
Aug 14 20:31:26.619547 n kernel: hci0: cancelling interleave scan
Aug 14 20:31:26.619568 n kernel: hci0: Opcode 0x2005
Aug 14 20:31:26.619584 n kernel: hci0: opcode 0x2005 plen 6
Aug 14 20:31:26.619599 n kernel: hci0: skb len 9
Aug 14 20:31:26.619614 n kernel: hci0: length 1
Aug 14 20:31:26.619635 n kernel: hci0 cmd_cnt 1 cmd queued 1
Aug 14 20:31:26.619770 n kernel: hci0: skb 00000000cfd840bf
Aug 14 20:31:26.622372 n kernel: hci0: result 0x00
Aug 14 20:31:26.622386 n kernel: hci0: end: err 0
Aug 14 20:31:26.622396 n kernel: hci0: Opcode 0x200b
Aug 14 20:31:26.622408 n kernel: hci0: opcode 0x200b plen 7
Aug 14 20:31:26.622417 n kernel: hci0: skb len 10
Aug 14 20:31:26.622429 n kernel: hci0: length 1
Aug 14 20:31:26.622439 n kernel: hci0 cmd_cnt 1 cmd queued 1
Aug 14 20:31:26.622448 n kernel: hci0: skb 00000000551af315
Aug 14 20:31:26.624361 n kernel: Bluetooth: hci0: unexpected event for opcode 0x2005
Aug 14 20:31:26.626429 n kernel: hci0: result 0x00
Aug 14 20:31:26.626448 n kernel: hci0: end: err 0
Aug 14 20:31:26.626463 n kernel: hci0: Opcode 0x200c
Aug 14 20:31:26.626489 n kernel: hci0: opcode 0x200c plen 2
Aug 14 20:31:26.626504 n kernel: hci0: skb len 5
Aug 14 20:31:26.626526 n kernel: hci0: length 1
Aug 14 20:31:26.626547 n kernel: hci0 cmd_cnt 1 cmd queued 1
Aug 14 20:31:26.626562 n kernel: hci0: skb 0000000004cd8f07
Aug 14 20:31:26.629345 n kernel: hci0: state 1 -> 2
Aug 14 20:31:26.629375 n kernel: hci0: result 0x00
Aug 14 20:31:26.629388 n kernel: hci0: end: err 0
Aug 14 20:31:26.629408 n kernel: hci0: timeout 5120 ms
Aug 14 20:31:26.748350 n kernel: 00000000babfecdf name hci0 blocked 1
Aug 14 20:31:26.748451 n kernel: hci0 00000000babfecdf
Aug 14 20:31:26.748475 n kernel: hci0: Opcode 0x0c1a
Aug 14 20:31:26.748486 n kernel: hci0: opcode 0x0c1a plen 1
Aug 14 20:31:26.748496 n kernel: hci0: skb len 4
Aug 14 20:31:26.748505 n kernel: hci0: length 1
Aug 14 20:31:26.748517 n kernel: hci0 cmd_cnt 1 cmd queued 1
Aug 14 20:31:26.748528 n kernel: hci0: skb 000000000bd6798d
Aug 14 20:31:26.751397 n kernel: hci0: result 0x00
Aug 14 20:31:26.751429 n kernel: hci0: end: err 0
Aug 14 20:31:26.751439 n kernel: hci0: state 2
Aug 14 20:31:26.751461 n kernel: hci0: Opcode 0x200c
Aug 14 20:31:26.751471 n kernel: hci0: opcode 0x200c plen 2
Aug 14 20:31:26.751480 n kernel: hci0: skb len 5
Aug 14 20:31:26.751491 n kernel: hci0: length 1
Aug 14 20:31:26.751500 n kernel: hci0 cmd_cnt 1 cmd queued 1
Aug 14 20:31:26.751516 n kernel: hci0: skb 00000000cb589ead
Aug 14 20:31:26.754528 n kernel: hci0: result 0x00
Aug 14 20:31:26.754549 n kernel: hci0: 
Aug 14 20:31:26.754568 n kernel: hci0: 
Aug 14 20:31:26.754586 n kernel: hci0: entry 00000000a5320aa5
Aug 14 20:31:26.754603 n kernel: hci0: end: err 0
Aug 14 20:31:26.754620 n kernel: hci0: 
Aug 14 20:31:26.760392 n kernel: hci0: err 0x13
Aug 14 20:31:26.760429 n kernel: hci0: cancelling interleave scan
Aug 14 20:31:26.760454 n kernel: hci0: state 2 -> 0
Aug 14 20:31:26.760515 n kernel: hdev hci0
Aug 14 20:31:26.760541 n kernel: hci0
Aug 14 20:31:26.760565 n kernel: hci0
Aug 14 20:31:26.760591 n kernel: hci0: 
Aug 14 20:31:26.931626 n kernel: 00000000babfecdf name hci0 blocked 0
Aug 14 20:31:26.931657 n kernel: hci0: 
Aug 14 20:31:26.931669 n kernel: hci0: entry 00000000cb70f8a2
Aug 14 20:31:26.931682 n kernel: hci0: 
Aug 14 20:31:26.931693 n kernel: hci0
Aug 14 20:31:26.931704 n kernel: hci0
Aug 14 20:31:26.931713 n kernel: hci0
Aug 14 20:31:26.931723 n kernel: hci0
Aug 14 20:31:26.931733 n kernel: hci0: 
Aug 14 20:31:26.931743 n kernel: hci0: 
Aug 14 20:31:26.931754 n kernel: hci0: Opcode 0x0c03
Aug 14 20:31:26.931783 n kernel: hci0: opcode 0x0c03 plen 0
Aug 14 20:31:26.931793 n kernel: hci0: skb len 3
Aug 14 20:31:26.931809 n kernel: hci0: length 1
Aug 14 20:31:26.931819 n kernel: hci0 cmd_cnt 1 cmd queued 1
Aug 14 20:31:26.931838 n kernel: hci0: skb 000000008cf62963
Aug 14 20:31:26.987529 n kernel: hci0: result 0x00
Aug 14 20:31:26.987546 n kernel: hci0: end: err 0
Aug 14 20:31:26.987554 n kernel: hci0: Opcode 0x1003
Aug 14 20:31:26.987561 n kernel: hci0: opcode 0x1003 plen 0
Aug 14 20:31:26.987568 n kernel: hci0: skb len 3
Aug 14 20:31:26.987576 n kernel: hci0: length 1
Aug 14 20:31:26.987584 n kernel: hci0 cmd_cnt 1 cmd queued 1
Aug 14 20:31:26.987593 n kernel: hci0: skb 00000000afc856af
Aug 14 20:31:26.990511 n kernel: hci0: result 0x00
Aug 14 20:31:26.990531 n kernel: hci0: end: err 0
Aug 14 20:31:26.990550 n kernel: hci0: Opcode 0x1001
Aug 14 20:31:26.990567 n kernel: hci0: opcode 0x1001 plen 0
Aug 14 20:31:26.990583 n kernel: hci0: skb len 3
Aug 14 20:31:26.990599 n kernel: hci0: length 1
Aug 14 20:31:26.990614 n kernel: hci0 cmd_cnt 1 cmd queued 1
Aug 14 20:31:26.990630 n kernel: hci0: skb 00000000413dffce
Aug 14 20:31:26.994478 n kernel: hci0: result 0x00
Aug 14 20:31:26.994490 n kernel: hci0: end: err 0
Aug 14 20:31:26.994500 n kernel: hci0: Opcode 0x1009
Aug 14 20:31:26.994509 n kernel: hci0: opcode 0x1009 plen 0
Aug 14 20:31:26.994518 n kernel: hci0: skb len 3
Aug 14 20:31:26.994529 n kernel: hci0: length 1
Aug 14 20:31:26.994539 n kernel: hci0 cmd_cnt 1 cmd queued 1
Aug 14 20:31:26.994547 n kernel: hci0: skb 00000000b2de1b23
Aug 14 20:31:26.997444 n kernel: hci0: result 0x00
Aug 14 20:31:26.997462 n kernel: hci0: end: err 0
Aug 14 20:31:26.997494 n kernel: hci0: 
Aug 14 20:31:26.997507 n kernel: hci0: Opcode 0x1002
Aug 14 20:31:26.997526 n kernel: hci0: opcode 0x1002 plen 0
Aug 14 20:31:26.997540 n kernel: hci0: skb len 3
Aug 14 20:31:26.997553 n kernel: hci0: length 1
Aug 14 20:31:26.997565 n kernel: hci0 cmd_cnt 1 cmd queued 1
Aug 14 20:31:26.997577 n kernel: hci0: skb 0000000009323da2
Aug 14 20:31:27.003538 n kernel: hci0: result 0x00
Aug 14 20:31:27.003559 n kernel: hci0: end: err 0
Aug 14 20:31:27.003575 n kernel: hci0: Opcode 0x0c56
Aug 14 20:31:27.003592 n kernel: hci0: opcode 0x0c56 plen 1
Aug 14 20:31:27.003611 n kernel: hci0: skb len 4
Aug 14 20:31:27.003678 n kernel: hci0: length 1
Aug 14 20:31:27.003695 n kernel: hci0 cmd_cnt 1 cmd queued 1
Aug 14 20:31:27.003711 n kernel: hci0: skb 000000003a37fc14
Aug 14 20:31:27.007478 n kernel: hci0: result 0x00
Aug 14 20:31:27.007498 n kernel: hci0: end: err 0
Aug 14 20:31:27.007512 n kernel: hci0: Opcode 0x0c45
Aug 14 20:31:27.007520 n kernel: hci0: opcode 0x0c45 plen 1
Aug 14 20:31:27.007528 n kernel: hci0: skb len 4
Aug 14 20:31:27.007551 n kernel: hci0: length 1
Aug 14 20:31:27.007559 n kernel: hci0 cmd_cnt 1 cmd queued 1
Aug 14 20:31:27.007567 n kernel: hci0: skb 0000000046114d61
Aug 14 20:31:27.009509 n kernel: hci0: result 0x00
Aug 14 20:31:27.009543 n kernel: hci0: end: err 0
Aug 14 20:31:27.009560 n kernel: hci0: Opcode 0x0c58
Aug 14 20:31:27.009577 n kernel: hci0: opcode 0x0c58 plen 0
Aug 14 20:31:27.009630 n kernel: hci0: skb len 3
Aug 14 20:31:27.009658 n kernel: hci0: length 1
Aug 14 20:31:27.009677 n kernel: hci0 cmd_cnt 1 cmd queued 1
Aug 14 20:31:27.009713 n kernel: hci0: skb 0000000084a39f1a
Aug 14 20:31:27.012515 n kernel: hci0: result 0x00
Aug 14 20:31:27.012562 n kernel: hci0: end: err 0
Aug 14 20:31:27.012586 n kernel: hci0: Opcode 0x1004
Aug 14 20:31:27.012627 n kernel: hci0: opcode 0x1004 plen 1
Aug 14 20:31:27.012653 n kernel: hci0: skb len 4
Aug 14 20:31:27.012668 n kernel: hci0: length 1
Aug 14 20:31:27.012681 n kernel: hci0 cmd_cnt 1 cmd queued 1
Aug 14 20:31:27.012698 n kernel: hci0: skb 000000009694a8ee
Aug 14 20:31:27.016390 n kernel: hci0: result 0x00
Aug 14 20:31:27.016409 n kernel: hci0: end: err 0
Aug 14 20:31:27.016421 n kernel: hci0: Opcode 0x1005
Aug 14 20:31:27.016432 n kernel: hci0: opcode 0x1005 plen 0
Aug 14 20:31:27.016446 n kernel: hci0: skb len 3
Aug 14 20:31:27.016456 n kernel: hci0: length 1
Aug 14 20:31:27.016467 n kernel: hci0 cmd_cnt 1 cmd queued 1
Aug 14 20:31:27.016479 n kernel: hci0: skb 000000008ba6385a
Aug 14 20:31:27.019411 n kernel: hci0: result 0x00
Aug 14 20:31:27.019430 n kernel: hci0: end: err 0
Aug 14 20:31:27.019446 n kernel: hci0: Opcode 0x0c23
Aug 14 20:31:27.019464 n kernel: hci0: opcode 0x0c23 plen 0
Aug 14 20:31:27.019481 n kernel: hci0: skb len 3
Aug 14 20:31:27.019497 n kernel: hci0: length 1
Aug 14 20:31:27.019547 n kernel: hci0 cmd_cnt 1 cmd queued 1
Aug 14 20:31:27.019568 n kernel: hci0: skb 00000000abf929d9
Aug 14 20:31:27.022376 n kernel: hci0: result 0x00
Aug 14 20:31:27.022387 n kernel: hci0: end: err 0
Aug 14 20:31:27.022398 n kernel: hci0: Opcode 0x0c14
Aug 14 20:31:27.022414 n kernel: hci0: opcode 0x0c14 plen 0
Aug 14 20:31:27.022423 n kernel: hci0: skb len 3
Aug 14 20:31:27.022431 n kernel: hci0: length 1
Aug 14 20:31:27.022439 n kernel: hci0 cmd_cnt 1 cmd queued 1
Aug 14 20:31:27.022450 n kernel: hci0: skb 000000003b9005ce
Aug 14 20:31:27.040444 n kernel: hci0: result 0x00
Aug 14 20:31:27.040456 n kernel: hci0: end: err 0
Aug 14 20:31:27.040468 n kernel: hci0: Opcode 0x0c25
Aug 14 20:31:27.040477 n kernel: hci0: opcode 0x0c25 plen 0
Aug 14 20:31:27.040487 n kernel: hci0: skb len 3
Aug 14 20:31:27.040497 n kernel: hci0: length 1
Aug 14 20:31:27.040506 n kernel: hci0 cmd_cnt 1 cmd queued 1
Aug 14 20:31:27.040517 n kernel: hci0: skb 0000000060e296cb
Aug 14 20:31:27.044506 n kernel: hci0: result 0x00
Aug 14 20:31:27.044519 n kernel: hci0: end: err 0
Aug 14 20:31:27.044541 n kernel: hci0: Opcode 0x0c38
Aug 14 20:31:27.044550 n kernel: hci0: opcode 0x0c38 plen 0
Aug 14 20:31:27.044560 n kernel: hci0: skb len 3
Aug 14 20:31:27.044573 n kernel: hci0: length 1
Aug 14 20:31:27.044583 n kernel: hci0 cmd_cnt 1 cmd queued 1
Aug 14 20:31:27.044601 n kernel: hci0: skb 00000000c252acfa
Aug 14 20:31:27.046492 n kernel: hci0: result 0x00
Aug 14 20:31:27.046513 n kernel: hci0: end: err 0
Aug 14 20:31:27.046533 n kernel: hci0: Opcode 0x0c39
Aug 14 20:31:27.046550 n kernel: hci0: opcode 0x0c39 plen 0
Aug 14 20:31:27.046566 n kernel: hci0: skb len 3
Aug 14 20:31:27.046582 n kernel: hci0: length 1
Aug 14 20:31:27.046597 n kernel: hci0 cmd_cnt 1 cmd queued 1
Aug 14 20:31:27.046617 n kernel: hci0: skb 000000009e7ebd3f
Aug 14 20:31:27.049517 n kernel: hci0: result 0x00
Aug 14 20:31:27.049560 n kernel: hci0: end: err 0
Aug 14 20:31:27.049577 n kernel: hci0: Opcode 0x0c16
Aug 14 20:31:27.049592 n kernel: hci0: opcode 0x0c16 plen 2
Aug 14 20:31:27.049608 n kernel: hci0: skb len 5
Aug 14 20:31:27.049625 n kernel: hci0: length 1
Aug 14 20:31:27.049660 n kernel: hci0 cmd_cnt 1 cmd queued 1
Aug 14 20:31:27.049676 n kernel: hci0: skb 00000000b254765a
Aug 14 20:31:27.052571 n kernel: hci0: result 0x00
Aug 14 20:31:27.052591 n kernel: hci0: end: err 0
Aug 14 20:31:27.052611 n kernel: hci0: Opcode 0x2003
Aug 14 20:31:27.052631 n kernel: hci0: opcode 0x2003 plen 0
Aug 14 20:31:27.052653 n kernel: hci0: skb len 3
Aug 14 20:31:27.052679 n kernel: hci0: length 1
Aug 14 20:31:27.052698 n kernel: hci0 cmd_cnt 1 cmd queued 1
Aug 14 20:31:27.052718 n kernel: hci0: skb 0000000097beaba1
Aug 14 20:31:27.055492 n kernel: hci0: result 0x00
Aug 14 20:31:27.055512 n kernel: hci0: end: err 0
Aug 14 20:31:27.055530 n kernel: hci0: Opcode 0x2002
Aug 14 20:31:27.055548 n kernel: hci0: opcode 0x2002 plen 0
Aug 14 20:31:27.055563 n kernel: hci0: skb len 3
Aug 14 20:31:27.055579 n kernel: hci0: length 1
Aug 14 20:31:27.055596 n kernel: hci0 cmd_cnt 1 cmd queued 1
Aug 14 20:31:27.055613 n kernel: hci0: skb 00000000ec82389e
Aug 14 20:31:27.058546 n kernel: hci0: result 0x00
Aug 14 20:31:27.058573 n kernel: hci0: end: err 0
Aug 14 20:31:27.058590 n kernel: hci0: Opcode 0x201c
Aug 14 20:31:27.058605 n kernel: hci0: opcode 0x201c plen 0
Aug 14 20:31:27.058636 n kernel: hci0: skb len 3
Aug 14 20:31:27.058659 n kernel: hci0: length 1
Aug 14 20:31:27.058679 n kernel: hci0 cmd_cnt 1 cmd queued 1
Aug 14 20:31:27.058700 n kernel: hci0: skb 0000000059c7d735
Aug 14 20:31:27.061492 n kernel: hci0: result 0x00
Aug 14 20:31:27.061514 n kernel: hci0: end: err 0
Aug 14 20:31:27.061534 n kernel: hci0: 
Aug 14 20:31:27.061551 n kernel: hci0: Opcode 0x0c01
Aug 14 20:31:27.061567 n kernel: hci0: opcode 0x0c01 plen 8
Aug 14 20:31:27.061583 n kernel: hci0: skb len 11
Aug 14 20:31:27.061600 n kernel: hci0: length 1
Aug 14 20:31:27.061618 n kernel: hci0 cmd_cnt 1 cmd queued 1
Aug 14 20:31:27.061636 n kernel: hci0: skb 000000004cc954bd
Aug 14 20:31:27.064480 n kernel: hci0: result 0x00
Aug 14 20:31:27.064507 n kernel: hci0: end: err 0
Aug 14 20:31:27.064523 n kernel: hci0: Opcode 0x0c0d
Aug 14 20:31:27.064541 n kernel: hci0: opcode 0x0c0d plen 7
Aug 14 20:31:27.064559 n kernel: hci0: skb len 10
Aug 14 20:31:27.064576 n kernel: hci0: length 1
Aug 14 20:31:27.064592 n kernel: hci0 cmd_cnt 1 cmd queued 1
Aug 14 20:31:27.064607 n kernel: hci0: skb 000000008ac7638b
Aug 14 20:31:27.067442 n kernel: hci0: result 0x00
Aug 14 20:31:27.067460 n kernel: hci0: end: err 0
Aug 14 20:31:27.067473 n kernel: hci0: Opcode 0x080f
Aug 14 20:31:27.067485 n kernel: hci0: opcode 0x080f plen 2
Aug 14 20:31:27.067526 n kernel: hci0: skb len 5
Aug 14 20:31:27.067539 n kernel: hci0: length 1
Aug 14 20:31:27.067552 n kernel: hci0 cmd_cnt 1 cmd queued 1
Aug 14 20:31:27.067564 n kernel: hci0: skb 0000000063085fe0
Aug 14 20:31:27.070492 n kernel: hci0: result 0x00
Aug 14 20:31:27.070524 n kernel: hci0: end: err 0
Aug 14 20:31:27.070548 n kernel: hci0: Opcode 0x0c1b
Aug 14 20:31:27.070570 n kernel: hci0: opcode 0x0c1b plen 0
Aug 14 20:31:27.070593 n kernel: hci0: skb len 3
Aug 14 20:31:27.070617 n kernel: hci0: length 1
Aug 14 20:31:27.070641 n kernel: hci0 cmd_cnt 1 cmd queued 1
Aug 14 20:31:27.070667 n kernel: hci0: skb 00000000c688f555
Aug 14 20:31:27.073455 n kernel: hci0: result 0x00
Aug 14 20:31:27.073475 n kernel: hci0: end: err 0
Aug 14 20:31:27.073491 n kernel: hci0: Opcode 0x0c46
Aug 14 20:31:27.073523 n kernel: hci0: opcode 0x0c46 plen 0
Aug 14 20:31:27.073537 n kernel: hci0: skb len 3
Aug 14 20:31:27.073553 n kernel: hci0: length 1
Aug 14 20:31:27.073570 n kernel: hci0 cmd_cnt 1 cmd queued 1
Aug 14 20:31:27.073584 n kernel: hci0: skb 00000000a714b05a
Aug 14 20:31:27.076460 n kernel: hci0: result 0x00
Aug 14 20:31:27.076510 n kernel: hci0: end: err 0
Aug 14 20:31:27.076526 n kernel: hci0: Opcode 0x1004
Aug 14 20:31:27.076541 n kernel: hci0: opcode 0x1004 plen 1
Aug 14 20:31:27.076557 n kernel: hci0: skb len 4
Aug 14 20:31:27.076573 n kernel: hci0: length 1
Aug 14 20:31:27.076588 n kernel: hci0 cmd_cnt 1 cmd queued 1
Aug 14 20:31:27.076604 n kernel: hci0: skb 000000002b7cdc35
Aug 14 20:31:27.080493 n kernel: hci0: result 0x00
Aug 14 20:31:27.080530 n kernel: hci0: end: err 0
Aug 14 20:31:27.080559 n kernel: hci0: Opcode 0x2001
Aug 14 20:31:27.080610 n kernel: hci0: opcode 0x2001 plen 8
Aug 14 20:31:27.080637 n kernel: hci0: skb len 11
Aug 14 20:31:27.080658 n kernel: hci0: length 1
Aug 14 20:31:27.080677 n kernel: hci0 cmd_cnt 1 cmd queued 1
Aug 14 20:31:27.080694 n kernel: hci0: skb 00000000dc2098a6
Aug 14 20:31:27.083446 n kernel: hci0: result 0x00
Aug 14 20:31:27.083461 n kernel: hci0: end: err 0
Aug 14 20:31:27.083471 n kernel: hci0: Opcode 0x2007
Aug 14 20:31:27.083479 n kernel: hci0: opcode 0x2007 plen 0
Aug 14 20:31:27.083489 n kernel: hci0: skb len 3
Aug 14 20:31:27.083499 n kernel: hci0: length 1
Aug 14 20:31:27.083508 n kernel: hci0 cmd_cnt 1 cmd queued 1
Aug 14 20:31:27.083518 n kernel: hci0: skb 0000000046d90d8c
Aug 14 20:31:27.086508 n kernel: hci0: result 0x00
Aug 14 20:31:27.086546 n kernel: hci0: end: err 0
Aug 14 20:31:27.086563 n kernel: hci0: Opcode 0x200f
Aug 14 20:31:27.086579 n kernel: hci0: opcode 0x200f plen 0
Aug 14 20:31:27.086594 n kernel: hci0: skb len 3
Aug 14 20:31:27.086610 n kernel: hci0: length 1
Aug 14 20:31:27.086651 n kernel: hci0 cmd_cnt 1 cmd queued 1
Aug 14 20:31:27.086670 n kernel: hci0: skb 00000000c4022300
Aug 14 20:31:27.089441 n kernel: hci0: result 0x00
Aug 14 20:31:27.089453 n kernel: hci0: end: err 0
Aug 14 20:31:27.089462 n kernel: hci0: Opcode 0x2010
Aug 14 20:31:27.089491 n kernel: hci0: opcode 0x2010 plen 0
Aug 14 20:31:27.089500 n kernel: hci0: skb len 3
Aug 14 20:31:27.089516 n kernel: hci0: length 1
Aug 14 20:31:27.089525 n kernel: hci0 cmd_cnt 1 cmd queued 1
Aug 14 20:31:27.089537 n kernel: hci0: skb 00000000305e9aa5
Aug 14 20:31:27.092519 n kernel: hci0: result 0x00
Aug 14 20:31:27.092548 n kernel: hci0: end: err 0
Aug 14 20:31:27.092566 n kernel: hci0: Opcode 0x202a
Aug 14 20:31:27.092582 n kernel: hci0: opcode 0x202a plen 0
Aug 14 20:31:27.092597 n kernel: hci0: skb len 3
Aug 14 20:31:27.092613 n kernel: hci0: length 1
Aug 14 20:31:27.092629 n kernel: hci0 cmd_cnt 1 cmd queued 1
Aug 14 20:31:27.092650 n kernel: hci0: skb 00000000c2c3cbe5
Aug 14 20:31:27.095519 n kernel: hci0: result 0x00
Aug 14 20:31:27.095540 n kernel: hci0: end: err 0
Aug 14 20:31:27.095567 n kernel: hci0: Opcode 0x2029
Aug 14 20:31:27.095583 n kernel: hci0: opcode 0x2029 plen 0
Aug 14 20:31:27.095601 n kernel: hci0: skb len 3
Aug 14 20:31:27.095621 n kernel: hci0: length 1
Aug 14 20:31:27.095638 n kernel: hci0 cmd_cnt 1 cmd queued 1
Aug 14 20:31:27.095655 n kernel: hci0: skb 00000000ed6809c3
Aug 14 20:31:27.098368 n kernel: 00000000babfecdf name hci0 blocked 0
Aug 14 20:31:27.098416 n kernel: hci0: result 0x00
Aug 14 20:31:27.098426 n kernel: hci0: end: err 0
Aug 14 20:31:27.098436 n kernel: hci0: Opcode 0x202e
Aug 14 20:31:27.098446 n kernel: hci0: opcode 0x202e plen 2
Aug 14 20:31:27.098456 n kernel: hci0: skb len 5
Aug 14 20:31:27.098466 n kernel: hci0: length 1
Aug 14 20:31:27.098477 n kernel: hci0 cmd_cnt 1 cmd queued 1
Aug 14 20:31:27.098486 n kernel: hci0: skb 00000000a4b2d35e
Aug 14 20:31:27.101424 n kernel: hci0: result 0x00
Aug 14 20:31:27.101440 n kernel: hci0: end: err 0
Aug 14 20:31:27.101464 n kernel: hci0: Opcode 0x0c6d
Aug 14 20:31:27.101482 n kernel: hci0: opcode 0x0c6d plen 2
Aug 14 20:31:27.101496 n kernel: hci0: skb len 5
Aug 14 20:31:27.101509 n kernel: hci0: length 1
Aug 14 20:31:27.101520 n kernel: hci0 cmd_cnt 1 cmd queued 1
Aug 14 20:31:27.101534 n kernel: hci0: skb 000000009a6a0d9a
Aug 14 20:31:27.104444 n kernel: hci0: result 0x00
Aug 14 20:31:27.104465 n kernel: hci0: end: err 0
Aug 14 20:31:27.104481 n kernel: hci0: 
Aug 14 20:31:27.104497 n kernel: hci0: Opcode 0x0c12
Aug 14 20:31:27.104514 n kernel: hci0: opcode 0x0c12 plen 7
Aug 14 20:31:27.104560 n kernel: hci0: skb len 10
Aug 14 20:31:27.104576 n kernel: hci0: length 1
Aug 14 20:31:27.104591 n kernel: hci0 cmd_cnt 1 cmd queued 1
Aug 14 20:31:27.104606 n kernel: hci0: skb 00000000d776f406
Aug 14 20:31:27.107429 n kernel: hci0: result 0x00
Aug 14 20:31:27.107450 n kernel: hci0: end: err 0
Aug 14 20:31:27.107468 n kernel: hci0: Opcode 0x0c77
Aug 14 20:31:27.107486 n kernel: hci0: opcode 0x0c77 plen 0
Aug 14 20:31:27.107503 n kernel: hci0: skb len 3
Aug 14 20:31:27.107523 n kernel: hci0: length 1
Aug 14 20:31:27.107538 n kernel: hci0 cmd_cnt 1 cmd queued 1
Aug 14 20:31:27.107554 n kernel: hci0: skb 00000000bf81dfd8
Aug 14 20:31:27.110444 n kernel: hci0: result 0x00
Aug 14 20:31:27.110464 n kernel: hci0: end: err 0
Aug 14 20:31:27.110480 n kernel: hci0: Opcode 0x0c7a
Aug 14 20:31:27.110496 n kernel: hci0: opcode 0x0c7a plen 1
Aug 14 20:31:27.110515 n kernel: hci0: skb len 4
Aug 14 20:31:27.110535 n kernel: hci0: length 1
Aug 14 20:31:27.110550 n kernel: hci0 cmd_cnt 1 cmd queued 1
Aug 14 20:31:27.110566 n kernel: hci0: skb 0000000076d97ae7
Aug 14 20:31:27.113433 n kernel: hci0: result 0x00
Aug 14 20:31:27.113453 n kernel: hci0: end: err 0
Aug 14 20:31:27.113469 n kernel: hci0: Opcode 0x0c1a
Aug 14 20:31:27.113488 n kernel: hci0: opcode 0x0c1a plen 1
Aug 14 20:31:27.113507 n kernel: hci0: skb len 4
Aug 14 20:31:27.113523 n kernel: hci0: length 1
Aug 14 20:31:27.113539 n kernel: hci0 cmd_cnt 1 cmd queued 1
Aug 14 20:31:27.113555 n kernel: hci0: skb 0000000052de87fe
Aug 14 20:31:27.116430 n kernel: hci0: result 0x00
Aug 14 20:31:27.116452 n kernel: hci0: end: err 0
Aug 14 20:31:27.116469 n kernel: hci0: 
Aug 14 20:31:27.116527 n kernel: hci0: Opcode 0x0c24
Aug 14 20:31:27.116544 n kernel: hci0: opcode 0x0c24 plen 3
Aug 14 20:31:27.116560 n kernel: hci0: skb len 6
Aug 14 20:31:27.116576 n kernel: hci0: length 1
Aug 14 20:31:27.116592 n kernel: hci0 cmd_cnt 1 cmd queued 1
Aug 14 20:31:27.116607 n kernel: hci0: skb 000000002ee56e50
Aug 14 20:31:27.119394 n kernel: hci0: result 0x00
Aug 14 20:31:27.119412 n kernel: hci0: end: err 0
Aug 14 20:31:27.119427 n kernel: hci0: Opcode 0x0c13
Aug 14 20:31:27.119443 n kernel: hci0: opcode 0x0c13 plen 248
Aug 14 20:31:27.119460 n kernel: hci0: skb len 251
Aug 14 20:31:27.119475 n kernel: hci0: length 1
Aug 14 20:31:27.119492 n kernel: hci0 cmd_cnt 1 cmd queued 1
Aug 14 20:31:27.119516 n kernel: hci0: skb 000000008abfa237
Aug 14 20:31:27.122434 n kernel: hci0: result 0x00
Aug 14 20:31:27.122456 n kernel: hci0: end: err 0
Aug 14 20:31:27.122473 n kernel: hci0: 
Aug 14 20:31:27.122489 n kernel: hci0: Opcode 0x0c52
Aug 14 20:31:27.122506 n kernel: hci0: opcode 0x0c52 plen 241
Aug 14 20:31:27.122522 n kernel: hci0: skb len 244
Aug 14 20:31:27.122539 n kernel: hci0: length 1
Aug 14 20:31:27.122569 n kernel: hci0 cmd_cnt 1 cmd queued 1
Aug 14 20:31:27.122586 n kernel: hci0: skb 000000006f79f88b
Aug 14 20:31:27.125413 n kernel: hci0: result 0x00
Aug 14 20:31:27.125444 n kernel: hci0: end: err 0
Aug 14 20:31:27.125461 n kernel: hci0: entry 00000000777bd3c2
Aug 14 20:31:27.125490 n kernel: hci0: ADV monitoring is off
Aug 14 20:31:27.125501 n kernel: hci0: stopping background scanning
Aug 14 20:31:27.125510 n kernel: hci0: 
Aug 14 20:31:27.127366 n kernel: hci0: 
Aug 14 20:31:27.127378 n kernel: hci0: entry 00000000e5e7fb52
Aug 14 20:31:27.127390 n kernel: hci0: ADV monitoring is off
Aug 14 20:31:27.127402 n kernel: hci0: stopping background scanning
Aug 14 20:31:27.127424 n kernel: hci0: 
Aug 14 20:31:27.127436 n kernel: hci0: entry 00000000b8ed5a1d
Aug 14 20:31:27.127447 n kernel: hci0: Opcode 0x0c3a
Aug 14 20:31:27.127459 n kernel: hci0: opcode 0x0c3a plen 4
Aug 14 20:31:27.127470 n kernel: hci0: skb len 7
Aug 14 20:31:27.127482 n kernel: hci0: length 1
Aug 14 20:31:27.127493 n kernel: hci0 cmd_cnt 1 cmd queued 1
Aug 14 20:31:27.127504 n kernel: hci0: skb 00000000d3a95fa4
Aug 14 20:31:27.130364 n kernel: hci0: result 0x00
Aug 14 20:31:27.130377 n kernel: hci0: end: err 0
Aug 14 20:31:27.130390 n kernel: hci0: Opcode 0x0c1a
Aug 14 20:31:27.130402 n kernel: hci0: opcode 0x0c1a plen 1
Aug 14 20:31:27.130424 n kernel: hci0: skb len 4
Aug 14 20:31:27.130436 n kernel: hci0: length 1
Aug 14 20:31:27.130447 n kernel: hci0 cmd_cnt 1 cmd queued 1
Aug 14 20:31:27.130497 n kernel: hci0: skb 00000000af88bee1
Aug 14 20:31:27.133364 n kernel: hci0: result 0x00
Aug 14 20:31:27.133379 n kernel: hci0: end: err 0
Aug 14 20:31:27.133392 n kernel: hci0: 
Aug 14 20:31:27.133418 n kernel: hci0: state 0 -> 1
Aug 14 20:31:27.133432 n kernel: hci0: 
Aug 14 20:31:27.133444 n kernel: hci0: entry 00000000dd98ecc7
Aug 14 20:31:27.133466 n kernel: hci0: type 7
Aug 14 20:31:27.133480 n kernel: hci0: 
Aug 14 20:31:27.133493 n kernel: hci0: cancelling interleave scan
Aug 14 20:31:27.133507 n kernel: hci0: Opcode 0x2005
Aug 14 20:31:27.133527 n kernel: hci0: opcode 0x2005 plen 6
Aug 14 20:31:27.133541 n kernel: hci0: skb len 9
Aug 14 20:31:27.133562 n kernel: hci0: length 1
Aug 14 20:31:27.133574 n kernel: hci0 cmd_cnt 1 cmd queued 1
Aug 14 20:31:27.133585 n kernel: hci0: skb 00000000c2fb9c5b
Aug 14 20:31:27.136370 n kernel: hci0: result 0x00
Aug 14 20:31:27.136385 n kernel: hci0: end: err 0
Aug 14 20:31:27.136398 n kernel: hci0: Opcode 0x200b
Aug 14 20:31:27.136411 n kernel: hci0: opcode 0x200b plen 7
Aug 14 20:31:27.136425 n kernel: hci0: skb len 10
Aug 14 20:31:27.136437 n kernel: hci0: length 1
Aug 14 20:31:27.136451 n kernel: hci0 cmd_cnt 1 cmd queued 1
Aug 14 20:31:27.136463 n kernel: hci0: skb 00000000662d2034
Aug 14 20:31:27.138423 n kernel: Bluetooth: hci0: unexpected event for opcode 0x2005
Aug 14 20:31:27.140367 n kernel: hci0: result 0x00
Aug 14 20:31:27.140376 n kernel: hci0: end: err 0
Aug 14 20:31:27.140386 n kernel: hci0: Opcode 0x200c
Aug 14 20:31:27.140400 n kernel: hci0: opcode 0x200c plen 2
Aug 14 20:31:27.140413 n kernel: hci0: skb len 5
Aug 14 20:31:27.140427 n kernel: hci0: length 1
Aug 14 20:31:27.140441 n kernel: hci0 cmd_cnt 1 cmd queued 1
Aug 14 20:31:27.140451 n kernel: hci0: skb 000000005ea553cc
Aug 14 20:31:27.143344 n kernel: hci0: state 1 -> 2
Aug 14 20:31:27.143380 n kernel: hci0: result 0x00
Aug 14 20:31:27.143398 n kernel: hci0: end: err 0
Aug 14 20:31:27.143410 n kernel: hci0: timeout 5120 ms
Aug 14 20:31:28.299379 n kernel: 00000000babfecdf name hci0 blocked 1
Aug 14 20:31:28.299473 n kernel: hci0 00000000babfecdf
Aug 14 20:31:28.299486 n kernel: hci0: Opcode 0x0c1a
Aug 14 20:31:28.299499 n kernel: hci0: opcode 0x0c1a plen 1
Aug 14 20:31:28.299511 n kernel: hci0: skb len 4
Aug 14 20:31:28.299522 n kernel: hci0: length 1
Aug 14 20:31:28.299532 n kernel: hci0 cmd_cnt 1 cmd queued 1
Aug 14 20:31:28.299543 n kernel: hci0: skb 0000000069480335
Aug 14 20:31:28.301377 n kernel: hci0: result 0x00
Aug 14 20:31:28.301389 n kernel: hci0: end: err 0
Aug 14 20:31:28.301399 n kernel: hci0: state 2
Aug 14 20:31:28.301408 n kernel: hci0: Opcode 0x200c
Aug 14 20:31:28.301453 n kernel: hci0: opcode 0x200c plen 2
Aug 14 20:31:28.301469 n kernel: hci0: skb len 5
Aug 14 20:31:28.301481 n kernel: hci0: length 1
Aug 14 20:31:28.301488 n kernel: hci0 cmd_cnt 1 cmd queued 1
Aug 14 20:31:28.301495 n kernel: hci0: skb 0000000091ca2362
Aug 14 20:31:28.304498 n kernel: hci0: result 0x00
Aug 14 20:31:28.304521 n kernel: hci0: 
Aug 14 20:31:28.304538 n kernel: hci0: 
Aug 14 20:31:28.304554 n kernel: hci0: entry 00000000dd98ecc7
Aug 14 20:31:28.304574 n kernel: hci0: end: err 0
Aug 14 20:31:28.304591 n kernel: hci0: 
Aug 14 20:31:28.314361 n kernel: hci0: err 0x13
Aug 14 20:31:28.314391 n kernel: hci0: cancelling interleave scan
Aug 14 20:31:28.314416 n kernel: hci0: state 2 -> 0
Aug 14 20:31:28.314458 n kernel: hdev hci0
Aug 14 20:31:28.314474 n kernel: hci0
Aug 14 20:31:28.314490 n kernel: hci0
Aug 14 20:31:28.314506 n kernel: hci0: 
Aug 14 20:31:29.267356 n kernel: 00000000babfecdf name hci0 blocked 0
Aug 14 20:31:29.267392 n kernel: hci0: 
Aug 14 20:31:29.267401 n kernel: hci0: entry 00000000d91017fb
Aug 14 20:31:29.267411 n kernel: hci0: 
Aug 14 20:31:29.267419 n kernel: hci0
Aug 14 20:31:29.267429 n kernel: hci0
Aug 14 20:31:29.267437 n kernel: hci0
Aug 14 20:31:29.267445 n kernel: hci0
Aug 14 20:31:29.267453 n kernel: hci0: 
Aug 14 20:31:29.267461 n kernel: hci0: 
Aug 14 20:31:29.267470 n kernel: hci0: Opcode 0x0c03
Aug 14 20:31:29.267478 n kernel: hci0: opcode 0x0c03 plen 0
Aug 14 20:31:29.267487 n kernel: hci0: skb len 3
Aug 14 20:31:29.267496 n kernel: hci0: length 1
Aug 14 20:31:29.267505 n kernel: hci0 cmd_cnt 1 cmd queued 1
Aug 14 20:31:29.267515 n kernel: hci0: skb 00000000a122e28a
Aug 14 20:31:29.323442 n kernel: hci0: result 0x00
Aug 14 20:31:29.323455 n kernel: hci0: end: err 0
Aug 14 20:31:29.323465 n kernel: hci0: Opcode 0x1003
Aug 14 20:31:29.323475 n kernel: hci0: opcode 0x1003 plen 0
Aug 14 20:31:29.323485 n kernel: hci0: skb len 3
Aug 14 20:31:29.323497 n kernel: hci0: length 1
Aug 14 20:31:29.323508 n kernel: hci0 cmd_cnt 1 cmd queued 1
Aug 14 20:31:29.323518 n kernel: hci0: skb 0000000041fc6183
Aug 14 20:31:29.325445 n kernel: hci0: result 0x00
Aug 14 20:31:29.325464 n kernel: hci0: end: err 0
Aug 14 20:31:29.325475 n kernel: hci0: Opcode 0x1001
Aug 14 20:31:29.325485 n kernel: hci0: opcode 0x1001 plen 0
Aug 14 20:31:29.325496 n kernel: hci0: skb len 3
Aug 14 20:31:29.325506 n kernel: hci0: length 1
Aug 14 20:31:29.325515 n kernel: hci0 cmd_cnt 1 cmd queued 1
Aug 14 20:31:29.325527 n kernel: hci0: skb 0000000013d67566
Aug 14 20:31:29.328456 n kernel: hci0: result 0x00
Aug 14 20:31:29.328472 n kernel: hci0: end: err 0
Aug 14 20:31:29.328482 n kernel: hci0: Opcode 0x1009
Aug 14 20:31:29.328494 n kernel: hci0: opcode 0x1009 plen 0
Aug 14 20:31:29.328504 n kernel: hci0: skb len 3
Aug 14 20:31:29.328514 n kernel: hci0: length 1
Aug 14 20:31:29.328525 n kernel: hci0 cmd_cnt 1 cmd queued 1
Aug 14 20:31:29.328535 n kernel: hci0: skb 00000000abf929d9
Aug 14 20:31:29.331441 n kernel: hci0: result 0x00
Aug 14 20:31:29.331460 n kernel: hci0: end: err 0
Aug 14 20:31:29.331471 n kernel: hci0: 
Aug 14 20:31:29.331483 n kernel: hci0: Opcode 0x1002
Aug 14 20:31:29.331510 n kernel: hci0: opcode 0x1002 plen 0
Aug 14 20:31:29.331521 n kernel: hci0: skb len 3
Aug 14 20:31:29.331534 n kernel: hci0: length 1
Aug 14 20:31:29.331545 n kernel: hci0 cmd_cnt 1 cmd queued 1
Aug 14 20:31:29.331556 n kernel: hci0: skb 00000000138409cd
Aug 14 20:31:29.338536 n kernel: hci0: result 0x00
Aug 14 20:31:29.338571 n kernel: hci0: end: err 0
Aug 14 20:31:29.338588 n kernel: hci0: Opcode 0x0c56
Aug 14 20:31:29.338655 n kernel: hci0: opcode 0x0c56 plen 1
Aug 14 20:31:29.338665 n kernel: hci0: skb len 4
Aug 14 20:31:29.338676 n kernel: hci0: length 1
Aug 14 20:31:29.338686 n kernel: hci0 cmd_cnt 1 cmd queued 1
Aug 14 20:31:29.338697 n kernel: hci0: skb 000000007ce02b0f
Aug 14 20:31:29.341402 n kernel: hci0: result 0x00
Aug 14 20:31:29.341426 n kernel: hci0: end: err 0
Aug 14 20:31:29.341445 n kernel: hci0: Opcode 0x0c45
Aug 14 20:31:29.341478 n kernel: hci0: opcode 0x0c45 plen 1
Aug 14 20:31:29.341497 n kernel: hci0: skb len 4
Aug 14 20:31:29.341515 n kernel: hci0: length 1
Aug 14 20:31:29.341532 n kernel: hci0 cmd_cnt 1 cmd queued 1
Aug 14 20:31:29.341549 n kernel: hci0: skb 000000008dcba533
Aug 14 20:31:29.345447 n kernel: hci0: result 0x00
Aug 14 20:31:29.345487 n kernel: hci0: end: err 0
Aug 14 20:31:29.345500 n kernel: hci0: Opcode 0x0c58
Aug 14 20:31:29.345515 n kernel: hci0: opcode 0x0c58 plen 0
Aug 14 20:31:29.345527 n kernel: hci0: skb len 3
Aug 14 20:31:29.345540 n kernel: hci0: length 1
Aug 14 20:31:29.345555 n kernel: hci0 cmd_cnt 1 cmd queued 1
Aug 14 20:31:29.345568 n kernel: hci0: skb 00000000d51eb30e
Aug 14 20:31:29.347445 n kernel: hci0: result 0x00
Aug 14 20:31:29.347457 n kernel: hci0: end: err 0
Aug 14 20:31:29.347470 n kernel: hci0: Opcode 0x1004
Aug 14 20:31:29.347479 n kernel: hci0: opcode 0x1004 plen 1
Aug 14 20:31:29.347488 n kernel: hci0: skb len 4
Aug 14 20:31:29.347497 n kernel: hci0: length 1
Aug 14 20:31:29.347509 n kernel: hci0 cmd_cnt 1 cmd queued 1
Aug 14 20:31:29.347519 n kernel: hci0: skb 000000004d938671
Aug 14 20:31:29.351507 n kernel: hci0: result 0x00
Aug 14 20:31:29.351527 n kernel: hci0: end: err 0
Aug 14 20:31:29.351546 n kernel: hci0: Opcode 0x1005
Aug 14 20:31:29.351564 n kernel: hci0: opcode 0x1005 plen 0
Aug 14 20:31:29.351579 n kernel: hci0: skb len 3
Aug 14 20:31:29.351625 n kernel: hci0: length 1
Aug 14 20:31:29.351654 n kernel: hci0 cmd_cnt 1 cmd queued 1
Aug 14 20:31:29.351670 n kernel: hci0: skb 0000000021f8c324
Aug 14 20:31:29.355443 n kernel: hci0: result 0x00
Aug 14 20:31:29.355455 n kernel: hci0: end: err 0
Aug 14 20:31:29.355466 n kernel: hci0: Opcode 0x0c23
Aug 14 20:31:29.355476 n kernel: hci0: opcode 0x0c23 plen 0
Aug 14 20:31:29.355485 n kernel: hci0: skb len 3
Aug 14 20:31:29.355495 n kernel: hci0: length 1
Aug 14 20:31:29.355507 n kernel: hci0 cmd_cnt 1 cmd queued 1
Aug 14 20:31:29.355516 n kernel: hci0: skb 000000000193f632
Aug 14 20:31:29.358439 n kernel: hci0: result 0x00
Aug 14 20:31:29.358451 n kernel: hci0: end: err 0
Aug 14 20:31:29.358464 n kernel: hci0: Opcode 0x0c14
Aug 14 20:31:29.358474 n kernel: hci0: opcode 0x0c14 plen 0
Aug 14 20:31:29.358484 n kernel: hci0: skb len 3
Aug 14 20:31:29.358510 n kernel: hci0: length 1
Aug 14 20:31:29.358530 n kernel: hci0 cmd_cnt 1 cmd queued 1
Aug 14 20:31:29.358543 n kernel: hci0: skb 000000001f8a4166
Aug 14 20:31:29.375546 n kernel: hci0: result 0x00
Aug 14 20:31:29.375569 n kernel: hci0: end: err 0
Aug 14 20:31:29.375586 n kernel: hci0: Opcode 0x0c25
Aug 14 20:31:29.375602 n kernel: hci0: opcode 0x0c25 plen 0
Aug 14 20:31:29.375618 n kernel: hci0: skb len 3
Aug 14 20:31:29.375634 n kernel: hci0: length 1
Aug 14 20:31:29.375650 n kernel: hci0 cmd_cnt 1 cmd queued 1
Aug 14 20:31:29.375667 n kernel: hci0: skb 0000000067ffbbc8
Aug 14 20:31:29.378452 n kernel: hci0: result 0x00
Aug 14 20:31:29.378466 n kernel: hci0: end: err 0
Aug 14 20:31:29.378477 n kernel: hci0: Opcode 0x0c38
Aug 14 20:31:29.378489 n kernel: hci0: opcode 0x0c38 plen 0
Aug 14 20:31:29.378529 n kernel: hci0: skb len 3
Aug 14 20:31:29.378541 n kernel: hci0: length 1
Aug 14 20:31:29.378552 n kernel: hci0 cmd_cnt 1 cmd queued 1
Aug 14 20:31:29.378564 n kernel: hci0: skb 0000000035cb29ec
Aug 14 20:31:29.382450 n kernel: hci0: result 0x00
Aug 14 20:31:29.382462 n kernel: hci0: end: err 0
Aug 14 20:31:29.382489 n kernel: hci0: Opcode 0x0c39
Aug 14 20:31:29.382499 n kernel: hci0: opcode 0x0c39 plen 0
Aug 14 20:31:29.382510 n kernel: hci0: skb len 3
Aug 14 20:31:29.382521 n kernel: hci0: length 1
Aug 14 20:31:29.382531 n kernel: hci0 cmd_cnt 1 cmd queued 1
Aug 14 20:31:29.382541 n kernel: hci0: skb 00000000368b4e6e
Aug 14 20:31:29.384440 n kernel: hci0: result 0x00
Aug 14 20:31:29.384480 n kernel: hci0: end: err 0
Aug 14 20:31:29.384488 n kernel: hci0: Opcode 0x0c16
Aug 14 20:31:29.384495 n kernel: hci0: opcode 0x0c16 plen 2
Aug 14 20:31:29.384504 n kernel: hci0: skb len 5
Aug 14 20:31:29.384513 n kernel: hci0: length 1
Aug 14 20:31:29.384522 n kernel: hci0 cmd_cnt 1 cmd queued 1
Aug 14 20:31:29.384533 n kernel: hci0: skb 00000000da78a140
Aug 14 20:31:29.387488 n kernel: hci0: result 0x00
Aug 14 20:31:29.387514 n kernel: hci0: end: err 0
Aug 14 20:31:29.387532 n kernel: hci0: Opcode 0x2003
Aug 14 20:31:29.387548 n kernel: hci0: opcode 0x2003 plen 0
Aug 14 20:31:29.387563 n kernel: hci0: skb len 3
Aug 14 20:31:29.387580 n kernel: hci0: length 1
Aug 14 20:31:29.387596 n kernel: hci0 cmd_cnt 1 cmd queued 1
Aug 14 20:31:29.387613 n kernel: hci0: skb 000000005ea553cc
Aug 14 20:31:29.391471 n kernel: hci0: result 0x00
Aug 14 20:31:29.391490 n kernel: hci0: end: err 0
Aug 14 20:31:29.391505 n kernel: hci0: Opcode 0x2002
Aug 14 20:31:29.391520 n kernel: hci0: opcode 0x2002 plen 0
Aug 14 20:31:29.391534 n kernel: hci0: skb len 3
Aug 14 20:31:29.391550 n kernel: hci0: length 1
Aug 14 20:31:29.391564 n kernel: hci0 cmd_cnt 1 cmd queued 1
Aug 14 20:31:29.391579 n kernel: hci0: skb 000000001593e3fe
Aug 14 20:31:29.393463 n kernel: hci0: result 0x00
Aug 14 20:31:29.393486 n kernel: hci0: end: err 0
Aug 14 20:31:29.393503 n kernel: hci0: Opcode 0x201c
Aug 14 20:31:29.393519 n kernel: hci0: opcode 0x201c plen 0
Aug 14 20:31:29.393534 n kernel: hci0: skb len 3
Aug 14 20:31:29.393550 n kernel: hci0: length 1
Aug 14 20:31:29.393567 n kernel: hci0 cmd_cnt 1 cmd queued 1
Aug 14 20:31:29.393581 n kernel: hci0: skb 00000000502c2854
Aug 14 20:31:29.396450 n kernel: hci0: result 0x00
Aug 14 20:31:29.396463 n kernel: hci0: end: err 0
Aug 14 20:31:29.396474 n kernel: hci0: 
Aug 14 20:31:29.396484 n kernel: hci0: Opcode 0x0c01
Aug 14 20:31:29.396496 n kernel: hci0: opcode 0x0c01 plen 8
Aug 14 20:31:29.396505 n kernel: hci0: skb len 11
Aug 14 20:31:29.396514 n kernel: hci0: length 1
Aug 14 20:31:29.396523 n kernel: hci0 cmd_cnt 1 cmd queued 1
Aug 14 20:31:29.396532 n kernel: hci0: skb 00000000918e82e1
Aug 14 20:31:29.399585 n kernel: hci0: result 0x00
Aug 14 20:31:29.399598 n kernel: hci0: end: err 0
Aug 14 20:31:29.399609 n kernel: hci0: Opcode 0x0c0d
Aug 14 20:31:29.399619 n kernel: hci0: opcode 0x0c0d plen 7
Aug 14 20:31:29.399630 n kernel: hci0: skb len 10
Aug 14 20:31:29.399646 n kernel: hci0: length 1
Aug 14 20:31:29.399660 n kernel: hci0 cmd_cnt 1 cmd queued 1
Aug 14 20:31:29.399673 n kernel: hci0: skb 00000000d1e4cbfe
Aug 14 20:31:29.402441 n kernel: hci0: result 0x00
Aug 14 20:31:29.402455 n kernel: hci0: end: err 0
Aug 14 20:31:29.402466 n kernel: hci0: Opcode 0x080f
Aug 14 20:31:29.402478 n kernel: hci0: opcode 0x080f plen 2
Aug 14 20:31:29.402489 n kernel: hci0: skb len 5
Aug 14 20:31:29.402500 n kernel: hci0: length 1
Aug 14 20:31:29.402541 n kernel: hci0 cmd_cnt 1 cmd queued 1
Aug 14 20:31:29.402552 n kernel: hci0: skb 00000000ec82389e
Aug 14 20:31:29.405485 n kernel: hci0: result 0x00
Aug 14 20:31:29.405513 n kernel: hci0: end: err 0
Aug 14 20:31:29.405530 n kernel: hci0: Opcode 0x0c1b
Aug 14 20:31:29.405545 n kernel: hci0: opcode 0x0c1b plen 0
Aug 14 20:31:29.405561 n kernel: hci0: skb len 3
Aug 14 20:31:29.405578 n kernel: hci0: length 1
Aug 14 20:31:29.405596 n kernel: hci0 cmd_cnt 1 cmd queued 1
Aug 14 20:31:29.405616 n kernel: hci0: skb 000000005cba15a2
Aug 14 20:31:29.409433 n kernel: hci0: result 0x00
Aug 14 20:31:29.409447 n kernel: hci0: end: err 0
Aug 14 20:31:29.409459 n kernel: hci0: Opcode 0x0c46
Aug 14 20:31:29.409468 n kernel: hci0: opcode 0x0c46 plen 0
Aug 14 20:31:29.409478 n kernel: hci0: skb len 3
Aug 14 20:31:29.409488 n kernel: hci0: length 1
Aug 14 20:31:29.409498 n kernel: hci0 cmd_cnt 1 cmd queued 1
Aug 14 20:31:29.409509 n kernel: hci0: skb 00000000d830fc73
Aug 14 20:31:29.412430 n kernel: hci0: result 0x00
Aug 14 20:31:29.412466 n kernel: hci0: end: err 0
Aug 14 20:31:29.412476 n kernel: hci0: Opcode 0x1004
Aug 14 20:31:29.412486 n kernel: hci0: opcode 0x1004 plen 1
Aug 14 20:31:29.412501 n kernel: hci0: skb len 4
Aug 14 20:31:29.412512 n kernel: hci0: length 1
Aug 14 20:31:29.412525 n kernel: hci0 cmd_cnt 1 cmd queued 1
Aug 14 20:31:29.412535 n kernel: hci0: skb 0000000052de87fe
Aug 14 20:31:29.415456 n kernel: hci0: result 0x00
Aug 14 20:31:29.415470 n kernel: hci0: end: err 0
Aug 14 20:31:29.415502 n kernel: hci0: Opcode 0x2001
Aug 14 20:31:29.415518 n kernel: hci0: opcode 0x2001 plen 8
Aug 14 20:31:29.415527 n kernel: hci0: skb len 11
Aug 14 20:31:29.415536 n kernel: hci0: length 1
Aug 14 20:31:29.415546 n kernel: hci0 cmd_cnt 1 cmd queued 1
Aug 14 20:31:29.415556 n kernel: hci0: skb 00000000337529ee
Aug 14 20:31:29.418457 n kernel: hci0: result 0x00
Aug 14 20:31:29.418541 n kernel: hci0: end: err 0
Aug 14 20:31:29.418558 n kernel: hci0: Opcode 0x2007
Aug 14 20:31:29.418574 n kernel: hci0: opcode 0x2007 plen 0
Aug 14 20:31:29.418591 n kernel: hci0: skb len 3
Aug 14 20:31:29.418608 n kernel: hci0: length 1
Aug 14 20:31:29.418627 n kernel: hci0 cmd_cnt 1 cmd queued 1
Aug 14 20:31:29.418648 n kernel: hci0: skb 00000000bc7c62f1
Aug 14 20:31:29.422485 n kernel: hci0: result 0x00
Aug 14 20:31:29.422523 n kernel: hci0: end: err 0
Aug 14 20:31:29.422533 n kernel: hci0: Opcode 0x200f
Aug 14 20:31:29.422542 n kernel: hci0: opcode 0x200f plen 0
Aug 14 20:31:29.422551 n kernel: hci0: skb len 3
Aug 14 20:31:29.422560 n kernel: hci0: length 1
Aug 14 20:31:29.422572 n kernel: hci0 cmd_cnt 1 cmd queued 1
Aug 14 20:31:29.422582 n kernel: hci0: skb 000000002b7cdc35
Aug 14 20:31:29.425439 n kernel: hci0: result 0x00
Aug 14 20:31:29.425459 n kernel: hci0: end: err 0
Aug 14 20:31:29.425475 n kernel: hci0: Opcode 0x2010
Aug 14 20:31:29.425490 n kernel: hci0: opcode 0x2010 plen 0
Aug 14 20:31:29.425506 n kernel: hci0: skb len 3
Aug 14 20:31:29.425520 n kernel: hci0: length 1
Aug 14 20:31:29.425536 n kernel: hci0 cmd_cnt 1 cmd queued 1
Aug 14 20:31:29.425553 n kernel: hci0: skb 00000000176f6806
Aug 14 20:31:29.428431 n kernel: hci0: result 0x00
Aug 14 20:31:29.428449 n kernel: hci0: end: err 0
Aug 14 20:31:29.428459 n kernel: hci0: Opcode 0x202a
Aug 14 20:31:29.428490 n kernel: hci0: opcode 0x202a plen 0
Aug 14 20:31:29.428500 n kernel: hci0: skb len 3
Aug 14 20:31:29.428510 n kernel: hci0: length 1
Aug 14 20:31:29.428524 n kernel: hci0 cmd_cnt 1 cmd queued 1
Aug 14 20:31:29.428535 n kernel: hci0: skb 00000000337529ee
Aug 14 20:31:29.430536 n kernel: hci0: result 0x00
Aug 14 20:31:29.430557 n kernel: hci0: end: err 0
Aug 14 20:31:29.430574 n kernel: hci0: Opcode 0x2029
Aug 14 20:31:29.430590 n kernel: hci0: opcode 0x2029 plen 0
Aug 14 20:31:29.430605 n kernel: hci0: skb len 3
Aug 14 20:31:29.430624 n kernel: hci0: length 1
Aug 14 20:31:29.430643 n kernel: hci0 cmd_cnt 1 cmd queued 1
Aug 14 20:31:29.430660 n kernel: hci0: skb 0000000052de87fe
Aug 14 20:31:29.433381 n kernel: hci0: result 0x00
Aug 14 20:31:29.433393 n kernel: hci0: end: err 0
Aug 14 20:31:29.433403 n kernel: hci0: Opcode 0x202e
Aug 14 20:31:29.433412 n kernel: hci0: opcode 0x202e plen 2
Aug 14 20:31:29.433423 n kernel: hci0: skb len 5
Aug 14 20:31:29.433442 n kernel: hci0: length 1
Aug 14 20:31:29.433452 n kernel: hci0 cmd_cnt 1 cmd queued 1
Aug 14 20:31:29.433462 n kernel: hci0: skb 00000000d830fc73
Aug 14 20:31:29.436549 n kernel: hci0: result 0x00
Aug 14 20:31:29.436569 n kernel: hci0: end: err 0
Aug 14 20:31:29.436587 n kernel: hci0: Opcode 0x0c6d
Aug 14 20:31:29.436603 n kernel: hci0: opcode 0x0c6d plen 2
Aug 14 20:31:29.436621 n kernel: hci0: skb len 5
Aug 14 20:31:29.436637 n kernel: hci0: length 1
Aug 14 20:31:29.436652 n kernel: hci0 cmd_cnt 1 cmd queued 1
Aug 14 20:31:29.436667 n kernel: hci0: skb 000000005cba15a2
Aug 14 20:31:29.439407 n kernel: hci0: result 0x00
Aug 14 20:31:29.439428 n kernel: hci0: end: err 0
Aug 14 20:31:29.439444 n kernel: hci0: 
Aug 14 20:31:29.439460 n kernel: hci0: Opcode 0x0c12
Aug 14 20:31:29.439476 n kernel: hci0: opcode 0x0c12 plen 7
Aug 14 20:31:29.439492 n kernel: hci0: skb len 10
Aug 14 20:31:29.439508 n kernel: hci0: length 1
Aug 14 20:31:29.439525 n kernel: hci0 cmd_cnt 1 cmd queued 1
Aug 14 20:31:29.439543 n kernel: hci0: skb 00000000ec82389e
Aug 14 20:31:29.442480 n kernel: hci0: result 0x00
Aug 14 20:31:29.442503 n kernel: hci0: end: err 0
Aug 14 20:31:29.442520 n kernel: hci0: Opcode 0x0c77
Aug 14 20:31:29.442536 n kernel: hci0: opcode 0x0c77 plen 0
Aug 14 20:31:29.442552 n kernel: hci0: skb len 3
Aug 14 20:31:29.442567 n kernel: hci0: length 1
Aug 14 20:31:29.442586 n kernel: hci0 cmd_cnt 1 cmd queued 1
Aug 14 20:31:29.442604 n kernel: hci0: skb 00000000d1e4cbfe
Aug 14 20:31:29.445407 n kernel: hci0: result 0x00
Aug 14 20:31:29.445427 n kernel: hci0: end: err 0
Aug 14 20:31:29.445444 n kernel: hci0: Opcode 0x0c7a
Aug 14 20:31:29.445484 n kernel: hci0: opcode 0x0c7a plen 1
Aug 14 20:31:29.445514 n kernel: hci0: skb len 4
Aug 14 20:31:29.445531 n kernel: hci0: length 1
Aug 14 20:31:29.445546 n kernel: hci0 cmd_cnt 1 cmd queued 1
Aug 14 20:31:29.445562 n kernel: hci0: skb 00000000918e82e1
Aug 14 20:31:29.448414 n kernel: hci0: result 0x00
Aug 14 20:31:29.448434 n kernel: hci0: end: err 0
Aug 14 20:31:29.448450 n kernel: hci0: Opcode 0x0c1a
Aug 14 20:31:29.448467 n kernel: hci0: opcode 0x0c1a plen 1
Aug 14 20:31:29.448485 n kernel: hci0: skb len 4
Aug 14 20:31:29.448504 n kernel: hci0: length 1
Aug 14 20:31:29.448520 n kernel: hci0 cmd_cnt 1 cmd queued 1
Aug 14 20:31:29.448549 n kernel: hci0: skb 00000000502c2854
Aug 14 20:31:29.451408 n kernel: hci0: result 0x00
Aug 14 20:31:29.451428 n kernel: hci0: end: err 0
Aug 14 20:31:29.451445 n kernel: hci0: 
Aug 14 20:31:29.451461 n kernel: hci0: Opcode 0x0c24
Aug 14 20:31:29.451480 n kernel: hci0: opcode 0x0c24 plen 3
Aug 14 20:31:29.451525 n kernel: hci0: skb len 6
Aug 14 20:31:29.451542 n kernel: hci0: length 1
Aug 14 20:31:29.451558 n kernel: hci0 cmd_cnt 1 cmd queued 1
Aug 14 20:31:29.451573 n kernel: hci0: skb 000000001593e3fe
Aug 14 20:31:29.454383 n kernel: hci0: result 0x00
Aug 14 20:31:29.454402 n kernel: hci0: end: err 0
Aug 14 20:31:29.454418 n kernel: hci0: Opcode 0x0c13
Aug 14 20:31:29.454437 n kernel: hci0: opcode 0x0c13 plen 248
Aug 14 20:31:29.454455 n kernel: hci0: skb len 251
Aug 14 20:31:29.454493 n kernel: hci0: length 1
Aug 14 20:31:29.454510 n kernel: hci0 cmd_cnt 1 cmd queued 1
Aug 14 20:31:29.454531 n kernel: hci0: skb 000000005ea553cc
Aug 14 20:31:29.457412 n kernel: hci0: result 0x00
Aug 14 20:31:29.457438 n kernel: hci0: end: err 0
Aug 14 20:31:29.457455 n kernel: hci0: 
Aug 14 20:31:29.457473 n kernel: hci0: Opcode 0x0c52
Aug 14 20:31:29.457490 n kernel: hci0: opcode 0x0c52 plen 241
Aug 14 20:31:29.457507 n kernel: hci0: skb len 244
Aug 14 20:31:29.457523 n kernel: hci0: length 1
Aug 14 20:31:29.457539 n kernel: hci0 cmd_cnt 1 cmd queued 1
Aug 14 20:31:29.457554 n kernel: hci0: skb 00000000dc2098a6
Aug 14 20:31:29.460417 n kernel: hci0: result 0x00
Aug 14 20:31:29.460439 n kernel: hci0: end: err 0
Aug 14 20:31:29.460460 n kernel: hci0: entry 00000000cf9d8a04
Aug 14 20:31:29.460477 n kernel: hci0: ADV monitoring is off
Aug 14 20:31:29.460496 n kernel: hci0: stopping background scanning
Aug 14 20:31:29.460513 n kernel: hci0: 
Aug 14 20:31:29.462388 n kernel: hci0: 
Aug 14 20:31:29.462397 n kernel: hci0: entry 00000000418c4fea
Aug 14 20:31:29.462414 n kernel: hci0: ADV monitoring is off
Aug 14 20:31:29.462423 n kernel: hci0: stopping background scanning
Aug 14 20:31:29.462439 n kernel: hci0: 
Aug 14 20:31:29.462446 n kernel: hci0: entry 000000000d1c9c83
Aug 14 20:31:29.462455 n kernel: hci0: Opcode 0x0c3a
Aug 14 20:31:29.462463 n kernel: hci0: opcode 0x0c3a plen 4
Aug 14 20:31:29.462471 n kernel: hci0: skb len 7
Aug 14 20:31:29.462479 n kernel: hci0: length 1
Aug 14 20:31:29.462487 n kernel: hci0 cmd_cnt 1 cmd queued 1
Aug 14 20:31:29.462494 n kernel: hci0: skb 00000000deb783df
Aug 14 20:31:29.465380 n kernel: hci0: result 0x00
Aug 14 20:31:29.465393 n kernel: hci0: end: err 0
Aug 14 20:31:29.465405 n kernel: hci0: Opcode 0x0c1a
Aug 14 20:31:29.465416 n kernel: hci0: opcode 0x0c1a plen 1
Aug 14 20:31:29.465428 n kernel: hci0: skb len 4
Aug 14 20:31:29.465440 n kernel: hci0: length 1
Aug 14 20:31:29.465451 n kernel: hci0 cmd_cnt 1 cmd queued 1
Aug 14 20:31:29.465462 n kernel: hci0: skb 00000000f37e9416
Aug 14 20:31:29.468405 n kernel: hci0: result 0x00
Aug 14 20:31:29.468422 n kernel: hci0: end: err 0
Aug 14 20:31:29.468444 n kernel: hci0: 
Aug 14 20:31:29.468481 n kernel: hci0: state 0 -> 1
Aug 14 20:31:29.468497 n kernel: hci0: 
Aug 14 20:31:29.468511 n kernel: hci0: entry 00000000e657c933
Aug 14 20:31:29.468527 n kernel: hci0: type 7
Aug 14 20:31:29.468542 n kernel: hci0: 
Aug 14 20:31:29.468557 n kernel: hci0: cancelling interleave scan
Aug 14 20:31:29.468573 n kernel: hci0: Opcode 0x2005
Aug 14 20:31:29.468588 n kernel: hci0: opcode 0x2005 plen 6
Aug 14 20:31:29.468603 n kernel: hci0: skb len 9
Aug 14 20:31:29.468618 n kernel: hci0: length 1
Aug 14 20:31:29.468633 n kernel: hci0 cmd_cnt 1 cmd queued 1
Aug 14 20:31:29.468648 n kernel: hci0: skb 0000000067ffbbc8
Aug 14 20:31:29.471372 n kernel: hci0: result 0x00
Aug 14 20:31:29.471386 n kernel: hci0: end: err 0
Aug 14 20:31:29.471400 n kernel: hci0: Opcode 0x200b
Aug 14 20:31:29.471414 n kernel: hci0: opcode 0x200b plen 7
Aug 14 20:31:29.471426 n kernel: hci0: skb len 10
Aug 14 20:31:29.471440 n kernel: hci0: length 1
Aug 14 20:31:29.471453 n kernel: hci0 cmd_cnt 1 cmd queued 1
Aug 14 20:31:29.471465 n kernel: hci0: skb 00000000c9647539
Aug 14 20:31:29.473363 n kernel: Bluetooth: hci0: unexpected event for opcode 0x2005
Aug 14 20:31:29.475359 n kernel: hci0: result 0x00
Aug 14 20:31:29.475369 n kernel: hci0: end: err 0
Aug 14 20:31:29.475378 n kernel: hci0: Opcode 0x200c
Aug 14 20:31:29.475397 n kernel: hci0: opcode 0x200c plen 2
Aug 14 20:31:29.475407 n kernel: hci0: skb len 5
Aug 14 20:31:29.475417 n kernel: hci0: length 1
Aug 14 20:31:29.475426 n kernel: hci0 cmd_cnt 1 cmd queued 1
Aug 14 20:31:29.475435 n kernel: hci0: skb 000000002ec70e9d
Aug 14 20:31:29.478348 n kernel: hci0: state 1 -> 2
Aug 14 20:31:29.478380 n kernel: hci0: result 0x00
Aug 14 20:31:29.478399 n kernel: hci0: end: err 0
Aug 14 20:31:29.478411 n kernel: hci0: timeout 5120 ms
Aug 14 20:31:30.666378 n kernel: 00000000babfecdf name hci0 blocked 1
Aug 14 20:31:30.666451 n kernel: hci0 00000000babfecdf
Aug 14 20:31:30.666464 n kernel: hci0: Opcode 0x0c1a
Aug 14 20:31:30.666474 n kernel: hci0: opcode 0x0c1a plen 1
Aug 14 20:31:30.666486 n kernel: hci0: skb len 4
Aug 14 20:31:30.666495 n kernel: hci0: length 1
Aug 14 20:31:30.666505 n kernel: hci0 cmd_cnt 1 cmd queued 1
Aug 14 20:31:30.666514 n kernel: hci0: skb 00000000138409cd
Aug 14 20:31:30.669381 n kernel: hci0: result 0x00
Aug 14 20:31:30.669399 n kernel: hci0: end: err 0
Aug 14 20:31:30.669412 n kernel: hci0: state 2
Aug 14 20:31:30.669421 n kernel: hci0: Opcode 0x200c
Aug 14 20:31:30.669446 n kernel: hci0: opcode 0x200c plen 2
Aug 14 20:31:30.669456 n kernel: hci0: skb len 5
Aug 14 20:31:30.669467 n kernel: hci0: length 1
Aug 14 20:31:30.669479 n kernel: hci0 cmd_cnt 1 cmd queued 1
Aug 14 20:31:30.669490 n kernel: hci0: skb 000000003b331364
Aug 14 20:31:30.672412 n kernel: hci0: result 0x00
Aug 14 20:31:30.672432 n kernel: hci0: 
Aug 14 20:31:30.672456 n kernel: hci0: 
Aug 14 20:31:30.672472 n kernel: hci0: entry 00000000e657c933
Aug 14 20:31:30.672489 n kernel: hci0: end: err 0
Aug 14 20:31:30.672505 n kernel: hci0: 
Aug 14 20:31:30.681373 n kernel: hci0: err 0x13
Aug 14 20:31:30.681408 n kernel: hci0: cancelling interleave scan
Aug 14 20:31:30.681421 n kernel: hci0: state 2 -> 0
Aug 14 20:31:30.681436 n kernel: hdev hci0
Aug 14 20:31:30.681443 n kernel: hci0
Aug 14 20:31:30.681450 n kernel: hci0
Aug 14 20:31:30.681457 n kernel: hci0: 
Aug 14 20:31:32.567348 n kernel: 00000000babfecdf name hci0 blocked 0
Aug 14 20:31:32.567405 n kernel: hci0: 
Aug 14 20:31:32.567432 n kernel: hci0: entry 00000000e260dc5c
Aug 14 20:31:32.567441 n kernel: hci0: 
Aug 14 20:31:32.567449 n kernel: hci0
Aug 14 20:31:32.567458 n kernel: hci0
Aug 14 20:31:32.567466 n kernel: hci0
Aug 14 20:31:32.567475 n kernel: hci0
Aug 14 20:31:32.567483 n kernel: hci0: 
Aug 14 20:31:32.567492 n kernel: hci0: 
Aug 14 20:31:32.567500 n kernel: hci0: Opcode 0x0c03
Aug 14 20:31:32.567509 n kernel: hci0: opcode 0x0c03 plen 0
Aug 14 20:31:32.567518 n kernel: hci0: skb len 3
Aug 14 20:31:32.567527 n kernel: hci0: length 1
Aug 14 20:31:32.567536 n kernel: hci0 cmd_cnt 1 cmd queued 1
Aug 14 20:31:32.567545 n kernel: hci0: skb 000000007693c921
Aug 14 20:31:32.622499 n kernel: hci0: result 0x00
Aug 14 20:31:32.622594 n kernel: hci0: end: err 0
Aug 14 20:31:32.622612 n kernel: hci0: Opcode 0x1003
Aug 14 20:31:32.622621 n kernel: hci0: opcode 0x1003 plen 0
Aug 14 20:31:32.622630 n kernel: hci0: skb len 3
Aug 14 20:31:32.622639 n kernel: hci0: length 1
Aug 14 20:31:32.622656 n kernel: hci0 cmd_cnt 1 cmd queued 1
Aug 14 20:31:32.622669 n kernel: hci0: skb 000000000193f632
Aug 14 20:31:32.626464 n kernel: hci0: result 0x00
Aug 14 20:31:32.626505 n kernel: hci0: end: err 0
Aug 14 20:31:32.626516 n kernel: hci0: Opcode 0x1001
Aug 14 20:31:32.626527 n kernel: hci0: opcode 0x1001 plen 0
Aug 14 20:31:32.626538 n kernel: hci0: skb len 3
Aug 14 20:31:32.626551 n kernel: hci0: length 1
Aug 14 20:31:32.626561 n kernel: hci0 cmd_cnt 1 cmd queued 1
Aug 14 20:31:32.626572 n kernel: hci0: skb 000000000ed27d36
Aug 14 20:31:32.628446 n kernel: hci0: result 0x00
Aug 14 20:31:32.628488 n kernel: hci0: end: err 0
Aug 14 20:31:32.628500 n kernel: hci0: Opcode 0x1009
Aug 14 20:31:32.628511 n kernel: hci0: opcode 0x1009 plen 0
Aug 14 20:31:32.628522 n kernel: hci0: skb len 3
Aug 14 20:31:32.628533 n kernel: hci0: length 1
Aug 14 20:31:32.628544 n kernel: hci0 cmd_cnt 1 cmd queued 1
Aug 14 20:31:32.628555 n kernel: hci0: skb 00000000e9b0cc17
Aug 14 20:31:32.631396 n kernel: hci0: result 0x00
Aug 14 20:31:32.631407 n kernel: hci0: end: err 0
Aug 14 20:31:32.631416 n kernel: hci0: 
Aug 14 20:31:32.631426 n kernel: hci0: Opcode 0x1002
Aug 14 20:31:32.631435 n kernel: hci0: opcode 0x1002 plen 0
Aug 14 20:31:32.631445 n kernel: hci0: skb len 3
Aug 14 20:31:32.631454 n kernel: hci0: length 1
Aug 14 20:31:32.631463 n kernel: hci0 cmd_cnt 1 cmd queued 1
Aug 14 20:31:32.631471 n kernel: hci0: skb 00000000788a3568
Aug 14 20:31:32.638433 n kernel: hci0: result 0x00
Aug 14 20:31:32.638532 n kernel: hci0: end: err 0
Aug 14 20:31:32.638580 n kernel: hci0: Opcode 0x0c56
Aug 14 20:31:32.638596 n kernel: hci0: opcode 0x0c56 plen 1
Aug 14 20:31:32.638613 n kernel: hci0: skb len 4
Aug 14 20:31:32.638630 n kernel: hci0: length 1
Aug 14 20:31:32.638645 n kernel: hci0 cmd_cnt 1 cmd queued 1
Aug 14 20:31:32.638660 n kernel: hci0: skb 00000000af9431b8
Aug 14 20:31:32.641455 n kernel: hci0: result 0x00
Aug 14 20:31:32.641477 n kernel: hci0: end: err 0
Aug 14 20:31:32.641497 n kernel: hci0: Opcode 0x0c45
Aug 14 20:31:32.641515 n kernel: hci0: opcode 0x0c45 plen 1
Aug 14 20:31:32.641531 n kernel: hci0: skb len 4
Aug 14 20:31:32.641546 n kernel: hci0: length 1
Aug 14 20:31:32.641562 n kernel: hci0 cmd_cnt 1 cmd queued 1
Aug 14 20:31:32.641577 n kernel: hci0: skb 00000000522cd375
Aug 14 20:31:32.644444 n kernel: hci0: result 0x00
Aug 14 20:31:32.644505 n kernel: hci0: end: err 0
Aug 14 20:31:32.644522 n kernel: hci0: Opcode 0x0c58
Aug 14 20:31:32.644539 n kernel: hci0: opcode 0x0c58 plen 0
Aug 14 20:31:32.644555 n kernel: hci0: skb len 3
Aug 14 20:31:32.644571 n kernel: hci0: length 1
Aug 14 20:31:32.644586 n kernel: hci0 cmd_cnt 1 cmd queued 1
Aug 14 20:31:32.644602 n kernel: hci0: skb 000000009fea9cd3
Aug 14 20:31:32.647458 n kernel: hci0: result 0x00
Aug 14 20:31:32.647478 n kernel: hci0: end: err 0
Aug 14 20:31:32.647495 n kernel: hci0: Opcode 0x1004
Aug 14 20:31:32.647512 n kernel: hci0: opcode 0x1004 plen 1
Aug 14 20:31:32.647531 n kernel: hci0: skb len 4
Aug 14 20:31:32.647560 n kernel: hci0: length 1
Aug 14 20:31:32.647576 n kernel: hci0 cmd_cnt 1 cmd queued 1
Aug 14 20:31:32.647591 n kernel: hci0: skb 00000000f5b27c8b
Aug 14 20:31:32.651432 n kernel: hci0: result 0x00
Aug 14 20:31:32.651452 n kernel: hci0: end: err 0
Aug 14 20:31:32.651551 n kernel: hci0: Opcode 0x1005
Aug 14 20:31:32.651571 n kernel: hci0: opcode 0x1005 plen 0
Aug 14 20:31:32.651602 n kernel: hci0: skb len 3
Aug 14 20:31:32.651617 n kernel: hci0: length 1
Aug 14 20:31:32.651633 n kernel: hci0 cmd_cnt 1 cmd queued 1
Aug 14 20:31:32.651649 n kernel: hci0: skb 00000000d830fc73
Aug 14 20:31:32.654436 n kernel: hci0: result 0x00
Aug 14 20:31:32.654495 n kernel: hci0: end: err 0
Aug 14 20:31:32.654512 n kernel: hci0: Opcode 0x0c23
Aug 14 20:31:32.654528 n kernel: hci0: opcode 0x0c23 plen 0
Aug 14 20:31:32.654544 n kernel: hci0: skb len 3
Aug 14 20:31:32.654559 n kernel: hci0: length 1
Aug 14 20:31:32.654574 n kernel: hci0 cmd_cnt 1 cmd queued 1
Aug 14 20:31:32.654592 n kernel: hci0: skb 0000000046114d61
Aug 14 20:31:32.657897 n kernel: hci0: result 0x00
Aug 14 20:31:32.657926 n kernel: hci0: end: err 0
Aug 14 20:31:32.657944 n kernel: hci0: Opcode 0x0c14
Aug 14 20:31:32.658027 n kernel: hci0: opcode 0x0c14 plen 0
Aug 14 20:31:32.658045 n kernel: hci0: skb len 3
Aug 14 20:31:32.658061 n kernel: hci0: length 1
Aug 14 20:31:32.658077 n kernel: hci0 cmd_cnt 1 cmd queued 1
Aug 14 20:31:32.658093 n kernel: hci0: skb 0000000016dcbcf1
Aug 14 20:31:32.675928 n kernel: hci0: result 0x00
Aug 14 20:31:32.675950 n kernel: hci0: end: err 0
Aug 14 20:31:32.676024 n kernel: hci0: Opcode 0x0c25
Aug 14 20:31:32.676040 n kernel: hci0: opcode 0x0c25 plen 0
Aug 14 20:31:32.676056 n kernel: hci0: skb len 3
Aug 14 20:31:32.676071 n kernel: hci0: length 1
Aug 14 20:31:32.676086 n kernel: hci0 cmd_cnt 1 cmd queued 1
Aug 14 20:31:32.676101 n kernel: hci0: skb 00000000284e2496
Aug 14 20:31:32.679495 n kernel: hci0: result 0x00
Aug 14 20:31:32.679513 n kernel: hci0: end: err 0
Aug 14 20:31:32.679525 n kernel: hci0: Opcode 0x0c38
Aug 14 20:31:32.679536 n kernel: hci0: opcode 0x0c38 plen 0
Aug 14 20:31:32.679568 n kernel: hci0: skb len 3
Aug 14 20:31:32.679579 n kernel: hci0: length 1
Aug 14 20:31:32.679589 n kernel: hci0 cmd_cnt 1 cmd queued 1
Aug 14 20:31:32.679600 n kernel: hci0: skb 00000000aeadb576
Aug 14 20:31:32.681442 n kernel: hci0: result 0x00
Aug 14 20:31:32.681452 n kernel: hci0: end: err 0
Aug 14 20:31:32.681461 n kernel: hci0: Opcode 0x0c39
Aug 14 20:31:32.681470 n kernel: hci0: opcode 0x0c39 plen 0
Aug 14 20:31:32.681478 n kernel: hci0: skb len 3
Aug 14 20:31:32.681486 n kernel: hci0: length 1
Aug 14 20:31:32.681493 n kernel: hci0 cmd_cnt 1 cmd queued 1
Aug 14 20:31:32.681500 n kernel: hci0: skb 000000006481aabd
Aug 14 20:31:32.684441 n kernel: hci0: result 0x00
Aug 14 20:31:32.684479 n kernel: hci0: end: err 0
Aug 14 20:31:32.684507 n kernel: hci0: Opcode 0x0c16
Aug 14 20:31:32.684533 n kernel: hci0: opcode 0x0c16 plen 2
Aug 14 20:31:32.684604 n kernel: hci0: skb len 5
Aug 14 20:31:32.684632 n kernel: hci0: length 1
Aug 14 20:31:32.684658 n kernel: hci0 cmd_cnt 1 cmd queued 1
Aug 14 20:31:32.684684 n kernel: hci0: skb 0000000097a0d7b2
Aug 14 20:31:32.687487 n kernel: hci0: result 0x00
Aug 14 20:31:32.687506 n kernel: hci0: end: err 0
Aug 14 20:31:32.687523 n kernel: hci0: Opcode 0x2003
Aug 14 20:31:32.687539 n kernel: hci0: opcode 0x2003 plen 0
Aug 14 20:31:32.687553 n kernel: hci0: skb len 3
Aug 14 20:31:32.687568 n kernel: hci0: length 1
Aug 14 20:31:32.687584 n kernel: hci0 cmd_cnt 1 cmd queued 1
Aug 14 20:31:32.687599 n kernel: hci0: skb 00000000bb8fa23a
Aug 14 20:31:32.691522 n kernel: hci0: result 0x00
Aug 14 20:31:32.691547 n kernel: hci0: end: err 0
Aug 14 20:31:32.691558 n kernel: hci0: Opcode 0x2002
Aug 14 20:31:32.691570 n kernel: hci0: opcode 0x2002 plen 0
Aug 14 20:31:32.691581 n kernel: hci0: skb len 3
Aug 14 20:31:32.691601 n kernel: hci0: length 1
Aug 14 20:31:32.691612 n kernel: hci0 cmd_cnt 1 cmd queued 1
Aug 14 20:31:32.691626 n kernel: hci0: skb 00000000bf81dfd8
Aug 14 20:31:32.694497 n kernel: hci0: result 0x00
Aug 14 20:31:32.694517 n kernel: hci0: end: err 0
Aug 14 20:31:32.694529 n kernel: hci0: Opcode 0x201c
Aug 14 20:31:32.694540 n kernel: hci0: opcode 0x201c plen 0
Aug 14 20:31:32.694551 n kernel: hci0: skb len 3
Aug 14 20:31:32.694562 n kernel: hci0: length 1
Aug 14 20:31:32.694573 n kernel: hci0 cmd_cnt 1 cmd queued 1
Aug 14 20:31:32.694584 n kernel: hci0: skb 00000000f2a9161b
Aug 14 20:31:32.697497 n kernel: hci0: result 0x00
Aug 14 20:31:32.697519 n kernel: hci0: end: err 0
Aug 14 20:31:32.697534 n kernel: hci0: 
Aug 14 20:31:32.697550 n kernel: hci0: Opcode 0x0c01
Aug 14 20:31:32.697565 n kernel: hci0: opcode 0x0c01 plen 8
Aug 14 20:31:32.697599 n kernel: hci0: skb len 11
Aug 14 20:31:32.697621 n kernel: hci0: length 1
Aug 14 20:31:32.697635 n kernel: hci0 cmd_cnt 1 cmd queued 1
Aug 14 20:31:32.697650 n kernel: hci0: skb 00000000691f642d
Aug 14 20:31:32.699397 n kernel: hci0: result 0x00
Aug 14 20:31:32.699419 n kernel: hci0: end: err 0
Aug 14 20:31:32.699430 n kernel: hci0: Opcode 0x0c0d
Aug 14 20:31:32.699440 n kernel: hci0: opcode 0x0c0d plen 7
Aug 14 20:31:32.699453 n kernel: hci0: skb len 10
Aug 14 20:31:32.699465 n kernel: hci0: length 1
Aug 14 20:31:32.699475 n kernel: hci0 cmd_cnt 1 cmd queued 1
Aug 14 20:31:32.699486 n kernel: hci0: skb 00000000fef59a14
Aug 14 20:31:32.702837 n kernel: hci0: result 0x00
Aug 14 20:31:32.702861 n kernel: hci0: end: err 0
Aug 14 20:31:32.702878 n kernel: hci0: Opcode 0x080f
Aug 14 20:31:32.702894 n kernel: hci0: opcode 0x080f plen 2
Aug 14 20:31:32.702913 n kernel: hci0: skb len 5
Aug 14 20:31:32.702959 n kernel: hci0: length 1
Aug 14 20:31:32.702978 n kernel: hci0 cmd_cnt 1 cmd queued 1
Aug 14 20:31:32.703024 n kernel: hci0: skb 00000000aa30374d
Aug 14 20:31:32.705419 n kernel: hci0: result 0x00
Aug 14 20:31:32.705442 n kernel: hci0: end: err 0
Aug 14 20:31:32.705488 n kernel: hci0: Opcode 0x0c1b
Aug 14 20:31:32.705504 n kernel: hci0: opcode 0x0c1b plen 0
Aug 14 20:31:32.705521 n kernel: hci0: skb len 3
Aug 14 20:31:32.705542 n kernel: hci0: length 1
Aug 14 20:31:32.705568 n kernel: hci0 cmd_cnt 1 cmd queued 1
Aug 14 20:31:32.705584 n kernel: hci0: skb 00000000800ed76d
Aug 14 20:31:32.708446 n kernel: hci0: result 0x00
Aug 14 20:31:32.708466 n kernel: hci0: end: err 0
Aug 14 20:31:32.708487 n kernel: hci0: Opcode 0x0c46
Aug 14 20:31:32.708503 n kernel: hci0: opcode 0x0c46 plen 0
Aug 14 20:31:32.708519 n kernel: hci0: skb len 3
Aug 14 20:31:32.708535 n kernel: hci0: length 1
Aug 14 20:31:32.708568 n kernel: hci0 cmd_cnt 1 cmd queued 1
Aug 14 20:31:32.708584 n kernel: hci0: skb 00000000dbb0eaf8
Aug 14 20:31:32.711824 n kernel: hci0: result 0x00
Aug 14 20:31:32.711856 n kernel: hci0: end: err 0
Aug 14 20:31:32.711872 n kernel: hci0: Opcode 0x1004
Aug 14 20:31:32.711890 n kernel: hci0: opcode 0x1004 plen 1
Aug 14 20:31:32.711909 n kernel: hci0: skb len 4
Aug 14 20:31:32.711929 n kernel: hci0: length 1
Aug 14 20:31:32.711945 n kernel: hci0 cmd_cnt 1 cmd queued 1
Aug 14 20:31:32.711960 n kernel: hci0: skb 00000000243f72a0
Aug 14 20:31:32.715493 n kernel: hci0: result 0x00
Aug 14 20:31:32.715514 n kernel: hci0: end: err 0
Aug 14 20:31:32.715527 n kernel: hci0: Opcode 0x2001
Aug 14 20:31:32.715536 n kernel: hci0: opcode 0x2001 plen 8
Aug 14 20:31:32.715545 n kernel: hci0: skb len 11
Aug 14 20:31:32.715553 n kernel: hci0: length 1
Aug 14 20:31:32.715561 n kernel: hci0 cmd_cnt 1 cmd queued 1
Aug 14 20:31:32.715606 n kernel: hci0: skb 0000000063085fe0
Aug 14 20:31:32.718434 n kernel: hci0: result 0x00
Aug 14 20:31:32.718453 n kernel: hci0: end: err 0
Aug 14 20:31:32.718472 n kernel: hci0: Opcode 0x2007
Aug 14 20:31:32.718492 n kernel: hci0: opcode 0x2007 plen 0
Aug 14 20:31:32.718509 n kernel: hci0: skb len 3
Aug 14 20:31:32.718524 n kernel: hci0: length 1
Aug 14 20:31:32.718540 n kernel: hci0 cmd_cnt 1 cmd queued 1
Aug 14 20:31:32.718556 n kernel: hci0: skb 000000008747cbfc
Aug 14 20:31:32.721430 n kernel: hci0: result 0x00
Aug 14 20:31:32.721450 n kernel: hci0: end: err 0
Aug 14 20:31:32.721467 n kernel: hci0: Opcode 0x200f
Aug 14 20:31:32.721484 n kernel: hci0: opcode 0x200f plen 0
Aug 14 20:31:32.721500 n kernel: hci0: skb len 3
Aug 14 20:31:32.721517 n kernel: hci0: length 1
Aug 14 20:31:32.721532 n kernel: hci0 cmd_cnt 1 cmd queued 1
Aug 14 20:31:32.721548 n kernel: hci0: skb 00000000c138e90e
Aug 14 20:31:32.724431 n kernel: hci0: result 0x00
Aug 14 20:31:32.724451 n kernel: hci0: end: err 0
Aug 14 20:31:32.724467 n kernel: hci0: Opcode 0x2010
Aug 14 20:31:32.724483 n kernel: hci0: opcode 0x2010 plen 0
Aug 14 20:31:32.724500 n kernel: hci0: skb len 3
Aug 14 20:31:32.724516 n kernel: hci0: length 1
Aug 14 20:31:32.724532 n kernel: hci0 cmd_cnt 1 cmd queued 1
Aug 14 20:31:32.724547 n kernel: hci0: skb 00000000bc90558f
Aug 14 20:31:32.727431 n kernel: hci0: result 0x00
Aug 14 20:31:32.727451 n kernel: hci0: end: err 0
Aug 14 20:31:32.727467 n kernel: hci0: Opcode 0x202a
Aug 14 20:31:32.727502 n kernel: hci0: opcode 0x202a plen 0
Aug 14 20:31:32.727518 n kernel: hci0: skb len 3
Aug 14 20:31:32.727534 n kernel: hci0: length 1
Aug 14 20:31:32.727551 n kernel: hci0 cmd_cnt 1 cmd queued 1
Aug 14 20:31:32.727567 n kernel: hci0: skb 000000007693c921
Aug 14 20:31:32.730439 n kernel: hci0: result 0x00
Aug 14 20:31:32.730458 n kernel: hci0: end: err 0
Aug 14 20:31:32.730475 n kernel: hci0: Opcode 0x2029
Aug 14 20:31:32.730510 n kernel: hci0: opcode 0x2029 plen 0
Aug 14 20:31:32.730526 n kernel: hci0: skb len 3
Aug 14 20:31:32.730542 n kernel: hci0: length 1
Aug 14 20:31:32.730568 n kernel: hci0 cmd_cnt 1 cmd queued 1
Aug 14 20:31:32.730584 n kernel: hci0: skb 000000000193f632
Aug 14 20:31:32.733418 n kernel: hci0: result 0x00
Aug 14 20:31:32.733438 n kernel: hci0: end: err 0
Aug 14 20:31:32.733473 n kernel: hci0: Opcode 0x202e
Aug 14 20:31:32.733490 n kernel: hci0: opcode 0x202e plen 2
Aug 14 20:31:32.733507 n kernel: hci0: skb len 5
Aug 14 20:31:32.733523 n kernel: hci0: length 1
Aug 14 20:31:32.733538 n kernel: hci0 cmd_cnt 1 cmd queued 1
Aug 14 20:31:32.733554 n kernel: hci0: skb 000000000ed27d36
Aug 14 20:31:32.736434 n kernel: hci0: result 0x00
Aug 14 20:31:32.736454 n kernel: hci0: end: err 0
Aug 14 20:31:32.736470 n kernel: hci0: Opcode 0x0c6d
Aug 14 20:31:32.736487 n kernel: hci0: opcode 0x0c6d plen 2
Aug 14 20:31:32.736504 n kernel: hci0: skb len 5
Aug 14 20:31:32.736538 n kernel: hci0: length 1
Aug 14 20:31:32.736554 n kernel: hci0 cmd_cnt 1 cmd queued 1
Aug 14 20:31:32.736570 n kernel: hci0: skb 00000000e9b0cc17
Aug 14 20:31:32.739432 n kernel: hci0: result 0x00
Aug 14 20:31:32.739452 n kernel: hci0: end: err 0
Aug 14 20:31:32.739464 n kernel: hci0: 
Aug 14 20:31:32.739472 n kernel: hci0: Opcode 0x0c12
Aug 14 20:31:32.739481 n kernel: hci0: opcode 0x0c12 plen 7
Aug 14 20:31:32.739490 n kernel: hci0: skb len 10
Aug 14 20:31:32.739498 n kernel: hci0: length 1
Aug 14 20:31:32.739506 n kernel: hci0 cmd_cnt 1 cmd queued 1
Aug 14 20:31:32.739515 n kernel: hci0: skb 00000000788a3568
Aug 14 20:31:32.742429 n kernel: hci0: result 0x00
Aug 14 20:31:32.742465 n kernel: hci0: end: err 0
Aug 14 20:31:32.742483 n kernel: hci0: Opcode 0x0c77
Aug 14 20:31:32.742500 n kernel: hci0: opcode 0x0c77 plen 0
Aug 14 20:31:32.742516 n kernel: hci0: skb len 3
Aug 14 20:31:32.742531 n kernel: hci0: length 1
Aug 14 20:31:32.742546 n kernel: hci0 cmd_cnt 1 cmd queued 1
Aug 14 20:31:32.742562 n kernel: hci0: skb 00000000f6c3e88f
Aug 14 20:31:32.745437 n kernel: hci0: result 0x00
Aug 14 20:31:32.745457 n kernel: hci0: end: err 0
Aug 14 20:31:32.745473 n kernel: hci0: Opcode 0x0c7a
Aug 14 20:31:32.745489 n kernel: hci0: opcode 0x0c7a plen 1
Aug 14 20:31:32.745506 n kernel: hci0: skb len 4
Aug 14 20:31:32.745522 n kernel: hci0: length 1
Aug 14 20:31:32.745537 n kernel: hci0 cmd_cnt 1 cmd queued 1
Aug 14 20:31:32.745553 n kernel: hci0: skb 00000000af88bee1
Aug 14 20:31:32.748454 n kernel: hci0: result 0x00
Aug 14 20:31:32.748473 n kernel: hci0: end: err 0
Aug 14 20:31:32.748482 n kernel: hci0: Opcode 0x0c1a
Aug 14 20:31:32.748490 n kernel: hci0: opcode 0x0c1a plen 1
Aug 14 20:31:32.748500 n kernel: hci0: skb len 4
Aug 14 20:31:32.748509 n kernel: hci0: length 1
Aug 14 20:31:32.748517 n kernel: hci0 cmd_cnt 1 cmd queued 1
Aug 14 20:31:32.748526 n kernel: hci0: skb 000000004194e962
Aug 14 20:31:32.751435 n kernel: hci0: result 0x00
Aug 14 20:31:32.751455 n kernel: hci0: end: err 0
Aug 14 20:31:32.751471 n kernel: hci0: 
Aug 14 20:31:32.751487 n kernel: hci0: Opcode 0x0c24
Aug 14 20:31:32.751504 n kernel: hci0: opcode 0x0c24 plen 3
Aug 14 20:31:32.751520 n kernel: hci0: skb len 6
Aug 14 20:31:32.751552 n kernel: hci0: length 1
Aug 14 20:31:32.751568 n kernel: hci0 cmd_cnt 1 cmd queued 1
Aug 14 20:31:32.751584 n kernel: hci0: skb 000000008ca08fa9
Aug 14 20:31:32.754398 n kernel: hci0: result 0x00
Aug 14 20:31:32.754432 n kernel: hci0: end: err 0
Aug 14 20:31:32.754450 n kernel: hci0: Opcode 0x0c13
Aug 14 20:31:32.754467 n kernel: hci0: opcode 0x0c13 plen 248
Aug 14 20:31:32.754483 n kernel: hci0: skb len 251
Aug 14 20:31:32.754499 n kernel: hci0: length 1
Aug 14 20:31:32.754515 n kernel: hci0 cmd_cnt 1 cmd queued 1
Aug 14 20:31:32.754531 n kernel: hci0: skb 0000000097917ae5
Aug 14 20:31:32.757420 n kernel: hci0: result 0x00
Aug 14 20:31:32.757441 n kernel: hci0: end: err 0
Aug 14 20:31:32.757459 n kernel: hci0: 
Aug 14 20:31:32.757477 n kernel: hci0: Opcode 0x0c52
Aug 14 20:31:32.757493 n kernel: hci0: opcode 0x0c52 plen 241
Aug 14 20:31:32.757510 n kernel: hci0: skb len 244
Aug 14 20:31:32.757566 n kernel: hci0: length 1
Aug 14 20:31:32.757582 n kernel: hci0 cmd_cnt 1 cmd queued 1
Aug 14 20:31:32.757597 n kernel: hci0: skb 00000000b83787b6
Aug 14 20:31:32.760422 n kernel: hci0: result 0x00
Aug 14 20:31:32.760443 n kernel: hci0: end: err 0
Aug 14 20:31:32.760460 n kernel: hci0: entry 000000007d575ca3
Aug 14 20:31:32.760477 n kernel: hci0: ADV monitoring is off
Aug 14 20:31:32.760494 n kernel: hci0: stopping background scanning
Aug 14 20:31:32.760525 n kernel: hci0: 
Aug 14 20:31:32.763369 n kernel: hci0: 
Aug 14 20:31:32.763385 n kernel: hci0: entry 00000000cd7d7f8a
Aug 14 20:31:32.763413 n kernel: hci0: ADV monitoring is off
Aug 14 20:31:32.763430 n kernel: hci0: stopping background scanning
Aug 14 20:31:32.763461 n kernel: hci0: 
Aug 14 20:31:32.763476 n kernel: hci0: entry 00000000b619edf2
Aug 14 20:31:32.763492 n kernel: hci0: Opcode 0x0c3a
Aug 14 20:31:32.763508 n kernel: hci0: opcode 0x0c3a plen 4
Aug 14 20:31:32.763524 n kernel: hci0: skb len 7
Aug 14 20:31:32.763539 n kernel: hci0: length 1
Aug 14 20:31:32.763555 n kernel: hci0 cmd_cnt 1 cmd queued 1
Aug 14 20:31:32.763570 n kernel: hci0: skb 000000009fea9cd3
Aug 14 20:31:32.765363 n kernel: hci0: result 0x00
Aug 14 20:31:32.765375 n kernel: hci0: end: err 0
Aug 14 20:31:32.765387 n kernel: hci0: Opcode 0x0c1a
Aug 14 20:31:32.765399 n kernel: hci0: opcode 0x0c1a plen 1
Aug 14 20:31:32.765410 n kernel: hci0: skb len 4
Aug 14 20:31:32.765422 n kernel: hci0: length 1
Aug 14 20:31:32.765442 n kernel: hci0 cmd_cnt 1 cmd queued 1
Aug 14 20:31:32.765454 n kernel: hci0: skb 0000000002a697e4
Aug 14 20:31:32.768398 n kernel: hci0: result 0x00
Aug 14 20:31:32.768413 n kernel: hci0: end: err 0
Aug 14 20:31:32.768427 n kernel: hci0: 
Aug 14 20:31:32.768454 n kernel: hci0: state 0 -> 1
Aug 14 20:31:32.768468 n kernel: hci0: 
Aug 14 20:31:32.768481 n kernel: hci0: entry 000000000c8aae6e
Aug 14 20:31:32.768496 n kernel: hci0: type 7
Aug 14 20:31:32.768509 n kernel: hci0: 
Aug 14 20:31:32.768522 n kernel: hci0: cancelling interleave scan
Aug 14 20:31:32.768535 n kernel: hci0: Opcode 0x2005
Aug 14 20:31:32.768549 n kernel: hci0: opcode 0x2005 plen 6
Aug 14 20:31:32.768563 n kernel: hci0: skb len 9
Aug 14 20:31:32.768576 n kernel: hci0: length 1
Aug 14 20:31:32.768589 n kernel: hci0 cmd_cnt 1 cmd queued 1
Aug 14 20:31:32.768603 n kernel: hci0: skb 00000000ef95d0ad
Aug 14 20:31:32.771373 n kernel: hci0: result 0x00
Aug 14 20:31:32.771388 n kernel: hci0: end: err 0
Aug 14 20:31:32.771401 n kernel: hci0: Opcode 0x200b
Aug 14 20:31:32.771414 n kernel: hci0: opcode 0x200b plen 7
Aug 14 20:31:32.771427 n kernel: hci0: skb len 10
Aug 14 20:31:32.771441 n kernel: hci0: length 1
Aug 14 20:31:32.771453 n kernel: hci0 cmd_cnt 1 cmd queued 1
Aug 14 20:31:32.771466 n kernel: hci0: skb 0000000072d49d03
Aug 14 20:31:32.773366 n kernel: Bluetooth: hci0: unexpected event for opcode 0x2005
Aug 14 20:31:32.775361 n kernel: hci0: result 0x00
Aug 14 20:31:32.775370 n kernel: hci0: end: err 0
Aug 14 20:31:32.775377 n kernel: hci0: Opcode 0x200c
Aug 14 20:31:32.775385 n kernel: hci0: opcode 0x200c plen 2
Aug 14 20:31:32.775393 n kernel: hci0: skb len 5
Aug 14 20:31:32.775402 n kernel: hci0: length 1
Aug 14 20:31:32.775410 n kernel: hci0 cmd_cnt 1 cmd queued 1
Aug 14 20:31:32.775418 n kernel: hci0: skb 0000000070648345
Aug 14 20:31:32.778373 n kernel: hci0: state 1 -> 2
Aug 14 20:31:32.778406 n kernel: hci0: result 0x00
Aug 14 20:31:32.778420 n kernel: hci0: end: err 0
Aug 14 20:31:32.778434 n kernel: hci0: timeout 5120 ms
Aug 14 20:31:33.615368 n kernel: 00000000babfecdf name hci0 blocked 1
Aug 14 20:31:33.615429 n kernel: hci0 00000000babfecdf
Aug 14 20:31:33.615467 n kernel: hci0: Opcode 0x0c1a
Aug 14 20:31:33.615477 n kernel: hci0: opcode 0x0c1a plen 1
Aug 14 20:31:33.615486 n kernel: hci0: skb len 4
Aug 14 20:31:33.615496 n kernel: hci0: length 1
Aug 14 20:31:33.615505 n kernel: hci0 cmd_cnt 1 cmd queued 1
Aug 14 20:31:33.615522 n kernel: hci0: skb 00000000dde08a80
Aug 14 20:31:33.625483 n kernel: hci0: result 0x00
Aug 14 20:31:33.625496 n kernel: hci0: end: err 0
Aug 14 20:31:33.625508 n kernel: hci0: state 2
Aug 14 20:31:33.625517 n kernel: hci0: Opcode 0x200c
Aug 14 20:31:33.625526 n kernel: hci0: opcode 0x200c plen 2
Aug 14 20:31:33.625535 n kernel: hci0: skb len 5
Aug 14 20:31:33.625544 n kernel: hci0: length 1
Aug 14 20:31:33.625554 n kernel: hci0 cmd_cnt 1 cmd queued 1
Aug 14 20:31:33.625564 n kernel: hci0: skb 00000000fef59a14
Aug 14 20:31:33.628402 n kernel: hci0: result 0x00
Aug 14 20:31:33.628411 n kernel: hci0: 
Aug 14 20:31:33.628419 n kernel: hci0: 
Aug 14 20:31:33.628426 n kernel: hci0: entry 000000000c8aae6e
Aug 14 20:31:33.628434 n kernel: hci0: end: err 0
Aug 14 20:31:33.628458 n kernel: hci0: 
Aug 14 20:31:33.635356 n kernel: hci0: err 0x13
Aug 14 20:31:33.635380 n kernel: hci0: cancelling interleave scan
Aug 14 20:31:33.635392 n kernel: hci0: state 2 -> 0
Aug 14 20:31:33.635414 n kernel: hdev hci0
Aug 14 20:31:33.635424 n kernel: hci0
Aug 14 20:31:33.635435 n kernel: hci0
Aug 14 20:31:33.635449 n kernel: hci0: 
Aug 14 20:31:34.283356 n kernel: 00000000babfecdf name hci0 blocked 0
Aug 14 20:31:34.283396 n kernel: hci0: 
Aug 14 20:31:34.283405 n kernel: hci0: entry 00000000fe769bae
Aug 14 20:31:34.283413 n kernel: hci0: 
Aug 14 20:31:34.283421 n kernel: hci0
Aug 14 20:31:34.283429 n kernel: hci0
Aug 14 20:31:34.283436 n kernel: hci0
Aug 14 20:31:34.283443 n kernel: hci0
Aug 14 20:31:34.283449 n kernel: hci0: 
Aug 14 20:31:34.283470 n kernel: hci0: 
Aug 14 20:31:34.283477 n kernel: hci0: Opcode 0x0c03
Aug 14 20:31:34.283485 n kernel: hci0: opcode 0x0c03 plen 0
Aug 14 20:31:34.283492 n kernel: hci0: skb len 3
Aug 14 20:31:34.283500 n kernel: hci0: length 1
Aug 14 20:31:34.283507 n kernel: hci0 cmd_cnt 1 cmd queued 1
Aug 14 20:31:34.283515 n kernel: hci0: skb 00000000c7289163
Aug 14 20:31:34.340475 n kernel: hci0: result 0x00
Aug 14 20:31:34.340508 n kernel: hci0: end: err 0
Aug 14 20:31:34.340525 n kernel: hci0: Opcode 0x1003
Aug 14 20:31:34.340541 n kernel: hci0: opcode 0x1003 plen 0
Aug 14 20:31:34.340557 n kernel: hci0: skb len 3
Aug 14 20:31:34.340573 n kernel: hci0: length 1
Aug 14 20:31:34.340590 n kernel: hci0 cmd_cnt 1 cmd queued 1
Aug 14 20:31:34.340607 n kernel: hci0: skb 000000008ba6385a
Aug 14 20:31:34.342372 n kernel: hci0: result 0x00
Aug 14 20:31:34.342413 n kernel: hci0: end: err 0
Aug 14 20:31:34.342426 n kernel: hci0: Opcode 0x1001
Aug 14 20:31:34.342458 n kernel: hci0: opcode 0x1001 plen 0
Aug 14 20:31:34.342475 n kernel: hci0: skb len 3
Aug 14 20:31:34.342495 n kernel: hci0: length 1
Aug 14 20:31:34.342516 n kernel: hci0 cmd_cnt 1 cmd queued 1
Aug 14 20:31:34.342531 n kernel: hci0: skb 00000000abf929d9
Aug 14 20:31:34.346495 n kernel: hci0: result 0x00
Aug 14 20:31:34.346515 n kernel: hci0: end: err 0
Aug 14 20:31:34.346534 n kernel: hci0: Opcode 0x1009
Aug 14 20:31:34.346552 n kernel: hci0: opcode 0x1009 plen 0
Aug 14 20:31:34.346567 n kernel: hci0: skb len 3
Aug 14 20:31:34.346583 n kernel: hci0: length 1
Aug 14 20:31:34.346598 n kernel: hci0 cmd_cnt 1 cmd queued 1
Aug 14 20:31:34.346615 n kernel: hci0: skb 000000007e147097
Aug 14 20:31:34.349438 n kernel: hci0: result 0x00
Aug 14 20:31:34.349459 n kernel: hci0: end: err 0
Aug 14 20:31:34.349505 n kernel: hci0: 
Aug 14 20:31:34.349515 n kernel: hci0: Opcode 0x1002
Aug 14 20:31:34.349525 n kernel: hci0: opcode 0x1002 plen 0
Aug 14 20:31:34.349534 n kernel: hci0: skb len 3
Aug 14 20:31:34.349545 n kernel: hci0: length 1
Aug 14 20:31:34.349557 n kernel: hci0 cmd_cnt 1 cmd queued 1
Aug 14 20:31:34.349565 n kernel: hci0: skb 0000000017f3f4b9
Aug 14 20:31:34.355499 n kernel: hci0: result 0x00
Aug 14 20:31:34.355521 n kernel: hci0: end: err 0
Aug 14 20:31:34.355539 n kernel: hci0: Opcode 0x0c56
Aug 14 20:31:34.355557 n kernel: hci0: opcode 0x0c56 plen 1
Aug 14 20:31:34.355574 n kernel: hci0: skb len 4
Aug 14 20:31:34.355592 n kernel: hci0: length 1
Aug 14 20:31:34.355608 n kernel: hci0 cmd_cnt 1 cmd queued 1
Aug 14 20:31:34.355625 n kernel: hci0: skb 00000000b83787b6
Aug 14 20:31:34.359476 n kernel: hci0: result 0x00
Aug 14 20:31:34.359496 n kernel: hci0: end: err 0
Aug 14 20:31:34.359512 n kernel: hci0: Opcode 0x0c45
Aug 14 20:31:34.359528 n kernel: hci0: opcode 0x0c45 plen 1
Aug 14 20:31:34.359550 n kernel: hci0: skb len 4
Aug 14 20:31:34.359565 n kernel: hci0: length 1
Aug 14 20:31:34.359581 n kernel: hci0 cmd_cnt 1 cmd queued 1
Aug 14 20:31:34.359597 n kernel: hci0: skb 0000000077dbb231
Aug 14 20:31:34.362479 n kernel: hci0: result 0x00
Aug 14 20:31:34.362500 n kernel: hci0: end: err 0
Aug 14 20:31:34.362516 n kernel: hci0: Opcode 0x0c58
Aug 14 20:31:34.362535 n kernel: hci0: opcode 0x0c58 plen 0
Aug 14 20:31:34.362551 n kernel: hci0: skb len 3
Aug 14 20:31:34.362567 n kernel: hci0: length 1
Aug 14 20:31:34.362583 n kernel: hci0 cmd_cnt 1 cmd queued 1
Aug 14 20:31:34.362598 n kernel: hci0: skb 0000000078aeaf61
Aug 14 20:31:34.365439 n kernel: hci0: result 0x00
Aug 14 20:31:34.365452 n kernel: hci0: end: err 0
Aug 14 20:31:34.365463 n kernel: hci0: Opcode 0x1004
Aug 14 20:31:34.365475 n kernel: hci0: opcode 0x1004 plen 1
Aug 14 20:31:34.365485 n kernel: hci0: skb len 4
Aug 14 20:31:34.365496 n kernel: hci0: length 1
Aug 14 20:31:34.365505 n kernel: hci0 cmd_cnt 1 cmd queued 1
Aug 14 20:31:34.365516 n kernel: hci0: skb 00000000eb120388
Aug 14 20:31:34.369476 n kernel: hci0: result 0x00
Aug 14 20:31:34.369496 n kernel: hci0: end: err 0
Aug 14 20:31:34.369514 n kernel: hci0: Opcode 0x1005
Aug 14 20:31:34.369533 n kernel: hci0: opcode 0x1005 plen 0
Aug 14 20:31:34.369548 n kernel: hci0: skb len 3
Aug 14 20:31:34.369564 n kernel: hci0: length 1
Aug 14 20:31:34.369580 n kernel: hci0 cmd_cnt 1 cmd queued 1
Aug 14 20:31:34.369596 n kernel: hci0: skb 00000000a4b2d35e
Aug 14 20:31:34.372489 n kernel: hci0: result 0x00
Aug 14 20:31:34.372509 n kernel: hci0: end: err 0
Aug 14 20:31:34.372527 n kernel: hci0: Opcode 0x0c23
Aug 14 20:31:34.372582 n kernel: hci0: opcode 0x0c23 plen 0
Aug 14 20:31:34.372598 n kernel: hci0: skb len 3
Aug 14 20:31:34.372638 n kernel: hci0: length 1
Aug 14 20:31:34.372660 n kernel: hci0 cmd_cnt 1 cmd queued 1
Aug 14 20:31:34.372677 n kernel: hci0: skb 00000000a4cc7a67
Aug 14 20:31:34.375068 n kernel: hci0: result 0x00
Aug 14 20:31:34.375089 n kernel: hci0: end: err 0
Aug 14 20:31:34.375105 n kernel: hci0: Opcode 0x0c14
Aug 14 20:31:34.375121 n kernel: hci0: opcode 0x0c14 plen 0
Aug 14 20:31:34.375138 n kernel: hci0: skb len 3
Aug 14 20:31:34.375155 n kernel: hci0: length 1
Aug 14 20:31:34.375170 n kernel: hci0 cmd_cnt 1 cmd queued 1
Aug 14 20:31:34.375202 n kernel: hci0: skb 0000000092788aff
Aug 14 20:31:34.393532 n kernel: hci0: result 0x00
Aug 14 20:31:34.393583 n kernel: hci0: end: err 0
Aug 14 20:31:34.393600 n kernel: hci0: Opcode 0x0c25
Aug 14 20:31:34.393616 n kernel: hci0: opcode 0x0c25 plen 0
Aug 14 20:31:34.393632 n kernel: hci0: skb len 3
Aug 14 20:31:34.393649 n kernel: hci0: length 1
Aug 14 20:31:34.393671 n kernel: hci0 cmd_cnt 1 cmd queued 1
Aug 14 20:31:34.393690 n kernel: hci0: skb 0000000063005a93
Aug 14 20:31:34.396436 n kernel: hci0: result 0x00
Aug 14 20:31:34.396455 n kernel: hci0: end: err 0
Aug 14 20:31:34.396470 n kernel: hci0: Opcode 0x0c38
Aug 14 20:31:34.396486 n kernel: hci0: opcode 0x0c38 plen 0
Aug 14 20:31:34.396500 n kernel: hci0: skb len 3
Aug 14 20:31:34.396515 n kernel: hci0: length 1
Aug 14 20:31:34.396529 n kernel: hci0 cmd_cnt 1 cmd queued 1
Aug 14 20:31:34.396545 n kernel: hci0: skb 0000000060e296cb
Aug 14 20:31:34.398390 n kernel: hci0: result 0x00
Aug 14 20:31:34.398406 n kernel: hci0: end: err 0
Aug 14 20:31:34.398421 n kernel: hci0: Opcode 0x0c39
Aug 14 20:31:34.398433 n kernel: hci0: opcode 0x0c39 plen 0
Aug 14 20:31:34.398445 n kernel: hci0: skb len 3
Aug 14 20:31:34.398457 n kernel: hci0: length 1
Aug 14 20:31:34.398468 n kernel: hci0 cmd_cnt 1 cmd queued 1
Aug 14 20:31:34.398480 n kernel: hci0: skb 0000000052a5c2cc
Aug 14 20:31:34.402477 n kernel: hci0: result 0x00
Aug 14 20:31:34.402497 n kernel: hci0: end: err 0
Aug 14 20:31:34.402514 n kernel: hci0: Opcode 0x0c16
Aug 14 20:31:34.402529 n kernel: hci0: opcode 0x0c16 plen 2
Aug 14 20:31:34.402546 n kernel: hci0: skb len 5
Aug 14 20:31:34.402562 n kernel: hci0: length 1
Aug 14 20:31:34.402578 n kernel: hci0 cmd_cnt 1 cmd queued 1
Aug 14 20:31:34.402615 n kernel: hci0: skb 00000000c229cdcf
Aug 14 20:31:34.405488 n kernel: hci0: result 0x00
Aug 14 20:31:34.405508 n kernel: hci0: end: err 0
Aug 14 20:31:34.405528 n kernel: hci0: Opcode 0x2003
Aug 14 20:31:34.405549 n kernel: hci0: opcode 0x2003 plen 0
Aug 14 20:31:34.405565 n kernel: hci0: skb len 3
Aug 14 20:31:34.405581 n kernel: hci0: length 1
Aug 14 20:31:34.405596 n kernel: hci0 cmd_cnt 1 cmd queued 1
Aug 14 20:31:34.405614 n kernel: hci0: skb 0000000002e6dac8
Aug 14 20:31:34.408487 n kernel: hci0: result 0x00
Aug 14 20:31:34.408507 n kernel: hci0: end: err 0
Aug 14 20:31:34.408523 n kernel: hci0: Opcode 0x2002
Aug 14 20:31:34.408542 n kernel: hci0: opcode 0x2002 plen 0
Aug 14 20:31:34.408560 n kernel: hci0: skb len 3
Aug 14 20:31:34.408576 n kernel: hci0: length 1
Aug 14 20:31:34.408592 n kernel: hci0 cmd_cnt 1 cmd queued 1
Aug 14 20:31:34.408608 n kernel: hci0: skb 000000005026799c
Aug 14 20:31:34.411492 n kernel: hci0: result 0x00
Aug 14 20:31:34.411512 n kernel: hci0: end: err 0
Aug 14 20:31:34.411533 n kernel: hci0: Opcode 0x201c
Aug 14 20:31:34.411552 n kernel: hci0: opcode 0x201c plen 0
Aug 14 20:31:34.411568 n kernel: hci0: skb len 3
Aug 14 20:31:34.411636 n kernel: hci0: length 1
Aug 14 20:31:34.411680 n kernel: hci0 cmd_cnt 1 cmd queued 1
Aug 14 20:31:34.411696 n kernel: hci0: skb 00000000eb120388
Aug 14 20:31:34.414517 n kernel: hci0: result 0x00
Aug 14 20:31:34.414558 n kernel: hci0: end: err 0
Aug 14 20:31:34.414588 n kernel: hci0: 
Aug 14 20:31:34.414614 n kernel: hci0: Opcode 0x0c01
Aug 14 20:31:34.414641 n kernel: hci0: opcode 0x0c01 plen 8
Aug 14 20:31:34.414667 n kernel: hci0: skb len 11
Aug 14 20:31:34.414694 n kernel: hci0: length 1
Aug 14 20:31:34.414719 n kernel: hci0 cmd_cnt 1 cmd queued 1
Aug 14 20:31:34.414745 n kernel: hci0: skb 0000000078aeaf61
Aug 14 20:31:34.416385 n kernel: hci0: result 0x00
Aug 14 20:31:34.416400 n kernel: hci0: end: err 0
Aug 14 20:31:34.416413 n kernel: hci0: Opcode 0x0c0d
Aug 14 20:31:34.416425 n kernel: hci0: opcode 0x0c0d plen 7
Aug 14 20:31:34.416437 n kernel: hci0: skb len 10
Aug 14 20:31:34.416449 n kernel: hci0: length 1
Aug 14 20:31:34.416477 n kernel: hci0 cmd_cnt 1 cmd queued 1
Aug 14 20:31:34.416488 n kernel: hci0: skb 0000000077dbb231
Aug 14 20:31:34.419441 n kernel: hci0: result 0x00
Aug 14 20:31:34.419464 n kernel: hci0: end: err 0
Aug 14 20:31:34.419485 n kernel: hci0: Opcode 0x080f
Aug 14 20:31:34.419505 n kernel: hci0: opcode 0x080f plen 2
Aug 14 20:31:34.419524 n kernel: hci0: skb len 5
Aug 14 20:31:34.419542 n kernel: hci0: length 1
Aug 14 20:31:34.419559 n kernel: hci0 cmd_cnt 1 cmd queued 1
Aug 14 20:31:34.419579 n kernel: hci0: skb 00000000bdda02eb
Aug 14 20:31:34.422446 n kernel: hci0: result 0x00
Aug 14 20:31:34.422466 n kernel: hci0: end: err 0
Aug 14 20:31:34.422543 n kernel: hci0: Opcode 0x0c1b
Aug 14 20:31:34.422560 n kernel: hci0: opcode 0x0c1b plen 0
Aug 14 20:31:34.422581 n kernel: hci0: skb len 3
Aug 14 20:31:34.422597 n kernel: hci0: length 1
Aug 14 20:31:34.422612 n kernel: hci0 cmd_cnt 1 cmd queued 1
Aug 14 20:31:34.422627 n kernel: hci0: skb 00000000804646ab
Aug 14 20:31:34.425444 n kernel: hci0: result 0x00
Aug 14 20:31:34.425478 n kernel: hci0: end: err 0
Aug 14 20:31:34.425499 n kernel: hci0: Opcode 0x0c46
Aug 14 20:31:34.425515 n kernel: hci0: opcode 0x0c46 plen 0
Aug 14 20:31:34.425530 n kernel: hci0: skb len 3
Aug 14 20:31:34.425545 n kernel: hci0: length 1
Aug 14 20:31:34.425560 n kernel: hci0 cmd_cnt 1 cmd queued 1
Aug 14 20:31:34.425605 n kernel: hci0: skb 00000000c324b6c3
Aug 14 20:31:34.428439 n kernel: hci0: result 0x00
Aug 14 20:31:34.428460 n kernel: hci0: end: err 0
Aug 14 20:31:34.428480 n kernel: hci0: Opcode 0x1004
Aug 14 20:31:34.428496 n kernel: hci0: opcode 0x1004 plen 1
Aug 14 20:31:34.428512 n kernel: hci0: skb len 4
Aug 14 20:31:34.428528 n kernel: hci0: length 1
Aug 14 20:31:34.428544 n kernel: hci0 cmd_cnt 1 cmd queued 1
Aug 14 20:31:34.428563 n kernel: hci0: skb 00000000510614c1
Aug 14 20:31:34.432415 n kernel: hci0: result 0x00
Aug 14 20:31:34.432430 n kernel: hci0: end: err 0
Aug 14 20:31:34.432439 n kernel: hci0: Opcode 0x2001
Aug 14 20:31:34.432448 n kernel: hci0: opcode 0x2001 plen 8
Aug 14 20:31:34.432474 n kernel: hci0: skb len 11
Aug 14 20:31:34.432483 n kernel: hci0: length 1
Aug 14 20:31:34.432491 n kernel: hci0 cmd_cnt 1 cmd queued 1
Aug 14 20:31:34.432499 n kernel: hci0: skb 000000007c0f3396
Aug 14 20:31:34.435432 n kernel: hci0: result 0x00
Aug 14 20:31:34.435461 n kernel: hci0: end: err 0
Aug 14 20:31:34.435481 n kernel: hci0: Opcode 0x2007
Aug 14 20:31:34.435498 n kernel: hci0: opcode 0x2007 plen 0
Aug 14 20:31:34.435515 n kernel: hci0: skb len 3
Aug 14 20:31:34.435533 n kernel: hci0: length 1
Aug 14 20:31:34.435552 n kernel: hci0 cmd_cnt 1 cmd queued 1
Aug 14 20:31:34.435572 n kernel: hci0: skb 00000000ec669d4b
Aug 14 20:31:34.438441 n kernel: hci0: result 0x00
Aug 14 20:31:34.438470 n kernel: hci0: end: err 0
Aug 14 20:31:34.438488 n kernel: hci0: Opcode 0x200f
Aug 14 20:31:34.438506 n kernel: hci0: opcode 0x200f plen 0
Aug 14 20:31:34.438524 n kernel: hci0: skb len 3
Aug 14 20:31:34.438544 n kernel: hci0: length 1
Aug 14 20:31:34.438559 n kernel: hci0 cmd_cnt 1 cmd queued 1
Aug 14 20:31:34.438575 n kernel: hci0: skb 00000000c324b6c3
Aug 14 20:31:34.441449 n kernel: hci0: result 0x00
Aug 14 20:31:34.441472 n kernel: hci0: end: err 0
Aug 14 20:31:34.441494 n kernel: hci0: Opcode 0x2010
Aug 14 20:31:34.441510 n kernel: hci0: opcode 0x2010 plen 0
Aug 14 20:31:34.441526 n kernel: hci0: skb len 3
Aug 14 20:31:34.441542 n kernel: hci0: length 1
Aug 14 20:31:34.441559 n kernel: hci0 cmd_cnt 1 cmd queued 1
Aug 14 20:31:34.441579 n kernel: hci0: skb 00000000804646ab
Aug 14 20:31:34.444497 n kernel: hci0: result 0x00
Aug 14 20:31:34.444521 n kernel: hci0: end: err 0
Aug 14 20:31:34.444537 n kernel: hci0: Opcode 0x202a
Aug 14 20:31:34.444554 n kernel: hci0: opcode 0x202a plen 0
Aug 14 20:31:34.444574 n kernel: hci0: skb len 3
Aug 14 20:31:34.444596 n kernel: hci0: length 1
Aug 14 20:31:34.444612 n kernel: hci0 cmd_cnt 1 cmd queued 1
Aug 14 20:31:34.444627 n kernel: hci0: skb 00000000bdda02eb
Aug 14 20:31:34.447450 n kernel: hci0: result 0x00
Aug 14 20:31:34.447474 n kernel: hci0: end: err 0
Aug 14 20:31:34.447516 n kernel: hci0: Opcode 0x2029
Aug 14 20:31:34.447535 n kernel: hci0: opcode 0x2029 plen 0
Aug 14 20:31:34.447552 n kernel: hci0: skb len 3
Aug 14 20:31:34.447573 n kernel: hci0: length 1
Aug 14 20:31:34.447589 n kernel: hci0 cmd_cnt 1 cmd queued 1
Aug 14 20:31:34.447604 n kernel: hci0: skb 0000000077dbb231
Aug 14 20:31:34.450389 n kernel: hci0: result 0x00
Aug 14 20:31:34.450401 n kernel: hci0: end: err 0
Aug 14 20:31:34.450413 n kernel: hci0: Opcode 0x202e
Aug 14 20:31:34.450424 n kernel: hci0: opcode 0x202e plen 2
Aug 14 20:31:34.450434 n kernel: hci0: skb len 5
Aug 14 20:31:34.450444 n kernel: hci0: length 1
Aug 14 20:31:34.450453 n kernel: hci0 cmd_cnt 1 cmd queued 1
Aug 14 20:31:34.450464 n kernel: hci0: skb 00000000eb120388
Aug 14 20:31:34.453453 n kernel: hci0: result 0x00
Aug 14 20:31:34.453478 n kernel: hci0: end: err 0
Aug 14 20:31:34.453497 n kernel: hci0: Opcode 0x0c6d
Aug 14 20:31:34.453514 n kernel: hci0: opcode 0x0c6d plen 2
Aug 14 20:31:34.453530 n kernel: hci0: skb len 5
Aug 14 20:31:34.453546 n kernel: hci0: length 1
Aug 14 20:31:34.453564 n kernel: hci0 cmd_cnt 1 cmd queued 1
Aug 14 20:31:34.453585 n kernel: hci0: skb 000000005026799c
Aug 14 20:31:34.456430 n kernel: hci0: result 0x00
Aug 14 20:31:34.456450 n kernel: hci0: end: err 0
Aug 14 20:31:34.456470 n kernel: hci0: 
Aug 14 20:31:34.456488 n kernel: hci0: Opcode 0x0c12
Aug 14 20:31:34.456504 n kernel: hci0: opcode 0x0c12 plen 7
Aug 14 20:31:34.456522 n kernel: hci0: skb len 10
Aug 14 20:31:34.456539 n kernel: hci0: length 1
Aug 14 20:31:34.456580 n kernel: hci0 cmd_cnt 1 cmd queued 1
Aug 14 20:31:34.456596 n kernel: hci0: skb 0000000002e6dac8
Aug 14 20:31:34.459449 n kernel: hci0: result 0x00
Aug 14 20:31:34.459508 n kernel: hci0: end: err 0
Aug 14 20:31:34.459533 n kernel: hci0: Opcode 0x0c77
Aug 14 20:31:34.459552 n kernel: hci0: opcode 0x0c77 plen 0
Aug 14 20:31:34.459572 n kernel: hci0: skb len 3
Aug 14 20:31:34.459592 n kernel: hci0: length 1
Aug 14 20:31:34.459607 n kernel: hci0 cmd_cnt 1 cmd queued 1
Aug 14 20:31:34.459623 n kernel: hci0: skb 00000000c229cdcf
Aug 14 20:31:34.462434 n kernel: hci0: result 0x00
Aug 14 20:31:34.462454 n kernel: hci0: end: err 0
Aug 14 20:31:34.462476 n kernel: hci0: Opcode 0x0c7a
Aug 14 20:31:34.462514 n kernel: hci0: opcode 0x0c7a plen 1
Aug 14 20:31:34.462534 n kernel: hci0: skb len 4
Aug 14 20:31:34.462557 n kernel: hci0: length 1
Aug 14 20:31:34.462573 n kernel: hci0 cmd_cnt 1 cmd queued 1
Aug 14 20:31:34.462589 n kernel: hci0: skb 0000000052a5c2cc
Aug 14 20:31:34.465442 n kernel: hci0: result 0x00
Aug 14 20:31:34.465457 n kernel: hci0: end: err 0
Aug 14 20:31:34.465469 n kernel: hci0: Opcode 0x0c1a
Aug 14 20:31:34.465480 n kernel: hci0: opcode 0x0c1a plen 1
Aug 14 20:31:34.465491 n kernel: hci0: skb len 4
Aug 14 20:31:34.465502 n kernel: hci0: length 1
Aug 14 20:31:34.465512 n kernel: hci0 cmd_cnt 1 cmd queued 1
Aug 14 20:31:34.465523 n kernel: hci0: skb 0000000060e296cb
Aug 14 20:31:34.468457 n kernel: hci0: result 0x00
Aug 14 20:31:34.468479 n kernel: hci0: end: err 0
Aug 14 20:31:34.468499 n kernel: hci0: 
Aug 14 20:31:34.468515 n kernel: hci0: Opcode 0x0c24
Aug 14 20:31:34.468531 n kernel: hci0: opcode 0x0c24 plen 3
Aug 14 20:31:34.468547 n kernel: hci0: skb len 6
Aug 14 20:31:34.468562 n kernel: hci0: length 1
Aug 14 20:31:34.468578 n kernel: hci0 cmd_cnt 1 cmd queued 1
Aug 14 20:31:34.468594 n kernel: hci0: skb 0000000063005a93
Aug 14 20:31:34.471436 n kernel: hci0: result 0x00
Aug 14 20:31:34.471457 n kernel: hci0: end: err 0
Aug 14 20:31:34.471475 n kernel: hci0: Opcode 0x0c13
Aug 14 20:31:34.471491 n kernel: hci0: opcode 0x0c13 plen 248
Aug 14 20:31:34.471508 n kernel: hci0: skb len 251
Aug 14 20:31:34.471524 n kernel: hci0: length 1
Aug 14 20:31:34.471540 n kernel: hci0 cmd_cnt 1 cmd queued 1
Aug 14 20:31:34.471557 n kernel: hci0: skb 0000000092788aff
Aug 14 20:31:34.474411 n kernel: hci0: result 0x00
Aug 14 20:31:34.474431 n kernel: hci0: end: err 0
Aug 14 20:31:34.474450 n kernel: hci0: 
Aug 14 20:31:34.474469 n kernel: hci0: Opcode 0x0c52
Aug 14 20:31:34.474486 n kernel: hci0: opcode 0x0c52 plen 241
Aug 14 20:31:34.474502 n kernel: hci0: skb len 244
Aug 14 20:31:34.474520 n kernel: hci0: length 1
Aug 14 20:31:34.474554 n kernel: hci0 cmd_cnt 1 cmd queued 1
Aug 14 20:31:34.474570 n kernel: hci0: skb 00000000b20a67b1
Aug 14 20:31:34.477410 n kernel: hci0: result 0x00
Aug 14 20:31:34.477431 n kernel: hci0: end: err 0
Aug 14 20:31:34.477448 n kernel: hci0: entry 000000007d575ca3
Aug 14 20:31:34.477466 n kernel: hci0: ADV monitoring is off
Aug 14 20:31:34.477483 n kernel: hci0: stopping background scanning
Aug 14 20:31:34.477499 n kernel: hci0: 
Aug 14 20:31:34.480370 n kernel: hci0: 
Aug 14 20:31:34.480379 n kernel: hci0: entry 000000007b37d31c
Aug 14 20:31:34.480388 n kernel: hci0: ADV monitoring is off
Aug 14 20:31:34.480395 n kernel: hci0: stopping background scanning
Aug 14 20:31:34.480411 n kernel: hci0: 
Aug 14 20:31:34.480429 n kernel: hci0: entry 00000000a4b5928b
Aug 14 20:31:34.480446 n kernel: hci0: Opcode 0x0c3a
Aug 14 20:31:34.480453 n kernel: hci0: opcode 0x0c3a plen 4
Aug 14 20:31:34.480461 n kernel: hci0: skb len 7
Aug 14 20:31:34.480475 n kernel: hci0: length 1
Aug 14 20:31:34.480482 n kernel: hci0 cmd_cnt 1 cmd queued 1
Aug 14 20:31:34.480490 n kernel: hci0: skb 0000000051de27e0
Aug 14 20:31:34.482377 n kernel: hci0: result 0x00
Aug 14 20:31:34.482391 n kernel: hci0: end: err 0
Aug 14 20:31:34.482404 n kernel: hci0: Opcode 0x0c1a
Aug 14 20:31:34.482418 n kernel: hci0: opcode 0x0c1a plen 1
Aug 14 20:31:34.482431 n kernel: hci0: skb len 4
Aug 14 20:31:34.482444 n kernel: hci0: length 1
Aug 14 20:31:34.482456 n kernel: hci0 cmd_cnt 1 cmd queued 1
Aug 14 20:31:34.482468 n kernel: hci0: skb 0000000001c5f85e
Aug 14 20:31:34.485381 n kernel: hci0: result 0x00
Aug 14 20:31:34.485399 n kernel: hci0: end: err 0
Aug 14 20:31:34.485414 n kernel: hci0: 
Aug 14 20:31:34.485441 n kernel: hci0: state 0 -> 1
Aug 14 20:31:34.485456 n kernel: hci0: 
Aug 14 20:31:34.485472 n kernel: hci0: entry 00000000fdcfe07f
Aug 14 20:31:34.485494 n kernel: hci0: type 7
Aug 14 20:31:34.485503 n kernel: hci0: 
Aug 14 20:31:34.485515 n kernel: hci0: cancelling interleave scan
Aug 14 20:31:34.485530 n kernel: hci0: Opcode 0x2005
Aug 14 20:31:34.485540 n kernel: hci0: opcode 0x2005 plen 6
Aug 14 20:31:34.485550 n kernel: hci0: skb len 9
Aug 14 20:31:34.485559 n kernel: hci0: length 1
Aug 14 20:31:34.485568 n kernel: hci0 cmd_cnt 1 cmd queued 1
Aug 14 20:31:34.485577 n kernel: hci0: skb 00000000d3d10640
Aug 14 20:31:34.488374 n kernel: hci0: result 0x00
Aug 14 20:31:34.488384 n kernel: hci0: end: err 0
Aug 14 20:31:34.488394 n kernel: hci0: Opcode 0x200b
Aug 14 20:31:34.488405 n kernel: hci0: opcode 0x200b plen 7
Aug 14 20:31:34.488414 n kernel: hci0: skb len 10
Aug 14 20:31:34.488424 n kernel: hci0: length 1
Aug 14 20:31:34.488434 n kernel: hci0 cmd_cnt 1 cmd queued 1
Aug 14 20:31:34.488443 n kernel: hci0: skb 000000003eff0283
Aug 14 20:31:34.490359 n kernel: Bluetooth: hci0: unexpected event for opcode 0x2005
Aug 14 20:31:34.492358 n kernel: hci0: result 0x00
Aug 14 20:31:34.492368 n kernel: hci0: end: err 0
Aug 14 20:31:34.492378 n kernel: hci0: Opcode 0x200c
Aug 14 20:31:34.492387 n kernel: hci0: opcode 0x200c plen 2
Aug 14 20:31:34.492397 n kernel: hci0: skb len 5
Aug 14 20:31:34.492407 n kernel: hci0: length 1
Aug 14 20:31:34.492416 n kernel: hci0 cmd_cnt 1 cmd queued 1
Aug 14 20:31:34.492425 n kernel: hci0: skb 0000000092788aff
Aug 14 20:31:34.495347 n kernel: hci0: state 1 -> 2
Aug 14 20:31:34.495368 n kernel: hci0: result 0x00
Aug 14 20:31:34.495376 n kernel: hci0: end: err 0
Aug 14 20:31:34.495384 n kernel: hci0: timeout 5120 ms
Aug 14 20:31:34.949372 n kernel: 00000000babfecdf name hci0 blocked 1
Aug 14 20:31:34.949440 n kernel: hci0 00000000babfecdf
Aug 14 20:31:34.949451 n kernel: hci0: Opcode 0x0c1a
Aug 14 20:31:34.949460 n kernel: hci0: opcode 0x0c1a plen 1
Aug 14 20:31:34.949469 n kernel: hci0: skb len 4
Aug 14 20:31:34.949479 n kernel: hci0: length 1
Aug 14 20:31:34.949488 n kernel: hci0 cmd_cnt 1 cmd queued 1
Aug 14 20:31:34.949499 n kernel: hci0: skb 00000000e0a5c18a
Aug 14 20:31:34.951391 n kernel: hci0: result 0x00
Aug 14 20:31:34.951406 n kernel: hci0: end: err 0
Aug 14 20:31:34.951414 n kernel: hci0: state 2
Aug 14 20:31:34.951422 n kernel: hci0: Opcode 0x200c
Aug 14 20:31:34.951431 n kernel: hci0: opcode 0x200c plen 2
Aug 14 20:31:34.951438 n kernel: hci0: skb len 5
Aug 14 20:31:34.951447 n kernel: hci0: length 1
Aug 14 20:31:34.951454 n kernel: hci0 cmd_cnt 1 cmd queued 1
Aug 14 20:31:34.951462 n kernel: hci0: skb 00000000ad826a5c
Aug 14 20:31:34.955685 n kernel: hci0: result 0x00
Aug 14 20:31:34.955704 n kernel: hci0: 
Aug 14 20:31:34.955721 n kernel: hci0: 
Aug 14 20:31:34.955736 n kernel: hci0: entry 00000000a4b5928b
Aug 14 20:31:34.955751 n kernel: hci0: end: err 0
Aug 14 20:31:34.955766 n kernel: hci0: 
Aug 14 20:31:34.964404 n kernel: hci0: err 0x13
Aug 14 20:31:34.964429 n kernel: hci0: cancelling interleave scan
Aug 14 20:31:34.964447 n kernel: hci0: state 2 -> 0
Aug 14 20:31:34.964483 n kernel: hdev hci0
Aug 14 20:31:34.964506 n kernel: hci0
Aug 14 20:31:34.964527 n kernel: hci0
Aug 14 20:31:34.964544 n kernel: hci0: 
Aug 14 20:31:35.415460 n kernel: 00000000babfecdf name hci0 blocked 0
Aug 14 20:31:35.415493 n kernel: hci0: 
Aug 14 20:31:35.415502 n kernel: hci0: entry 00000000fc666db4
Aug 14 20:31:35.415512 n kernel: hci0: 
Aug 14 20:31:35.415521 n kernel: hci0
Aug 14 20:31:35.415530 n kernel: hci0
Aug 14 20:31:35.415539 n kernel: hci0
Aug 14 20:31:35.415547 n kernel: hci0
Aug 14 20:31:35.415556 n kernel: hci0: 
Aug 14 20:31:35.415565 n kernel: hci0: 
Aug 14 20:31:35.415573 n kernel: hci0: Opcode 0x0c03
Aug 14 20:31:35.415582 n kernel: hci0: opcode 0x0c03 plen 0
Aug 14 20:31:35.415594 n kernel: hci0: skb len 3
Aug 14 20:31:35.415645 n kernel: hci0: length 1
Aug 14 20:31:35.415655 n kernel: hci0 cmd_cnt 1 cmd queued 1
Aug 14 20:31:35.415664 n kernel: hci0: skb 00000000301c4f34
Aug 14 20:31:35.472481 n kernel: hci0: result 0x00
Aug 14 20:31:35.472502 n kernel: hci0: end: err 0
Aug 14 20:31:35.472521 n kernel: hci0: Opcode 0x1003
Aug 14 20:31:35.472538 n kernel: hci0: opcode 0x1003 plen 0
Aug 14 20:31:35.472554 n kernel: hci0: skb len 3
Aug 14 20:31:35.472570 n kernel: hci0: length 1
Aug 14 20:31:35.472586 n kernel: hci0 cmd_cnt 1 cmd queued 1
Aug 14 20:31:35.472658 n kernel: hci0: skb 0000000095839d6c
Aug 14 20:31:35.475564 n kernel: hci0: result 0x00
Aug 14 20:31:35.475585 n kernel: hci0: end: err 0
Aug 14 20:31:35.475602 n kernel: hci0: Opcode 0x1001
Aug 14 20:31:35.475620 n kernel: hci0: opcode 0x1001 plen 0
Aug 14 20:31:35.475636 n kernel: hci0: skb len 3
Aug 14 20:31:35.475657 n kernel: hci0: length 1
Aug 14 20:31:35.475673 n kernel: hci0 cmd_cnt 1 cmd queued 1
Aug 14 20:31:35.475688 n kernel: hci0: skb 0000000030079669
Aug 14 20:31:35.478472 n kernel: hci0: result 0x00
Aug 14 20:31:35.478484 n kernel: hci0: end: err 0
Aug 14 20:31:35.478493 n kernel: hci0: Opcode 0x1009
Aug 14 20:31:35.478503 n kernel: hci0: opcode 0x1009 plen 0
Aug 14 20:31:35.478512 n kernel: hci0: skb len 3
Aug 14 20:31:35.478524 n kernel: hci0: length 1
Aug 14 20:31:35.478533 n kernel: hci0 cmd_cnt 1 cmd queued 1
Aug 14 20:31:35.478552 n kernel: hci0: skb 00000000e2bd4eb3
Aug 14 20:31:35.480377 n kernel: hci0: result 0x00
Aug 14 20:31:35.480387 n kernel: hci0: end: err 0
Aug 14 20:31:35.480396 n kernel: hci0: 
Aug 14 20:31:35.480403 n kernel: hci0: Opcode 0x1002
Aug 14 20:31:35.480411 n kernel: hci0: opcode 0x1002 plen 0
Aug 14 20:31:35.480419 n kernel: hci0: skb len 3
Aug 14 20:31:35.480427 n kernel: hci0: length 1
Aug 14 20:31:35.480434 n kernel: hci0 cmd_cnt 1 cmd queued 1
Aug 14 20:31:35.480443 n kernel: hci0: skb 000000009f3709a5
Aug 14 20:31:35.488526 n kernel: hci0: result 0x00
Aug 14 20:31:35.488551 n kernel: hci0: end: err 0
Aug 14 20:31:35.488568 n kernel: hci0: Opcode 0x0c56
Aug 14 20:31:35.488627 n kernel: hci0: opcode 0x0c56 plen 1
Aug 14 20:31:35.488642 n kernel: hci0: skb len 4
Aug 14 20:31:35.488662 n kernel: hci0: length 1
Aug 14 20:31:35.488697 n kernel: hci0 cmd_cnt 1 cmd queued 1
Aug 14 20:31:35.488713 n kernel: hci0: skb 000000003806efe9
Aug 14 20:31:35.491488 n kernel: hci0: result 0x00
Aug 14 20:31:35.491508 n kernel: hci0: end: err 0
Aug 14 20:31:35.491529 n kernel: hci0: Opcode 0x0c45
Aug 14 20:31:35.491546 n kernel: hci0: opcode 0x0c45 plen 1
Aug 14 20:31:35.491561 n kernel: hci0: skb len 4
Aug 14 20:31:35.491577 n kernel: hci0: length 1
Aug 14 20:31:35.491592 n kernel: hci0 cmd_cnt 1 cmd queued 1
Aug 14 20:31:35.491609 n kernel: hci0: skb 00000000fa456799
Aug 14 20:31:35.494481 n kernel: hci0: result 0x00
Aug 14 20:31:35.494502 n kernel: hci0: end: err 0
Aug 14 20:31:35.494523 n kernel: hci0: Opcode 0x0c58
Aug 14 20:31:35.494541 n kernel: hci0: opcode 0x0c58 plen 0
Aug 14 20:31:35.494559 n kernel: hci0: skb len 3
Aug 14 20:31:35.494576 n kernel: hci0: length 1
Aug 14 20:31:35.494593 n kernel: hci0 cmd_cnt 1 cmd queued 1
Aug 14 20:31:35.494658 n kernel: hci0: skb 000000006268e952
Aug 14 20:31:35.497437 n kernel: hci0: result 0x00
Aug 14 20:31:35.497449 n kernel: hci0: end: err 0
Aug 14 20:31:35.497484 n kernel: hci0: Opcode 0x1004
Aug 14 20:31:35.497493 n kernel: hci0: opcode 0x1004 plen 1
Aug 14 20:31:35.497503 n kernel: hci0: skb len 4
Aug 14 20:31:35.497516 n kernel: hci0: length 1
Aug 14 20:31:35.497526 n kernel: hci0 cmd_cnt 1 cmd queued 1
Aug 14 20:31:35.497535 n kernel: hci0: skb 0000000050ed3e94
Aug 14 20:31:35.501488 n kernel: hci0: result 0x00
Aug 14 20:31:35.501554 n kernel: hci0: end: err 0
Aug 14 20:31:35.501571 n kernel: hci0: Opcode 0x1005
Aug 14 20:31:35.501587 n kernel: hci0: opcode 0x1005 plen 0
Aug 14 20:31:35.501603 n kernel: hci0: skb len 3
Aug 14 20:31:35.501626 n kernel: hci0: length 1
Aug 14 20:31:35.501643 n kernel: hci0 cmd_cnt 1 cmd queued 1
Aug 14 20:31:35.501667 n kernel: hci0: skb 0000000083c21035
Aug 14 20:31:35.504434 n kernel: hci0: result 0x00
Aug 14 20:31:35.504445 n kernel: hci0: end: err 0
Aug 14 20:31:35.504457 n kernel: hci0: Opcode 0x0c23
Aug 14 20:31:35.504466 n kernel: hci0: opcode 0x0c23 plen 0
Aug 14 20:31:35.504475 n kernel: hci0: skb len 3
Aug 14 20:31:35.504484 n kernel: hci0: length 1
Aug 14 20:31:35.504493 n kernel: hci0 cmd_cnt 1 cmd queued 1
Aug 14 20:31:35.504503 n kernel: hci0: skb 00000000019b68fe
Aug 14 20:31:35.507490 n kernel: hci0: result 0x00
Aug 14 20:31:35.507510 n kernel: hci0: end: err 0
Aug 14 20:31:35.507528 n kernel: hci0: Opcode 0x0c14
Aug 14 20:31:35.507546 n kernel: hci0: opcode 0x0c14 plen 0
Aug 14 20:31:35.507561 n kernel: hci0: skb len 3
Aug 14 20:31:35.507577 n kernel: hci0: length 1
Aug 14 20:31:35.507592 n kernel: hci0 cmd_cnt 1 cmd queued 1
Aug 14 20:31:35.507607 n kernel: hci0: skb 0000000074332a09
Aug 14 20:31:35.525473 n kernel: hci0: result 0x00
Aug 14 20:31:35.525489 n kernel: hci0: end: err 0
Aug 14 20:31:35.525498 n kernel: hci0: Opcode 0x0c25
Aug 14 20:31:35.525508 n kernel: hci0: opcode 0x0c25 plen 0
Aug 14 20:31:35.525518 n kernel: hci0: skb len 3
Aug 14 20:31:35.525527 n kernel: hci0: length 1
Aug 14 20:31:35.525537 n kernel: hci0 cmd_cnt 1 cmd queued 1
Aug 14 20:31:35.525547 n kernel: hci0: skb 000000006f703366
Aug 14 20:31:35.528479 n kernel: hci0: result 0x00
Aug 14 20:31:35.528503 n kernel: hci0: end: err 0
Aug 14 20:31:35.528522 n kernel: hci0: Opcode 0x0c38
Aug 14 20:31:35.528538 n kernel: hci0: opcode 0x0c38 plen 0
Aug 14 20:31:35.528554 n kernel: hci0: skb len 3
Aug 14 20:31:35.528571 n kernel: hci0: length 1
Aug 14 20:31:35.528587 n kernel: hci0 cmd_cnt 1 cmd queued 1
Aug 14 20:31:35.528606 n kernel: hci0: skb 0000000062a5215d
Aug 14 20:31:35.532491 n kernel: hci0: result 0x00
Aug 14 20:31:35.532504 n kernel: hci0: end: err 0
Aug 14 20:31:35.532514 n kernel: hci0: Opcode 0x0c39
Aug 14 20:31:35.532522 n kernel: hci0: opcode 0x0c39 plen 0
Aug 14 20:31:35.532529 n kernel: hci0: skb len 3
Aug 14 20:31:35.532537 n kernel: hci0: length 1
Aug 14 20:31:35.532544 n kernel: hci0 cmd_cnt 1 cmd queued 1
Aug 14 20:31:35.532552 n kernel: hci0: skb 00000000e2bd4eb3
Aug 14 20:31:35.535445 n kernel: hci0: result 0x00
Aug 14 20:31:35.535457 n kernel: hci0: end: err 0
Aug 14 20:31:35.535468 n kernel: hci0: Opcode 0x0c16
Aug 14 20:31:35.535478 n kernel: hci0: opcode 0x0c16 plen 2
Aug 14 20:31:35.535487 n kernel: hci0: skb len 5
Aug 14 20:31:35.535496 n kernel: hci0: length 1
Aug 14 20:31:35.535505 n kernel: hci0 cmd_cnt 1 cmd queued 1
Aug 14 20:31:35.535514 n kernel: hci0: skb 0000000030079669
Aug 14 20:31:35.538450 n kernel: hci0: result 0x00
Aug 14 20:31:35.538490 n kernel: hci0: end: err 0
Aug 14 20:31:35.538500 n kernel: hci0: Opcode 0x2003
Aug 14 20:31:35.538509 n kernel: hci0: opcode 0x2003 plen 0
Aug 14 20:31:35.538519 n kernel: hci0: skb len 3
Aug 14 20:31:35.538531 n kernel: hci0: length 1
Aug 14 20:31:35.538541 n kernel: hci0 cmd_cnt 1 cmd queued 1
Aug 14 20:31:35.538551 n kernel: hci0: skb 0000000095839d6c
Aug 14 20:31:35.541432 n kernel: hci0: result 0x00
Aug 14 20:31:35.541442 n kernel: hci0: end: err 0
Aug 14 20:31:35.541450 n kernel: hci0: Opcode 0x2002
Aug 14 20:31:35.541459 n kernel: hci0: opcode 0x2002 plen 0
Aug 14 20:31:35.541482 n kernel: hci0: skb len 3
Aug 14 20:31:35.541491 n kernel: hci0: length 1
Aug 14 20:31:35.541507 n kernel: hci0 cmd_cnt 1 cmd queued 1
Aug 14 20:31:35.541520 n kernel: hci0: skb 0000000092788aff
Aug 14 20:31:35.544441 n kernel: hci0: result 0x00
Aug 14 20:31:35.544483 n kernel: hci0: end: err 0
Aug 14 20:31:35.544494 n kernel: hci0: Opcode 0x201c
Aug 14 20:31:35.544505 n kernel: hci0: opcode 0x201c plen 0
Aug 14 20:31:35.544516 n kernel: hci0: skb len 3
Aug 14 20:31:35.544529 n kernel: hci0: length 1
Aug 14 20:31:35.544540 n kernel: hci0 cmd_cnt 1 cmd queued 1
Aug 14 20:31:35.544551 n kernel: hci0: skb 00000000222c467f
Aug 14 20:31:35.547434 n kernel: hci0: result 0x00
Aug 14 20:31:35.547446 n kernel: hci0: end: err 0
Aug 14 20:31:35.547459 n kernel: hci0: 
Aug 14 20:31:35.547468 n kernel: hci0: Opcode 0x0c01
Aug 14 20:31:35.547477 n kernel: hci0: opcode 0x0c01 plen 8
Aug 14 20:31:35.547487 n kernel: hci0: skb len 11
Aug 14 20:31:35.547496 n kernel: hci0: length 1
Aug 14 20:31:35.547507 n kernel: hci0 cmd_cnt 1 cmd queued 1
Aug 14 20:31:35.547517 n kernel: hci0: skb 000000003f4ee4a2
Aug 14 20:31:35.550416 n kernel: hci0: result 0x00
Aug 14 20:31:35.550429 n kernel: hci0: end: err 0
Aug 14 20:31:35.550437 n kernel: hci0: Opcode 0x0c0d
Aug 14 20:31:35.550445 n kernel: hci0: opcode 0x0c0d plen 7
Aug 14 20:31:35.550452 n kernel: hci0: skb len 10
Aug 14 20:31:35.550461 n kernel: hci0: length 1
Aug 14 20:31:35.550469 n kernel: hci0 cmd_cnt 1 cmd queued 1
Aug 14 20:31:35.550476 n kernel: hci0: skb 00000000455dfd64
Aug 14 20:31:35.553498 n kernel: hci0: result 0x00
Aug 14 20:31:35.553561 n kernel: hci0: end: err 0
Aug 14 20:31:35.553577 n kernel: hci0: Opcode 0x080f
Aug 14 20:31:35.553593 n kernel: hci0: opcode 0x080f plen 2
Aug 14 20:31:35.553609 n kernel: hci0: skb len 5
Aug 14 20:31:35.553630 n kernel: hci0: length 1
Aug 14 20:31:35.553648 n kernel: hci0 cmd_cnt 1 cmd queued 1
Aug 14 20:31:35.553664 n kernel: hci0: skb 00000000169e007b
Aug 14 20:31:35.556468 n kernel: hci0: result 0x00
Aug 14 20:31:35.556481 n kernel: hci0: end: err 0
Aug 14 20:31:35.556491 n kernel: hci0: Opcode 0x0c1b
Aug 14 20:31:35.556501 n kernel: hci0: opcode 0x0c1b plen 0
Aug 14 20:31:35.556511 n kernel: hci0: skb len 3
Aug 14 20:31:35.556520 n kernel: hci0: length 1
Aug 14 20:31:35.556529 n kernel: hci0 cmd_cnt 1 cmd queued 1
Aug 14 20:31:35.556538 n kernel: hci0: skb 00000000f1ed366d
Aug 14 20:31:35.559518 n kernel: hci0: result 0x00
Aug 14 20:31:35.559561 n kernel: hci0: end: err 0
Aug 14 20:31:35.559577 n kernel: hci0: Opcode 0x0c46
Aug 14 20:31:35.559592 n kernel: hci0: opcode 0x0c46 plen 0
Aug 14 20:31:35.559609 n kernel: hci0: skb len 3
Aug 14 20:31:35.559628 n kernel: hci0: length 1
Aug 14 20:31:35.559657 n kernel: hci0 cmd_cnt 1 cmd queued 1
Aug 14 20:31:35.559673 n kernel: hci0: skb 00000000dde08a80
Aug 14 20:31:35.562438 n kernel: hci0: result 0x00
Aug 14 20:31:35.562474 n kernel: hci0: end: err 0
Aug 14 20:31:35.562484 n kernel: hci0: Opcode 0x1004
Aug 14 20:31:35.562494 n kernel: hci0: opcode 0x1004 plen 1
Aug 14 20:31:35.562503 n kernel: hci0: skb len 4
Aug 14 20:31:35.562514 n kernel: hci0: length 1
Aug 14 20:31:35.562525 n kernel: hci0 cmd_cnt 1 cmd queued 1
Aug 14 20:31:35.562534 n kernel: hci0: skb 000000008ac7638b
Aug 14 20:31:35.566454 n kernel: hci0: result 0x00
Aug 14 20:31:35.566484 n kernel: hci0: end: err 0
Aug 14 20:31:35.566493 n kernel: hci0: Opcode 0x2001
Aug 14 20:31:35.566508 n kernel: hci0: opcode 0x2001 plen 8
Aug 14 20:31:35.566521 n kernel: hci0: skb len 11
Aug 14 20:31:35.566531 n kernel: hci0: length 1
Aug 14 20:31:35.566540 n kernel: hci0 cmd_cnt 1 cmd queued 1
Aug 14 20:31:35.566549 n kernel: hci0: skb 00000000413dffce
Aug 14 20:31:35.569496 n kernel: hci0: result 0x00
Aug 14 20:31:35.569515 n kernel: hci0: end: err 0
Aug 14 20:31:35.569574 n kernel: hci0: Opcode 0x2007
Aug 14 20:31:35.569591 n kernel: hci0: opcode 0x2007 plen 0
Aug 14 20:31:35.569608 n kernel: hci0: skb len 3
Aug 14 20:31:35.569627 n kernel: hci0: length 1
Aug 14 20:31:35.569644 n kernel: hci0 cmd_cnt 1 cmd queued 1
Aug 14 20:31:35.569662 n kernel: hci0: skb 00000000476d3474
Aug 14 20:31:35.572508 n kernel: hci0: result 0x00
Aug 14 20:31:35.572536 n kernel: hci0: end: err 0
Aug 14 20:31:35.572554 n kernel: hci0: Opcode 0x200f
Aug 14 20:31:35.572569 n kernel: hci0: opcode 0x200f plen 0
Aug 14 20:31:35.572608 n kernel: hci0: skb len 3
Aug 14 20:31:35.572626 n kernel: hci0: length 1
Aug 14 20:31:35.572644 n kernel: hci0 cmd_cnt 1 cmd queued 1
Aug 14 20:31:35.572662 n kernel: hci0: skb 0000000023d80d89
Aug 14 20:31:35.575435 n kernel: hci0: result 0x00
Aug 14 20:31:35.575445 n kernel: hci0: end: err 0
Aug 14 20:31:35.575478 n kernel: hci0: Opcode 0x2010
Aug 14 20:31:35.575486 n kernel: hci0: opcode 0x2010 plen 0
Aug 14 20:31:35.575495 n kernel: hci0: skb len 3
Aug 14 20:31:35.575503 n kernel: hci0: length 1
Aug 14 20:31:35.575511 n kernel: hci0 cmd_cnt 1 cmd queued 1
Aug 14 20:31:35.575520 n kernel: hci0: skb 000000000516d612
Aug 14 20:31:35.578434 n kernel: hci0: result 0x00
Aug 14 20:31:35.578445 n kernel: hci0: end: err 0
Aug 14 20:31:35.578456 n kernel: hci0: Opcode 0x202a
Aug 14 20:31:35.578465 n kernel: hci0: opcode 0x202a plen 0
Aug 14 20:31:35.578473 n kernel: hci0: skb len 3
Aug 14 20:31:35.578483 n kernel: hci0: length 1
Aug 14 20:31:35.578492 n kernel: hci0 cmd_cnt 1 cmd queued 1
Aug 14 20:31:35.578503 n kernel: hci0: skb 0000000092788aff
Aug 14 20:31:35.581454 n kernel: hci0: result 0x00
Aug 14 20:31:35.581471 n kernel: hci0: end: err 0
Aug 14 20:31:35.581549 n kernel: hci0: Opcode 0x2029
Aug 14 20:31:35.581564 n kernel: hci0: opcode 0x2029 plen 0
Aug 14 20:31:35.581576 n kernel: hci0: skb len 3
Aug 14 20:31:35.581589 n kernel: hci0: length 1
Aug 14 20:31:35.581601 n kernel: hci0 cmd_cnt 1 cmd queued 1
Aug 14 20:31:35.581613 n kernel: hci0: skb 0000000021af6961
Aug 14 20:31:35.583382 n kernel: hci0: result 0x00
Aug 14 20:31:35.583441 n kernel: hci0: end: err 0
Aug 14 20:31:35.583474 n kernel: hci0: Opcode 0x202e
Aug 14 20:31:35.583491 n kernel: hci0: opcode 0x202e plen 2
Aug 14 20:31:35.583503 n kernel: hci0: skb len 5
Aug 14 20:31:35.583512 n kernel: hci0: length 1
Aug 14 20:31:35.583521 n kernel: hci0 cmd_cnt 1 cmd queued 1
Aug 14 20:31:35.583530 n kernel: hci0: skb 0000000030079669
Aug 14 20:31:35.587453 n kernel: hci0: result 0x00
Aug 14 20:31:35.587473 n kernel: hci0: end: err 0
Aug 14 20:31:35.587518 n kernel: hci0: Opcode 0x0c6d
Aug 14 20:31:35.587545 n kernel: hci0: opcode 0x0c6d plen 2
Aug 14 20:31:35.587568 n kernel: hci0: skb len 5
Aug 14 20:31:35.587588 n kernel: hci0: length 1
Aug 14 20:31:35.587603 n kernel: hci0 cmd_cnt 1 cmd queued 1
Aug 14 20:31:35.587619 n kernel: hci0: skb 00000000a4cc7a67
Aug 14 20:31:35.590446 n kernel: hci0: result 0x00
Aug 14 20:31:35.590499 n kernel: hci0: end: err 0
Aug 14 20:31:35.590520 n kernel: hci0: 
Aug 14 20:31:35.590545 n kernel: hci0: Opcode 0x0c12
Aug 14 20:31:35.590560 n kernel: hci0: opcode 0x0c12 plen 7
Aug 14 20:31:35.590578 n kernel: hci0: skb len 10
Aug 14 20:31:35.590599 n kernel: hci0: length 1
Aug 14 20:31:35.590614 n kernel: hci0 cmd_cnt 1 cmd queued 1
Aug 14 20:31:35.590629 n kernel: hci0: skb 00000000d8736e18
Aug 14 20:31:35.592747 n kernel: hci0: result 0x00
Aug 14 20:31:35.592760 n kernel: hci0: end: err 0
Aug 14 20:31:35.592769 n kernel: hci0: Opcode 0x0c77
Aug 14 20:31:35.592814 n kernel: hci0: opcode 0x0c77 plen 0
Aug 14 20:31:35.592826 n kernel: hci0: skb len 3
Aug 14 20:31:35.592838 n kernel: hci0: length 1
Aug 14 20:31:35.592846 n kernel: hci0 cmd_cnt 1 cmd queued 1
Aug 14 20:31:35.592856 n kernel: hci0: skb 00000000d3a95fa4
Aug 14 20:31:35.596440 n kernel: hci0: result 0x00
Aug 14 20:31:35.596457 n kernel: hci0: end: err 0
Aug 14 20:31:35.596473 n kernel: hci0: Opcode 0x0c7a
Aug 14 20:31:35.596490 n kernel: hci0: opcode 0x0c7a plen 1
Aug 14 20:31:35.596509 n kernel: hci0: skb len 4
Aug 14 20:31:35.596522 n kernel: hci0: length 1
Aug 14 20:31:35.596536 n kernel: hci0 cmd_cnt 1 cmd queued 1
Aug 14 20:31:35.596549 n kernel: hci0: skb 0000000078aeaf61
Aug 14 20:31:35.599475 n kernel: hci0: result 0x00
Aug 14 20:31:35.599492 n kernel: hci0: end: err 0
Aug 14 20:31:35.599502 n kernel: hci0: Opcode 0x0c1a
Aug 14 20:31:35.599512 n kernel: hci0: opcode 0x0c1a plen 1
Aug 14 20:31:35.599522 n kernel: hci0: skb len 4
Aug 14 20:31:35.599531 n kernel: hci0: length 1
Aug 14 20:31:35.599543 n kernel: hci0 cmd_cnt 1 cmd queued 1
Aug 14 20:31:35.599553 n kernel: hci0: skb 000000000d248835
Aug 14 20:31:35.602421 n kernel: hci0: result 0x00
Aug 14 20:31:35.602441 n kernel: hci0: end: err 0
Aug 14 20:31:35.602461 n kernel: hci0: 
Aug 14 20:31:35.602482 n kernel: hci0: Opcode 0x0c24
Aug 14 20:31:35.602499 n kernel: hci0: opcode 0x0c24 plen 3
Aug 14 20:31:35.602515 n kernel: hci0: skb len 6
Aug 14 20:31:35.602531 n kernel: hci0: length 1
Aug 14 20:31:35.602546 n kernel: hci0 cmd_cnt 1 cmd queued 1
Aug 14 20:31:35.602561 n kernel: hci0: skb 00000000bb81bd71
Aug 14 20:31:35.605419 n kernel: hci0: result 0x00
Aug 14 20:31:35.605439 n kernel: hci0: end: err 0
Aug 14 20:31:35.605457 n kernel: hci0: Opcode 0x0c13
Aug 14 20:31:35.605473 n kernel: hci0: opcode 0x0c13 plen 248
Aug 14 20:31:35.605489 n kernel: hci0: skb len 251
Aug 14 20:31:35.605504 n kernel: hci0: length 1
Aug 14 20:31:35.605520 n kernel: hci0 cmd_cnt 1 cmd queued 1
Aug 14 20:31:35.605535 n kernel: hci0: skb 0000000098b74921
Aug 14 20:31:35.607478 n kernel: hci0: result 0x00
Aug 14 20:31:35.607486 n kernel: hci0: end: err 0
Aug 14 20:31:35.607494 n kernel: hci0: 
Aug 14 20:31:35.607503 n kernel: hci0: Opcode 0x0c52
Aug 14 20:31:35.607515 n kernel: hci0: opcode 0x0c52 plen 241
Aug 14 20:31:35.607523 n kernel: hci0: skb len 244
Aug 14 20:31:35.607530 n kernel: hci0: length 1
Aug 14 20:31:35.607539 n kernel: hci0 cmd_cnt 1 cmd queued 1
Aug 14 20:31:35.607546 n kernel: hci0: skb 000000000193f632
Aug 14 20:31:35.610417 n kernel: hci0: result 0x00
Aug 14 20:31:35.610439 n kernel: hci0: end: err 0
Aug 14 20:31:35.610456 n kernel: hci0: entry 000000009679f179
Aug 14 20:31:35.610495 n kernel: hci0: ADV monitoring is off
Aug 14 20:31:35.610513 n kernel: hci0: stopping background scanning
Aug 14 20:31:35.610529 n kernel: hci0: 
Aug 14 20:31:35.613362 n kernel: hci0: 
Aug 14 20:31:35.613379 n kernel: hci0: entry 00000000838d9879
Aug 14 20:31:35.613393 n kernel: hci0: ADV monitoring is off
Aug 14 20:31:35.613401 n kernel: hci0: stopping background scanning
Aug 14 20:31:35.613419 n kernel: hci0: 
Aug 14 20:31:35.613427 n kernel: hci0: entry 00000000392ab5af
Aug 14 20:31:35.613436 n kernel: hci0: Opcode 0x0c3a
Aug 14 20:31:35.613445 n kernel: hci0: opcode 0x0c3a plen 4
Aug 14 20:31:35.613453 n kernel: hci0: skb len 7
Aug 14 20:31:35.613462 n kernel: hci0: length 1
Aug 14 20:31:35.613470 n kernel: hci0 cmd_cnt 1 cmd queued 1
Aug 14 20:31:35.613479 n kernel: hci0: skb 000000001593e3fe
Aug 14 20:31:35.615386 n kernel: hci0: result 0x00
Aug 14 20:31:35.615404 n kernel: hci0: end: err 0
Aug 14 20:31:35.615419 n kernel: hci0: Opcode 0x0c1a
Aug 14 20:31:35.615433 n kernel: hci0: opcode 0x0c1a plen 1
Aug 14 20:31:35.615446 n kernel: hci0: skb len 4
Aug 14 20:31:35.615460 n kernel: hci0: length 1
Aug 14 20:31:35.615474 n kernel: hci0 cmd_cnt 1 cmd queued 1
Aug 14 20:31:35.615487 n kernel: hci0: skb 0000000050ed3e94
Aug 14 20:31:35.618377 n kernel: hci0: result 0x00
Aug 14 20:31:35.618393 n kernel: hci0: end: err 0
Aug 14 20:31:35.618407 n kernel: hci0: 
Aug 14 20:31:35.619405 n kernel: hci0: state 0 -> 1
Aug 14 20:31:35.619422 n kernel: hci0: 
Aug 14 20:31:35.619432 n kernel: hci0: entry 000000004f1ec274
Aug 14 20:31:35.619442 n kernel: hci0: type 7
Aug 14 20:31:35.619452 n kernel: hci0: 
Aug 14 20:31:35.619462 n kernel: hci0: cancelling interleave scan
Aug 14 20:31:35.619484 n kernel: hci0: Opcode 0x2005
Aug 14 20:31:35.619493 n kernel: hci0: opcode 0x2005 plen 6
Aug 14 20:31:35.619503 n kernel: hci0: skb len 9
Aug 14 20:31:35.619513 n kernel: hci0: length 1
Aug 14 20:31:35.619522 n kernel: hci0 cmd_cnt 1 cmd queued 1
Aug 14 20:31:35.619531 n kernel: hci0: skb 0000000002a697e4
Aug 14 20:31:35.621372 n kernel: hci0: result 0x00
Aug 14 20:31:35.621390 n kernel: hci0: end: err 0
Aug 14 20:31:35.621409 n kernel: hci0: Opcode 0x200b
Aug 14 20:31:35.621420 n kernel: hci0: opcode 0x200b plen 7
Aug 14 20:31:35.621431 n kernel: hci0: skb len 10
Aug 14 20:31:35.621442 n kernel: hci0: length 1
Aug 14 20:31:35.621452 n kernel: hci0 cmd_cnt 1 cmd queued 1
Aug 14 20:31:35.621463 n kernel: hci0: skb 00000000f6c3e88f
Aug 14 20:31:35.623383 n kernel: Bluetooth: hci0: unexpected event for opcode 0x2005
Aug 14 20:31:35.625373 n kernel: hci0: result 0x00
Aug 14 20:31:35.625382 n kernel: hci0: end: err 0
Aug 14 20:31:35.625389 n kernel: hci0: Opcode 0x200c
Aug 14 20:31:35.625396 n kernel: hci0: opcode 0x200c plen 2
Aug 14 20:31:35.625404 n kernel: hci0: skb len 5
Aug 14 20:31:35.625421 n kernel: hci0: length 1
Aug 14 20:31:35.625428 n kernel: hci0 cmd_cnt 1 cmd queued 1
Aug 14 20:31:35.625435 n kernel: hci0: skb 000000004d938671
Aug 14 20:31:35.628344 n kernel: hci0: state 1 -> 2
Aug 14 20:31:35.628370 n kernel: hci0: result 0x00
Aug 14 20:31:35.628382 n kernel: hci0: end: err 0
Aug 14 20:31:35.628392 n kernel: hci0: timeout 5120 ms
Aug 14 20:31:35.866381 n kernel: 00000000babfecdf name hci0 blocked 1
Aug 14 20:31:35.866420 n kernel: hci0 00000000babfecdf
Aug 14 20:31:35.866430 n kernel: hci0: Opcode 0x0c1a
Aug 14 20:31:35.866442 n kernel: hci0: opcode 0x0c1a plen 1
Aug 14 20:31:35.866452 n kernel: hci0: skb len 4
Aug 14 20:31:35.866461 n kernel: hci0: length 1
Aug 14 20:31:35.866470 n kernel: hci0 cmd_cnt 1 cmd queued 1
Aug 14 20:31:35.866479 n kernel: hci0: skb 00000000bb6993bc
Aug 14 20:31:35.868394 n kernel: hci0: result 0x00
Aug 14 20:31:35.868406 n kernel: hci0: end: err 0
Aug 14 20:31:35.868414 n kernel: hci0: state 2
Aug 14 20:31:35.868423 n kernel: hci0: Opcode 0x200c
Aug 14 20:31:35.868433 n kernel: hci0: opcode 0x200c plen 2
Aug 14 20:31:35.868442 n kernel: hci0: skb len 5
Aug 14 20:31:35.868451 n kernel: hci0: length 1
Aug 14 20:31:35.868458 n kernel: hci0 cmd_cnt 1 cmd queued 1
Aug 14 20:31:35.868494 n kernel: hci0: skb 00000000ba436252
Aug 14 20:31:35.872410 n kernel: hci0: result 0x00
Aug 14 20:31:35.872430 n kernel: hci0: 
Aug 14 20:31:35.872455 n kernel: hci0: 
Aug 14 20:31:35.872472 n kernel: hci0: entry 000000007b37d31c
Aug 14 20:31:35.872490 n kernel: hci0: end: err 0
Aug 14 20:31:35.872505 n kernel: hci0: 
Aug 14 20:31:35.887363 n kernel: hci0: err 0x13
Aug 14 20:31:35.887390 n kernel: hci0: cancelling interleave scan
Aug 14 20:31:35.887408 n kernel: hci0: state 2 -> 0
Aug 14 20:31:35.887443 n kernel: hdev hci0
Aug 14 20:31:35.887462 n kernel: hci0
Aug 14 20:31:35.887480 n kernel: hci0
Aug 14 20:31:35.887503 n kernel: hci0: 
Aug 14 20:31:36.249349 n kernel: 00000000babfecdf name hci0 blocked 0
Aug 14 20:31:36.249391 n kernel: hci0: 
Aug 14 20:31:36.249405 n kernel: hci0: entry 0000000032820ff5
Aug 14 20:31:36.249414 n kernel: hci0: 
Aug 14 20:31:36.249424 n kernel: hci0
Aug 14 20:31:36.249433 n kernel: hci0
Aug 14 20:31:36.249461 n kernel: hci0
Aug 14 20:31:36.249478 n kernel: hci0
Aug 14 20:31:36.249488 n kernel: hci0: 
Aug 14 20:31:36.249496 n kernel: hci0: 
Aug 14 20:31:36.249505 n kernel: hci0: Opcode 0x0c03
Aug 14 20:31:36.249515 n kernel: hci0: opcode 0x0c03 plen 0
Aug 14 20:31:36.249526 n kernel: hci0: skb len 3
Aug 14 20:31:36.249537 n kernel: hci0: length 1
Aug 14 20:31:36.249547 n kernel: hci0 cmd_cnt 1 cmd queued 1
Aug 14 20:31:36.249557 n kernel: hci0: skb 00000000f4de0531
Aug 14 20:31:36.306433 n kernel: hci0: result 0x00
Aug 14 20:31:36.306445 n kernel: hci0: end: err 0
Aug 14 20:31:36.306455 n kernel: hci0: Opcode 0x1003
Aug 14 20:31:36.306463 n kernel: hci0: opcode 0x1003 plen 0
Aug 14 20:31:36.306474 n kernel: hci0: skb len 3
Aug 14 20:31:36.306483 n kernel: hci0: length 1
Aug 14 20:31:36.306492 n kernel: hci0 cmd_cnt 1 cmd queued 1
Aug 14 20:31:36.306501 n kernel: hci0: skb 0000000029d51060
Aug 14 20:31:36.309380 n kernel: hci0: result 0x00
Aug 14 20:31:36.309391 n kernel: hci0: end: err 0
Aug 14 20:31:36.309401 n kernel: hci0: Opcode 0x1001
Aug 14 20:31:36.309410 n kernel: hci0: opcode 0x1001 plen 0
Aug 14 20:31:36.309419 n kernel: hci0: skb len 3
Aug 14 20:31:36.309429 n kernel: hci0: length 1
Aug 14 20:31:36.309438 n kernel: hci0 cmd_cnt 1 cmd queued 1
Aug 14 20:31:36.309446 n kernel: hci0: skb 00000000ee90f2b9
Aug 14 20:31:36.312374 n kernel: hci0: result 0x00
Aug 14 20:31:36.312387 n kernel: hci0: end: err 0
Aug 14 20:31:36.312396 n kernel: hci0: Opcode 0x1009
Aug 14 20:31:36.312405 n kernel: hci0: opcode 0x1009 plen 0
Aug 14 20:31:36.312414 n kernel: hci0: skb len 3
Aug 14 20:31:36.312424 n kernel: hci0: length 1
Aug 14 20:31:36.312433 n kernel: hci0 cmd_cnt 1 cmd queued 1
Aug 14 20:31:36.312441 n kernel: hci0: skb 000000009b8afca2
Aug 14 20:31:36.314366 n kernel: hci0: result 0x00
Aug 14 20:31:36.314374 n kernel: hci0: end: err 0
Aug 14 20:31:36.314383 n kernel: hci0: 
Aug 14 20:31:36.314392 n kernel: hci0: Opcode 0x1002
Aug 14 20:31:36.314402 n kernel: hci0: opcode 0x1002 plen 0
Aug 14 20:31:36.314412 n kernel: hci0: skb len 3
Aug 14 20:31:36.314423 n kernel: hci0: length 1
Aug 14 20:31:36.314431 n kernel: hci0 cmd_cnt 1 cmd queued 1
Aug 14 20:31:36.314440 n kernel: hci0: skb 00000000878b7b4b
Aug 14 20:31:36.322390 n kernel: hci0: result 0x00
Aug 14 20:31:36.322400 n kernel: hci0: end: err 0
Aug 14 20:31:36.322410 n kernel: hci0: Opcode 0x0c56
Aug 14 20:31:36.322419 n kernel: hci0: opcode 0x0c56 plen 1
Aug 14 20:31:36.322429 n kernel: hci0: skb len 4
Aug 14 20:31:36.322441 n kernel: hci0: length 1
Aug 14 20:31:36.322450 n kernel: hci0 cmd_cnt 1 cmd queued 1
Aug 14 20:31:36.322459 n kernel: hci0: skb 0000000051de27e0
Aug 14 20:31:36.324375 n kernel: hci0: result 0x00
Aug 14 20:31:36.324385 n kernel: hci0: end: err 0
Aug 14 20:31:36.324394 n kernel: hci0: Opcode 0x0c45
Aug 14 20:31:36.324403 n kernel: hci0: opcode 0x0c45 plen 1
Aug 14 20:31:36.324412 n kernel: hci0: skb len 4
Aug 14 20:31:36.324422 n kernel: hci0: length 1
Aug 14 20:31:36.324432 n kernel: hci0 cmd_cnt 1 cmd queued 1
Aug 14 20:31:36.324441 n kernel: hci0: skb 00000000cfd840bf
Aug 14 20:31:36.327369 n kernel: hci0: result 0x00
Aug 14 20:31:36.327408 n kernel: hci0: end: err 0
Aug 14 20:31:36.327417 n kernel: hci0: Opcode 0x0c58
Aug 14 20:31:36.327426 n kernel: hci0: opcode 0x0c58 plen 0
Aug 14 20:31:36.327435 n kernel: hci0: skb len 3
Aug 14 20:31:36.327444 n kernel: hci0: length 1
Aug 14 20:31:36.327459 n kernel: hci0 cmd_cnt 1 cmd queued 1
Aug 14 20:31:36.327468 n kernel: hci0: skb 00000000a4b2d35e
Aug 14 20:31:36.331356 n kernel: hci0: result 0x00
Aug 14 20:31:36.331365 n kernel: hci0: end: err 0
Aug 14 20:31:36.331374 n kernel: hci0: Opcode 0x1004
Aug 14 20:31:36.331383 n kernel: hci0: opcode 0x1004 plen 1
Aug 14 20:31:36.331392 n kernel: hci0: skb len 4
Aug 14 20:31:36.331400 n kernel: hci0: length 1
Aug 14 20:31:36.331408 n kernel: hci0 cmd_cnt 1 cmd queued 1
Aug 14 20:31:36.331431 n kernel: hci0: skb 00000000510614c1
Aug 14 20:31:36.334360 n kernel: hci0: result 0x00
Aug 14 20:31:36.334370 n kernel: hci0: end: err 0
Aug 14 20:31:36.334380 n kernel: hci0: Opcode 0x1005
Aug 14 20:31:36.334390 n kernel: hci0: opcode 0x1005 plen 0
Aug 14 20:31:36.334399 n kernel: hci0: skb len 3
Aug 14 20:31:36.334409 n kernel: hci0: length 1
Aug 14 20:31:36.334418 n kernel: hci0 cmd_cnt 1 cmd queued 1
Aug 14 20:31:36.334428 n kernel: hci0: skb 00000000b97f5699
Aug 14 20:31:36.337357 n kernel: hci0: result 0x00
Aug 14 20:31:36.337367 n kernel: hci0: end: err 0
Aug 14 20:31:36.337375 n kernel: hci0: Opcode 0x0c23
Aug 14 20:31:36.337384 n kernel: hci0: opcode 0x0c23 plen 0
Aug 14 20:31:36.337393 n kernel: hci0: skb len 3
Aug 14 20:31:36.337402 n kernel: hci0: length 1
Aug 14 20:31:36.337412 n kernel: hci0 cmd_cnt 1 cmd queued 1
Aug 14 20:31:36.337421 n kernel: hci0: skb 0000000029d51060
Aug 14 20:31:36.340372 n kernel: hci0: result 0x00
Aug 14 20:31:36.340382 n kernel: hci0: end: err 0
Aug 14 20:31:36.340391 n kernel: hci0: Opcode 0x0c14
Aug 14 20:31:36.340401 n kernel: hci0: opcode 0x0c14 plen 0
Aug 14 20:31:36.340424 n kernel: hci0: skb len 3
Aug 14 20:31:36.340434 n kernel: hci0: length 1
Aug 14 20:31:36.340443 n kernel: hci0 cmd_cnt 1 cmd queued 1
Aug 14 20:31:36.340452 n kernel: hci0: skb 00000000659bd1d8
Aug 14 20:31:36.359408 n kernel: hci0: result 0x00
Aug 14 20:31:36.359420 n kernel: hci0: end: err 0
Aug 14 20:31:36.359429 n kernel: hci0: Opcode 0x0c25
Aug 14 20:31:36.359455 n kernel: hci0: opcode 0x0c25 plen 0
Aug 14 20:31:36.359473 n kernel: hci0: skb len 3
Aug 14 20:31:36.359485 n kernel: hci0: length 1
Aug 14 20:31:36.359493 n kernel: hci0 cmd_cnt 1 cmd queued 1
Aug 14 20:31:36.359502 n kernel: hci0: skb 00000000eabbf4f1
Aug 14 20:31:36.362388 n kernel: hci0: result 0x00
Aug 14 20:31:36.362399 n kernel: hci0: end: err 0
Aug 14 20:31:36.362411 n kernel: hci0: Opcode 0x0c38
Aug 14 20:31:36.362422 n kernel: hci0: opcode 0x0c38 plen 0
Aug 14 20:31:36.362431 n kernel: hci0: skb len 3
Aug 14 20:31:36.362440 n kernel: hci0: length 1
Aug 14 20:31:36.362448 n kernel: hci0 cmd_cnt 1 cmd queued 1
Aug 14 20:31:36.362459 n kernel: hci0: skb 000000008dcba533
Aug 14 20:31:36.365406 n kernel: hci0: result 0x00
Aug 14 20:31:36.365417 n kernel: hci0: end: err 0
Aug 14 20:31:36.365427 n kernel: hci0: Opcode 0x0c39
Aug 14 20:31:36.365436 n kernel: hci0: opcode 0x0c39 plen 0
Aug 14 20:31:36.365445 n kernel: hci0: skb len 3
Aug 14 20:31:36.365456 n kernel: hci0: length 1
Aug 14 20:31:36.365466 n kernel: hci0 cmd_cnt 1 cmd queued 1
Aug 14 20:31:36.365477 n kernel: hci0: skb 0000000086effc11
Aug 14 20:31:36.367384 n kernel: hci0: result 0x00
Aug 14 20:31:36.367407 n kernel: hci0: end: err 0
Aug 14 20:31:36.367426 n kernel: hci0: Opcode 0x0c16
Aug 14 20:31:36.367458 n kernel: hci0: opcode 0x0c16 plen 2
Aug 14 20:31:36.367468 n kernel: hci0: skb len 5
Aug 14 20:31:36.367477 n kernel: hci0: length 1
Aug 14 20:31:36.367486 n kernel: hci0 cmd_cnt 1 cmd queued 1
Aug 14 20:31:36.367495 n kernel: hci0: skb 00000000301c4f34
Aug 14 20:31:36.370369 n kernel: hci0: result 0x00
Aug 14 20:31:36.370385 n kernel: hci0: end: err 0
Aug 14 20:31:36.370403 n kernel: hci0: Opcode 0x2003
Aug 14 20:31:36.370416 n kernel: hci0: opcode 0x2003 plen 0
Aug 14 20:31:36.370429 n kernel: hci0: skb len 3
Aug 14 20:31:36.370445 n kernel: hci0: length 1
Aug 14 20:31:36.370458 n kernel: hci0 cmd_cnt 1 cmd queued 1
Aug 14 20:31:36.370467 n kernel: hci0: skb 000000005c4bae7a
Aug 14 20:31:36.374376 n kernel: hci0: result 0x00
Aug 14 20:31:36.374390 n kernel: hci0: end: err 0
Aug 14 20:31:36.374404 n kernel: hci0: Opcode 0x2002
Aug 14 20:31:36.374419 n kernel: hci0: opcode 0x2002 plen 0
Aug 14 20:31:36.374428 n kernel: hci0: skb len 3
Aug 14 20:31:36.374438 n kernel: hci0: length 1
Aug 14 20:31:36.374448 n kernel: hci0 cmd_cnt 1 cmd queued 1
Aug 14 20:31:36.374457 n kernel: hci0: skb 00000000a7945077
Aug 14 20:31:36.376356 n kernel: hci0: result 0x00
Aug 14 20:31:36.376370 n kernel: hci0: end: err 0
Aug 14 20:31:36.376388 n kernel: hci0: Opcode 0x201c
Aug 14 20:31:36.376409 n kernel: hci0: opcode 0x201c plen 0
Aug 14 20:31:36.376426 n kernel: hci0: skb len 3
Aug 14 20:31:36.376434 n kernel: hci0: length 1
Aug 14 20:31:36.376443 n kernel: hci0 cmd_cnt 1 cmd queued 1
Aug 14 20:31:36.376451 n kernel: hci0: skb 0000000017490f44
Aug 14 20:31:36.380366 n kernel: hci0: result 0x00
Aug 14 20:31:36.380380 n kernel: hci0: end: err 0
Aug 14 20:31:36.380397 n kernel: hci0: 
Aug 14 20:31:36.380409 n kernel: hci0: Opcode 0x0c01
Aug 14 20:31:36.380421 n kernel: hci0: opcode 0x0c01 plen 8
Aug 14 20:31:36.380433 n kernel: hci0: skb len 11
Aug 14 20:31:36.380442 n kernel: hci0: length 1
Aug 14 20:31:36.380450 n kernel: hci0 cmd_cnt 1 cmd queued 1
Aug 14 20:31:36.380459 n kernel: hci0: skb 0000000031bb1c6d
Aug 14 20:31:36.382362 n kernel: hci0: result 0x00
Aug 14 20:31:36.382377 n kernel: hci0: end: err 0
Aug 14 20:31:36.382396 n kernel: hci0: Opcode 0x0c0d
Aug 14 20:31:36.382412 n kernel: hci0: opcode 0x0c0d plen 7
Aug 14 20:31:36.382424 n kernel: hci0: skb len 10
Aug 14 20:31:36.382433 n kernel: hci0: length 1
Aug 14 20:31:36.382442 n kernel: hci0 cmd_cnt 1 cmd queued 1
Aug 14 20:31:36.382450 n kernel: hci0: skb 0000000071cf420b
Aug 14 20:31:36.386380 n kernel: hci0: result 0x00
Aug 14 20:31:36.386396 n kernel: hci0: end: err 0
Aug 14 20:31:36.386410 n kernel: hci0: Opcode 0x080f
Aug 14 20:31:36.386422 n kernel: hci0: opcode 0x080f plen 2
Aug 14 20:31:36.386430 n kernel: hci0: skb len 5
Aug 14 20:31:36.386439 n kernel: hci0: length 1
Aug 14 20:31:36.386448 n kernel: hci0 cmd_cnt 1 cmd queued 1
Aug 14 20:31:36.386456 n kernel: hci0: skb 0000000070f9a817
Aug 14 20:31:36.388357 n kernel: hci0: result 0x00
Aug 14 20:31:36.388374 n kernel: hci0: end: err 0
Aug 14 20:31:36.388391 n kernel: hci0: Opcode 0x0c1b
Aug 14 20:31:36.388408 n kernel: hci0: opcode 0x0c1b plen 0
Aug 14 20:31:36.388421 n kernel: hci0: skb len 3
Aug 14 20:31:36.388433 n kernel: hci0: length 1
Aug 14 20:31:36.388446 n kernel: hci0 cmd_cnt 1 cmd queued 1
Aug 14 20:31:36.388459 n kernel: hci0: skb 00000000dcfac84b
Aug 14 20:31:36.392394 n kernel: hci0: result 0x00
Aug 14 20:31:36.392410 n kernel: hci0: end: err 0
Aug 14 20:31:36.392419 n kernel: hci0: Opcode 0x0c46
Aug 14 20:31:36.392472 n kernel: hci0: opcode 0x0c46 plen 0
Aug 14 20:31:36.392482 n kernel: hci0: skb len 3
Aug 14 20:31:36.392491 n kernel: hci0: length 1
Aug 14 20:31:36.392500 n kernel: hci0 cmd_cnt 1 cmd queued 1
Aug 14 20:31:36.392509 n kernel: hci0: skb 0000000096f141cc
Aug 14 20:31:36.394372 n kernel: hci0: result 0x00
Aug 14 20:31:36.394385 n kernel: hci0: end: err 0
Aug 14 20:31:36.394393 n kernel: hci0: Opcode 0x1004
Aug 14 20:31:36.394401 n kernel: hci0: opcode 0x1004 plen 1
Aug 14 20:31:36.394409 n kernel: hci0: skb len 4
Aug 14 20:31:36.394416 n kernel: hci0: length 1
Aug 14 20:31:36.394423 n kernel: hci0 cmd_cnt 1 cmd queued 1
Aug 14 20:31:36.394429 n kernel: hci0: skb 0000000069ae3ec8
Aug 14 20:31:36.398372 n kernel: hci0: result 0x00
Aug 14 20:31:36.398388 n kernel: hci0: end: err 0
Aug 14 20:31:36.398398 n kernel: hci0: Opcode 0x2001
Aug 14 20:31:36.398407 n kernel: hci0: opcode 0x2001 plen 8
Aug 14 20:31:36.398416 n kernel: hci0: skb len 11
Aug 14 20:31:36.398425 n kernel: hci0: length 1
Aug 14 20:31:36.398433 n kernel: hci0 cmd_cnt 1 cmd queued 1
Aug 14 20:31:36.398442 n kernel: hci0: skb 00000000582f348f
Aug 14 20:31:36.401371 n kernel: hci0: result 0x00
Aug 14 20:31:36.401384 n kernel: hci0: end: err 0
Aug 14 20:31:36.401393 n kernel: hci0: Opcode 0x2007
Aug 14 20:31:36.401402 n kernel: hci0: opcode 0x2007 plen 0
Aug 14 20:31:36.401412 n kernel: hci0: skb len 3
Aug 14 20:31:36.401421 n kernel: hci0: length 1
Aug 14 20:31:36.401430 n kernel: hci0 cmd_cnt 1 cmd queued 1
Aug 14 20:31:36.401439 n kernel: hci0: skb 000000004eade54a
Aug 14 20:31:36.404375 n kernel: hci0: result 0x00
Aug 14 20:31:36.404386 n kernel: hci0: end: err 0
Aug 14 20:31:36.404395 n kernel: hci0: Opcode 0x200f
Aug 14 20:31:36.404404 n kernel: hci0: opcode 0x200f plen 0
Aug 14 20:31:36.404413 n kernel: hci0: skb len 3
Aug 14 20:31:36.404422 n kernel: hci0: length 1
Aug 14 20:31:36.404430 n kernel: hci0 cmd_cnt 1 cmd queued 1
Aug 14 20:31:36.404439 n kernel: hci0: skb 000000006f703366
Aug 14 20:31:36.407370 n kernel: hci0: result 0x00
Aug 14 20:31:36.407381 n kernel: hci0: end: err 0
Aug 14 20:31:36.407390 n kernel: hci0: Opcode 0x2010
Aug 14 20:31:36.407399 n kernel: hci0: opcode 0x2010 plen 0
Aug 14 20:31:36.407408 n kernel: hci0: skb len 3
Aug 14 20:31:36.407417 n kernel: hci0: length 1
Aug 14 20:31:36.407426 n kernel: hci0 cmd_cnt 1 cmd queued 1
Aug 14 20:31:36.407435 n kernel: hci0: skb 000000000207abae
Aug 14 20:31:36.410371 n kernel: hci0: result 0x00
Aug 14 20:31:36.410383 n kernel: hci0: end: err 0
Aug 14 20:31:36.410392 n kernel: hci0: Opcode 0x202a
Aug 14 20:31:36.410401 n kernel: hci0: opcode 0x202a plen 0
Aug 14 20:31:36.410410 n kernel: hci0: skb len 3
Aug 14 20:31:36.410419 n kernel: hci0: length 1
Aug 14 20:31:36.410427 n kernel: hci0 cmd_cnt 1 cmd queued 1
Aug 14 20:31:36.410440 n kernel: hci0: skb 000000008a3efec4
Aug 14 20:31:36.413369 n kernel: hci0: result 0x00
Aug 14 20:31:36.413380 n kernel: hci0: end: err 0
Aug 14 20:31:36.413389 n kernel: hci0: Opcode 0x2029
Aug 14 20:31:36.413400 n kernel: hci0: opcode 0x2029 plen 0
Aug 14 20:31:36.413412 n kernel: hci0: skb len 3
Aug 14 20:31:36.413420 n kernel: hci0: length 1
Aug 14 20:31:36.413429 n kernel: hci0 cmd_cnt 1 cmd queued 1
Aug 14 20:31:36.413438 n kernel: hci0: skb 00000000af88bee1
Aug 14 20:31:36.417383 n kernel: hci0: result 0x00
Aug 14 20:31:36.417394 n kernel: hci0: end: err 0
Aug 14 20:31:36.417403 n kernel: hci0: Opcode 0x202e
Aug 14 20:31:36.417413 n kernel: hci0: opcode 0x202e plen 2
Aug 14 20:31:36.417422 n kernel: hci0: skb len 5
Aug 14 20:31:36.417431 n kernel: hci0: length 1
Aug 14 20:31:36.417440 n kernel: hci0 cmd_cnt 1 cmd queued 1
Aug 14 20:31:36.417449 n kernel: hci0: skb 00000000832ff2fd
Aug 14 20:31:36.420384 n kernel: hci0: result 0x00
Aug 14 20:31:36.420394 n kernel: hci0: end: err 0
Aug 14 20:31:36.420403 n kernel: hci0: Opcode 0x0c6d
Aug 14 20:31:36.420412 n kernel: hci0: opcode 0x0c6d plen 2
Aug 14 20:31:36.420422 n kernel: hci0: skb len 5
Aug 14 20:31:36.420431 n kernel: hci0: length 1
Aug 14 20:31:36.420439 n kernel: hci0 cmd_cnt 1 cmd queued 1
Aug 14 20:31:36.420448 n kernel: hci0: skb 00000000368b4e6e
Aug 14 20:31:36.423381 n kernel: hci0: result 0x00
Aug 14 20:31:36.423392 n kernel: hci0: end: err 0
Aug 14 20:31:36.423401 n kernel: hci0: 
Aug 14 20:31:36.423410 n kernel: hci0: Opcode 0x0c12
Aug 14 20:31:36.423434 n kernel: hci0: opcode 0x0c12 plen 7
Aug 14 20:31:36.423443 n kernel: hci0: skb len 10
Aug 14 20:31:36.423452 n kernel: hci0: length 1
Aug 14 20:31:36.423460 n kernel: hci0 cmd_cnt 1 cmd queued 1
Aug 14 20:31:36.423469 n kernel: hci0: skb 00000000b71f4bc8
Aug 14 20:31:36.426381 n kernel: hci0: result 0x00
Aug 14 20:31:36.426403 n kernel: hci0: end: err 0
Aug 14 20:31:36.426412 n kernel: hci0: Opcode 0x0c77
Aug 14 20:31:36.426421 n kernel: hci0: opcode 0x0c77 plen 0
Aug 14 20:31:36.426430 n kernel: hci0: skb len 3
Aug 14 20:31:36.426438 n kernel: hci0: length 1
Aug 14 20:31:36.426447 n kernel: hci0 cmd_cnt 1 cmd queued 1
Aug 14 20:31:36.426455 n kernel: hci0: skb 000000008dcba533
Aug 14 20:31:36.429377 n kernel: hci0: result 0x00
Aug 14 20:31:36.429388 n kernel: hci0: end: err 0
Aug 14 20:31:36.429397 n kernel: hci0: Opcode 0x0c7a
Aug 14 20:31:36.429406 n kernel: hci0: opcode 0x0c7a plen 1
Aug 14 20:31:36.429415 n kernel: hci0: skb len 4
Aug 14 20:31:36.429424 n kernel: hci0: length 1
Aug 14 20:31:36.429432 n kernel: hci0 cmd_cnt 1 cmd queued 1
Aug 14 20:31:36.429441 n kernel: hci0: skb 0000000086effc11
Aug 14 20:31:36.431369 n kernel: hci0: result 0x00
Aug 14 20:31:36.431384 n kernel: hci0: end: err 0
Aug 14 20:31:36.431398 n kernel: hci0: Opcode 0x0c1a
Aug 14 20:31:36.431409 n kernel: hci0: opcode 0x0c1a plen 1
Aug 14 20:31:36.431418 n kernel: hci0: skb len 4
Aug 14 20:31:36.431427 n kernel: hci0: length 1
Aug 14 20:31:36.431436 n kernel: hci0 cmd_cnt 1 cmd queued 1
Aug 14 20:31:36.431445 n kernel: hci0: skb 00000000ddd2ce64
Aug 14 20:31:36.434372 n kernel: hci0: result 0x00
Aug 14 20:31:36.434385 n kernel: hci0: end: err 0
Aug 14 20:31:36.434405 n kernel: hci0: 
Aug 14 20:31:36.434415 n kernel: hci0: Opcode 0x0c24
Aug 14 20:31:36.434425 n kernel: hci0: opcode 0x0c24 plen 3
Aug 14 20:31:36.434435 n kernel: hci0: skb len 6
Aug 14 20:31:36.434445 n kernel: hci0: length 1
Aug 14 20:31:36.434454 n kernel: hci0 cmd_cnt 1 cmd queued 1
Aug 14 20:31:36.434463 n kernel: hci0: skb 00000000f4de0531
Aug 14 20:31:36.437380 n kernel: hci0: result 0x00
Aug 14 20:31:36.437391 n kernel: hci0: end: err 0
Aug 14 20:31:36.437401 n kernel: hci0: Opcode 0x0c13
Aug 14 20:31:36.437411 n kernel: hci0: opcode 0x0c13 plen 248
Aug 14 20:31:36.437421 n kernel: hci0: skb len 251
Aug 14 20:31:36.437431 n kernel: hci0: length 1
Aug 14 20:31:36.437451 n kernel: hci0 cmd_cnt 1 cmd queued 1
Aug 14 20:31:36.437460 n kernel: hci0: skb 00000000f1a3771e
Aug 14 20:31:36.440373 n kernel: hci0: result 0x00
Aug 14 20:31:36.440386 n kernel: hci0: end: err 0
Aug 14 20:31:36.440396 n kernel: hci0: 
Aug 14 20:31:36.440405 n kernel: hci0: Opcode 0x0c52
Aug 14 20:31:36.440415 n kernel: hci0: opcode 0x0c52 plen 241
Aug 14 20:31:36.440424 n kernel: hci0: skb len 244
Aug 14 20:31:36.440433 n kernel: hci0: length 1
Aug 14 20:31:36.440452 n kernel: hci0 cmd_cnt 1 cmd queued 1
Aug 14 20:31:36.440461 n kernel: hci0: skb 000000005ec197f4
Aug 14 20:31:36.443369 n kernel: hci0: result 0x00
Aug 14 20:31:36.443385 n kernel: hci0: end: err 0
Aug 14 20:31:36.443395 n kernel: hci0: entry 00000000f3fac4ef
Aug 14 20:31:36.443405 n kernel: hci0: ADV monitoring is off
Aug 14 20:31:36.443416 n kernel: hci0: stopping background scanning
Aug 14 20:31:36.443425 n kernel: hci0: 
Aug 14 20:31:36.445374 n kernel: hci0: 
Aug 14 20:31:36.445385 n kernel: hci0: entry 000000004f1ec274
Aug 14 20:31:36.445392 n kernel: hci0: ADV monitoring is off
Aug 14 20:31:36.445402 n kernel: hci0: stopping background scanning
Aug 14 20:31:36.445416 n kernel: hci0: 
Aug 14 20:31:36.445423 n kernel: hci0: entry 00000000392ab5af
Aug 14 20:31:36.445430 n kernel: hci0: Opcode 0x0c3a
Aug 14 20:31:36.445438 n kernel: hci0: opcode 0x0c3a plen 4
Aug 14 20:31:36.445445 n kernel: hci0: skb len 7
Aug 14 20:31:36.445452 n kernel: hci0: length 1
Aug 14 20:31:36.445459 n kernel: hci0 cmd_cnt 1 cmd queued 1
Aug 14 20:31:36.445466 n kernel: hci0: skb 0000000002c17bb9
Aug 14 20:31:36.449402 n kernel: hci0: result 0x00
Aug 14 20:31:36.449421 n kernel: hci0: end: err 0
Aug 14 20:31:36.449436 n kernel: hci0: Opcode 0x0c1a
Aug 14 20:31:36.449451 n kernel: hci0: opcode 0x0c1a plen 1
Aug 14 20:31:36.449466 n kernel: hci0: skb len 4
Aug 14 20:31:36.449480 n kernel: hci0: length 1
Aug 14 20:31:36.449494 n kernel: hci0 cmd_cnt 1 cmd queued 1
Aug 14 20:31:36.449509 n kernel: hci0: skb 000000008c6f52ee
Aug 14 20:31:36.452397 n kernel: hci0: result 0x00
Aug 14 20:31:36.452415 n kernel: hci0: end: err 0
Aug 14 20:31:36.452432 n kernel: hci0: 
Aug 14 20:31:36.452463 n kernel: hci0: state 0 -> 1
Aug 14 20:31:36.452479 n kernel: hci0: 
Aug 14 20:31:36.452494 n kernel: hci0: entry 00000000a4b5928b
Aug 14 20:31:36.452510 n kernel: hci0: type 7
Aug 14 20:31:36.452525 n kernel: hci0: 
Aug 14 20:31:36.452539 n kernel: hci0: cancelling interleave scan
Aug 14 20:31:36.452555 n kernel: hci0: Opcode 0x2005
Aug 14 20:31:36.452571 n kernel: hci0: opcode 0x2005 plen 6
Aug 14 20:31:36.452586 n kernel: hci0: skb len 9
Aug 14 20:31:36.452600 n kernel: hci0: length 1
Aug 14 20:31:36.452613 n kernel: hci0 cmd_cnt 1 cmd queued 1
Aug 14 20:31:36.452627 n kernel: hci0: skb 00000000522cd375
Aug 14 20:31:36.454359 n kernel: hci0: result 0x00
Aug 14 20:31:36.454367 n kernel: hci0: end: err 0
Aug 14 20:31:36.454374 n kernel: hci0: Opcode 0x200b
Aug 14 20:31:36.454382 n kernel: hci0: opcode 0x200b plen 7
Aug 14 20:31:36.454393 n kernel: hci0: skb len 10
Aug 14 20:31:36.454405 n kernel: hci0: length 1
Aug 14 20:31:36.454412 n kernel: hci0 cmd_cnt 1 cmd queued 1
Aug 14 20:31:36.454419 n kernel: hci0: skb 0000000067a1b3a4
Aug 14 20:31:36.456364 n kernel: Bluetooth: hci0: unexpected event for opcode 0x2005
Aug 14 20:31:36.458362 n kernel: hci0: result 0x00
Aug 14 20:31:36.458376 n kernel: hci0: end: err 0
Aug 14 20:31:36.458385 n kernel: hci0: Opcode 0x200c
Aug 14 20:31:36.458394 n kernel: hci0: opcode 0x200c plen 2
Aug 14 20:31:36.458403 n kernel: hci0: skb len 5
Aug 14 20:31:36.458412 n kernel: hci0: length 1
Aug 14 20:31:36.458421 n kernel: hci0 cmd_cnt 1 cmd queued 1
Aug 14 20:31:36.458431 n kernel: hci0: skb 00000000d29e3823
Aug 14 20:31:36.461345 n kernel: hci0: state 1 -> 2
Aug 14 20:31:36.461377 n kernel: hci0: result 0x00
Aug 14 20:31:36.461386 n kernel: hci0: end: err 0
Aug 14 20:31:36.461396 n kernel: hci0: timeout 5120 ms
Aug 14 20:31:36.549356 n kernel: 00000000babfecdf name hci0 blocked 1
Aug 14 20:31:36.549387 n kernel: hci0 00000000babfecdf
Aug 14 20:31:36.549426 n kernel: hci0: Opcode 0x0c1a
Aug 14 20:31:36.549437 n kernel: hci0: opcode 0x0c1a plen 1
Aug 14 20:31:36.549446 n kernel: hci0: skb len 4
Aug 14 20:31:36.549455 n kernel: hci0: length 1
Aug 14 20:31:36.549465 n kernel: hci0 cmd_cnt 1 cmd queued 1
Aug 14 20:31:36.549475 n kernel: hci0: skb 0000000032284dac
Aug 14 20:31:36.552386 n kernel: hci0: result 0x00
Aug 14 20:31:36.552403 n kernel: hci0: end: err 0
Aug 14 20:31:36.552414 n kernel: hci0: state 2
Aug 14 20:31:36.552426 n kernel: hci0: Opcode 0x200c
Aug 14 20:31:36.552437 n kernel: hci0: opcode 0x200c plen 2
Aug 14 20:31:36.552449 n kernel: hci0: skb len 5
Aug 14 20:31:36.552460 n kernel: hci0: length 1
Aug 14 20:31:36.552471 n kernel: hci0 cmd_cnt 1 cmd queued 1
Aug 14 20:31:36.552482 n kernel: hci0: skb 000000006f703366
Aug 14 20:31:36.554374 n kernel: hci0: result 0x00
Aug 14 20:31:36.554387 n kernel: hci0: 
Aug 14 20:31:36.554397 n kernel: hci0: 
Aug 14 20:31:36.554406 n kernel: hci0: entry 000000007b37d31c
Aug 14 20:31:36.554414 n kernel: hci0: end: err 0
Aug 14 20:31:36.554422 n kernel: hci0: 
Aug 14 20:31:36.562416 n kernel: hci0: err 0x13
Aug 14 20:31:36.562485 n kernel: hci0: cancelling interleave scan
Aug 14 20:31:36.562526 n kernel: hci0: state 2 -> 0
Aug 14 20:31:36.562578 n kernel: hdev hci0
Aug 14 20:31:36.562603 n kernel: hci0
Aug 14 20:31:36.562631 n kernel: hci0
Aug 14 20:31:36.562662 n kernel: hci0: 
Aug 14 20:31:36.733355 n kernel: 00000000babfecdf name hci0 blocked 0
Aug 14 20:31:36.733395 n kernel: hci0: 
Aug 14 20:31:36.733432 n kernel: hci0: entry 00000000e108bbad
Aug 14 20:31:36.733442 n kernel: hci0: 
Aug 14 20:31:36.733449 n kernel: hci0
Aug 14 20:31:36.733456 n kernel: hci0
Aug 14 20:31:36.733463 n kernel: hci0
Aug 14 20:31:36.733469 n kernel: hci0
Aug 14 20:31:36.733476 n kernel: hci0: 
Aug 14 20:31:36.733483 n kernel: hci0: 
Aug 14 20:31:36.733490 n kernel: hci0: Opcode 0x0c03
Aug 14 20:31:36.733497 n kernel: hci0: opcode 0x0c03 plen 0
Aug 14 20:31:36.733505 n kernel: hci0: skb len 3
Aug 14 20:31:36.733512 n kernel: hci0: length 1
Aug 14 20:31:36.733519 n kernel: hci0 cmd_cnt 1 cmd queued 1
Aug 14 20:31:36.733526 n kernel: hci0: skb 00000000eb120388
Aug 14 20:31:36.790447 n kernel: hci0: result 0x00
Aug 14 20:31:36.790460 n kernel: hci0: end: err 0
Aug 14 20:31:36.790472 n kernel: hci0: Opcode 0x1003
Aug 14 20:31:36.790481 n kernel: hci0: opcode 0x1003 plen 0
Aug 14 20:31:36.790491 n kernel: hci0: skb len 3
Aug 14 20:31:36.790503 n kernel: hci0: length 1
Aug 14 20:31:36.790513 n kernel: hci0 cmd_cnt 1 cmd queued 1
Aug 14 20:31:36.790523 n kernel: hci0: skb 0000000070f9a817
Aug 14 20:31:36.793510 n kernel: hci0: result 0x00
Aug 14 20:31:36.793530 n kernel: hci0: end: err 0
Aug 14 20:31:36.793546 n kernel: hci0: Opcode 0x1001
Aug 14 20:31:36.793562 n kernel: hci0: opcode 0x1001 plen 0
Aug 14 20:31:36.793577 n kernel: hci0: skb len 3
Aug 14 20:31:36.793591 n kernel: hci0: length 1
Aug 14 20:31:36.793606 n kernel: hci0 cmd_cnt 1 cmd queued 1
Aug 14 20:31:36.793621 n kernel: hci0: skb 0000000071cf420b
Aug 14 20:31:36.796513 n kernel: hci0: result 0x00
Aug 14 20:31:36.796533 n kernel: hci0: end: err 0
Aug 14 20:31:36.796550 n kernel: hci0: Opcode 0x1009
Aug 14 20:31:36.796565 n kernel: hci0: opcode 0x1009 plen 0
Aug 14 20:31:36.796579 n kernel: hci0: skb len 3
Aug 14 20:31:36.796595 n kernel: hci0: length 1
Aug 14 20:31:36.796610 n kernel: hci0 cmd_cnt 1 cmd queued 1
Aug 14 20:31:36.796625 n kernel: hci0: skb 000000009b8afca2
Aug 14 20:31:36.799408 n kernel: hci0: result 0x00
Aug 14 20:31:36.799419 n kernel: hci0: end: err 0
Aug 14 20:31:36.799429 n kernel: hci0: 
Aug 14 20:31:36.799440 n kernel: hci0: Opcode 0x1002
Aug 14 20:31:36.799451 n kernel: hci0: opcode 0x1002 plen 0
Aug 14 20:31:36.799462 n kernel: hci0: skb len 3
Aug 14 20:31:36.799470 n kernel: hci0: length 1
Aug 14 20:31:36.799479 n kernel: hci0 cmd_cnt 1 cmd queued 1
Aug 14 20:31:36.799488 n kernel: hci0: skb 0000000017490f44
Aug 14 20:31:36.806451 n kernel: hci0: result 0x00
Aug 14 20:31:36.806481 n kernel: hci0: end: err 0
Aug 14 20:31:36.806498 n kernel: hci0: Opcode 0x0c56
Aug 14 20:31:36.806534 n kernel: hci0: opcode 0x0c56 plen 1
Aug 14 20:31:36.806552 n kernel: hci0: skb len 4
Aug 14 20:31:36.806581 n kernel: hci0: length 1
Aug 14 20:31:36.806598 n kernel: hci0 cmd_cnt 1 cmd queued 1
Aug 14 20:31:36.806611 n kernel: hci0: skb 00000000a7945077
Aug 14 20:31:36.809439 n kernel: hci0: result 0x00
Aug 14 20:31:36.809451 n kernel: hci0: end: err 0
Aug 14 20:31:36.809464 n kernel: hci0: Opcode 0x0c45
Aug 14 20:31:36.809472 n kernel: hci0: opcode 0x0c45 plen 1
Aug 14 20:31:36.809481 n kernel: hci0: skb len 4
Aug 14 20:31:36.809490 n kernel: hci0: length 1
Aug 14 20:31:36.809498 n kernel: hci0 cmd_cnt 1 cmd queued 1
Aug 14 20:31:36.809507 n kernel: hci0: skb 000000005c4bae7a
Aug 14 20:31:36.812441 n kernel: hci0: result 0x00
Aug 14 20:31:36.812463 n kernel: hci0: end: err 0
Aug 14 20:31:36.812483 n kernel: hci0: Opcode 0x0c58
Aug 14 20:31:36.812499 n kernel: hci0: opcode 0x0c58 plen 0
Aug 14 20:31:36.812516 n kernel: hci0: skb len 3
Aug 14 20:31:36.812532 n kernel: hci0: length 1
Aug 14 20:31:36.812547 n kernel: hci0 cmd_cnt 1 cmd queued 1
Aug 14 20:31:36.812580 n kernel: hci0: skb 0000000091306949
Aug 14 20:31:36.815441 n kernel: hci0: result 0x00
Aug 14 20:31:36.815452 n kernel: hci0: end: err 0
Aug 14 20:31:36.815464 n kernel: hci0: Opcode 0x1004
Aug 14 20:31:36.815472 n kernel: hci0: opcode 0x1004 plen 1
Aug 14 20:31:36.815482 n kernel: hci0: skb len 4
Aug 14 20:31:36.815490 n kernel: hci0: length 1
Aug 14 20:31:36.815498 n kernel: hci0 cmd_cnt 1 cmd queued 1
Aug 14 20:31:36.815507 n kernel: hci0: skb 000000008ba6385a
Aug 14 20:31:36.819439 n kernel: hci0: result 0x00
Aug 14 20:31:36.819448 n kernel: hci0: end: err 0
Aug 14 20:31:36.819457 n kernel: hci0: Opcode 0x1005
Aug 14 20:31:36.819464 n kernel: hci0: opcode 0x1005 plen 0
Aug 14 20:31:36.819472 n kernel: hci0: skb len 3
Aug 14 20:31:36.819479 n kernel: hci0: length 1
Aug 14 20:31:36.819485 n kernel: hci0 cmd_cnt 1 cmd queued 1
Aug 14 20:31:36.819492 n kernel: hci0: skb 00000000a4346ce9
Aug 14 20:31:36.822472 n kernel: hci0: result 0x00
Aug 14 20:31:36.822481 n kernel: hci0: end: err 0
Aug 14 20:31:36.822488 n kernel: hci0: Opcode 0x0c23
Aug 14 20:31:36.822495 n kernel: hci0: opcode 0x0c23 plen 0
Aug 14 20:31:36.822502 n kernel: hci0: skb len 3
Aug 14 20:31:36.822509 n kernel: hci0: length 1
Aug 14 20:31:36.822516 n kernel: hci0 cmd_cnt 1 cmd queued 1
Aug 14 20:31:36.822523 n kernel: hci0: skb 000000005d8c00ca
Aug 14 20:31:36.825445 n kernel: hci0: result 0x00
Aug 14 20:31:36.825465 n kernel: hci0: end: err 0
Aug 14 20:31:36.825474 n kernel: hci0: Opcode 0x0c14
Aug 14 20:31:36.825482 n kernel: hci0: opcode 0x0c14 plen 0
Aug 14 20:31:36.825489 n kernel: hci0: skb len 3
Aug 14 20:31:36.825496 n kernel: hci0: length 1
Aug 14 20:31:36.825503 n kernel: hci0 cmd_cnt 1 cmd queued 1
Aug 14 20:31:36.825517 n kernel: hci0: skb 00000000e451f92e
Aug 14 20:31:36.843450 n kernel: hci0: result 0x00
Aug 14 20:31:36.843476 n kernel: hci0: end: err 0
Aug 14 20:31:36.843496 n kernel: hci0: Opcode 0x0c25
Aug 14 20:31:36.843511 n kernel: hci0: opcode 0x0c25 plen 0
Aug 14 20:31:36.843527 n kernel: hci0: skb len 3
Aug 14 20:31:36.843543 n kernel: hci0: length 1
Aug 14 20:31:36.843559 n kernel: hci0 cmd_cnt 1 cmd queued 1
Aug 14 20:31:36.843578 n kernel: hci0: skb 00000000b433a96e
Aug 14 20:31:36.846421 n kernel: hci0: result 0x00
Aug 14 20:31:36.846444 n kernel: hci0: end: err 0
Aug 14 20:31:36.846466 n kernel: hci0: Opcode 0x0c38
Aug 14 20:31:36.846482 n kernel: hci0: opcode 0x0c38 plen 0
Aug 14 20:31:36.846498 n kernel: hci0: skb len 3
Aug 14 20:31:36.846514 n kernel: hci0: length 1
Aug 14 20:31:36.846532 n kernel: hci0 cmd_cnt 1 cmd queued 1
Aug 14 20:31:36.846551 n kernel: hci0: skb 0000000002c17bb9
Aug 14 20:31:36.849381 n kernel: hci0: result 0x00
Aug 14 20:31:36.849393 n kernel: hci0: end: err 0
Aug 14 20:31:36.849406 n kernel: hci0: Opcode 0x0c39
Aug 14 20:31:36.849415 n kernel: hci0: opcode 0x0c39 plen 0
Aug 14 20:31:36.849425 n kernel: hci0: skb len 3
Aug 14 20:31:36.849434 n kernel: hci0: length 1
Aug 14 20:31:36.849444 n kernel: hci0 cmd_cnt 1 cmd queued 1
Aug 14 20:31:36.849455 n kernel: hci0: skb 0000000074baf7f2
Aug 14 20:31:36.852419 n kernel: hci0: result 0x00
Aug 14 20:31:36.852439 n kernel: hci0: end: err 0
Aug 14 20:31:36.852460 n kernel: hci0: Opcode 0x0c16
Aug 14 20:31:36.852477 n kernel: hci0: opcode 0x0c16 plen 2
Aug 14 20:31:36.852494 n kernel: hci0: skb len 5
Aug 14 20:31:36.852509 n kernel: hci0: length 1
Aug 14 20:31:36.852527 n kernel: hci0 cmd_cnt 1 cmd queued 1
Aug 14 20:31:36.852546 n kernel: hci0: skb 00000000bb6993bc
Aug 14 20:31:36.855429 n kernel: hci0: result 0x00
Aug 14 20:31:36.855457 n kernel: hci0: end: err 0
Aug 14 20:31:36.855492 n kernel: hci0: Opcode 0x2003
Aug 14 20:31:36.855521 n kernel: hci0: opcode 0x2003 plen 0
Aug 14 20:31:36.855540 n kernel: hci0: skb len 3
Aug 14 20:31:36.855556 n kernel: hci0: length 1
Aug 14 20:31:36.855571 n kernel: hci0 cmd_cnt 1 cmd queued 1
Aug 14 20:31:36.855586 n kernel: hci0: skb 000000004c6098b0
Aug 14 20:31:36.858419 n kernel: hci0: result 0x00
Aug 14 20:31:36.858441 n kernel: hci0: end: err 0
Aug 14 20:31:36.858463 n kernel: hci0: Opcode 0x2002
Aug 14 20:31:36.858478 n kernel: hci0: opcode 0x2002 plen 0
Aug 14 20:31:36.858494 n kernel: hci0: skb len 3
Aug 14 20:31:36.858505 n kernel: hci0: length 1
Aug 14 20:31:36.858514 n kernel: hci0 cmd_cnt 1 cmd queued 1
Aug 14 20:31:36.858524 n kernel: hci0: skb 00000000cb1e6bf1
Aug 14 20:31:36.861422 n kernel: hci0: result 0x00
Aug 14 20:31:36.861443 n kernel: hci0: end: err 0
Aug 14 20:31:36.861464 n kernel: hci0: Opcode 0x201c
Aug 14 20:31:36.861481 n kernel: hci0: opcode 0x201c plen 0
Aug 14 20:31:36.861497 n kernel: hci0: skb len 3
Aug 14 20:31:36.861512 n kernel: hci0: length 1
Aug 14 20:31:36.861528 n kernel: hci0 cmd_cnt 1 cmd queued 1
Aug 14 20:31:36.861544 n kernel: hci0: skb 00000000501bc3df
Aug 14 20:31:36.864435 n kernel: hci0: result 0x00
Aug 14 20:31:36.864455 n kernel: hci0: end: err 0
Aug 14 20:31:36.864471 n kernel: hci0: 
Aug 14 20:31:36.864487 n kernel: hci0: Opcode 0x0c01
Aug 14 20:31:36.864503 n kernel: hci0: opcode 0x0c01 plen 8
Aug 14 20:31:36.864519 n kernel: hci0: skb len 11
Aug 14 20:31:36.864540 n kernel: hci0: length 1
Aug 14 20:31:36.864557 n kernel: hci0 cmd_cnt 1 cmd queued 1
Aug 14 20:31:36.864572 n kernel: hci0: skb 0000000069480335
Aug 14 20:31:36.867410 n kernel: hci0: result 0x00
Aug 14 20:31:36.867436 n kernel: hci0: end: err 0
Aug 14 20:31:36.867458 n kernel: hci0: Opcode 0x0c0d
Aug 14 20:31:36.867475 n kernel: hci0: opcode 0x0c0d plen 7
Aug 14 20:31:36.867493 n kernel: hci0: skb len 10
Aug 14 20:31:36.867516 n kernel: hci0: length 1
Aug 14 20:31:36.867535 n kernel: hci0 cmd_cnt 1 cmd queued 1
Aug 14 20:31:36.867550 n kernel: hci0: skb 00000000677fe8be
Aug 14 20:31:36.870420 n kernel: hci0: result 0x00
Aug 14 20:31:36.870442 n kernel: hci0: end: err 0
Aug 14 20:31:36.870464 n kernel: hci0: Opcode 0x080f
Aug 14 20:31:36.870497 n kernel: hci0: opcode 0x080f plen 2
Aug 14 20:31:36.870514 n kernel: hci0: skb len 5
Aug 14 20:31:36.870530 n kernel: hci0: length 1
Aug 14 20:31:36.870553 n kernel: hci0 cmd_cnt 1 cmd queued 1
Aug 14 20:31:36.870568 n kernel: hci0: skb 0000000063cdde37
Aug 14 20:31:36.873416 n kernel: hci0: result 0x00
Aug 14 20:31:36.873438 n kernel: hci0: end: err 0
Aug 14 20:31:36.873462 n kernel: hci0: Opcode 0x0c1b
Aug 14 20:31:36.873478 n kernel: hci0: opcode 0x0c1b plen 0
Aug 14 20:31:36.873494 n kernel: hci0: skb len 3
Aug 14 20:31:36.873509 n kernel: hci0: length 1
Aug 14 20:31:36.873530 n kernel: hci0 cmd_cnt 1 cmd queued 1
Aug 14 20:31:36.873550 n kernel: hci0: skb 0000000072d49d03
Aug 14 20:31:36.876422 n kernel: hci0: result 0x00
Aug 14 20:31:36.876444 n kernel: hci0: end: err 0
Aug 14 20:31:36.876487 n kernel: hci0: Opcode 0x0c46
Aug 14 20:31:36.876504 n kernel: hci0: opcode 0x0c46 plen 0
Aug 14 20:31:36.876520 n kernel: hci0: skb len 3
Aug 14 20:31:36.876540 n kernel: hci0: length 1
Aug 14 20:31:36.876639 n kernel: hci0 cmd_cnt 1 cmd queued 1
Aug 14 20:31:36.876656 n kernel: hci0: skb 00000000d38f82cb
Aug 14 20:31:36.879423 n kernel: hci0: result 0x00
Aug 14 20:31:36.879445 n kernel: hci0: end: err 0
Aug 14 20:31:36.879465 n kernel: hci0: Opcode 0x1004
Aug 14 20:31:36.879481 n kernel: hci0: opcode 0x1004 plen 1
Aug 14 20:31:36.879503 n kernel: hci0: skb len 4
Aug 14 20:31:36.879558 n kernel: hci0: length 1
Aug 14 20:31:36.879588 n kernel: hci0 cmd_cnt 1 cmd queued 1
Aug 14 20:31:36.879610 n kernel: hci0: skb 00000000a61a8144
Aug 14 20:31:36.883378 n kernel: hci0: result 0x00
Aug 14 20:31:36.883391 n kernel: hci0: end: err 0
Aug 14 20:31:36.883400 n kernel: hci0: Opcode 0x2001
Aug 14 20:31:36.883409 n kernel: hci0: opcode 0x2001 plen 8
Aug 14 20:31:36.883418 n kernel: hci0: skb len 11
Aug 14 20:31:36.883426 n kernel: hci0: length 1
Aug 14 20:31:36.883436 n kernel: hci0 cmd_cnt 1 cmd queued 1
Aug 14 20:31:36.883445 n kernel: hci0: skb 000000008eb04ad6
Aug 14 20:31:36.886421 n kernel: hci0: result 0x00
Aug 14 20:31:36.886443 n kernel: hci0: end: err 0
Aug 14 20:31:36.886489 n kernel: hci0: Opcode 0x2007
Aug 14 20:31:36.886505 n kernel: hci0: opcode 0x2007 plen 0
Aug 14 20:31:36.886521 n kernel: hci0: skb len 3
Aug 14 20:31:36.886539 n kernel: hci0: length 1
Aug 14 20:31:36.886558 n kernel: hci0 cmd_cnt 1 cmd queued 1
Aug 14 20:31:36.886575 n kernel: hci0: skb 00000000401569e8
Aug 14 20:31:36.889417 n kernel: hci0: result 0x00
Aug 14 20:31:36.889439 n kernel: hci0: end: err 0
Aug 14 20:31:36.889459 n kernel: hci0: Opcode 0x200f
Aug 14 20:31:36.889475 n kernel: hci0: opcode 0x200f plen 0
Aug 14 20:31:36.889509 n kernel: hci0: skb len 3
Aug 14 20:31:36.889543 n kernel: hci0: length 1
Aug 14 20:31:36.889559 n kernel: hci0 cmd_cnt 1 cmd queued 1
Aug 14 20:31:36.889574 n kernel: hci0: skb 00000000ad826a5c
Aug 14 20:31:36.892418 n kernel: hci0: result 0x00
Aug 14 20:31:36.892439 n kernel: hci0: end: err 0
Aug 14 20:31:36.892458 n kernel: hci0: Opcode 0x2010
Aug 14 20:31:36.892476 n kernel: hci0: opcode 0x2010 plen 0
Aug 14 20:31:36.892493 n kernel: hci0: skb len 3
Aug 14 20:31:36.892509 n kernel: hci0: length 1
Aug 14 20:31:36.892524 n kernel: hci0 cmd_cnt 1 cmd queued 1
Aug 14 20:31:36.892541 n kernel: hci0: skb 00000000368b4e6e
Aug 14 20:31:36.895418 n kernel: hci0: result 0x00
Aug 14 20:31:36.895440 n kernel: hci0: end: err 0
Aug 14 20:31:36.895463 n kernel: hci0: Opcode 0x202a
Aug 14 20:31:36.895479 n kernel: hci0: opcode 0x202a plen 0
Aug 14 20:31:36.895495 n kernel: hci0: skb len 3
Aug 14 20:31:36.895510 n kernel: hci0: length 1
Aug 14 20:31:36.895527 n kernel: hci0 cmd_cnt 1 cmd queued 1
Aug 14 20:31:36.895546 n kernel: hci0: skb 0000000074332a09
Aug 14 20:31:36.898426 n kernel: hci0: result 0x00
Aug 14 20:31:36.898447 n kernel: hci0: end: err 0
Aug 14 20:31:36.898469 n kernel: hci0: Opcode 0x2029
Aug 14 20:31:36.898486 n kernel: hci0: opcode 0x2029 plen 0
Aug 14 20:31:36.898502 n kernel: hci0: skb len 3
Aug 14 20:31:36.898518 n kernel: hci0: length 1
Aug 14 20:31:36.898534 n kernel: hci0 cmd_cnt 1 cmd queued 1
Aug 14 20:31:36.898550 n kernel: hci0: skb 000000005ea553cc
Aug 14 20:31:36.901418 n kernel: hci0: result 0x00
Aug 14 20:31:36.901440 n kernel: hci0: end: err 0
Aug 14 20:31:36.901461 n kernel: hci0: Opcode 0x202e
Aug 14 20:31:36.901477 n kernel: hci0: opcode 0x202e plen 2
Aug 14 20:31:36.901493 n kernel: hci0: skb len 5
Aug 14 20:31:36.901509 n kernel: hci0: length 1
Aug 14 20:31:36.901566 n kernel: hci0 cmd_cnt 1 cmd queued 1
Aug 14 20:31:36.901583 n kernel: hci0: skb 00000000b0821664
Aug 14 20:31:36.904421 n kernel: hci0: result 0x00
Aug 14 20:31:36.904442 n kernel: hci0: end: err 0
Aug 14 20:31:36.904467 n kernel: hci0: Opcode 0x0c6d
Aug 14 20:31:36.904484 n kernel: hci0: opcode 0x0c6d plen 2
Aug 14 20:31:36.904546 n kernel: hci0: skb len 5
Aug 14 20:31:36.904597 n kernel: hci0: length 1
Aug 14 20:31:36.904614 n kernel: hci0 cmd_cnt 1 cmd queued 1
Aug 14 20:31:36.904629 n kernel: hci0: skb 00000000be19dbf7
Aug 14 20:31:36.907421 n kernel: hci0: result 0x00
Aug 14 20:31:36.907441 n kernel: hci0: end: err 0
Aug 14 20:31:36.907466 n kernel: hci0: 
Aug 14 20:31:36.907482 n kernel: hci0: Opcode 0x0c12
Aug 14 20:31:36.907498 n kernel: hci0: opcode 0x0c12 plen 7
Aug 14 20:31:36.907515 n kernel: hci0: skb len 10
Aug 14 20:31:36.907530 n kernel: hci0: length 1
Aug 14 20:31:36.907550 n kernel: hci0 cmd_cnt 1 cmd queued 1
Aug 14 20:31:36.907568 n kernel: hci0: skb 00000000a91d0a67
Aug 14 20:31:36.910445 n kernel: hci0: result 0x00
Aug 14 20:31:36.910469 n kernel: hci0: end: err 0
Aug 14 20:31:36.910488 n kernel: hci0: Opcode 0x0c77
Aug 14 20:31:36.910504 n kernel: hci0: opcode 0x0c77 plen 0
Aug 14 20:31:36.910520 n kernel: hci0: skb len 3
Aug 14 20:31:36.910536 n kernel: hci0: length 1
Aug 14 20:31:36.910554 n kernel: hci0 cmd_cnt 1 cmd queued 1
Aug 14 20:31:36.910574 n kernel: hci0: skb 000000000c170cf0
Aug 14 20:31:36.913495 n kernel: hci0: result 0x00
Aug 14 20:31:36.913522 n kernel: hci0: end: err 0
Aug 14 20:31:36.913550 n kernel: hci0: Opcode 0x0c7a
Aug 14 20:31:36.913567 n kernel: hci0: opcode 0x0c7a plen 1
Aug 14 20:31:36.913584 n kernel: hci0: skb len 4
Aug 14 20:31:36.913600 n kernel: hci0: length 1
Aug 14 20:31:36.913616 n kernel: hci0 cmd_cnt 1 cmd queued 1
Aug 14 20:31:36.913631 n kernel: hci0: skb 00000000993c2bfc
Aug 14 20:31:36.916387 n kernel: hci0: result 0x00
Aug 14 20:31:36.916400 n kernel: hci0: end: err 0
Aug 14 20:31:36.916411 n kernel: hci0: Opcode 0x0c1a
Aug 14 20:31:36.916422 n kernel: hci0: opcode 0x0c1a plen 1
Aug 14 20:31:36.916431 n kernel: hci0: skb len 4
Aug 14 20:31:36.916441 n kernel: hci0: length 1
Aug 14 20:31:36.916451 n kernel: hci0 cmd_cnt 1 cmd queued 1
Aug 14 20:31:36.916460 n kernel: hci0: skb 000000006c79406c
Aug 14 20:31:36.919437 n kernel: hci0: result 0x00
Aug 14 20:31:36.919475 n kernel: hci0: end: err 0
Aug 14 20:31:36.919492 n kernel: hci0: 
Aug 14 20:31:36.919507 n kernel: hci0: Opcode 0x0c24
Aug 14 20:31:36.919524 n kernel: hci0: opcode 0x0c24 plen 3
Aug 14 20:31:36.919544 n kernel: hci0: skb len 6
Aug 14 20:31:36.919562 n kernel: hci0: length 1
Aug 14 20:31:36.919578 n kernel: hci0 cmd_cnt 1 cmd queued 1
Aug 14 20:31:36.919593 n kernel: hci0: skb 000000008ba6385a
Aug 14 20:31:36.922467 n kernel: hci0: result 0x00
Aug 14 20:31:36.922489 n kernel: hci0: end: err 0
Aug 14 20:31:36.922509 n kernel: hci0: Opcode 0x0c13
Aug 14 20:31:36.922525 n kernel: hci0: opcode 0x0c13 plen 248
Aug 14 20:31:36.922542 n kernel: hci0: skb len 251
Aug 14 20:31:36.922558 n kernel: hci0: length 1
Aug 14 20:31:36.922579 n kernel: hci0 cmd_cnt 1 cmd queued 1
Aug 14 20:31:36.922597 n kernel: hci0: skb 00000000a4346ce9
Aug 14 20:31:36.926435 n kernel: hci0: result 0x00
Aug 14 20:31:36.926493 n kernel: hci0: end: err 0
Aug 14 20:31:36.926510 n kernel: hci0: 
Aug 14 20:31:36.926526 n kernel: hci0: Opcode 0x0c52
Aug 14 20:31:36.926543 n kernel: hci0: opcode 0x0c52 plen 241
Aug 14 20:31:36.926563 n kernel: hci0: skb len 244
Aug 14 20:31:36.926580 n kernel: hci0: length 1
Aug 14 20:31:36.926596 n kernel: hci0 cmd_cnt 1 cmd queued 1
Aug 14 20:31:36.926610 n kernel: hci0: skb 00000000677fe8be
Aug 14 20:31:36.929419 n kernel: hci0: result 0x00
Aug 14 20:31:36.929451 n kernel: hci0: end: err 0
Aug 14 20:31:36.929479 n kernel: hci0: entry 000000007d575ca3
Aug 14 20:31:36.929518 n kernel: hci0: ADV monitoring is off
Aug 14 20:31:36.929556 n kernel: hci0: stopping background scanning
Aug 14 20:31:36.929590 n kernel: hci0: 
Aug 14 20:31:36.932356 n kernel: hci0: 
Aug 14 20:31:36.932364 n kernel: hci0: entry 00000000fdcfe07f
Aug 14 20:31:36.932372 n kernel: hci0: ADV monitoring is off
Aug 14 20:31:36.932380 n kernel: hci0: stopping background scanning
Aug 14 20:31:36.932396 n kernel: hci0: 
Aug 14 20:31:36.932403 n kernel: hci0: entry 00000000a2c0ad9a
Aug 14 20:31:36.932411 n kernel: hci0: Opcode 0x0c3a
Aug 14 20:31:36.932419 n kernel: hci0: opcode 0x0c3a plen 4
Aug 14 20:31:36.932427 n kernel: hci0: skb len 7
Aug 14 20:31:36.932434 n kernel: hci0: length 1
Aug 14 20:31:36.932442 n kernel: hci0 cmd_cnt 1 cmd queued 1
Aug 14 20:31:36.932450 n kernel: hci0: skb 00000000a7945077
Aug 14 20:31:36.935374 n kernel: hci0: result 0x00
Aug 14 20:31:36.935389 n kernel: hci0: end: err 0
Aug 14 20:31:36.935403 n kernel: hci0: Opcode 0x0c1a
Aug 14 20:31:36.935417 n kernel: hci0: opcode 0x0c1a plen 1
Aug 14 20:31:36.935432 n kernel: hci0: skb len 4
Aug 14 20:31:36.935446 n kernel: hci0: length 1
Aug 14 20:31:36.935460 n kernel: hci0 cmd_cnt 1 cmd queued 1
Aug 14 20:31:36.935474 n kernel: hci0: skb 0000000017490f44
Aug 14 20:31:36.938377 n kernel: hci0: result 0x00
Aug 14 20:31:36.938395 n kernel: hci0: end: err 0
Aug 14 20:31:36.938410 n kernel: hci0: 
Aug 14 20:31:36.938441 n kernel: hci0: state 0 -> 1
Aug 14 20:31:36.938456 n kernel: hci0: 
Aug 14 20:31:36.938471 n kernel: hci0: entry 0000000049f8090e
Aug 14 20:31:36.938489 n kernel: hci0: type 7
Aug 14 20:31:36.938505 n kernel: hci0: 
Aug 14 20:31:36.938519 n kernel: hci0: cancelling interleave scan
Aug 14 20:31:36.938534 n kernel: hci0: Opcode 0x2005
Aug 14 20:31:36.938549 n kernel: hci0: opcode 0x2005 plen 6
Aug 14 20:31:36.938564 n kernel: hci0: skb len 9
Aug 14 20:31:36.938579 n kernel: hci0: length 1
Aug 14 20:31:36.938594 n kernel: hci0 cmd_cnt 1 cmd queued 1
Aug 14 20:31:36.938609 n kernel: hci0: skb 0000000002cde84d
Aug 14 20:31:36.941357 n kernel: hci0: result 0x00
Aug 14 20:31:36.941368 n kernel: hci0: end: err 0
Aug 14 20:31:36.941377 n kernel: hci0: Opcode 0x200b
Aug 14 20:31:36.941387 n kernel: hci0: opcode 0x200b plen 7
Aug 14 20:31:36.941397 n kernel: hci0: skb len 10
Aug 14 20:31:36.941406 n kernel: hci0: length 1
Aug 14 20:31:36.941415 n kernel: hci0 cmd_cnt 1 cmd queued 1
Aug 14 20:31:36.941424 n kernel: hci0: skb 0000000091306949
Aug 14 20:31:36.943356 n kernel: Bluetooth: hci0: unexpected event for opcode 0x2005
Aug 14 20:31:36.945358 n kernel: hci0: result 0x00
Aug 14 20:31:36.945369 n kernel: hci0: end: err 0
Aug 14 20:31:36.945380 n kernel: hci0: Opcode 0x200c
Aug 14 20:31:36.945390 n kernel: hci0: opcode 0x200c plen 2
Aug 14 20:31:36.945401 n kernel: hci0: skb len 5
Aug 14 20:31:36.945412 n kernel: hci0: length 1
Aug 14 20:31:36.945423 n kernel: hci0 cmd_cnt 1 cmd queued 1
Aug 14 20:31:36.945433 n kernel: hci0: skb 000000005c4bae7a
Aug 14 20:31:36.948348 n kernel: hci0: state 1 -> 2
Aug 14 20:31:36.948397 n kernel: hci0: result 0x00
Aug 14 20:31:36.948410 n kernel: hci0: end: err 0
Aug 14 20:31:36.948422 n kernel: hci0: timeout 5120 ms
Aug 14 20:31:36.999433 n kernel: 00000000babfecdf name hci0 blocked 1
Aug 14 20:31:36.999462 n kernel: hci0 00000000babfecdf
Aug 14 20:31:36.999479 n kernel: hci0: Opcode 0x0c1a
Aug 14 20:31:36.999509 n kernel: hci0: opcode 0x0c1a plen 1
Aug 14 20:31:36.999532 n kernel: hci0: skb len 4
Aug 14 20:31:36.999551 n kernel: hci0: length 1
Aug 14 20:31:36.999570 n kernel: hci0 cmd_cnt 1 cmd queued 1
Aug 14 20:31:36.999586 n kernel: hci0: skb 0000000080700910
Aug 14 20:31:37.002388 n kernel: hci0: result 0x00
Aug 14 20:31:37.002398 n kernel: hci0: end: err 0
Aug 14 20:31:37.002408 n kernel: hci0: state 2
Aug 14 20:31:37.002417 n kernel: hci0: Opcode 0x200c
Aug 14 20:31:37.002426 n kernel: hci0: opcode 0x200c plen 2
Aug 14 20:31:37.002436 n kernel: hci0: skb len 5
Aug 14 20:31:37.002445 n kernel: hci0: length 1
Aug 14 20:31:37.002454 n kernel: hci0 cmd_cnt 1 cmd queued 1
Aug 14 20:31:37.002465 n kernel: hci0: skb 00000000473c293c
Aug 14 20:31:37.005403 n kernel: hci0: result 0x00
Aug 14 20:31:37.005426 n kernel: hci0: 
Aug 14 20:31:37.005445 n kernel: hci0: 
Aug 14 20:31:37.005460 n kernel: hci0: entry 0000000049f8090e
Aug 14 20:31:37.005476 n kernel: hci0: end: err 0
Aug 14 20:31:37.005494 n kernel: hci0: 
Aug 14 20:31:37.012398 n kernel: hci0: err 0x13
Aug 14 20:31:37.012421 n kernel: hci0: cancelling interleave scan
Aug 14 20:31:37.012439 n kernel: hci0: state 2 -> 0
Aug 14 20:31:37.012496 n kernel: hdev hci0
Aug 14 20:31:37.012520 n kernel: hci0
Aug 14 20:31:37.012545 n kernel: hci0
Aug 14 20:31:37.012569 n kernel: hci0: 
Aug 14 20:31:37.199352 n kernel: 00000000babfecdf name hci0 blocked 0
Aug 14 20:31:37.199401 n kernel: hci0: 
Aug 14 20:31:37.199408 n kernel: hci0: entry 000000000a384f2b
Aug 14 20:31:37.199416 n kernel: hci0: 
Aug 14 20:31:37.199423 n kernel: hci0
Aug 14 20:31:37.199431 n kernel: hci0
Aug 14 20:31:37.199437 n kernel: hci0
Aug 14 20:31:37.199444 n kernel: hci0
Aug 14 20:31:37.199451 n kernel: hci0: 
Aug 14 20:31:37.199458 n kernel: hci0: 
Aug 14 20:31:37.199464 n kernel: hci0: Opcode 0x0c03
Aug 14 20:31:37.199473 n kernel: hci0: opcode 0x0c03 plen 0
Aug 14 20:31:37.199480 n kernel: hci0: skb len 3
Aug 14 20:31:37.199488 n kernel: hci0: length 1
Aug 14 20:31:37.199496 n kernel: hci0 cmd_cnt 1 cmd queued 1
Aug 14 20:31:37.199503 n kernel: hci0: skb 000000008eb04ad6
Aug 14 20:31:37.255461 n kernel: hci0: result 0x00
Aug 14 20:31:37.255473 n kernel: hci0: end: err 0
Aug 14 20:31:37.255483 n kernel: hci0: Opcode 0x1003
Aug 14 20:31:37.255492 n kernel: hci0: opcode 0x1003 plen 0
Aug 14 20:31:37.255503 n kernel: hci0: skb len 3
Aug 14 20:31:37.255514 n kernel: hci0: length 1
Aug 14 20:31:37.255525 n kernel: hci0 cmd_cnt 1 cmd queued 1
Aug 14 20:31:37.255535 n kernel: hci0: skb 000000003d6b75af
Aug 14 20:31:37.258416 n kernel: hci0: result 0x00
Aug 14 20:31:37.258438 n kernel: hci0: end: err 0
Aug 14 20:31:37.258467 n kernel: hci0: Opcode 0x1001
Aug 14 20:31:37.258476 n kernel: hci0: opcode 0x1001 plen 0
Aug 14 20:31:37.258485 n kernel: hci0: skb len 3
Aug 14 20:31:37.258494 n kernel: hci0: length 1
Aug 14 20:31:37.258504 n kernel: hci0 cmd_cnt 1 cmd queued 1
Aug 14 20:31:37.258514 n kernel: hci0: skb 00000000eabbf4f1
Aug 14 20:31:37.261402 n kernel: hci0: result 0x00
Aug 14 20:31:37.261413 n kernel: hci0: end: err 0
Aug 14 20:31:37.261422 n kernel: hci0: Opcode 0x1009
Aug 14 20:31:37.261430 n kernel: hci0: opcode 0x1009 plen 0
Aug 14 20:31:37.261441 n kernel: hci0: skb len 3
Aug 14 20:31:37.261452 n kernel: hci0: length 1
Aug 14 20:31:37.261461 n kernel: hci0 cmd_cnt 1 cmd queued 1
Aug 14 20:31:37.261469 n kernel: hci0: skb 00000000b6d3e2b6
Aug 14 20:31:37.264386 n kernel: hci0: result 0x00
Aug 14 20:31:37.264397 n kernel: hci0: end: err 0
Aug 14 20:31:37.264405 n kernel: hci0: 
Aug 14 20:31:37.264414 n kernel: hci0: Opcode 0x1002
Aug 14 20:31:37.264423 n kernel: hci0: opcode 0x1002 plen 0
Aug 14 20:31:37.264432 n kernel: hci0: skb len 3
Aug 14 20:31:37.264440 n kernel: hci0: length 1
Aug 14 20:31:37.264448 n kernel: hci0 cmd_cnt 1 cmd queued 1
Aug 14 20:31:37.264457 n kernel: hci0: skb 0000000077b8db28
Aug 14 20:31:37.271421 n kernel: hci0: result 0x00
Aug 14 20:31:37.271434 n kernel: hci0: end: err 0
Aug 14 20:31:37.271443 n kernel: hci0: Opcode 0x0c56
Aug 14 20:31:37.271452 n kernel: hci0: opcode 0x0c56 plen 1
Aug 14 20:31:37.271461 n kernel: hci0: skb len 4
Aug 14 20:31:37.271470 n kernel: hci0: length 1
Aug 14 20:31:37.271480 n kernel: hci0 cmd_cnt 1 cmd queued 1
Aug 14 20:31:37.271490 n kernel: hci0: skb 0000000012564fc7
Aug 14 20:31:37.274395 n kernel: hci0: result 0x00
Aug 14 20:31:37.274406 n kernel: hci0: end: err 0
Aug 14 20:31:37.274415 n kernel: hci0: Opcode 0x0c45
Aug 14 20:31:37.274435 n kernel: hci0: opcode 0x0c45 plen 1
Aug 14 20:31:37.274451 n kernel: hci0: skb len 4
Aug 14 20:31:37.274459 n kernel: hci0: length 1
Aug 14 20:31:37.274467 n kernel: hci0 cmd_cnt 1 cmd queued 1
Aug 14 20:31:37.274482 n kernel: hci0: skb 0000000052a5c2cc
Aug 14 20:31:37.277369 n kernel: hci0: result 0x00
Aug 14 20:31:37.277383 n kernel: hci0: end: err 0
Aug 14 20:31:37.277391 n kernel: hci0: Opcode 0x0c58
Aug 14 20:31:37.277402 n kernel: hci0: opcode 0x0c58 plen 0
Aug 14 20:31:37.277410 n kernel: hci0: skb len 3
Aug 14 20:31:37.277417 n kernel: hci0: length 1
Aug 14 20:31:37.277423 n kernel: hci0 cmd_cnt 1 cmd queued 1
Aug 14 20:31:37.277430 n kernel: hci0: skb 00000000652502ba
Aug 14 20:31:37.280379 n kernel: hci0: result 0x00
Aug 14 20:31:37.280387 n kernel: hci0: end: err 0
Aug 14 20:31:37.280396 n kernel: hci0: Opcode 0x1004
Aug 14 20:31:37.280404 n kernel: hci0: opcode 0x1004 plen 1
Aug 14 20:31:37.280413 n kernel: hci0: skb len 4
Aug 14 20:31:37.280419 n kernel: hci0: length 1
Aug 14 20:31:37.280426 n kernel: hci0 cmd_cnt 1 cmd queued 1
Aug 14 20:31:37.280433 n kernel: hci0: skb 00000000555c8009
Aug 14 20:31:37.284373 n kernel: hci0: result 0x00
Aug 14 20:31:37.284382 n kernel: hci0: end: err 0
Aug 14 20:31:37.284390 n kernel: hci0: Opcode 0x1005
Aug 14 20:31:37.284399 n kernel: hci0: opcode 0x1005 plen 0
Aug 14 20:31:37.284423 n kernel: hci0: skb len 3
Aug 14 20:31:37.284439 n kernel: hci0: length 1
Aug 14 20:31:37.284447 n kernel: hci0 cmd_cnt 1 cmd queued 1
Aug 14 20:31:37.284456 n kernel: hci0: skb 000000002dbbee6d
Aug 14 20:31:37.287372 n kernel: hci0: result 0x00
Aug 14 20:31:37.287399 n kernel: hci0: end: err 0
Aug 14 20:31:37.287408 n kernel: hci0: Opcode 0x0c23
Aug 14 20:31:37.287416 n kernel: hci0: opcode 0x0c23 plen 0
Aug 14 20:31:37.287427 n kernel: hci0: skb len 3
Aug 14 20:31:37.287438 n kernel: hci0: length 1
Aug 14 20:31:37.287446 n kernel: hci0 cmd_cnt 1 cmd queued 1
Aug 14 20:31:37.287455 n kernel: hci0: skb 00000000210d0c64
Aug 14 20:31:37.290387 n kernel: hci0: result 0x00
Aug 14 20:31:37.290400 n kernel: hci0: end: err 0
Aug 14 20:31:37.290413 n kernel: hci0: Opcode 0x0c14
Aug 14 20:31:37.290426 n kernel: hci0: opcode 0x0c14 plen 0
Aug 14 20:31:37.290439 n kernel: hci0: skb len 3
Aug 14 20:31:37.290452 n kernel: hci0: length 1
Aug 14 20:31:37.290467 n kernel: hci0 cmd_cnt 1 cmd queued 1
Aug 14 20:31:37.290482 n kernel: hci0: skb 00000000c1622dc8
Aug 14 20:31:37.308499 n kernel: hci0: result 0x00
Aug 14 20:31:37.308519 n kernel: hci0: end: err 0
Aug 14 20:31:37.308541 n kernel: hci0: Opcode 0x0c25
Aug 14 20:31:37.308557 n kernel: hci0: opcode 0x0c25 plen 0
Aug 14 20:31:37.308572 n kernel: hci0: skb len 3
Aug 14 20:31:37.308588 n kernel: hci0: length 1
Aug 14 20:31:37.308607 n kernel: hci0 cmd_cnt 1 cmd queued 1
Aug 14 20:31:37.308630 n kernel: hci0: skb 00000000d3614c1d
Aug 14 20:31:37.311490 n kernel: hci0: result 0x00
Aug 14 20:31:37.311513 n kernel: hci0: end: err 0
Aug 14 20:31:37.311526 n kernel: hci0: Opcode 0x0c38
Aug 14 20:31:37.311535 n kernel: hci0: opcode 0x0c38 plen 0
Aug 14 20:31:37.311543 n kernel: hci0: skb len 3
Aug 14 20:31:37.311551 n kernel: hci0: length 1
Aug 14 20:31:37.311559 n kernel: hci0 cmd_cnt 1 cmd queued 1
Aug 14 20:31:37.311597 n kernel: hci0: skb 00000000840ff534
Aug 14 20:31:37.314479 n kernel: hci0: result 0x00
Aug 14 20:31:37.314498 n kernel: hci0: end: err 0
Aug 14 20:31:37.314508 n kernel: hci0: Opcode 0x0c39
Aug 14 20:31:37.314518 n kernel: hci0: opcode 0x0c39 plen 0
Aug 14 20:31:37.314527 n kernel: hci0: skb len 3
Aug 14 20:31:37.314536 n kernel: hci0: length 1
Aug 14 20:31:37.314545 n kernel: hci0 cmd_cnt 1 cmd queued 1
Aug 14 20:31:37.314553 n kernel: hci0: skb 00000000be2adaad
Aug 14 20:31:37.317442 n kernel: hci0: result 0x00
Aug 14 20:31:37.317461 n kernel: hci0: end: err 0
Aug 14 20:31:37.317477 n kernel: hci0: Opcode 0x0c16
Aug 14 20:31:37.317497 n kernel: hci0: opcode 0x0c16 plen 2
Aug 14 20:31:37.317513 n kernel: hci0: skb len 5
Aug 14 20:31:37.317531 n kernel: hci0: length 1
Aug 14 20:31:37.317549 n kernel: hci0 cmd_cnt 1 cmd queued 1
Aug 14 20:31:37.317564 n kernel: hci0: skb 00000000f8bf58e3
Aug 14 20:31:37.320453 n kernel: hci0: result 0x00
Aug 14 20:31:37.320473 n kernel: hci0: end: err 0
Aug 14 20:31:37.320492 n kernel: hci0: Opcode 0x2003
Aug 14 20:31:37.320509 n kernel: hci0: opcode 0x2003 plen 0
Aug 14 20:31:37.320525 n kernel: hci0: skb len 3
Aug 14 20:31:37.320540 n kernel: hci0: length 1
Aug 14 20:31:37.320556 n kernel: hci0 cmd_cnt 1 cmd queued 1
Aug 14 20:31:37.320573 n kernel: hci0: skb 000000001a813867
Aug 14 20:31:37.323429 n kernel: hci0: result 0x00
Aug 14 20:31:37.323452 n kernel: hci0: end: err 0
Aug 14 20:31:37.323471 n kernel: hci0: Opcode 0x2002
Aug 14 20:31:37.323487 n kernel: hci0: opcode 0x2002 plen 0
Aug 14 20:31:37.323503 n kernel: hci0: skb len 3
Aug 14 20:31:37.323513 n kernel: hci0: length 1
Aug 14 20:31:37.323521 n kernel: hci0 cmd_cnt 1 cmd queued 1
Aug 14 20:31:37.323529 n kernel: hci0: skb 0000000084b054d0
Aug 14 20:31:37.326421 n kernel: hci0: result 0x00
Aug 14 20:31:37.326442 n kernel: hci0: end: err 0
Aug 14 20:31:37.326463 n kernel: hci0: Opcode 0x201c
Aug 14 20:31:37.326478 n kernel: hci0: opcode 0x201c plen 0
Aug 14 20:31:37.326494 n kernel: hci0: skb len 3
Aug 14 20:31:37.326510 n kernel: hci0: length 1
Aug 14 20:31:37.326524 n kernel: hci0 cmd_cnt 1 cmd queued 1
Aug 14 20:31:37.326540 n kernel: hci0: skb 000000004b62d6b6
Aug 14 20:31:37.329404 n kernel: hci0: result 0x00
Aug 14 20:31:37.329424 n kernel: hci0: end: err 0
Aug 14 20:31:37.329441 n kernel: hci0: 
Aug 14 20:31:37.329457 n kernel: hci0: Opcode 0x0c01
Aug 14 20:31:37.329477 n kernel: hci0: opcode 0x0c01 plen 8
Aug 14 20:31:37.329509 n kernel: hci0: skb len 11
Aug 14 20:31:37.329525 n kernel: hci0: length 1
Aug 14 20:31:37.329541 n kernel: hci0 cmd_cnt 1 cmd queued 1
Aug 14 20:31:37.329556 n kernel: hci0: skb 000000006a7ee551
Aug 14 20:31:37.332384 n kernel: hci0: result 0x00
Aug 14 20:31:37.332395 n kernel: hci0: end: err 0
Aug 14 20:31:37.332406 n kernel: hci0: Opcode 0x0c0d
Aug 14 20:31:37.332417 n kernel: hci0: opcode 0x0c0d plen 7
Aug 14 20:31:37.332429 n kernel: hci0: skb len 10
Aug 14 20:31:37.332441 n kernel: hci0: length 1
Aug 14 20:31:37.332451 n kernel: hci0 cmd_cnt 1 cmd queued 1
Aug 14 20:31:37.332462 n kernel: hci0: skb 00000000442d1399
Aug 14 20:31:37.335372 n kernel: hci0: result 0x00
Aug 14 20:31:37.335403 n kernel: hci0: end: err 0
Aug 14 20:31:37.335416 n kernel: hci0: Opcode 0x080f
Aug 14 20:31:37.335429 n kernel: hci0: opcode 0x080f plen 2
Aug 14 20:31:37.335442 n kernel: hci0: skb len 5
Aug 14 20:31:37.335454 n kernel: hci0: length 1
Aug 14 20:31:37.335467 n kernel: hci0 cmd_cnt 1 cmd queued 1
Aug 14 20:31:37.335481 n kernel: hci0: skb 000000000fee7dec
Aug 14 20:31:37.338365 n kernel: hci0: result 0x00
Aug 14 20:31:37.338378 n kernel: hci0: end: err 0
Aug 14 20:31:37.338391 n kernel: hci0: Opcode 0x0c1b
Aug 14 20:31:37.338403 n kernel: hci0: opcode 0x0c1b plen 0
Aug 14 20:31:37.338428 n kernel: hci0: skb len 3
Aug 14 20:31:37.338441 n kernel: hci0: length 1
Aug 14 20:31:37.338454 n kernel: hci0 cmd_cnt 1 cmd queued 1
Aug 14 20:31:37.338471 n kernel: hci0: skb 00000000659bd1d8
Aug 14 20:31:37.341373 n kernel: hci0: result 0x00
Aug 14 20:31:37.341386 n kernel: hci0: end: err 0
Aug 14 20:31:37.341399 n kernel: hci0: Opcode 0x0c46
Aug 14 20:31:37.341412 n kernel: hci0: opcode 0x0c46 plen 0
Aug 14 20:31:37.341425 n kernel: hci0: skb len 3
Aug 14 20:31:37.341442 n kernel: hci0: length 1
Aug 14 20:31:37.341460 n kernel: hci0 cmd_cnt 1 cmd queued 1
Aug 14 20:31:37.341481 n kernel: hci0: skb 00000000473c293c
Aug 14 20:31:37.344368 n kernel: hci0: result 0x00
Aug 14 20:31:37.344381 n kernel: hci0: end: err 0
Aug 14 20:31:37.344394 n kernel: hci0: Opcode 0x1004
Aug 14 20:31:37.344406 n kernel: hci0: opcode 0x1004 plen 1
Aug 14 20:31:37.344419 n kernel: hci0: skb len 4
Aug 14 20:31:37.344521 n kernel: hci0: length 1
Aug 14 20:31:37.344535 n kernel: hci0 cmd_cnt 1 cmd queued 1
Aug 14 20:31:37.344548 n kernel: hci0: skb 00000000993c2bfc
Aug 14 20:31:37.348368 n kernel: hci0: result 0x00
Aug 14 20:31:37.348384 n kernel: hci0: end: err 0
Aug 14 20:31:37.348397 n kernel: hci0: Opcode 0x2001
Aug 14 20:31:37.348409 n kernel: hci0: opcode 0x2001 plen 8
Aug 14 20:31:37.348422 n kernel: hci0: skb len 11
Aug 14 20:31:37.348437 n kernel: hci0: length 1
Aug 14 20:31:37.348445 n kernel: hci0 cmd_cnt 1 cmd queued 1
Aug 14 20:31:37.348453 n kernel: hci0: skb 00000000b53c095c
Aug 14 20:31:37.351377 n kernel: hci0: result 0x00
Aug 14 20:31:37.351395 n kernel: hci0: end: err 0
Aug 14 20:31:37.351407 n kernel: hci0: Opcode 0x2007
Aug 14 20:31:37.351420 n kernel: hci0: opcode 0x2007 plen 0
Aug 14 20:31:37.351434 n kernel: hci0: skb len 3
Aug 14 20:31:37.351446 n kernel: hci0: length 1
Aug 14 20:31:37.351459 n kernel: hci0 cmd_cnt 1 cmd queued 1
Aug 14 20:31:37.351474 n kernel: hci0: skb 0000000067ffbbc8
Aug 14 20:31:37.354370 n kernel: hci0: result 0x00
Aug 14 20:31:37.354382 n kernel: hci0: end: err 0
Aug 14 20:31:37.354395 n kernel: hci0: Opcode 0x200f
Aug 14 20:31:37.354413 n kernel: hci0: opcode 0x200f plen 0
Aug 14 20:31:37.354425 n kernel: hci0: skb len 3
Aug 14 20:31:37.354438 n kernel: hci0: length 1
Aug 14 20:31:37.354450 n kernel: hci0 cmd_cnt 1 cmd queued 1
Aug 14 20:31:37.354462 n kernel: hci0: skb 00000000e40da188
Aug 14 20:31:37.357371 n kernel: hci0: result 0x00
Aug 14 20:31:37.357385 n kernel: hci0: end: err 0
Aug 14 20:31:37.357397 n kernel: hci0: Opcode 0x2010
Aug 14 20:31:37.357410 n kernel: hci0: opcode 0x2010 plen 0
Aug 14 20:31:37.357424 n kernel: hci0: skb len 3
Aug 14 20:31:37.357436 n kernel: hci0: length 1
Aug 14 20:31:37.357448 n kernel: hci0 cmd_cnt 1 cmd queued 1
Aug 14 20:31:37.357461 n kernel: hci0: skb 0000000086effc11
Aug 14 20:31:37.360367 n kernel: hci0: result 0x00
Aug 14 20:31:37.360380 n kernel: hci0: end: err 0
Aug 14 20:31:37.360393 n kernel: hci0: Opcode 0x202a
Aug 14 20:31:37.360406 n kernel: hci0: opcode 0x202a plen 0
Aug 14 20:31:37.360419 n kernel: hci0: skb len 3
Aug 14 20:31:37.360431 n kernel: hci0: length 1
Aug 14 20:31:37.360443 n kernel: hci0 cmd_cnt 1 cmd queued 1
Aug 14 20:31:37.360455 n kernel: hci0: skb 000000001d2887d3
Aug 14 20:31:37.363382 n kernel: hci0: result 0x00
Aug 14 20:31:37.363398 n kernel: hci0: end: err 0
Aug 14 20:31:37.363410 n kernel: hci0: Opcode 0x2029
Aug 14 20:31:37.363423 n kernel: hci0: opcode 0x2029 plen 0
Aug 14 20:31:37.363436 n kernel: hci0: skb len 3
Aug 14 20:31:37.363449 n kernel: hci0: length 1
Aug 14 20:31:37.363461 n kernel: hci0 cmd_cnt 1 cmd queued 1
Aug 14 20:31:37.363477 n kernel: hci0: skb 00000000d133fb24
Aug 14 20:31:37.366364 n kernel: hci0: result 0x00
Aug 14 20:31:37.366375 n kernel: hci0: end: err 0
Aug 14 20:31:37.366386 n kernel: hci0: Opcode 0x202e
Aug 14 20:31:37.366396 n kernel: hci0: opcode 0x202e plen 2
Aug 14 20:31:37.366408 n kernel: hci0: skb len 5
Aug 14 20:31:37.366418 n kernel: hci0: length 1
Aug 14 20:31:37.366429 n kernel: hci0 cmd_cnt 1 cmd queued 1
Aug 14 20:31:37.366440 n kernel: hci0: skb 0000000044774a34
Aug 14 20:31:37.369375 n kernel: hci0: result 0x00
Aug 14 20:31:37.369388 n kernel: hci0: end: err 0
Aug 14 20:31:37.369401 n kernel: hci0: Opcode 0x0c6d
Aug 14 20:31:37.369413 n kernel: hci0: opcode 0x0c6d plen 2
Aug 14 20:31:37.369426 n kernel: hci0: skb len 5
Aug 14 20:31:37.369440 n kernel: hci0: length 1
Aug 14 20:31:37.369453 n kernel: hci0 cmd_cnt 1 cmd queued 1
Aug 14 20:31:37.369468 n kernel: hci0: skb 00000000529bfacc
Aug 14 20:31:37.372377 n kernel: hci0: result 0x00
Aug 14 20:31:37.372392 n kernel: hci0: end: err 0
Aug 14 20:31:37.372404 n kernel: hci0: 
Aug 14 20:31:37.372417 n kernel: hci0: Opcode 0x0c12
Aug 14 20:31:37.372430 n kernel: hci0: opcode 0x0c12 plen 7
Aug 14 20:31:37.372443 n kernel: hci0: skb len 10
Aug 14 20:31:37.372455 n kernel: hci0: length 1
Aug 14 20:31:37.372471 n kernel: hci0 cmd_cnt 1 cmd queued 1
Aug 14 20:31:37.372488 n kernel: hci0: skb 000000001f8a4166
Aug 14 20:31:37.375369 n kernel: hci0: result 0x00
Aug 14 20:31:37.375383 n kernel: hci0: end: err 0
Aug 14 20:31:37.375396 n kernel: hci0: Opcode 0x0c77
Aug 14 20:31:37.375409 n kernel: hci0: opcode 0x0c77 plen 0
Aug 14 20:31:37.375422 n kernel: hci0: skb len 3
Aug 14 20:31:37.375434 n kernel: hci0: length 1
Aug 14 20:31:37.375446 n kernel: hci0 cmd_cnt 1 cmd queued 1
Aug 14 20:31:37.375460 n kernel: hci0: skb 0000000065dd99da
Aug 14 20:31:37.378377 n kernel: hci0: result 0x00
Aug 14 20:31:37.378394 n kernel: hci0: end: err 0
Aug 14 20:31:37.378407 n kernel: hci0: Opcode 0x0c7a
Aug 14 20:31:37.378420 n kernel: hci0: opcode 0x0c7a plen 1
Aug 14 20:31:37.378433 n kernel: hci0: skb len 4
Aug 14 20:31:37.378445 n kernel: hci0: length 1
Aug 14 20:31:37.378458 n kernel: hci0 cmd_cnt 1 cmd queued 1
Aug 14 20:31:37.378472 n kernel: hci0: skb 00000000091f1788
Aug 14 20:31:37.381375 n kernel: hci0: result 0x00
Aug 14 20:31:37.381388 n kernel: hci0: end: err 0
Aug 14 20:31:37.381401 n kernel: hci0: Opcode 0x0c1a
Aug 14 20:31:37.381414 n kernel: hci0: opcode 0x0c1a plen 1
Aug 14 20:31:37.381428 n kernel: hci0: skb len 4
Aug 14 20:31:37.381442 n kernel: hci0: length 1
Aug 14 20:31:37.381455 n kernel: hci0 cmd_cnt 1 cmd queued 1
Aug 14 20:31:37.381468 n kernel: hci0: skb 00000000af88bee1
Aug 14 20:31:37.384397 n kernel: hci0: result 0x00
Aug 14 20:31:37.384412 n kernel: hci0: end: err 0
Aug 14 20:31:37.384425 n kernel: hci0: 
Aug 14 20:31:37.384437 n kernel: hci0: Opcode 0x0c24
Aug 14 20:31:37.384451 n kernel: hci0: opcode 0x0c24 plen 3
Aug 14 20:31:37.384464 n kernel: hci0: skb len 6
Aug 14 20:31:37.384481 n kernel: hci0: length 1
Aug 14 20:31:37.384494 n kernel: hci0 cmd_cnt 1 cmd queued 1
Aug 14 20:31:37.384507 n kernel: hci0: skb 000000002b7cdc35
Aug 14 20:31:37.387430 n kernel: hci0: result 0x00
Aug 14 20:31:37.387503 n kernel: hci0: end: err 0
Aug 14 20:31:37.387516 n kernel: hci0: Opcode 0x0c13
Aug 14 20:31:37.387529 n kernel: hci0: opcode 0x0c13 plen 248
Aug 14 20:31:37.387543 n kernel: hci0: skb len 251
Aug 14 20:31:37.387553 n kernel: hci0: length 1
Aug 14 20:31:37.387560 n kernel: hci0 cmd_cnt 1 cmd queued 1
Aug 14 20:31:37.387567 n kernel: hci0: skb 00000000337529ee
Aug 14 20:31:37.390383 n kernel: hci0: result 0x00
Aug 14 20:31:37.390397 n kernel: hci0: end: err 0
Aug 14 20:31:37.390410 n kernel: hci0: 
Aug 14 20:31:37.390426 n kernel: hci0: Opcode 0x0c52
Aug 14 20:31:37.390441 n kernel: hci0: opcode 0x0c52 plen 241
Aug 14 20:31:37.390454 n kernel: hci0: skb len 244
Aug 14 20:31:37.390470 n kernel: hci0: length 1
Aug 14 20:31:37.390483 n kernel: hci0 cmd_cnt 1 cmd queued 1
Aug 14 20:31:37.390495 n kernel: hci0: skb 00000000993c2bfc
Aug 14 20:31:37.393404 n kernel: hci0: result 0x00
Aug 14 20:31:37.393423 n kernel: hci0: end: err 0
Aug 14 20:31:37.393436 n kernel: hci0: entry 00000000468f6357
Aug 14 20:31:37.393450 n kernel: hci0: ADV monitoring is off
Aug 14 20:31:37.393463 n kernel: hci0: stopping background scanning
Aug 14 20:31:37.393477 n kernel: hci0: 
Aug 14 20:31:37.395375 n kernel: hci0: 
Aug 14 20:31:37.395391 n kernel: hci0: entry 00000000198a395d
Aug 14 20:31:37.395408 n kernel: hci0: ADV monitoring is off
Aug 14 20:31:37.395423 n kernel: hci0: stopping background scanning
Aug 14 20:31:37.395454 n kernel: hci0: 
Aug 14 20:31:37.395469 n kernel: hci0: entry 00000000e90c149a
Aug 14 20:31:37.395485 n kernel: hci0: Opcode 0x0c3a
Aug 14 20:31:37.395501 n kernel: hci0: opcode 0x0c3a plen 4
Aug 14 20:31:37.395517 n kernel: hci0: skb len 7
Aug 14 20:31:37.395532 n kernel: hci0: length 1
Aug 14 20:31:37.395548 n kernel: hci0 cmd_cnt 1 cmd queued 1
Aug 14 20:31:37.395564 n kernel: hci0: skb 00000000fc726129
Aug 14 20:31:37.398384 n kernel: hci0: result 0x00
Aug 14 20:31:37.398405 n kernel: hci0: end: err 0
Aug 14 20:31:37.398426 n kernel: hci0: Opcode 0x0c1a
Aug 14 20:31:37.398449 n kernel: hci0: opcode 0x0c1a plen 1
Aug 14 20:31:37.398472 n kernel: hci0: skb len 4
Aug 14 20:31:37.398487 n kernel: hci0: length 1
Aug 14 20:31:37.398502 n kernel: hci0 cmd_cnt 1 cmd queued 1
Aug 14 20:31:37.398521 n kernel: hci0: skb 00000000b71f4bc8
Aug 14 20:31:37.398539 n kernel: 00000000babfecdf name hci0 blocked 1
Aug 14 20:31:37.398554 n kernel: hci0 00000000babfecdf
Aug 14 20:31:37.401373 n kernel: hci0: result 0x00
Aug 14 20:31:37.401382 n kernel: hci0: end: err 0
Aug 14 20:31:37.401390 n kernel: hci0: 
Aug 14 20:31:37.401399 n kernel: hci0: Opcode 0x0c1a
Aug 14 20:31:37.401408 n kernel: hci0: opcode 0x0c1a plen 1
Aug 14 20:31:37.401416 n kernel: hci0: skb len 4
Aug 14 20:31:37.401425 n kernel: hci0: length 1
Aug 14 20:31:37.401433 n kernel: hci0 cmd_cnt 1 cmd queued 1
Aug 14 20:31:37.401442 n kernel: hci0: skb 0000000063cdde37
Aug 14 20:31:37.401460 n kernel: hci0: state 0 -> 1
Aug 14 20:31:37.401469 n kernel: hci0: 
Aug 14 20:31:37.401478 n kernel: hci0: entry 00000000ac461b17
Aug 14 20:31:37.404357 n kernel: hci0: result 0x00
Aug 14 20:31:37.404368 n kernel: hci0: end: err 0
Aug 14 20:31:37.404377 n kernel: hci0: state 1
Aug 14 20:31:37.404386 n kernel: hci0: 
Aug 14 20:31:37.412344 n kernel: hci0: err 0x13
Aug 14 20:31:37.412368 n kernel: hci0: cancelling interleave scan
Aug 14 20:31:37.412382 n kernel: hci0: state 1 -> 0
Aug 14 20:31:37.412418 n kernel: hdev hci0
Aug 14 20:31:37.412428 n kernel: hci0
Aug 14 20:31:37.412442 n kernel: hci0
Aug 14 20:31:37.599348 n kernel: 00000000babfecdf name hci0 blocked 0
Aug 14 20:31:37.599423 n kernel: hci0: 
Aug 14 20:31:37.599435 n kernel: hci0: entry 00000000bc026be7
Aug 14 20:31:37.599447 n kernel: hci0: 
Aug 14 20:31:37.599456 n kernel: hci0
Aug 14 20:31:37.599465 n kernel: hci0
Aug 14 20:31:37.599473 n kernel: hci0
Aug 14 20:31:37.599482 n kernel: hci0
Aug 14 20:31:37.599491 n kernel: hci0: 
Aug 14 20:31:37.599499 n kernel: hci0: 
Aug 14 20:31:37.599508 n kernel: hci0: Opcode 0x0c03
Aug 14 20:31:37.599516 n kernel: hci0: opcode 0x0c03 plen 0
Aug 14 20:31:37.599525 n kernel: hci0: skb len 3
Aug 14 20:31:37.599533 n kernel: hci0: length 1
Aug 14 20:31:37.599542 n kernel: hci0 cmd_cnt 1 cmd queued 1
Aug 14 20:31:37.599551 n kernel: hci0: skb 00000000d0d378ec
Aug 14 20:31:37.655511 n kernel: hci0: result 0x00
Aug 14 20:31:37.655540 n kernel: hci0: end: err 0
Aug 14 20:31:37.655550 n kernel: hci0: Opcode 0x1003
Aug 14 20:31:37.655559 n kernel: hci0: opcode 0x1003 plen 0
Aug 14 20:31:37.655568 n kernel: hci0: skb len 3
Aug 14 20:31:37.655593 n kernel: hci0: length 1
Aug 14 20:31:37.655603 n kernel: hci0 cmd_cnt 1 cmd queued 1
Aug 14 20:31:37.655613 n kernel: hci0: skb 0000000072d49d03
Aug 14 20:31:37.658450 n kernel: hci0: result 0x00
Aug 14 20:31:37.658460 n kernel: hci0: end: err 0
Aug 14 20:31:37.658468 n kernel: hci0: Opcode 0x1001
Aug 14 20:31:37.658476 n kernel: hci0: opcode 0x1001 plen 0
Aug 14 20:31:37.658484 n kernel: hci0: skb len 3
Aug 14 20:31:37.658492 n kernel: hci0: length 1
Aug 14 20:31:37.658521 n kernel: hci0 cmd_cnt 1 cmd queued 1
Aug 14 20:31:37.658529 n kernel: hci0: skb 00000000c226b3d9
Aug 14 20:31:37.661435 n kernel: hci0: result 0x00
Aug 14 20:31:37.661462 n kernel: hci0: end: err 0
Aug 14 20:31:37.661478 n kernel: hci0: Opcode 0x1009
Aug 14 20:31:37.661495 n kernel: hci0: opcode 0x1009 plen 0
Aug 14 20:31:37.661516 n kernel: hci0: skb len 3
Aug 14 20:31:37.661533 n kernel: hci0: length 1
Aug 14 20:31:37.661550 n kernel: hci0 cmd_cnt 1 cmd queued 1
Aug 14 20:31:37.661565 n kernel: hci0: skb 00000000473c293c
Aug 14 20:31:37.664440 n kernel: hci0: result 0x00
Aug 14 20:31:37.664456 n kernel: hci0: end: err 0
Aug 14 20:31:37.664465 n kernel: hci0: 
Aug 14 20:31:37.664472 n kernel: hci0: Opcode 0x1002
Aug 14 20:31:37.664479 n kernel: hci0: opcode 0x1002 plen 0
Aug 14 20:31:37.664487 n kernel: hci0: skb len 3
Aug 14 20:31:37.664494 n kernel: hci0: length 1
Aug 14 20:31:37.664501 n kernel: hci0 cmd_cnt 1 cmd queued 1
Aug 14 20:31:37.664509 n kernel: hci0: skb 00000000659bd1d8
Aug 14 20:31:37.671455 n kernel: hci0: result 0x00
Aug 14 20:31:37.671478 n kernel: hci0: end: err 0
Aug 14 20:31:37.671497 n kernel: hci0: Opcode 0x0c56
Aug 14 20:31:37.671513 n kernel: hci0: opcode 0x0c56 plen 1
Aug 14 20:31:37.671529 n kernel: hci0: skb len 4
Aug 14 20:31:37.671544 n kernel: hci0: length 1
Aug 14 20:31:37.671563 n kernel: hci0 cmd_cnt 1 cmd queued 1
Aug 14 20:31:37.671579 n kernel: hci0: skb 000000000fee7dec
Aug 14 20:31:37.674443 n kernel: hci0: result 0x00
Aug 14 20:31:37.674468 n kernel: hci0: end: err 0
Aug 14 20:31:37.674488 n kernel: hci0: Opcode 0x0c45
Aug 14 20:31:37.674501 n kernel: hci0: opcode 0x0c45 plen 1
Aug 14 20:31:37.674510 n kernel: hci0: skb len 4
Aug 14 20:31:37.674518 n kernel: hci0: length 1
Aug 14 20:31:37.674526 n kernel: hci0 cmd_cnt 1 cmd queued 1
Aug 14 20:31:37.674535 n kernel: hci0: skb 00000000442d1399
Aug 14 20:31:37.677436 n kernel: hci0: result 0x00
Aug 14 20:31:37.677455 n kernel: hci0: end: err 0
Aug 14 20:31:37.677472 n kernel: hci0: Opcode 0x0c58
Aug 14 20:31:37.677490 n kernel: hci0: opcode 0x0c58 plen 0
Aug 14 20:31:37.677507 n kernel: hci0: skb len 3
Aug 14 20:31:37.677527 n kernel: hci0: length 1
Aug 14 20:31:37.677543 n kernel: hci0 cmd_cnt 1 cmd queued 1
Aug 14 20:31:37.677558 n kernel: hci0: skb 000000006a7ee551
Aug 14 20:31:37.680435 n kernel: hci0: result 0x00
Aug 14 20:31:37.680456 n kernel: hci0: end: err 0
Aug 14 20:31:37.680518 n kernel: hci0: Opcode 0x1004
Aug 14 20:31:37.680535 n kernel: hci0: opcode 0x1004 plen 1
Aug 14 20:31:37.680552 n kernel: hci0: skb len 4
Aug 14 20:31:37.680567 n kernel: hci0: length 1
Aug 14 20:31:37.680583 n kernel: hci0 cmd_cnt 1 cmd queued 1
Aug 14 20:31:37.680598 n kernel: hci0: skb 000000001f6a44b3
Aug 14 20:31:37.684436 n kernel: hci0: result 0x00
Aug 14 20:31:37.684456 n kernel: hci0: end: err 0
Aug 14 20:31:37.684473 n kernel: hci0: Opcode 0x1005
Aug 14 20:31:37.684490 n kernel: hci0: opcode 0x1005 plen 0
Aug 14 20:31:37.684508 n kernel: hci0: skb len 3
Aug 14 20:31:37.684529 n kernel: hci0: length 1
Aug 14 20:31:37.684544 n kernel: hci0 cmd_cnt 1 cmd queued 1
Aug 14 20:31:37.684560 n kernel: hci0: skb 0000000022db93aa
Aug 14 20:31:37.687438 n kernel: hci0: result 0x00
Aug 14 20:31:37.687458 n kernel: hci0: end: err 0
Aug 14 20:31:37.687476 n kernel: hci0: Opcode 0x0c23
Aug 14 20:31:37.687494 n kernel: hci0: opcode 0x0c23 plen 0
Aug 14 20:31:37.687512 n kernel: hci0: skb len 3
Aug 14 20:31:37.687531 n kernel: hci0: length 1
Aug 14 20:31:37.687547 n kernel: hci0 cmd_cnt 1 cmd queued 1
Aug 14 20:31:37.687562 n kernel: hci0: skb 000000006ff2f355
Aug 14 20:31:37.690390 n kernel: hci0: result 0x00
Aug 14 20:31:37.690401 n kernel: hci0: end: err 0
Aug 14 20:31:37.690412 n kernel: hci0: Opcode 0x0c14
Aug 14 20:31:37.690424 n kernel: hci0: opcode 0x0c14 plen 0
Aug 14 20:31:37.690433 n kernel: hci0: skb len 3
Aug 14 20:31:37.690442 n kernel: hci0: length 1
Aug 14 20:31:37.690450 n kernel: hci0 cmd_cnt 1 cmd queued 1
Aug 14 20:31:37.690459 n kernel: hci0: skb 000000003274b995
Aug 14 20:31:37.708483 n kernel: hci0: result 0x00
Aug 14 20:31:37.708503 n kernel: hci0: end: err 0
Aug 14 20:31:37.708524 n kernel: hci0: Opcode 0x0c25
Aug 14 20:31:37.708543 n kernel: hci0: opcode 0x0c25 plen 0
Aug 14 20:31:37.708559 n kernel: hci0: skb len 3
Aug 14 20:31:37.708600 n kernel: hci0: length 1
Aug 14 20:31:37.708616 n kernel: hci0 cmd_cnt 1 cmd queued 1
Aug 14 20:31:37.708637 n kernel: hci0: skb 00000000c737dc07
Aug 14 20:31:37.711380 n kernel: hci0: result 0x00
Aug 14 20:31:37.711392 n kernel: hci0: end: err 0
Aug 14 20:31:37.711402 n kernel: hci0: Opcode 0x0c38
Aug 14 20:31:37.711411 n kernel: hci0: opcode 0x0c38 plen 0
Aug 14 20:31:37.711420 n kernel: hci0: skb len 3
Aug 14 20:31:37.711428 n kernel: hci0: length 1
Aug 14 20:31:37.711438 n kernel: hci0 cmd_cnt 1 cmd queued 1
Aug 14 20:31:37.711448 n kernel: hci0: skb 0000000022fe473a
Aug 14 20:31:37.714383 n kernel: hci0: result 0x00
Aug 14 20:31:37.714394 n kernel: hci0: end: err 0
Aug 14 20:31:37.714403 n kernel: hci0: Opcode 0x0c39
Aug 14 20:31:37.714412 n kernel: hci0: opcode 0x0c39 plen 0
Aug 14 20:31:37.714422 n kernel: hci0: skb len 3
Aug 14 20:31:37.714431 n kernel: hci0: length 1
Aug 14 20:31:37.714439 n kernel: hci0 cmd_cnt 1 cmd queued 1
Aug 14 20:31:37.714447 n kernel: hci0: skb 000000007099675c
Aug 14 20:31:37.717384 n kernel: hci0: result 0x00
Aug 14 20:31:37.717399 n kernel: hci0: end: err 0
Aug 14 20:31:37.717412 n kernel: hci0: Opcode 0x0c16
Aug 14 20:31:37.717423 n kernel: hci0: opcode 0x0c16 plen 2
Aug 14 20:31:37.717433 n kernel: hci0: skb len 5
Aug 14 20:31:37.717445 n kernel: hci0: length 1
Aug 14 20:31:37.717456 n kernel: hci0 cmd_cnt 1 cmd queued 1
Aug 14 20:31:37.717468 n kernel: hci0: skb 00000000583ef31d
Aug 14 20:31:37.720431 n kernel: hci0: result 0x00
Aug 14 20:31:37.720452 n kernel: hci0: end: err 0
Aug 14 20:31:37.720473 n kernel: hci0: Opcode 0x2003
Aug 14 20:31:37.720506 n kernel: hci0: opcode 0x2003 plen 0
Aug 14 20:31:37.720524 n kernel: hci0: skb len 3
Aug 14 20:31:37.720540 n kernel: hci0: length 1
Aug 14 20:31:37.720560 n kernel: hci0 cmd_cnt 1 cmd queued 1
Aug 14 20:31:37.720579 n kernel: hci0: skb 00000000e651a04c
Aug 14 20:31:37.723384 n kernel: hci0: result 0x00
Aug 14 20:31:37.723395 n kernel: hci0: end: err 0
Aug 14 20:31:37.723404 n kernel: hci0: Opcode 0x2002
Aug 14 20:31:37.723412 n kernel: hci0: opcode 0x2002 plen 0
Aug 14 20:31:37.723421 n kernel: hci0: skb len 3
Aug 14 20:31:37.723429 n kernel: hci0: length 1
Aug 14 20:31:37.723438 n kernel: hci0 cmd_cnt 1 cmd queued 1
Aug 14 20:31:37.723448 n kernel: hci0: skb 0000000003a3f238
Aug 14 20:31:37.726423 n kernel: hci0: result 0x00
Aug 14 20:31:37.726443 n kernel: hci0: end: err 0
Aug 14 20:31:37.726460 n kernel: hci0: Opcode 0x201c
Aug 14 20:31:37.726478 n kernel: hci0: opcode 0x201c plen 0
Aug 14 20:31:37.726499 n kernel: hci0: skb len 3
Aug 14 20:31:37.726545 n kernel: hci0: length 1
Aug 14 20:31:37.726569 n kernel: hci0 cmd_cnt 1 cmd queued 1
Aug 14 20:31:37.726585 n kernel: hci0: skb 00000000149b13ed
Aug 14 20:31:37.729434 n kernel: hci0: result 0x00
Aug 14 20:31:37.729455 n kernel: hci0: end: err 0
Aug 14 20:31:37.729473 n kernel: hci0: 
Aug 14 20:31:37.729492 n kernel: hci0: Opcode 0x0c01
Aug 14 20:31:37.729512 n kernel: hci0: opcode 0x0c01 plen 8
Aug 14 20:31:37.729528 n kernel: hci0: skb len 11
Aug 14 20:31:37.729545 n kernel: hci0: length 1
Aug 14 20:31:37.729560 n kernel: hci0 cmd_cnt 1 cmd queued 1
Aug 14 20:31:37.729576 n kernel: hci0: skb 000000003db4f9c4
Aug 14 20:31:37.732368 n kernel: hci0: result 0x00
Aug 14 20:31:37.732378 n kernel: hci0: end: err 0
Aug 14 20:31:37.732387 n kernel: hci0: Opcode 0x0c0d
Aug 14 20:31:37.732396 n kernel: hci0: opcode 0x0c0d plen 7
Aug 14 20:31:37.732409 n kernel: hci0: skb len 10
Aug 14 20:31:37.732419 n kernel: hci0: length 1
Aug 14 20:31:37.732428 n kernel: hci0 cmd_cnt 1 cmd queued 1
Aug 14 20:31:37.732437 n kernel: hci0: skb 0000000084f2f8ee
Aug 14 20:31:37.735369 n kernel: hci0: result 0x00
Aug 14 20:31:37.735449 n kernel: hci0: end: err 0
Aug 14 20:31:37.735488 n kernel: hci0: Opcode 0x080f
Aug 14 20:31:37.735507 n kernel: hci0: opcode 0x080f plen 2
Aug 14 20:31:37.735526 n kernel: hci0: skb len 5
Aug 14 20:31:37.735546 n kernel: hci0: length 1
Aug 14 20:31:37.735562 n kernel: hci0 cmd_cnt 1 cmd queued 1
Aug 14 20:31:37.735596 n kernel: hci0: skb 0000000048a3513b
Aug 14 20:31:37.738417 n kernel: hci0: result 0x00
Aug 14 20:31:37.738439 n kernel: hci0: end: err 0
Aug 14 20:31:37.738462 n kernel: hci0: Opcode 0x0c1b
Aug 14 20:31:37.738478 n kernel: hci0: opcode 0x0c1b plen 0
Aug 14 20:31:37.738495 n kernel: hci0: skb len 3
Aug 14 20:31:37.738511 n kernel: hci0: length 1
Aug 14 20:31:37.738528 n kernel: hci0 cmd_cnt 1 cmd queued 1
Aug 14 20:31:37.738546 n kernel: hci0: skb 000000000fee7dec
Aug 14 20:31:37.741420 n kernel: hci0: result 0x00
Aug 14 20:31:37.741452 n kernel: hci0: end: err 0
Aug 14 20:31:37.741468 n kernel: hci0: Opcode 0x0c46
Aug 14 20:31:37.741484 n kernel: hci0: opcode 0x0c46 plen 0
Aug 14 20:31:37.741500 n kernel: hci0: skb len 3
Aug 14 20:31:37.741540 n kernel: hci0: length 1
Aug 14 20:31:37.741577 n kernel: hci0 cmd_cnt 1 cmd queued 1
Aug 14 20:31:37.741593 n kernel: hci0: skb 00000000659bd1d8
Aug 14 20:31:37.744440 n kernel: hci0: result 0x00
Aug 14 20:31:37.744465 n kernel: hci0: end: err 0
Aug 14 20:31:37.744479 n kernel: hci0: Opcode 0x1004
Aug 14 20:31:37.744498 n kernel: hci0: opcode 0x1004 plen 1
Aug 14 20:31:37.744511 n kernel: hci0: skb len 4
Aug 14 20:31:37.744529 n kernel: hci0: length 1
Aug 14 20:31:37.744544 n kernel: hci0 cmd_cnt 1 cmd queued 1
Aug 14 20:31:37.744555 n kernel: hci0: skb 00000000473c293c
Aug 14 20:31:37.748382 n kernel: hci0: result 0x00
Aug 14 20:31:37.748393 n kernel: hci0: end: err 0
Aug 14 20:31:37.748403 n kernel: hci0: Opcode 0x2001
Aug 14 20:31:37.748418 n kernel: hci0: opcode 0x2001 plen 8
Aug 14 20:31:37.748433 n kernel: hci0: skb len 11
Aug 14 20:31:37.748445 n kernel: hci0: length 1
Aug 14 20:31:37.748454 n kernel: hci0 cmd_cnt 1 cmd queued 1
Aug 14 20:31:37.748464 n kernel: hci0: skb 00000000c226b3d9
Aug 14 20:31:37.751384 n kernel: hci0: result 0x00
Aug 14 20:31:37.751401 n kernel: hci0: end: err 0
Aug 14 20:31:37.751413 n kernel: hci0: Opcode 0x2007
Aug 14 20:31:37.751436 n kernel: hci0: opcode 0x2007 plen 0
Aug 14 20:31:37.751450 n kernel: hci0: skb len 3
Aug 14 20:31:37.751467 n kernel: hci0: length 1
Aug 14 20:31:37.751479 n kernel: hci0 cmd_cnt 1 cmd queued 1
Aug 14 20:31:37.751490 n kernel: hci0: skb 0000000072d49d03
Aug 14 20:31:37.754437 n kernel: hci0: result 0x00
Aug 14 20:31:37.754468 n kernel: hci0: end: err 0
Aug 14 20:31:37.754508 n kernel: hci0: Opcode 0x200f
Aug 14 20:31:37.754531 n kernel: hci0: opcode 0x200f plen 0
Aug 14 20:31:37.754562 n kernel: hci0: skb len 3
Aug 14 20:31:37.754583 n kernel: hci0: length 1
Aug 14 20:31:37.754612 n kernel: hci0 cmd_cnt 1 cmd queued 1
Aug 14 20:31:37.754641 n kernel: hci0: skb 0000000003b98c7b
Aug 14 20:31:37.757425 n kernel: hci0: result 0x00
Aug 14 20:31:37.757452 n kernel: hci0: end: err 0
Aug 14 20:31:37.757483 n kernel: hci0: Opcode 0x2010
Aug 14 20:31:37.757527 n kernel: hci0: opcode 0x2010 plen 0
Aug 14 20:31:37.757553 n kernel: hci0: skb len 3
Aug 14 20:31:37.757574 n kernel: hci0: length 1
Aug 14 20:31:37.757595 n kernel: hci0 cmd_cnt 1 cmd queued 1
Aug 14 20:31:37.757615 n kernel: hci0: skb 00000000d9337327
Aug 14 20:31:37.760424 n kernel: hci0: result 0x00
Aug 14 20:31:37.760450 n kernel: hci0: end: err 0
Aug 14 20:31:37.760481 n kernel: hci0: Opcode 0x202a
Aug 14 20:31:37.760513 n kernel: hci0: opcode 0x202a plen 0
Aug 14 20:31:37.760534 n kernel: hci0: skb len 3
Aug 14 20:31:37.760554 n kernel: hci0: length 1
Aug 14 20:31:37.760570 n kernel: hci0 cmd_cnt 1 cmd queued 1
Aug 14 20:31:37.760592 n kernel: hci0: skb 000000005eaa013f
Aug 14 20:31:37.763428 n kernel: hci0: result 0x00
Aug 14 20:31:37.763453 n kernel: hci0: end: err 0
Aug 14 20:31:37.763477 n kernel: hci0: Opcode 0x2029
Aug 14 20:31:37.763510 n kernel: hci0: opcode 0x2029 plen 0
Aug 14 20:31:37.763534 n kernel: hci0: skb len 3
Aug 14 20:31:37.763559 n kernel: hci0: length 1
Aug 14 20:31:37.763580 n kernel: hci0 cmd_cnt 1 cmd queued 1
Aug 14 20:31:37.763600 n kernel: hci0: skb 000000001cb441e9
Aug 14 20:31:37.765342 n kernel: 00000000babfecdf name hci0 blocked 0
Aug 14 20:31:37.765410 n kernel: hci0: result 0x00
Aug 14 20:31:37.765427 n kernel: hci0: end: err 0
Aug 14 20:31:37.765446 n kernel: hci0: Opcode 0x202e
Aug 14 20:31:37.765459 n kernel: hci0: opcode 0x202e plen 2
Aug 14 20:31:37.765471 n kernel: hci0: skb len 5
Aug 14 20:31:37.765489 n kernel: hci0: length 1
Aug 14 20:31:37.765500 n kernel: hci0 cmd_cnt 1 cmd queued 1
Aug 14 20:31:37.765512 n kernel: hci0: skb 000000009ee79842
Aug 14 20:31:37.769433 n kernel: hci0: result 0x00
Aug 14 20:31:37.769493 n kernel: hci0: end: err 0
Aug 14 20:31:37.769531 n kernel: hci0: Opcode 0x0c6d
Aug 14 20:31:37.769552 n kernel: hci0: opcode 0x0c6d plen 2
Aug 14 20:31:37.769638 n kernel: hci0: skb len 5
Aug 14 20:31:37.769656 n kernel: hci0: length 1
Aug 14 20:31:37.769676 n kernel: hci0 cmd_cnt 1 cmd queued 1
Aug 14 20:31:37.769697 n kernel: hci0: skb 00000000982b79b7
Aug 14 20:31:37.772436 n kernel: hci0: result 0x00
Aug 14 20:31:37.772461 n kernel: hci0: end: err 0
Aug 14 20:31:37.772497 n kernel: hci0: 
Aug 14 20:31:37.772524 n kernel: hci0: Opcode 0x0c12
Aug 14 20:31:37.772546 n kernel: hci0: opcode 0x0c12 plen 7
Aug 14 20:31:37.772572 n kernel: hci0: skb len 10
Aug 14 20:31:37.772599 n kernel: hci0: length 1
Aug 14 20:31:37.772619 n kernel: hci0 cmd_cnt 1 cmd queued 1
Aug 14 20:31:37.772640 n kernel: hci0: skb 00000000476d3474
Aug 14 20:31:37.775431 n kernel: hci0: result 0x00
Aug 14 20:31:37.775462 n kernel: hci0: end: err 0
Aug 14 20:31:37.775500 n kernel: hci0: Opcode 0x0c77
Aug 14 20:31:37.775526 n kernel: hci0: opcode 0x0c77 plen 0
Aug 14 20:31:37.775547 n kernel: hci0: skb len 3
Aug 14 20:31:37.775567 n kernel: hci0: length 1
Aug 14 20:31:37.775595 n kernel: hci0 cmd_cnt 1 cmd queued 1
Aug 14 20:31:37.775610 n kernel: hci0: skb 0000000071cf420b
Aug 14 20:31:37.778425 n kernel: hci0: result 0x00
Aug 14 20:31:37.778446 n kernel: hci0: end: err 0
Aug 14 20:31:37.778468 n kernel: hci0: Opcode 0x0c7a
Aug 14 20:31:37.778508 n kernel: hci0: opcode 0x0c7a plen 1
Aug 14 20:31:37.778529 n kernel: hci0: skb len 4
Aug 14 20:31:37.778551 n kernel: hci0: length 1
Aug 14 20:31:37.778571 n kernel: hci0 cmd_cnt 1 cmd queued 1
Aug 14 20:31:37.778592 n kernel: hci0: skb 000000007b96f280
Aug 14 20:31:37.781419 n kernel: hci0: result 0x00
Aug 14 20:31:37.781443 n kernel: hci0: end: err 0
Aug 14 20:31:37.781460 n kernel: hci0: Opcode 0x0c1a
Aug 14 20:31:37.781482 n kernel: hci0: opcode 0x0c1a plen 1
Aug 14 20:31:37.781495 n kernel: hci0: skb len 4
Aug 14 20:31:37.781529 n kernel: hci0: length 1
Aug 14 20:31:37.781547 n kernel: hci0 cmd_cnt 1 cmd queued 1
Aug 14 20:31:37.781564 n kernel: hci0: skb 0000000072d49d03
Aug 14 20:31:37.784394 n kernel: hci0: result 0x00
Aug 14 20:31:37.784413 n kernel: hci0: end: err 0
Aug 14 20:31:37.784430 n kernel: hci0: 
Aug 14 20:31:37.784451 n kernel: hci0: Opcode 0x0c24
Aug 14 20:31:37.784475 n kernel: hci0: opcode 0x0c24 plen 3
Aug 14 20:31:37.784496 n kernel: hci0: skb len 6
Aug 14 20:31:37.784516 n kernel: hci0: length 1
Aug 14 20:31:37.784530 n kernel: hci0 cmd_cnt 1 cmd queued 1
Aug 14 20:31:37.784556 n kernel: hci0: skb 00000000c226b3d9
Aug 14 20:31:37.787418 n kernel: hci0: result 0x00
Aug 14 20:31:37.787447 n kernel: hci0: end: err 0
Aug 14 20:31:37.787460 n kernel: hci0: Opcode 0x0c13
Aug 14 20:31:37.787479 n kernel: hci0: opcode 0x0c13 plen 248
Aug 14 20:31:37.787489 n kernel: hci0: skb len 251
Aug 14 20:31:37.787500 n kernel: hci0: length 1
Aug 14 20:31:37.787509 n kernel: hci0 cmd_cnt 1 cmd queued 1
Aug 14 20:31:37.787517 n kernel: hci0: skb 00000000473c293c
Aug 14 20:31:37.790385 n kernel: hci0: result 0x00
Aug 14 20:31:37.790411 n kernel: hci0: end: err 0
Aug 14 20:31:37.790422 n kernel: hci0: 
Aug 14 20:31:37.790433 n kernel: hci0: Opcode 0x0c52
Aug 14 20:31:37.790451 n kernel: hci0: opcode 0x0c52 plen 241
Aug 14 20:31:37.790472 n kernel: hci0: skb len 244
Aug 14 20:31:37.790483 n kernel: hci0: length 1
Aug 14 20:31:37.790494 n kernel: hci0 cmd_cnt 1 cmd queued 1
Aug 14 20:31:37.790505 n kernel: hci0: skb 000000006c79406c
Aug 14 20:31:37.793364 n kernel: hci0: result 0x00
Aug 14 20:31:37.793374 n kernel: hci0: end: err 0
Aug 14 20:31:37.793384 n kernel: hci0: entry 00000000468f6357
Aug 14 20:31:37.793395 n kernel: hci0: ADV monitoring is off
Aug 14 20:31:37.793409 n kernel: hci0: stopping background scanning
Aug 14 20:31:37.793420 n kernel: hci0: 
Aug 14 20:31:37.795383 n kernel: hci0: 
Aug 14 20:31:37.795398 n kernel: hci0: entry 00000000e5713c23
Aug 14 20:31:37.795414 n kernel: hci0: ADV monitoring is off
Aug 14 20:31:37.795424 n kernel: hci0: stopping background scanning
Aug 14 20:31:37.795441 n kernel: hci0: 
Aug 14 20:31:37.795450 n kernel: hci0: entry 0000000042397fdf
Aug 14 20:31:37.795460 n kernel: hci0: Opcode 0x0c3a
Aug 14 20:31:37.795480 n kernel: hci0: opcode 0x0c3a plen 4
Aug 14 20:31:37.795490 n kernel: hci0: skb len 7
Aug 14 20:31:37.795503 n kernel: hci0: length 1
Aug 14 20:31:37.795510 n kernel: hci0 cmd_cnt 1 cmd queued 1
Aug 14 20:31:37.795520 n kernel: hci0: skb 000000001ef445c6
Aug 14 20:31:37.798413 n kernel: hci0: result 0x00
Aug 14 20:31:37.798441 n kernel: hci0: end: err 0
Aug 14 20:31:37.798462 n kernel: hci0: Opcode 0x0c1a
Aug 14 20:31:37.798490 n kernel: hci0: opcode 0x0c1a plen 1
Aug 14 20:31:37.798512 n kernel: hci0: skb len 4
Aug 14 20:31:37.798533 n kernel: hci0: length 1
Aug 14 20:31:37.798553 n kernel: hci0 cmd_cnt 1 cmd queued 1
Aug 14 20:31:37.798570 n kernel: hci0: skb 0000000084f2f8ee
Aug 14 20:31:37.801377 n kernel: hci0: result 0x00
Aug 14 20:31:37.801395 n kernel: hci0: end: err 0
Aug 14 20:31:37.801411 n kernel: hci0: 
Aug 14 20:31:37.801439 n kernel: hci0: state 0 -> 1
Aug 14 20:31:37.801448 n kernel: hci0: 
Aug 14 20:31:37.801461 n kernel: hci0: entry 00000000e31dc148
Aug 14 20:31:37.801475 n kernel: hci0: type 7
Aug 14 20:31:37.801485 n kernel: hci0: 
Aug 14 20:31:37.801494 n kernel: hci0: cancelling interleave scan
Aug 14 20:31:37.801508 n kernel: hci0: Opcode 0x2005
Aug 14 20:31:37.801521 n kernel: hci0: opcode 0x2005 plen 6
Aug 14 20:31:37.801533 n kernel: hci0: skb len 9
Aug 14 20:31:37.801552 n kernel: hci0: length 1
Aug 14 20:31:37.801565 n kernel: hci0 cmd_cnt 1 cmd queued 1
Aug 14 20:31:37.801578 n kernel: hci0: skb 00000000afc856af
Aug 14 20:31:37.804401 n kernel: hci0: result 0x00
Aug 14 20:31:37.804424 n kernel: hci0: end: err 0
Aug 14 20:31:37.804442 n kernel: hci0: Opcode 0x200b
Aug 14 20:31:37.804462 n kernel: hci0: opcode 0x200b plen 7
Aug 14 20:31:37.804478 n kernel: hci0: skb len 10
Aug 14 20:31:37.804495 n kernel: hci0: length 1
Aug 14 20:31:37.804510 n kernel: hci0 cmd_cnt 1 cmd queued 1
Aug 14 20:31:37.804526 n kernel: hci0: skb 00000000e0fbe1ed
Aug 14 20:31:37.806369 n kernel: Bluetooth: hci0: unexpected event for opcode 0x2005
Aug 14 20:31:37.808379 n kernel: hci0: result 0x00
Aug 14 20:31:37.808398 n kernel: hci0: end: err 0
Aug 14 20:31:37.808418 n kernel: hci0: Opcode 0x200c
Aug 14 20:31:37.808439 n kernel: hci0: opcode 0x200c plen 2
Aug 14 20:31:37.808459 n kernel: hci0: skb len 5
Aug 14 20:31:37.808477 n kernel: hci0: length 1
Aug 14 20:31:37.808496 n kernel: hci0 cmd_cnt 1 cmd queued 1
Aug 14 20:31:37.808521 n kernel: hci0: skb 00000000f149f291
Aug 14 20:31:37.811340 n kernel: hci0: state 1 -> 2
Aug 14 20:31:37.811374 n kernel: hci0: result 0x00
Aug 14 20:31:37.811385 n kernel: hci0: end: err 0
Aug 14 20:31:37.811392 n kernel: hci0: timeout 5120 ms
Aug 14 20:31:37.949365 n kernel: 00000000babfecdf name hci0 blocked 1
Aug 14 20:31:37.949429 n kernel: hci0 00000000babfecdf
Aug 14 20:31:37.949449 n kernel: hci0: Opcode 0x0c1a
Aug 14 20:31:37.949464 n kernel: hci0: opcode 0x0c1a plen 1
Aug 14 20:31:37.949480 n kernel: hci0: skb len 4
Aug 14 20:31:37.949494 n kernel: hci0: length 1
Aug 14 20:31:37.949504 n kernel: hci0 cmd_cnt 1 cmd queued 1
Aug 14 20:31:37.949519 n kernel: hci0: skb 00000000bd325883
Aug 14 20:31:37.952382 n kernel: hci0: result 0x00
Aug 14 20:31:37.952402 n kernel: hci0: end: err 0
Aug 14 20:31:37.952414 n kernel: hci0: state 2
Aug 14 20:31:37.952441 n kernel: hci0: Opcode 0x200c
Aug 14 20:31:37.952452 n kernel: hci0: opcode 0x200c plen 2
Aug 14 20:31:37.952466 n kernel: hci0: skb len 5
Aug 14 20:31:37.952479 n kernel: hci0: length 1
Aug 14 20:31:37.952492 n kernel: hci0 cmd_cnt 1 cmd queued 1
Aug 14 20:31:37.952505 n kernel: hci0: skb 000000000c63916b
Aug 14 20:31:37.955473 n kernel: hci0: result 0x00
Aug 14 20:31:37.955504 n kernel: hci0: 
Aug 14 20:31:37.955540 n kernel: hci0: 
Aug 14 20:31:37.955560 n kernel: hci0: entry 00000000e31dc148
Aug 14 20:31:37.955602 n kernel: hci0: end: err 0
Aug 14 20:31:37.955618 n kernel: hci0: 
Aug 14 20:31:37.965392 n kernel: hci0: err 0x13
Aug 14 20:31:37.965423 n kernel: hci0: cancelling interleave scan
Aug 14 20:31:37.965451 n kernel: hci0: state 2 -> 0
Aug 14 20:31:37.965517 n kernel: hdev hci0
Aug 14 20:31:37.965536 n kernel: hci0
Aug 14 20:31:37.965571 n kernel: hci0
Aug 14 20:31:37.965596 n kernel: hci0: 
Aug 14 20:31:38.116373 n kernel: 00000000babfecdf name hci0 blocked 0
Aug 14 20:31:38.116433 n kernel: hci0: 
Aug 14 20:31:38.116448 n kernel: hci0: entry 00000000524b0e9c
Aug 14 20:31:38.116472 n kernel: hci0: 
Aug 14 20:31:38.116486 n kernel: hci0
Aug 14 20:31:38.116500 n kernel: hci0
Aug 14 20:31:38.116511 n kernel: hci0
Aug 14 20:31:38.116519 n kernel: hci0
Aug 14 20:31:38.116530 n kernel: hci0: 
Aug 14 20:31:38.116538 n kernel: hci0: 
Aug 14 20:31:38.116547 n kernel: hci0: Opcode 0x0c03
Aug 14 20:31:38.116559 n kernel: hci0: opcode 0x0c03 plen 0
Aug 14 20:31:38.116568 n kernel: hci0: skb len 3
Aug 14 20:31:38.116579 n kernel: hci0: length 1
Aug 14 20:31:38.116590 n kernel: hci0 cmd_cnt 1 cmd queued 1
Aug 14 20:31:38.116605 n kernel: hci0: skb 000000003c61501f
Aug 14 20:31:38.173479 n kernel: hci0: result 0x00
Aug 14 20:31:38.173497 n kernel: hci0: end: err 0
Aug 14 20:31:38.173507 n kernel: hci0: Opcode 0x1003
Aug 14 20:31:38.173518 n kernel: hci0: opcode 0x1003 plen 0
Aug 14 20:31:38.173528 n kernel: hci0: skb len 3
Aug 14 20:31:38.173548 n kernel: hci0: length 1
Aug 14 20:31:38.173562 n kernel: hci0 cmd_cnt 1 cmd queued 1
Aug 14 20:31:38.173577 n kernel: hci0: skb 00000000e32c0c6a
Aug 14 20:31:38.176475 n kernel: hci0: result 0x00
Aug 14 20:31:38.176507 n kernel: hci0: end: err 0
Aug 14 20:31:38.176519 n kernel: hci0: Opcode 0x1001
Aug 14 20:31:38.176546 n kernel: hci0: opcode 0x1001 plen 0
Aug 14 20:31:38.176557 n kernel: hci0: skb len 3
Aug 14 20:31:38.176576 n kernel: hci0: length 1
Aug 14 20:31:38.176597 n kernel: hci0 cmd_cnt 1 cmd queued 1
Aug 14 20:31:38.176613 n kernel: hci0: skb 00000000337529ee
Aug 14 20:31:38.179547 n kernel: hci0: result 0x00
Aug 14 20:31:38.179578 n kernel: hci0: end: err 0
Aug 14 20:31:38.179595 n kernel: hci0: Opcode 0x1009
Aug 14 20:31:38.179611 n kernel: hci0: opcode 0x1009 plen 0
Aug 14 20:31:38.179644 n kernel: hci0: skb len 3
Aug 14 20:31:38.179665 n kernel: hci0: length 1
Aug 14 20:31:38.179687 n kernel: hci0 cmd_cnt 1 cmd queued 1
Aug 14 20:31:38.179710 n kernel: hci0: skb 000000002dbbee6d
Aug 14 20:31:38.182472 n kernel: hci0: result 0x00
Aug 14 20:31:38.182485 n kernel: hci0: end: err 0
Aug 14 20:31:38.182499 n kernel: hci0: 
Aug 14 20:31:38.182522 n kernel: hci0: Opcode 0x1002
Aug 14 20:31:38.182551 n kernel: hci0: opcode 0x1002 plen 0
Aug 14 20:31:38.182571 n kernel: hci0: skb len 3
Aug 14 20:31:38.182585 n kernel: hci0: length 1
Aug 14 20:31:38.182600 n kernel: hci0 cmd_cnt 1 cmd queued 1
Aug 14 20:31:38.182615 n kernel: hci0: skb 0000000009e2f626
Aug 14 20:31:38.189466 n kernel: hci0: result 0x00
Aug 14 20:31:38.189487 n kernel: hci0: end: err 0
Aug 14 20:31:38.189497 n kernel: hci0: Opcode 0x0c56
Aug 14 20:31:38.189508 n kernel: hci0: opcode 0x0c56 plen 1
Aug 14 20:31:38.189531 n kernel: hci0: skb len 4
Aug 14 20:31:38.189545 n kernel: hci0: length 1
Aug 14 20:31:38.189562 n kernel: hci0 cmd_cnt 1 cmd queued 1
Aug 14 20:31:38.189577 n kernel: hci0: skb 00000000bc7c62f1
Aug 14 20:31:38.192460 n kernel: hci0: result 0x00
Aug 14 20:31:38.192483 n kernel: hci0: end: err 0
Aug 14 20:31:38.192508 n kernel: hci0: Opcode 0x0c45
Aug 14 20:31:38.192524 n kernel: hci0: opcode 0x0c45 plen 1
Aug 14 20:31:38.192555 n kernel: hci0: skb len 4
Aug 14 20:31:38.192578 n kernel: hci0: length 1
Aug 14 20:31:38.192608 n kernel: hci0 cmd_cnt 1 cmd queued 1
Aug 14 20:31:38.192637 n kernel: hci0: skb 00000000e32c0c6a
Aug 14 20:31:38.195391 n kernel: hci0: result 0x00
Aug 14 20:31:38.195406 n kernel: hci0: end: err 0
Aug 14 20:31:38.195424 n kernel: hci0: Opcode 0x0c58
Aug 14 20:31:38.195432 n kernel: hci0: opcode 0x0c58 plen 0
Aug 14 20:31:38.195439 n kernel: hci0: skb len 3
Aug 14 20:31:38.195448 n kernel: hci0: length 1
Aug 14 20:31:38.195456 n kernel: hci0 cmd_cnt 1 cmd queued 1
Aug 14 20:31:38.195465 n kernel: hci0: skb 000000006c9c4aaf
Aug 14 20:31:38.198373 n kernel: hci0: result 0x00
Aug 14 20:31:38.198387 n kernel: hci0: end: err 0
Aug 14 20:31:38.198403 n kernel: hci0: Opcode 0x1004
Aug 14 20:31:38.198416 n kernel: hci0: opcode 0x1004 plen 1
Aug 14 20:31:38.198425 n kernel: hci0: skb len 4
Aug 14 20:31:38.198432 n kernel: hci0: length 1
Aug 14 20:31:38.198440 n kernel: hci0 cmd_cnt 1 cmd queued 1
Aug 14 20:31:38.198455 n kernel: hci0: skb 00000000199595a3
Aug 14 20:31:38.202412 n kernel: hci0: result 0x00
Aug 14 20:31:38.202475 n kernel: hci0: end: err 0
Aug 14 20:31:38.202505 n kernel: hci0: Opcode 0x1005
Aug 14 20:31:38.202538 n kernel: hci0: opcode 0x1005 plen 0
Aug 14 20:31:38.202558 n kernel: hci0: skb len 3
Aug 14 20:31:38.202581 n kernel: hci0: length 1
Aug 14 20:31:38.202603 n kernel: hci0 cmd_cnt 1 cmd queued 1
Aug 14 20:31:38.202624 n kernel: hci0: skb 00000000bb2b77bc
Aug 14 20:31:38.205428 n kernel: hci0: result 0x00
Aug 14 20:31:38.205475 n kernel: hci0: end: err 0
Aug 14 20:31:38.205492 n kernel: hci0: Opcode 0x0c23
Aug 14 20:31:38.205512 n kernel: hci0: opcode 0x0c23 plen 0
Aug 14 20:31:38.205533 n kernel: hci0: skb len 3
Aug 14 20:31:38.205554 n kernel: hci0: length 1
Aug 14 20:31:38.205575 n kernel: hci0 cmd_cnt 1 cmd queued 1
Aug 14 20:31:38.205598 n kernel: hci0: skb 00000000b6bc02d7
Aug 14 20:31:38.208425 n kernel: hci0: result 0x00
Aug 14 20:31:38.208471 n kernel: hci0: end: err 0
Aug 14 20:31:38.208505 n kernel: hci0: Opcode 0x0c14
Aug 14 20:31:38.208530 n kernel: hci0: opcode 0x0c14 plen 0
Aug 14 20:31:38.208552 n kernel: hci0: skb len 3
Aug 14 20:31:38.208572 n kernel: hci0: length 1
Aug 14 20:31:38.208588 n kernel: hci0 cmd_cnt 1 cmd queued 1
Aug 14 20:31:38.208611 n kernel: hci0: skb 0000000063cdde37
Aug 14 20:31:38.226438 n kernel: hci0: result 0x00
Aug 14 20:31:38.226494 n kernel: hci0: end: err 0
Aug 14 20:31:38.226511 n kernel: hci0: Opcode 0x0c25
Aug 14 20:31:38.226528 n kernel: hci0: opcode 0x0c25 plen 0
Aug 14 20:31:38.226558 n kernel: hci0: skb len 3
Aug 14 20:31:38.226586 n kernel: hci0: length 1
Aug 14 20:31:38.226602 n kernel: hci0 cmd_cnt 1 cmd queued 1
Aug 14 20:31:38.226622 n kernel: hci0: skb 00000000993c2bfc
Aug 14 20:31:38.229445 n kernel: hci0: result 0x00
Aug 14 20:31:38.229466 n kernel: hci0: end: err 0
Aug 14 20:31:38.229507 n kernel: hci0: Opcode 0x0c38
Aug 14 20:31:38.229528 n kernel: hci0: opcode 0x0c38 plen 0
Aug 14 20:31:38.229544 n kernel: hci0: skb len 3
Aug 14 20:31:38.229565 n kernel: hci0: length 1
Aug 14 20:31:38.229590 n kernel: hci0 cmd_cnt 1 cmd queued 1
Aug 14 20:31:38.229615 n kernel: hci0: skb 00000000f417af10
Aug 14 20:31:38.232397 n kernel: hci0: result 0x00
Aug 14 20:31:38.232420 n kernel: hci0: end: err 0
Aug 14 20:31:38.232435 n kernel: hci0: Opcode 0x0c39
Aug 14 20:31:38.232451 n kernel: hci0: opcode 0x0c39 plen 0
Aug 14 20:31:38.232460 n kernel: hci0: skb len 3
Aug 14 20:31:38.232469 n kernel: hci0: length 1
Aug 14 20:31:38.232477 n kernel: hci0 cmd_cnt 1 cmd queued 1
Aug 14 20:31:38.232488 n kernel: hci0: skb 00000000c229cdcf
Aug 14 20:31:38.235444 n kernel: hci0: result 0x00
Aug 14 20:31:38.235483 n kernel: hci0: end: err 0
Aug 14 20:31:38.235499 n kernel: hci0: Opcode 0x0c16
Aug 14 20:31:38.235529 n kernel: hci0: opcode 0x0c16 plen 2
Aug 14 20:31:38.235550 n kernel: hci0: skb len 5
Aug 14 20:31:38.235571 n kernel: hci0: length 1
Aug 14 20:31:38.235594 n kernel: hci0 cmd_cnt 1 cmd queued 1
Aug 14 20:31:38.235616 n kernel: hci0: skb 000000003292b51a
Aug 14 20:31:38.238424 n kernel: hci0: result 0x00
Aug 14 20:31:38.238457 n kernel: hci0: end: err 0
Aug 14 20:31:38.238484 n kernel: hci0: Opcode 0x2003
Aug 14 20:31:38.238517 n kernel: hci0: opcode 0x2003 plen 0
Aug 14 20:31:38.238541 n kernel: hci0: skb len 3
Aug 14 20:31:38.238557 n kernel: hci0: length 1
Aug 14 20:31:38.238578 n kernel: hci0 cmd_cnt 1 cmd queued 1
Aug 14 20:31:38.238607 n kernel: hci0: skb 0000000091306949
Aug 14 20:31:38.241411 n kernel: hci0: result 0x00
Aug 14 20:31:38.241472 n kernel: hci0: end: err 0
Aug 14 20:31:38.241496 n kernel: hci0: Opcode 0x2002
Aug 14 20:31:38.241525 n kernel: hci0: opcode 0x2002 plen 0
Aug 14 20:31:38.241542 n kernel: hci0: skb len 3
Aug 14 20:31:38.241562 n kernel: hci0: length 1
Aug 14 20:31:38.241577 n kernel: hci0 cmd_cnt 1 cmd queued 1
Aug 14 20:31:38.241593 n kernel: hci0: skb 00000000a1b9fb9a
Aug 14 20:31:38.244467 n kernel: hci0: result 0x00
Aug 14 20:31:38.244492 n kernel: hci0: end: err 0
Aug 14 20:31:38.244513 n kernel: hci0: Opcode 0x201c
Aug 14 20:31:38.244529 n kernel: hci0: opcode 0x201c plen 0
Aug 14 20:31:38.244552 n kernel: hci0: skb len 3
Aug 14 20:31:38.244572 n kernel: hci0: length 1
Aug 14 20:31:38.244588 n kernel: hci0 cmd_cnt 1 cmd queued 1
Aug 14 20:31:38.244603 n kernel: hci0: skb 000000003292b51a
Aug 14 20:31:38.247395 n kernel: hci0: result 0x00
Aug 14 20:31:38.247406 n kernel: hci0: end: err 0
Aug 14 20:31:38.247419 n kernel: hci0: 
Aug 14 20:31:38.247429 n kernel: hci0: Opcode 0x0c01
Aug 14 20:31:38.247439 n kernel: hci0: opcode 0x0c01 plen 8
Aug 14 20:31:38.247450 n kernel: hci0: skb len 11
Aug 14 20:31:38.247458 n kernel: hci0: length 1
Aug 14 20:31:38.247467 n kernel: hci0 cmd_cnt 1 cmd queued 1
Aug 14 20:31:38.247477 n kernel: hci0: skb 00000000c229cdcf
Aug 14 20:31:38.250438 n kernel: hci0: result 0x00
Aug 14 20:31:38.250461 n kernel: hci0: end: err 0
Aug 14 20:31:38.250485 n kernel: hci0: Opcode 0x0c0d
Aug 14 20:31:38.250507 n kernel: hci0: opcode 0x0c0d plen 7
Aug 14 20:31:38.250523 n kernel: hci0: skb len 10
Aug 14 20:31:38.250543 n kernel: hci0: length 1
Aug 14 20:31:38.250564 n kernel: hci0 cmd_cnt 1 cmd queued 1
Aug 14 20:31:38.250580 n kernel: hci0: skb 00000000f417af10
Aug 14 20:31:38.253440 n kernel: hci0: result 0x00
Aug 14 20:31:38.253482 n kernel: hci0: end: err 0
Aug 14 20:31:38.253503 n kernel: hci0: Opcode 0x080f
Aug 14 20:31:38.253530 n kernel: hci0: opcode 0x080f plen 2
Aug 14 20:31:38.253555 n kernel: hci0: skb len 5
Aug 14 20:31:38.253570 n kernel: hci0: length 1
Aug 14 20:31:38.253586 n kernel: hci0 cmd_cnt 1 cmd queued 1
Aug 14 20:31:38.253607 n kernel: hci0: skb 00000000993c2bfc
Aug 14 20:31:38.256397 n kernel: hci0: result 0x00
Aug 14 20:31:38.256413 n kernel: hci0: end: err 0
Aug 14 20:31:38.256421 n kernel: hci0: Opcode 0x0c1b
Aug 14 20:31:38.256431 n kernel: hci0: opcode 0x0c1b plen 0
Aug 14 20:31:38.256445 n kernel: hci0: skb len 3
Aug 14 20:31:38.256456 n kernel: hci0: length 1
Aug 14 20:31:38.256465 n kernel: hci0 cmd_cnt 1 cmd queued 1
Aug 14 20:31:38.256473 n kernel: hci0: skb 0000000063cdde37
Aug 14 20:31:38.259431 n kernel: hci0: result 0x00
Aug 14 20:31:38.259478 n kernel: hci0: end: err 0
Aug 14 20:31:38.259495 n kernel: hci0: Opcode 0x0c46
Aug 14 20:31:38.259523 n kernel: hci0: opcode 0x0c46 plen 0
Aug 14 20:31:38.259540 n kernel: hci0: skb len 3
Aug 14 20:31:38.259555 n kernel: hci0: length 1
Aug 14 20:31:38.259576 n kernel: hci0 cmd_cnt 1 cmd queued 1
Aug 14 20:31:38.259597 n kernel: hci0: skb 00000000b6bc02d7
Aug 14 20:31:38.262434 n kernel: hci0: result 0x00
Aug 14 20:31:38.262463 n kernel: hci0: end: err 0
Aug 14 20:31:38.262485 n kernel: hci0: Opcode 0x1004
Aug 14 20:31:38.262513 n kernel: hci0: opcode 0x1004 plen 1
Aug 14 20:31:38.262534 n kernel: hci0: skb len 4
Aug 14 20:31:38.262549 n kernel: hci0: length 1
Aug 14 20:31:38.262571 n kernel: hci0 cmd_cnt 1 cmd queued 1
Aug 14 20:31:38.262587 n kernel: hci0: skb 00000000bb2b77bc
Aug 14 20:31:38.265546 n kernel: 00000000babfecdf name hci0 blocked 0
Aug 14 20:31:38.265583 n kernel: hci0: result 0x00
Aug 14 20:31:38.265594 n kernel: hci0: end: err 0
Aug 14 20:31:38.265603 n kernel: hci0: Opcode 0x2001
Aug 14 20:31:38.265614 n kernel: hci0: opcode 0x2001 plen 8
Aug 14 20:31:38.265623 n kernel: hci0: skb len 11
Aug 14 20:31:38.265631 n kernel: hci0: length 1
Aug 14 20:31:38.265640 n kernel: hci0 cmd_cnt 1 cmd queued 1
Aug 14 20:31:38.265648 n kernel: hci0: skb 00000000199595a3
Aug 14 20:31:38.269384 n kernel: hci0: result 0x00
Aug 14 20:31:38.269398 n kernel: hci0: end: err 0
Aug 14 20:31:38.269410 n kernel: hci0: Opcode 0x2007
Aug 14 20:31:38.269422 n kernel: hci0: opcode 0x2007 plen 0
Aug 14 20:31:38.269433 n kernel: hci0: skb len 3
Aug 14 20:31:38.269443 n kernel: hci0: length 1
Aug 14 20:31:38.269451 n kernel: hci0 cmd_cnt 1 cmd queued 1
Aug 14 20:31:38.269462 n kernel: hci0: skb 000000006c9c4aaf
Aug 14 20:31:38.272422 n kernel: hci0: result 0x00
Aug 14 20:31:38.272457 n kernel: hci0: end: err 0
Aug 14 20:31:38.272480 n kernel: hci0: Opcode 0x200f
Aug 14 20:31:38.272504 n kernel: hci0: opcode 0x200f plen 0
Aug 14 20:31:38.272535 n kernel: hci0: skb len 3
Aug 14 20:31:38.272551 n kernel: hci0: length 1
Aug 14 20:31:38.272572 n kernel: hci0 cmd_cnt 1 cmd queued 1
Aug 14 20:31:38.272587 n kernel: hci0: skb 00000000e32c0c6a
Aug 14 20:31:38.275445 n kernel: hci0: result 0x00
Aug 14 20:31:38.275496 n kernel: hci0: end: err 0
Aug 14 20:31:38.275525 n kernel: hci0: Opcode 0x2010
Aug 14 20:31:38.275565 n kernel: hci0: opcode 0x2010 plen 0
Aug 14 20:31:38.275597 n kernel: hci0: skb len 3
Aug 14 20:31:38.275645 n kernel: hci0: length 1
Aug 14 20:31:38.275680 n kernel: hci0 cmd_cnt 1 cmd queued 1
Aug 14 20:31:38.275721 n kernel: hci0: skb 00000000bc7c62f1
Aug 14 20:31:38.278377 n kernel: hci0: result 0x00
Aug 14 20:31:38.278386 n kernel: hci0: end: err 0
Aug 14 20:31:38.278410 n kernel: hci0: Opcode 0x202a
Aug 14 20:31:38.278417 n kernel: hci0: opcode 0x202a plen 0
Aug 14 20:31:38.278424 n kernel: hci0: skb len 3
Aug 14 20:31:38.278434 n kernel: hci0: length 1
Aug 14 20:31:38.278445 n kernel: hci0 cmd_cnt 1 cmd queued 1
Aug 14 20:31:38.278455 n kernel: hci0: skb 0000000009e2f626
Aug 14 20:31:38.281389 n kernel: hci0: result 0x00
Aug 14 20:31:38.281409 n kernel: hci0: end: err 0
Aug 14 20:31:38.281442 n kernel: hci0: Opcode 0x2029
Aug 14 20:31:38.281465 n kernel: hci0: opcode 0x2029 plen 0
Aug 14 20:31:38.281481 n kernel: hci0: skb len 3
Aug 14 20:31:38.281496 n kernel: hci0: length 1
Aug 14 20:31:38.281517 n kernel: hci0 cmd_cnt 1 cmd queued 1
Aug 14 20:31:38.281543 n kernel: hci0: skb 000000002dbbee6d
Aug 14 20:31:38.284367 n kernel: hci0: result 0x00
Aug 14 20:31:38.284394 n kernel: hci0: end: err 0
Aug 14 20:31:38.284416 n kernel: hci0: Opcode 0x202e
Aug 14 20:31:38.284439 n kernel: hci0: opcode 0x202e plen 2
Aug 14 20:31:38.284467 n kernel: hci0: skb len 5
Aug 14 20:31:38.284483 n kernel: hci0: length 1
Aug 14 20:31:38.284504 n kernel: hci0 cmd_cnt 1 cmd queued 1
Aug 14 20:31:38.284520 n kernel: hci0: skb 00000000337529ee
Aug 14 20:31:38.287373 n kernel: hci0: result 0x00
Aug 14 20:31:38.287395 n kernel: hci0: end: err 0
Aug 14 20:31:38.287410 n kernel: hci0: Opcode 0x0c6d
Aug 14 20:31:38.287426 n kernel: hci0: opcode 0x0c6d plen 2
Aug 14 20:31:38.287454 n kernel: hci0: skb len 5
Aug 14 20:31:38.287469 n kernel: hci0: length 1
Aug 14 20:31:38.287485 n kernel: hci0 cmd_cnt 1 cmd queued 1
Aug 14 20:31:38.287500 n kernel: hci0: skb 000000000fee7dec
Aug 14 20:31:38.290376 n kernel: hci0: result 0x00
Aug 14 20:31:38.290399 n kernel: hci0: end: err 0
Aug 14 20:31:38.290415 n kernel: hci0: 
Aug 14 20:31:38.290436 n kernel: hci0: Opcode 0x0c12
Aug 14 20:31:38.290458 n kernel: hci0: opcode 0x0c12 plen 7
Aug 14 20:31:38.290543 n kernel: hci0: skb len 10
Aug 14 20:31:38.290570 n kernel: hci0: length 1
Aug 14 20:31:38.290586 n kernel: hci0 cmd_cnt 1 cmd queued 1
Aug 14 20:31:38.290606 n kernel: hci0: skb 00000000f5b27c8b
Aug 14 20:31:38.293379 n kernel: hci0: result 0x00
Aug 14 20:31:38.293402 n kernel: hci0: end: err 0
Aug 14 20:31:38.293422 n kernel: hci0: Opcode 0x0c77
Aug 14 20:31:38.293439 n kernel: hci0: opcode 0x0c77 plen 0
Aug 14 20:31:38.293460 n kernel: hci0: skb len 3
Aug 14 20:31:38.293475 n kernel: hci0: length 1
Aug 14 20:31:38.293497 n kernel: hci0 cmd_cnt 1 cmd queued 1
Aug 14 20:31:38.293512 n kernel: hci0: skb 00000000ad538a6b
Aug 14 20:31:38.296427 n kernel: hci0: result 0x00
Aug 14 20:31:38.296453 n kernel: hci0: end: err 0
Aug 14 20:31:38.296470 n kernel: hci0: Opcode 0x0c7a
Aug 14 20:31:38.296491 n kernel: hci0: opcode 0x0c7a plen 1
Aug 14 20:31:38.296514 n kernel: hci0: skb len 4
Aug 14 20:31:38.296537 n kernel: hci0: length 1
Aug 14 20:31:38.296558 n kernel: hci0 cmd_cnt 1 cmd queued 1
Aug 14 20:31:38.296583 n kernel: hci0: skb 000000000d248835
Aug 14 20:31:38.299380 n kernel: hci0: result 0x00
Aug 14 20:31:38.299398 n kernel: hci0: end: err 0
Aug 14 20:31:38.299411 n kernel: hci0: Opcode 0x0c1a
Aug 14 20:31:38.299421 n kernel: hci0: opcode 0x0c1a plen 1
Aug 14 20:31:38.299433 n kernel: hci0: skb len 4
Aug 14 20:31:38.299442 n kernel: hci0: length 1
Aug 14 20:31:38.299451 n kernel: hci0 cmd_cnt 1 cmd queued 1
Aug 14 20:31:38.299460 n kernel: hci0: skb 000000003b8aed21
Aug 14 20:31:38.302429 n kernel: hci0: result 0x00
Aug 14 20:31:38.302463 n kernel: hci0: end: err 0
Aug 14 20:31:38.302480 n kernel: hci0: 
Aug 14 20:31:38.302502 n kernel: hci0: Opcode 0x0c24
Aug 14 20:31:38.302519 n kernel: hci0: opcode 0x0c24 plen 3
Aug 14 20:31:38.302535 n kernel: hci0: skb len 6
Aug 14 20:31:38.302558 n kernel: hci0: length 1
Aug 14 20:31:38.302585 n kernel: hci0 cmd_cnt 1 cmd queued 1
Aug 14 20:31:38.302601 n kernel: hci0: skb 00000000eb20f933
Aug 14 20:31:38.305396 n kernel: hci0: result 0x00
Aug 14 20:31:38.305413 n kernel: hci0: end: err 0
Aug 14 20:31:38.305429 n kernel: hci0: Opcode 0x0c13
Aug 14 20:31:38.305438 n kernel: hci0: opcode 0x0c13 plen 248
Aug 14 20:31:38.305450 n kernel: hci0: skb len 251
Aug 14 20:31:38.305458 n kernel: hci0: length 1
Aug 14 20:31:38.305467 n kernel: hci0 cmd_cnt 1 cmd queued 1
Aug 14 20:31:38.305479 n kernel: hci0: skb 0000000097cb7889
Aug 14 20:31:38.308390 n kernel: hci0: result 0x00
Aug 14 20:31:38.308408 n kernel: hci0: end: err 0
Aug 14 20:31:38.308418 n kernel: hci0: 
Aug 14 20:31:38.308432 n kernel: hci0: Opcode 0x0c52
Aug 14 20:31:38.308444 n kernel: hci0: opcode 0x0c52 plen 241
Aug 14 20:31:38.308457 n kernel: hci0: skb len 244
Aug 14 20:31:38.308466 n kernel: hci0: length 1
Aug 14 20:31:38.308477 n kernel: hci0 cmd_cnt 1 cmd queued 1
Aug 14 20:31:38.308489 n kernel: hci0: skb 000000005c5009a5
Aug 14 20:31:38.311356 n kernel: hci0: result 0x00
Aug 14 20:31:38.311363 n kernel: hci0: end: err 0
Aug 14 20:31:38.311375 n kernel: hci0: entry 00000000468f6357
Aug 14 20:31:38.311382 n kernel: hci0: ADV monitoring is off
Aug 14 20:31:38.311392 n kernel: hci0: stopping background scanning
Aug 14 20:31:38.311402 n kernel: hci0: 
Aug 14 20:31:38.313359 n kernel: hci0: 
Aug 14 20:31:38.313376 n kernel: hci0: entry 00000000a2c0ad9a
Aug 14 20:31:38.313393 n kernel: hci0: ADV monitoring is off
Aug 14 20:31:38.313406 n kernel: hci0: stopping background scanning
Aug 14 20:31:38.313431 n kernel: hci0: 
Aug 14 20:31:38.313443 n kernel: hci0: entry 00000000fdcfe07f
Aug 14 20:31:38.313453 n kernel: hci0: Opcode 0x0c3a
Aug 14 20:31:38.313463 n kernel: hci0: opcode 0x0c3a plen 4
Aug 14 20:31:38.313479 n kernel: hci0: skb len 7
Aug 14 20:31:38.313489 n kernel: hci0: length 1
Aug 14 20:31:38.313503 n kernel: hci0 cmd_cnt 1 cmd queued 1
Aug 14 20:31:38.313513 n kernel: hci0: skb 00000000ca3de7fe
Aug 14 20:31:38.316375 n kernel: hci0: result 0x00
Aug 14 20:31:38.316388 n kernel: hci0: end: err 0
Aug 14 20:31:38.316413 n kernel: hci0: Opcode 0x0c1a
Aug 14 20:31:38.316425 n kernel: hci0: opcode 0x0c1a plen 1
Aug 14 20:31:38.316437 n kernel: hci0: skb len 4
Aug 14 20:31:38.316451 n kernel: hci0: length 1
Aug 14 20:31:38.316476 n kernel: hci0 cmd_cnt 1 cmd queued 1
Aug 14 20:31:38.316484 n kernel: hci0: skb 0000000016dcbcf1
Aug 14 20:31:38.319361 n kernel: hci0: result 0x00
Aug 14 20:31:38.319369 n kernel: hci0: end: err 0
Aug 14 20:31:38.319377 n kernel: hci0: 
Aug 14 20:31:38.319392 n kernel: hci0: state 0 -> 1
Aug 14 20:31:38.319400 n kernel: hci0: 
Aug 14 20:31:38.319412 n kernel: hci0: entry 000000007b37d31c
Aug 14 20:31:38.319436 n kernel: hci0: type 7
Aug 14 20:31:38.319444 n kernel: hci0: 
Aug 14 20:31:38.319455 n kernel: hci0: cancelling interleave scan
Aug 14 20:31:38.319463 n kernel: hci0: Opcode 0x2005
Aug 14 20:31:38.319471 n kernel: hci0: opcode 0x2005 plen 6
Aug 14 20:31:38.319479 n kernel: hci0: skb len 9
Aug 14 20:31:38.319487 n kernel: hci0: length 1
Aug 14 20:31:38.319499 n kernel: hci0 cmd_cnt 1 cmd queued 1
Aug 14 20:31:38.319508 n kernel: hci0: skb 0000000002ef4a12
Aug 14 20:31:38.322374 n kernel: hci0: result 0x00
Aug 14 20:31:38.322389 n kernel: hci0: end: err 0
Aug 14 20:31:38.322399 n kernel: hci0: Opcode 0x200b
Aug 14 20:31:38.322414 n kernel: hci0: opcode 0x200b plen 7
Aug 14 20:31:38.322428 n kernel: hci0: skb len 10
Aug 14 20:31:38.322438 n kernel: hci0: length 1
Aug 14 20:31:38.322447 n kernel: hci0 cmd_cnt 1 cmd queued 1
Aug 14 20:31:38.322456 n kernel: hci0: skb 0000000041821bcc
Aug 14 20:31:38.324368 n kernel: Bluetooth: hci0: unexpected event for opcode 0x2005
Aug 14 20:31:38.326385 n kernel: hci0: result 0x00
Aug 14 20:31:38.326401 n kernel: hci0: end: err 0
Aug 14 20:31:38.326416 n kernel: hci0: Opcode 0x200c
Aug 14 20:31:38.326427 n kernel: hci0: opcode 0x200c plen 2
Aug 14 20:31:38.326438 n kernel: hci0: skb len 5
Aug 14 20:31:38.326449 n kernel: hci0: length 1
Aug 14 20:31:38.326460 n kernel: hci0 cmd_cnt 1 cmd queued 1
Aug 14 20:31:38.326471 n kernel: hci0: skb 0000000077dbb231
Aug 14 20:31:38.329348 n kernel: hci0: state 1 -> 2
Aug 14 20:31:38.329380 n kernel: hci0: result 0x00
Aug 14 20:31:38.329390 n kernel: hci0: end: err 0
Aug 14 20:31:38.329398 n kernel: hci0: timeout 5120 ms
Aug 14 20:31:38.449427 n kernel: 00000000babfecdf name hci0 blocked 1
Aug 14 20:31:38.449463 n kernel: hci0 00000000babfecdf
Aug 14 20:31:38.449484 n kernel: hci0: Opcode 0x0c1a
Aug 14 20:31:38.449503 n kernel: hci0: opcode 0x0c1a plen 1
Aug 14 20:31:38.449514 n kernel: hci0: skb len 4
Aug 14 20:31:38.449531 n kernel: hci0: length 1
Aug 14 20:31:38.449548 n kernel: hci0 cmd_cnt 1 cmd queued 1
Aug 14 20:31:38.449559 n kernel: hci0: skb 00000000832ff2fd
Aug 14 20:31:38.458460 n kernel: hci0: result 0x00
Aug 14 20:31:38.458507 n kernel: hci0: end: err 0
Aug 14 20:31:38.458524 n kernel: hci0: state 2
Aug 14 20:31:38.458548 n kernel: hci0: Opcode 0x200c
Aug 14 20:31:38.458584 n kernel: hci0: opcode 0x200c plen 2
Aug 14 20:31:38.458608 n kernel: hci0: skb len 5
Aug 14 20:31:38.458626 n kernel: hci0: length 1
Aug 14 20:31:38.458648 n kernel: hci0 cmd_cnt 1 cmd queued 1
Aug 14 20:31:38.458664 n kernel: hci0: skb 0000000030109964
Aug 14 20:31:38.461459 n kernel: hci0: result 0x00
Aug 14 20:31:38.461504 n kernel: hci0: 
Aug 14 20:31:38.461526 n kernel: hci0: 
Aug 14 20:31:38.461541 n kernel: hci0: entry 000000007b37d31c
Aug 14 20:31:38.461557 n kernel: hci0: end: err 0
Aug 14 20:31:38.461576 n kernel: hci0: 
Aug 14 20:31:38.474385 n kernel: hci0: err 0x13
Aug 14 20:31:38.474420 n kernel: hci0: cancelling interleave scan
Aug 14 20:31:38.474449 n kernel: hci0: state 2 -> 0
Aug 14 20:31:38.474503 n kernel: hdev hci0
Aug 14 20:31:38.474532 n kernel: hci0
Aug 14 20:31:38.474555 n kernel: hci0
Aug 14 20:31:38.474575 n kernel: hci0: 
Aug 14 20:31:38.616353 n kernel: 00000000babfecdf name hci0 blocked 0
Aug 14 20:31:38.616410 n kernel: hci0: 
Aug 14 20:31:38.616424 n kernel: hci0: entry 00000000e108bbad
Aug 14 20:31:38.616452 n kernel: hci0: 
Aug 14 20:31:38.616462 n kernel: hci0
Aug 14 20:31:38.616476 n kernel: hci0
Aug 14 20:31:38.616485 n kernel: hci0
Aug 14 20:31:38.616493 n kernel: hci0
Aug 14 20:31:38.616501 n kernel: hci0: 
Aug 14 20:31:38.616510 n kernel: hci0: 
Aug 14 20:31:38.616524 n kernel: hci0: Opcode 0x0c03
Aug 14 20:31:38.616538 n kernel: hci0: opcode 0x0c03 plen 0
Aug 14 20:31:38.616551 n kernel: hci0: skb len 3
Aug 14 20:31:38.616567 n kernel: hci0: length 1
Aug 14 20:31:38.616576 n kernel: hci0 cmd_cnt 1 cmd queued 1
Aug 14 20:31:38.616585 n kernel: hci0: skb 00000000113276ae
Aug 14 20:31:38.673464 n kernel: hci0: result 0x00
Aug 14 20:31:38.673477 n kernel: hci0: end: err 0
Aug 14 20:31:38.673486 n kernel: hci0: Opcode 0x1003
Aug 14 20:31:38.673495 n kernel: hci0: opcode 0x1003 plen 0
Aug 14 20:31:38.673504 n kernel: hci0: skb len 3
Aug 14 20:31:38.673516 n kernel: hci0: length 1
Aug 14 20:31:38.673559 n kernel: hci0 cmd_cnt 1 cmd queued 1
Aug 14 20:31:38.673569 n kernel: hci0: skb 0000000077dbb231
Aug 14 20:31:38.676490 n kernel: hci0: result 0x00
Aug 14 20:31:38.676538 n kernel: hci0: end: err 0
Aug 14 20:31:38.676553 n kernel: hci0: Opcode 0x1001
Aug 14 20:31:38.676567 n kernel: hci0: opcode 0x1001 plen 0
Aug 14 20:31:38.676581 n kernel: hci0: skb len 3
Aug 14 20:31:38.676594 n kernel: hci0: length 1
Aug 14 20:31:38.676610 n kernel: hci0 cmd_cnt 1 cmd queued 1
Aug 14 20:31:38.676623 n kernel: hci0: skb 0000000002cde84d
Aug 14 20:31:38.679467 n kernel: hci0: result 0x00
Aug 14 20:31:38.679508 n kernel: hci0: end: err 0
Aug 14 20:31:38.679532 n kernel: hci0: Opcode 0x1009
Aug 14 20:31:38.679550 n kernel: hci0: opcode 0x1009 plen 0
Aug 14 20:31:38.679566 n kernel: hci0: skb len 3
Aug 14 20:31:38.679584 n kernel: hci0: length 1
Aug 14 20:31:38.679592 n kernel: hci0 cmd_cnt 1 cmd queued 1
Aug 14 20:31:38.679600 n kernel: hci0: skb 0000000050ed3e94
Aug 14 20:31:38.682466 n kernel: hci0: result 0x00
Aug 14 20:31:38.682497 n kernel: hci0: end: err 0
Aug 14 20:31:38.682510 n kernel: hci0: 
Aug 14 20:31:38.682520 n kernel: hci0: Opcode 0x1002
Aug 14 20:31:38.682528 n kernel: hci0: opcode 0x1002 plen 0
Aug 14 20:31:38.682537 n kernel: hci0: skb len 3
Aug 14 20:31:38.682546 n kernel: hci0: length 1
Aug 14 20:31:38.682562 n kernel: hci0 cmd_cnt 1 cmd queued 1
Aug 14 20:31:38.682571 n kernel: hci0: skb 00000000534bd3c0
Aug 14 20:31:38.689519 n kernel: hci0: result 0x00
Aug 14 20:31:38.689547 n kernel: hci0: end: err 0
Aug 14 20:31:38.689564 n kernel: hci0: Opcode 0x0c56
Aug 14 20:31:38.689579 n kernel: hci0: opcode 0x0c56 plen 1
Aug 14 20:31:38.689607 n kernel: hci0: skb len 4
Aug 14 20:31:38.689642 n kernel: hci0: length 1
Aug 14 20:31:38.689658 n kernel: hci0 cmd_cnt 1 cmd queued 1
Aug 14 20:31:38.689678 n kernel: hci0: skb 000000005eaa013f
Aug 14 20:31:38.692450 n kernel: hci0: result 0x00
Aug 14 20:31:38.692464 n kernel: hci0: end: err 0
Aug 14 20:31:38.692497 n kernel: hci0: Opcode 0x0c45
Aug 14 20:31:38.692508 n kernel: hci0: opcode 0x0c45 plen 1
Aug 14 20:31:38.692525 n kernel: hci0: skb len 4
Aug 14 20:31:38.692535 n kernel: hci0: length 1
Aug 14 20:31:38.692545 n kernel: hci0 cmd_cnt 1 cmd queued 1
Aug 14 20:31:38.692561 n kernel: hci0: skb 0000000031bb1c6d
Aug 14 20:31:38.695518 n kernel: hci0: result 0x00
Aug 14 20:31:38.695529 n kernel: hci0: end: err 0
Aug 14 20:31:38.695543 n kernel: hci0: Opcode 0x0c58
Aug 14 20:31:38.695551 n kernel: hci0: opcode 0x0c58 plen 0
Aug 14 20:31:38.695560 n kernel: hci0: skb len 3
Aug 14 20:31:38.695568 n kernel: hci0: length 1
Aug 14 20:31:38.695577 n kernel: hci0 cmd_cnt 1 cmd queued 1
Aug 14 20:31:38.695587 n kernel: hci0: skb 00000000f6dd1d43
Aug 14 20:31:38.698423 n kernel: hci0: result 0x00
Aug 14 20:31:38.698433 n kernel: hci0: end: err 0
Aug 14 20:31:38.698441 n kernel: hci0: Opcode 0x1004
Aug 14 20:31:38.698465 n kernel: hci0: opcode 0x1004 plen 1
Aug 14 20:31:38.698478 n kernel: hci0: skb len 4
Aug 14 20:31:38.698486 n kernel: hci0: length 1
Aug 14 20:31:38.698494 n kernel: hci0 cmd_cnt 1 cmd queued 1
Aug 14 20:31:38.698503 n kernel: hci0: skb 00000000ba47137b
Aug 14 20:31:38.702460 n kernel: hci0: result 0x00
Aug 14 20:31:38.702484 n kernel: hci0: end: err 0
Aug 14 20:31:38.702502 n kernel: hci0: Opcode 0x1005
Aug 14 20:31:38.702516 n kernel: hci0: opcode 0x1005 plen 0
Aug 14 20:31:38.702536 n kernel: hci0: skb len 3
Aug 14 20:31:38.702547 n kernel: hci0: length 1
Aug 14 20:31:38.702556 n kernel: hci0 cmd_cnt 1 cmd queued 1
Aug 14 20:31:38.702571 n kernel: hci0: skb 00000000199595a3
Aug 14 20:31:38.705458 n kernel: hci0: result 0x00
Aug 14 20:31:38.705478 n kernel: hci0: end: err 0
Aug 14 20:31:38.705511 n kernel: hci0: Opcode 0x0c23
Aug 14 20:31:38.705527 n kernel: hci0: opcode 0x0c23 plen 0
Aug 14 20:31:38.705547 n kernel: hci0: skb len 3
Aug 14 20:31:38.705565 n kernel: hci0: length 1
Aug 14 20:31:38.705580 n kernel: hci0 cmd_cnt 1 cmd queued 1
Aug 14 20:31:38.705595 n kernel: hci0: skb 00000000e9b0cc17
Aug 14 20:31:38.708467 n kernel: hci0: result 0x00
Aug 14 20:31:38.708486 n kernel: hci0: end: err 0
Aug 14 20:31:38.708509 n kernel: hci0: Opcode 0x0c14
Aug 14 20:31:38.708524 n kernel: hci0: opcode 0x0c14 plen 0
Aug 14 20:31:38.708540 n kernel: hci0: skb len 3
Aug 14 20:31:38.708556 n kernel: hci0: length 1
Aug 14 20:31:38.708571 n kernel: hci0 cmd_cnt 1 cmd queued 1
Aug 14 20:31:38.708591 n kernel: hci0: skb 0000000017490f44
Aug 14 20:31:38.726456 n kernel: hci0: result 0x00
Aug 14 20:31:38.726484 n kernel: hci0: end: err 0
Aug 14 20:31:38.726499 n kernel: hci0: Opcode 0x0c25
Aug 14 20:31:38.726516 n kernel: hci0: opcode 0x0c25 plen 0
Aug 14 20:31:38.726529 n kernel: hci0: skb len 3
Aug 14 20:31:38.726549 n kernel: hci0: length 1
Aug 14 20:31:38.726559 n kernel: hci0 cmd_cnt 1 cmd queued 1
Aug 14 20:31:38.726569 n kernel: hci0: skb 00000000c226b3d9
Aug 14 20:31:38.729474 n kernel: hci0: result 0x00
Aug 14 20:31:38.729491 n kernel: hci0: end: err 0
Aug 14 20:31:38.729501 n kernel: hci0: Opcode 0x0c38
Aug 14 20:31:38.729516 n kernel: hci0: opcode 0x0c38 plen 0
Aug 14 20:31:38.729525 n kernel: hci0: skb len 3
Aug 14 20:31:38.729534 n kernel: hci0: length 1
Aug 14 20:31:38.729546 n kernel: hci0 cmd_cnt 1 cmd queued 1
Aug 14 20:31:38.729557 n kernel: hci0: skb 00000000d38f82cb
Aug 14 20:31:38.732464 n kernel: hci0: result 0x00
Aug 14 20:31:38.732475 n kernel: hci0: end: err 0
Aug 14 20:31:38.732483 n kernel: hci0: Opcode 0x0c39
Aug 14 20:31:38.732491 n kernel: hci0: opcode 0x0c39 plen 0
Aug 14 20:31:38.732498 n kernel: hci0: skb len 3
Aug 14 20:31:38.732524 n kernel: hci0: length 1
Aug 14 20:31:38.732536 n kernel: hci0 cmd_cnt 1 cmd queued 1
Aug 14 20:31:38.732545 n kernel: hci0: skb 00000000639c8259
Aug 14 20:31:38.735481 n kernel: hci0: result 0x00
Aug 14 20:31:38.735503 n kernel: hci0: end: err 0
Aug 14 20:31:38.735563 n kernel: hci0: Opcode 0x0c16
Aug 14 20:31:38.735580 n kernel: hci0: opcode 0x0c16 plen 2
Aug 14 20:31:38.735596 n kernel: hci0: skb len 5
Aug 14 20:31:38.735618 n kernel: hci0: length 1
Aug 14 20:31:38.735650 n kernel: hci0 cmd_cnt 1 cmd queued 1
Aug 14 20:31:38.735668 n kernel: hci0: skb 0000000035d96911
Aug 14 20:31:38.738448 n kernel: hci0: result 0x00
Aug 14 20:31:38.738461 n kernel: hci0: end: err 0
Aug 14 20:31:38.738471 n kernel: hci0: Opcode 0x2003
Aug 14 20:31:38.738488 n kernel: hci0: opcode 0x2003 plen 0
Aug 14 20:31:38.738496 n kernel: hci0: skb len 3
Aug 14 20:31:38.738509 n kernel: hci0: length 1
Aug 14 20:31:38.738517 n kernel: hci0 cmd_cnt 1 cmd queued 1
Aug 14 20:31:38.738524 n kernel: hci0: skb 00000000476d3474
Aug 14 20:31:38.741444 n kernel: hci0: result 0x00
Aug 14 20:31:38.741460 n kernel: hci0: end: err 0
Aug 14 20:31:38.741473 n kernel: hci0: Opcode 0x2002
Aug 14 20:31:38.741485 n kernel: hci0: opcode 0x2002 plen 0
Aug 14 20:31:38.741513 n kernel: hci0: skb len 3
Aug 14 20:31:38.741525 n kernel: hci0: length 1
Aug 14 20:31:38.741550 n kernel: hci0 cmd_cnt 1 cmd queued 1
Aug 14 20:31:38.741562 n kernel: hci0: skb 00000000b2b64d15
Aug 14 20:31:38.744508 n kernel: hci0: result 0x00
Aug 14 20:31:38.744521 n kernel: hci0: end: err 0
Aug 14 20:31:38.744532 n kernel: hci0: Opcode 0x201c
Aug 14 20:31:38.744548 n kernel: hci0: opcode 0x201c plen 0
Aug 14 20:31:38.744555 n kernel: hci0: skb len 3
Aug 14 20:31:38.744563 n kernel: hci0: length 1
Aug 14 20:31:38.744571 n kernel: hci0 cmd_cnt 1 cmd queued 1
Aug 14 20:31:38.744580 n kernel: hci0: skb 0000000069480335
Aug 14 20:31:38.747433 n kernel: hci0: result 0x00
Aug 14 20:31:38.747442 n kernel: hci0: end: err 0
Aug 14 20:31:38.747466 n kernel: hci0: 
Aug 14 20:31:38.747476 n kernel: hci0: Opcode 0x0c01
Aug 14 20:31:38.747485 n kernel: hci0: opcode 0x0c01 plen 8
Aug 14 20:31:38.747492 n kernel: hci0: skb len 11
Aug 14 20:31:38.747499 n kernel: hci0: length 1
Aug 14 20:31:38.747510 n kernel: hci0 cmd_cnt 1 cmd queued 1
Aug 14 20:31:38.747519 n kernel: hci0: skb 000000005f0ca332
Aug 14 20:31:38.750385 n kernel: hci0: result 0x00
Aug 14 20:31:38.750396 n kernel: hci0: end: err 0
Aug 14 20:31:38.750414 n kernel: hci0: Opcode 0x0c0d
Aug 14 20:31:38.750424 n kernel: hci0: opcode 0x0c0d plen 7
Aug 14 20:31:38.750437 n kernel: hci0: skb len 10
Aug 14 20:31:38.750452 n kernel: hci0: length 1
Aug 14 20:31:38.750461 n kernel: hci0 cmd_cnt 1 cmd queued 1
Aug 14 20:31:38.750470 n kernel: hci0: skb 0000000098b74921
Aug 14 20:31:38.753442 n kernel: hci0: result 0x00
Aug 14 20:31:38.753465 n kernel: hci0: end: err 0
Aug 14 20:31:38.753484 n kernel: hci0: Opcode 0x080f
Aug 14 20:31:38.753502 n kernel: hci0: opcode 0x080f plen 2
Aug 14 20:31:38.753517 n kernel: hci0: skb len 5
Aug 14 20:31:38.753534 n kernel: hci0: length 1
Aug 14 20:31:38.753554 n kernel: hci0 cmd_cnt 1 cmd queued 1
Aug 14 20:31:38.753586 n kernel: hci0: skb 00000000af88bee1
Aug 14 20:31:38.756375 n kernel: hci0: result 0x00
Aug 14 20:31:38.756387 n kernel: hci0: end: err 0
Aug 14 20:31:38.756394 n kernel: hci0: Opcode 0x0c1b
Aug 14 20:31:38.756402 n kernel: hci0: opcode 0x0c1b plen 0
Aug 14 20:31:38.756417 n kernel: hci0: skb len 3
Aug 14 20:31:38.756424 n kernel: hci0: length 1
Aug 14 20:31:38.756435 n kernel: hci0 cmd_cnt 1 cmd queued 1
Aug 14 20:31:38.756441 n kernel: hci0: skb 00000000ba47137b
Aug 14 20:31:38.759407 n kernel: hci0: result 0x00
Aug 14 20:31:38.759422 n kernel: hci0: end: err 0
Aug 14 20:31:38.759435 n kernel: hci0: Opcode 0x0c46
Aug 14 20:31:38.759447 n kernel: hci0: opcode 0x0c46 plen 0
Aug 14 20:31:38.759462 n kernel: hci0: skb len 3
Aug 14 20:31:38.759482 n kernel: hci0: length 1
Aug 14 20:31:38.759507 n kernel: hci0 cmd_cnt 1 cmd queued 1
Aug 14 20:31:38.759520 n kernel: hci0: skb 00000000f6dd1d43
Aug 14 20:31:38.762408 n kernel: hci0: result 0x00
Aug 14 20:31:38.762421 n kernel: hci0: end: err 0
Aug 14 20:31:38.762434 n kernel: hci0: Opcode 0x1004
Aug 14 20:31:38.762447 n kernel: hci0: opcode 0x1004 plen 1
Aug 14 20:31:38.762492 n kernel: hci0: skb len 4
Aug 14 20:31:38.762505 n kernel: hci0: length 1
Aug 14 20:31:38.762518 n kernel: hci0 cmd_cnt 1 cmd queued 1
Aug 14 20:31:38.762530 n kernel: hci0: skb 0000000031bb1c6d
Aug 14 20:31:38.765433 n kernel: 00000000babfecdf name hci0 blocked 0
Aug 14 20:31:38.765489 n kernel: hci0: result 0x00
Aug 14 20:31:38.765505 n kernel: hci0: end: err 0
Aug 14 20:31:38.765524 n kernel: hci0: Opcode 0x2001
Aug 14 20:31:38.765549 n kernel: hci0: opcode 0x2001 plen 8
Aug 14 20:31:38.765559 n kernel: hci0: skb len 11
Aug 14 20:31:38.765569 n kernel: hci0: length 1
Aug 14 20:31:38.765579 n kernel: hci0 cmd_cnt 1 cmd queued 1
Aug 14 20:31:38.765587 n kernel: hci0: skb 000000005eaa013f
Aug 14 20:31:38.769356 n kernel: hci0: result 0x00
Aug 14 20:31:38.769369 n kernel: hci0: end: err 0
Aug 14 20:31:38.769385 n kernel: hci0: Opcode 0x2007
Aug 14 20:31:38.769404 n kernel: hci0: opcode 0x2007 plen 0
Aug 14 20:31:38.769416 n kernel: hci0: skb len 3
Aug 14 20:31:38.769424 n kernel: hci0: length 1
Aug 14 20:31:38.769433 n kernel: hci0 cmd_cnt 1 cmd queued 1
Aug 14 20:31:38.769445 n kernel: hci0: skb 00000000534bd3c0
Aug 14 20:31:38.772379 n kernel: hci0: result 0x00
Aug 14 20:31:38.772392 n kernel: hci0: end: err 0
Aug 14 20:31:38.772431 n kernel: hci0: Opcode 0x200f
Aug 14 20:31:38.772447 n kernel: hci0: opcode 0x200f plen 0
Aug 14 20:31:38.772464 n kernel: hci0: skb len 3
Aug 14 20:31:38.772478 n kernel: hci0: length 1
Aug 14 20:31:38.772491 n kernel: hci0 cmd_cnt 1 cmd queued 1
Aug 14 20:31:38.772508 n kernel: hci0: skb 0000000050ed3e94
Aug 14 20:31:38.775368 n kernel: hci0: result 0x00
Aug 14 20:31:38.775384 n kernel: hci0: end: err 0
Aug 14 20:31:38.775398 n kernel: hci0: Opcode 0x2010
Aug 14 20:31:38.775410 n kernel: hci0: opcode 0x2010 plen 0
Aug 14 20:31:38.775423 n kernel: hci0: skb len 3
Aug 14 20:31:38.775438 n kernel: hci0: length 1
Aug 14 20:31:38.775453 n kernel: hci0 cmd_cnt 1 cmd queued 1
Aug 14 20:31:38.775466 n kernel: hci0: skb 0000000002cde84d
Aug 14 20:31:38.778361 n kernel: hci0: result 0x00
Aug 14 20:31:38.778374 n kernel: hci0: end: err 0
Aug 14 20:31:38.778382 n kernel: hci0: Opcode 0x202a
Aug 14 20:31:38.778391 n kernel: hci0: opcode 0x202a plen 0
Aug 14 20:31:38.778415 n kernel: hci0: skb len 3
Aug 14 20:31:38.778423 n kernel: hci0: length 1
Aug 14 20:31:38.778434 n kernel: hci0 cmd_cnt 1 cmd queued 1
Aug 14 20:31:38.778445 n kernel: hci0: skb 0000000077dbb231
Aug 14 20:31:38.781363 n kernel: hci0: result 0x00
Aug 14 20:31:38.781375 n kernel: hci0: end: err 0
Aug 14 20:31:38.781388 n kernel: hci0: Opcode 0x2029
Aug 14 20:31:38.781400 n kernel: hci0: opcode 0x2029 plen 0
Aug 14 20:31:38.781409 n kernel: hci0: skb len 3
Aug 14 20:31:38.781417 n kernel: hci0: length 1
Aug 14 20:31:38.781425 n kernel: hci0 cmd_cnt 1 cmd queued 1
Aug 14 20:31:38.781433 n kernel: hci0: skb 00000000113276ae
Aug 14 20:31:38.784376 n kernel: hci0: result 0x00
Aug 14 20:31:38.784393 n kernel: hci0: end: err 0
Aug 14 20:31:38.784413 n kernel: hci0: Opcode 0x202e
Aug 14 20:31:38.784426 n kernel: hci0: opcode 0x202e plen 2
Aug 14 20:31:38.784441 n kernel: hci0: skb len 5
Aug 14 20:31:38.784456 n kernel: hci0: length 1
Aug 14 20:31:38.784469 n kernel: hci0 cmd_cnt 1 cmd queued 1
Aug 14 20:31:38.784481 n kernel: hci0: skb 0000000085800c16
Aug 14 20:31:38.787373 n kernel: hci0: result 0x00
Aug 14 20:31:38.787394 n kernel: hci0: end: err 0
Aug 14 20:31:38.787411 n kernel: hci0: Opcode 0x0c6d
Aug 14 20:31:38.787424 n kernel: hci0: opcode 0x0c6d plen 2
Aug 14 20:31:38.787437 n kernel: hci0: skb len 5
Aug 14 20:31:38.787455 n kernel: hci0: length 1
Aug 14 20:31:38.787470 n kernel: hci0 cmd_cnt 1 cmd queued 1
Aug 14 20:31:38.787483 n kernel: hci0: skb 00000000222c467f
Aug 14 20:31:38.790368 n kernel: hci0: result 0x00
Aug 14 20:31:38.790390 n kernel: hci0: end: err 0
Aug 14 20:31:38.790403 n kernel: hci0: 
Aug 14 20:31:38.790415 n kernel: hci0: Opcode 0x0c12
Aug 14 20:31:38.790428 n kernel: hci0: opcode 0x0c12 plen 7
Aug 14 20:31:38.790443 n kernel: hci0: skb len 10
Aug 14 20:31:38.790458 n kernel: hci0: length 1
Aug 14 20:31:38.790472 n kernel: hci0 cmd_cnt 1 cmd queued 1
Aug 14 20:31:38.790485 n kernel: hci0: skb 00000000dbc5c719
Aug 14 20:31:38.793365 n kernel: hci0: result 0x00
Aug 14 20:31:38.793378 n kernel: hci0: end: err 0
Aug 14 20:31:38.793390 n kernel: hci0: Opcode 0x0c77
Aug 14 20:31:38.793415 n kernel: hci0: opcode 0x0c77 plen 0
Aug 14 20:31:38.793452 n kernel: hci0: skb len 3
Aug 14 20:31:38.793471 n kernel: hci0: length 1
Aug 14 20:31:38.793490 n kernel: hci0 cmd_cnt 1 cmd queued 1
Aug 14 20:31:38.793523 n kernel: hci0: skb 000000009918b631
Aug 14 20:31:38.796384 n kernel: hci0: result 0x00
Aug 14 20:31:38.796398 n kernel: hci0: end: err 0
Aug 14 20:31:38.796411 n kernel: hci0: Opcode 0x0c7a
Aug 14 20:31:38.796423 n kernel: hci0: opcode 0x0c7a plen 1
Aug 14 20:31:38.796455 n kernel: hci0: skb len 4
Aug 14 20:31:38.796469 n kernel: hci0: length 1
Aug 14 20:31:38.796481 n kernel: hci0 cmd_cnt 1 cmd queued 1
Aug 14 20:31:38.796499 n kernel: hci0: skb 00000000f0ddb4b5
Aug 14 20:31:38.799368 n kernel: hci0: result 0x00
Aug 14 20:31:38.799377 n kernel: hci0: end: err 0
Aug 14 20:31:38.799390 n kernel: hci0: Opcode 0x0c1a
Aug 14 20:31:38.799406 n kernel: hci0: opcode 0x0c1a plen 1
Aug 14 20:31:38.799419 n kernel: hci0: skb len 4
Aug 14 20:31:38.799427 n kernel: hci0: length 1
Aug 14 20:31:38.799435 n kernel: hci0 cmd_cnt 1 cmd queued 1
Aug 14 20:31:38.799450 n kernel: hci0: skb 00000000e0fbe1ed
Aug 14 20:31:38.802369 n kernel: hci0: result 0x00
Aug 14 20:31:38.802385 n kernel: hci0: end: err 0
Aug 14 20:31:38.802398 n kernel: hci0: 
Aug 14 20:31:38.802432 n kernel: hci0: Opcode 0x0c24
Aug 14 20:31:38.802447 n kernel: hci0: opcode 0x0c24 plen 3
Aug 14 20:31:38.802465 n kernel: hci0: skb len 6
Aug 14 20:31:38.802485 n kernel: hci0: length 1
Aug 14 20:31:38.802502 n kernel: hci0 cmd_cnt 1 cmd queued 1
Aug 14 20:31:38.802516 n kernel: hci0: skb 00000000337529ee
Aug 14 20:31:38.805394 n kernel: hci0: result 0x00
Aug 14 20:31:38.805406 n kernel: hci0: end: err 0
Aug 14 20:31:38.805418 n kernel: hci0: Opcode 0x0c13
Aug 14 20:31:38.805433 n kernel: hci0: opcode 0x0c13 plen 248
Aug 14 20:31:38.805460 n kernel: hci0: skb len 251
Aug 14 20:31:38.805469 n kernel: hci0: length 1
Aug 14 20:31:38.805477 n kernel: hci0 cmd_cnt 1 cmd queued 1
Aug 14 20:31:38.805489 n kernel: hci0: skb 000000002dbbee6d
Aug 14 20:31:38.808405 n kernel: hci0: result 0x00
Aug 14 20:31:38.808428 n kernel: hci0: end: err 0
Aug 14 20:31:38.808438 n kernel: hci0: 
Aug 14 20:31:38.808448 n kernel: hci0: Opcode 0x0c52
Aug 14 20:31:38.808461 n kernel: hci0: opcode 0x0c52 plen 241
Aug 14 20:31:38.808471 n kernel: hci0: skb len 244
Aug 14 20:31:38.808480 n kernel: hci0: length 1
Aug 14 20:31:38.808492 n kernel: hci0 cmd_cnt 1 cmd queued 1
Aug 14 20:31:38.808506 n kernel: hci0: skb 0000000059c7d735
Aug 14 20:31:38.811384 n kernel: hci0: result 0x00
Aug 14 20:31:38.811393 n kernel: hci0: end: err 0
Aug 14 20:31:38.811400 n kernel: hci0: entry 00000000468f6357
Aug 14 20:31:38.811408 n kernel: hci0: ADV monitoring is off
Aug 14 20:31:38.811415 n kernel: hci0: stopping background scanning
Aug 14 20:31:38.811422 n kernel: hci0: 
Aug 14 20:31:38.813359 n kernel: hci0: 
Aug 14 20:31:38.813367 n kernel: hci0: entry 00000000cd7d7f8a
Aug 14 20:31:38.813374 n kernel: hci0: ADV monitoring is off
Aug 14 20:31:38.813384 n kernel: hci0: stopping background scanning
Aug 14 20:31:38.813399 n kernel: hci0: 
Aug 14 20:31:38.813406 n kernel: hci0: entry 00000000e657c933
Aug 14 20:31:38.813418 n kernel: hci0: Opcode 0x0c3a
Aug 14 20:31:38.813426 n kernel: hci0: opcode 0x0c3a plen 4
Aug 14 20:31:38.813434 n kernel: hci0: skb len 7
Aug 14 20:31:38.813441 n kernel: hci0: length 1
Aug 14 20:31:38.813448 n kernel: hci0 cmd_cnt 1 cmd queued 1
Aug 14 20:31:38.813455 n kernel: hci0: skb 00000000eb20f933
Aug 14 20:31:38.816377 n kernel: hci0: result 0x00
Aug 14 20:31:38.816387 n kernel: hci0: end: err 0
Aug 14 20:31:38.816395 n kernel: hci0: Opcode 0x0c1a
Aug 14 20:31:38.816403 n kernel: hci0: opcode 0x0c1a plen 1
Aug 14 20:31:38.816412 n kernel: hci0: skb len 4
Aug 14 20:31:38.816420 n kernel: hci0: length 1
Aug 14 20:31:38.816431 n kernel: hci0 cmd_cnt 1 cmd queued 1
Aug 14 20:31:38.816458 n kernel: hci0: skb 000000009a30fc6d
Aug 14 20:31:38.819378 n kernel: hci0: result 0x00
Aug 14 20:31:38.819388 n kernel: hci0: end: err 0
Aug 14 20:31:38.819397 n kernel: hci0: 
Aug 14 20:31:38.819426 n kernel: hci0: state 0 -> 1
Aug 14 20:31:38.819435 n kernel: hci0: 
Aug 14 20:31:38.819443 n kernel: hci0: entry 000000000d1c9c83
Aug 14 20:31:38.819464 n kernel: hci0: type 7
Aug 14 20:31:38.819476 n kernel: hci0: 
Aug 14 20:31:38.819485 n kernel: hci0: cancelling interleave scan
Aug 14 20:31:38.819493 n kernel: hci0: Opcode 0x2005
Aug 14 20:31:38.819507 n kernel: hci0: opcode 0x2005 plen 6
Aug 14 20:31:38.819516 n kernel: hci0: skb len 9
Aug 14 20:31:38.819530 n kernel: hci0: length 1
Aug 14 20:31:38.819546 n kernel: hci0 cmd_cnt 1 cmd queued 1
Aug 14 20:31:38.819555 n kernel: hci0: skb 000000003b8aed21
Aug 14 20:31:38.822370 n kernel: hci0: result 0x00
Aug 14 20:31:38.822380 n kernel: hci0: end: err 0
Aug 14 20:31:38.822390 n kernel: hci0: Opcode 0x200b
Aug 14 20:31:38.822399 n kernel: hci0: opcode 0x200b plen 7
Aug 14 20:31:38.822409 n kernel: hci0: skb len 10
Aug 14 20:31:38.822419 n kernel: hci0: length 1
Aug 14 20:31:38.822428 n kernel: hci0 cmd_cnt 1 cmd queued 1
Aug 14 20:31:38.822437 n kernel: hci0: skb 0000000022db93aa
Aug 14 20:31:38.824365 n kernel: Bluetooth: hci0: unexpected event for opcode 0x2005
Aug 14 20:31:38.826370 n kernel: hci0: result 0x00
Aug 14 20:31:38.826389 n kernel: hci0: end: err 0
Aug 14 20:31:38.826402 n kernel: hci0: Opcode 0x200c
Aug 14 20:31:38.826414 n kernel: hci0: opcode 0x200c plen 2
Aug 14 20:31:38.826442 n kernel: hci0: skb len 5
Aug 14 20:31:38.826460 n kernel: hci0: length 1
Aug 14 20:31:38.826478 n kernel: hci0 cmd_cnt 1 cmd queued 1
Aug 14 20:31:38.826499 n kernel: hci0: skb 000000006ff2f355
Aug 14 20:31:38.829346 n kernel: hci0: state 1 -> 2
Aug 14 20:31:38.829375 n kernel: hci0: result 0x00
Aug 14 20:31:38.829383 n kernel: hci0: end: err 0
Aug 14 20:31:38.829391 n kernel: hci0: timeout 5120 ms
Aug 14 20:31:38.898356 n kernel: 00000000babfecdf name hci0 blocked 1
Aug 14 20:31:38.898386 n kernel: hci0 00000000babfecdf
Aug 14 20:31:38.898409 n kernel: hci0: Opcode 0x0c1a
Aug 14 20:31:38.898428 n kernel: hci0: opcode 0x0c1a plen 1
Aug 14 20:31:38.898438 n kernel: hci0: skb len 4
Aug 14 20:31:38.898447 n kernel: hci0: length 1
Aug 14 20:31:38.898461 n kernel: hci0 cmd_cnt 1 cmd queued 1
Aug 14 20:31:38.898470 n kernel: hci0: skb 0000000067ffbbc8
Aug 14 20:31:38.901408 n kernel: hci0: result 0x00
Aug 14 20:31:38.901425 n kernel: hci0: end: err 0
Aug 14 20:31:38.901438 n kernel: hci0: state 2
Aug 14 20:31:38.901453 n kernel: hci0: Opcode 0x200c
Aug 14 20:31:38.901467 n kernel: hci0: opcode 0x200c plen 2
Aug 14 20:31:38.901486 n kernel: hci0: skb len 5
Aug 14 20:31:38.901499 n kernel: hci0: length 1
Aug 14 20:31:38.901517 n kernel: hci0 cmd_cnt 1 cmd queued 1
Aug 14 20:31:38.901529 n kernel: hci0: skb 00000000ec33072e
Aug 14 20:31:38.904441 n kernel: hci0: result 0x00
Aug 14 20:31:38.904469 n kernel: hci0: 
Aug 14 20:31:38.904505 n kernel: hci0: 
Aug 14 20:31:38.904521 n kernel: hci0: entry 000000000d1c9c83
Aug 14 20:31:38.904538 n kernel: hci0: end: err 0
Aug 14 20:31:38.904562 n kernel: hci0: 
Aug 14 20:31:38.914395 n kernel: hci0: err 0x13
Aug 14 20:31:38.914440 n kernel: hci0: cancelling interleave scan
Aug 14 20:31:38.914451 n kernel: hci0: state 2 -> 0
Aug 14 20:31:38.914474 n kernel: hdev hci0
Aug 14 20:31:38.914489 n kernel: hci0
Aug 14 20:31:38.914497 n kernel: hci0
Aug 14 20:31:38.914504 n kernel: hci0: 
Aug 14 20:31:39.066387 n kernel: hci0: 
Aug 14 20:31:39.066412 n kernel: 00000000babfecdf name hci0 blocked 0
Aug 14 20:31:39.066435 n kernel: hci0: entry 00000000fe769bae
Aug 14 20:31:39.066450 n kernel: hci0: 
Aug 14 20:31:39.066461 n kernel: hci0
Aug 14 20:31:39.066476 n kernel: hci0
Aug 14 20:31:39.066493 n kernel: hci0
Aug 14 20:31:39.066504 n kernel: hci0
Aug 14 20:31:39.066514 n kernel: hci0: 
Aug 14 20:31:39.066530 n kernel: hci0: 
Aug 14 20:31:39.066541 n kernel: hci0: Opcode 0x0c03
Aug 14 20:31:39.066551 n kernel: hci0: opcode 0x0c03 plen 0
Aug 14 20:31:39.066568 n kernel: hci0: skb len 3
Aug 14 20:31:39.066579 n kernel: hci0: length 1
Aug 14 20:31:39.066590 n kernel: hci0 cmd_cnt 1 cmd queued 1
Aug 14 20:31:39.066608 n kernel: hci0: skb 000000007ea09eaa
Aug 14 20:31:39.123497 n kernel: hci0: result 0x00
Aug 14 20:31:39.123514 n kernel: hci0: end: err 0
Aug 14 20:31:39.123528 n kernel: hci0: Opcode 0x1003
Aug 14 20:31:39.123543 n kernel: hci0: opcode 0x1003 plen 0
Aug 14 20:31:39.123555 n kernel: hci0: skb len 3
Aug 14 20:31:39.123568 n kernel: hci0: length 1
Aug 14 20:31:39.123582 n kernel: hci0 cmd_cnt 1 cmd queued 1
Aug 14 20:31:39.123596 n kernel: hci0: skb 0000000097beaba1
Aug 14 20:31:39.126491 n kernel: hci0: result 0x00
Aug 14 20:31:39.126557 n kernel: hci0: end: err 0
Aug 14 20:31:39.126574 n kernel: hci0: Opcode 0x1001
Aug 14 20:31:39.126589 n kernel: hci0: opcode 0x1001 plen 0
Aug 14 20:31:39.126605 n kernel: hci0: skb len 3
Aug 14 20:31:39.126644 n kernel: hci0: length 1
Aug 14 20:31:39.126663 n kernel: hci0 cmd_cnt 1 cmd queued 1
Aug 14 20:31:39.126679 n kernel: hci0: skb 00000000e451f92e
Aug 14 20:31:39.129448 n kernel: hci0: result 0x00
Aug 14 20:31:39.129467 n kernel: hci0: end: err 0
Aug 14 20:31:39.129476 n kernel: hci0: Opcode 0x1009
Aug 14 20:31:39.129487 n kernel: hci0: opcode 0x1009 plen 0
Aug 14 20:31:39.129500 n kernel: hci0: skb len 3
Aug 14 20:31:39.129525 n kernel: hci0: length 1
Aug 14 20:31:39.129538 n kernel: hci0 cmd_cnt 1 cmd queued 1
Aug 14 20:31:39.129551 n kernel: hci0: skb 000000003a80b1f2
Aug 14 20:31:39.132386 n kernel: hci0: result 0x00
Aug 14 20:31:39.132415 n kernel: hci0: end: err 0
Aug 14 20:31:39.132424 n kernel: hci0: 
Aug 14 20:31:39.132435 n kernel: hci0: Opcode 0x1002
Aug 14 20:31:39.132442 n kernel: hci0: opcode 0x1002 plen 0
Aug 14 20:31:39.132460 n kernel: hci0: skb len 3
Aug 14 20:31:39.132467 n kernel: hci0: length 1
Aug 14 20:31:39.132474 n kernel: hci0 cmd_cnt 1 cmd queued 1
Aug 14 20:31:39.132485 n kernel: hci0: skb 00000000582f348f
Aug 14 20:31:39.139445 n kernel: hci0: result 0x00
Aug 14 20:31:39.139496 n kernel: hci0: end: err 0
Aug 14 20:31:39.139513 n kernel: hci0: Opcode 0x0c56
Aug 14 20:31:39.139529 n kernel: hci0: opcode 0x0c56 plen 1
Aug 14 20:31:39.139548 n kernel: hci0: skb len 4
Aug 14 20:31:39.139565 n kernel: hci0: length 1
Aug 14 20:31:39.139581 n kernel: hci0 cmd_cnt 1 cmd queued 1
Aug 14 20:31:39.139596 n kernel: hci0: skb 0000000097a0d7b2
Aug 14 20:31:39.142409 n kernel: hci0: result 0x00
Aug 14 20:31:39.142429 n kernel: hci0: end: err 0
Aug 14 20:31:39.142449 n kernel: hci0: Opcode 0x0c45
Aug 14 20:31:39.142491 n kernel: hci0: opcode 0x0c45 plen 1
Aug 14 20:31:39.142515 n kernel: hci0: skb len 4
Aug 14 20:31:39.142531 n kernel: hci0: length 1
Aug 14 20:31:39.142552 n kernel: hci0 cmd_cnt 1 cmd queued 1
Aug 14 20:31:39.142571 n kernel: hci0: skb 0000000080700910
Aug 14 20:31:39.145417 n kernel: hci0: result 0x00
Aug 14 20:31:39.145437 n kernel: hci0: end: err 0
Aug 14 20:31:39.145461 n kernel: hci0: Opcode 0x0c58
Aug 14 20:31:39.145493 n kernel: hci0: opcode 0x0c58 plen 0
Aug 14 20:31:39.145510 n kernel: hci0: skb len 3
Aug 14 20:31:39.145529 n kernel: hci0: length 1
Aug 14 20:31:39.145547 n kernel: hci0 cmd_cnt 1 cmd queued 1
Aug 14 20:31:39.145563 n kernel: hci0: skb 00000000e6d967b6
Aug 14 20:31:39.148380 n kernel: hci0: result 0x00
Aug 14 20:31:39.148394 n kernel: hci0: end: err 0
Aug 14 20:31:39.148405 n kernel: hci0: Opcode 0x1004
Aug 14 20:31:39.148417 n kernel: hci0: opcode 0x1004 plen 1
Aug 14 20:31:39.148426 n kernel: hci0: skb len 4
Aug 14 20:31:39.148436 n kernel: hci0: length 1
Aug 14 20:31:39.148446 n kernel: hci0 cmd_cnt 1 cmd queued 1
Aug 14 20:31:39.148456 n kernel: hci0: skb 0000000022fe473a
Aug 14 20:31:39.152499 n kernel: hci0: result 0x00
Aug 14 20:31:39.152521 n kernel: hci0: end: err 0
Aug 14 20:31:39.152537 n kernel: hci0: Opcode 0x1005
Aug 14 20:31:39.152553 n kernel: hci0: opcode 0x1005 plen 0
Aug 14 20:31:39.152578 n kernel: hci0: skb len 3
Aug 14 20:31:39.152593 n kernel: hci0: length 1
Aug 14 20:31:39.152609 n kernel: hci0 cmd_cnt 1 cmd queued 1
Aug 14 20:31:39.152627 n kernel: hci0: skb 000000007099675c
Aug 14 20:31:39.155398 n kernel: hci0: result 0x00
Aug 14 20:31:39.155422 n kernel: hci0: end: err 0
Aug 14 20:31:39.155438 n kernel: hci0: Opcode 0x0c23
Aug 14 20:31:39.155467 n kernel: hci0: opcode 0x0c23 plen 0
Aug 14 20:31:39.155491 n kernel: hci0: skb len 3
Aug 14 20:31:39.155503 n kernel: hci0: length 1
Aug 14 20:31:39.155516 n kernel: hci0 cmd_cnt 1 cmd queued 1
Aug 14 20:31:39.155528 n kernel: hci0: skb 000000002b5b9f95
Aug 14 20:31:39.158381 n kernel: hci0: result 0x00
Aug 14 20:31:39.158398 n kernel: hci0: end: err 0
Aug 14 20:31:39.158411 n kernel: hci0: Opcode 0x0c14
Aug 14 20:31:39.158454 n kernel: hci0: opcode 0x0c14 plen 0
Aug 14 20:31:39.158486 n kernel: hci0: skb len 3
Aug 14 20:31:39.158499 n kernel: hci0: length 1
Aug 14 20:31:39.158512 n kernel: hci0 cmd_cnt 1 cmd queued 1
Aug 14 20:31:39.158525 n kernel: hci0: skb 0000000001c5f85e
Aug 14 20:31:39.176536 n kernel: hci0: result 0x00
Aug 14 20:31:39.176569 n kernel: hci0: end: err 0
Aug 14 20:31:39.176587 n kernel: hci0: Opcode 0x0c25
Aug 14 20:31:39.176603 n kernel: hci0: opcode 0x0c25 plen 0
Aug 14 20:31:39.176623 n kernel: hci0: skb len 3
Aug 14 20:31:39.176638 n kernel: hci0: length 1
Aug 14 20:31:39.176653 n kernel: hci0 cmd_cnt 1 cmd queued 1
Aug 14 20:31:39.176667 n kernel: hci0: skb 000000004eade54a
Aug 14 20:31:39.179442 n kernel: hci0: result 0x00
Aug 14 20:31:39.179479 n kernel: hci0: end: err 0
Aug 14 20:31:39.179512 n kernel: hci0: Opcode 0x0c38
Aug 14 20:31:39.179528 n kernel: hci0: opcode 0x0c38 plen 0
Aug 14 20:31:39.179560 n kernel: hci0: skb len 3
Aug 14 20:31:39.179578 n kernel: hci0: length 1
Aug 14 20:31:39.179598 n kernel: hci0 cmd_cnt 1 cmd queued 1
Aug 14 20:31:39.179618 n kernel: hci0: skb 00000000659bd1d8
Aug 14 20:31:39.182376 n kernel: hci0: result 0x00
Aug 14 20:31:39.182406 n kernel: hci0: end: err 0
Aug 14 20:31:39.182426 n kernel: hci0: Opcode 0x0c39
Aug 14 20:31:39.182439 n kernel: hci0: opcode 0x0c39 plen 0
Aug 14 20:31:39.182452 n kernel: hci0: skb len 3
Aug 14 20:31:39.182463 n kernel: hci0: length 1
Aug 14 20:31:39.182473 n kernel: hci0 cmd_cnt 1 cmd queued 1
Aug 14 20:31:39.182483 n kernel: hci0: skb 00000000bb8fa23a
Aug 14 20:31:39.185403 n kernel: hci0: result 0x00
Aug 14 20:31:39.185424 n kernel: hci0: end: err 0
Aug 14 20:31:39.185444 n kernel: hci0: Opcode 0x0c16
Aug 14 20:31:39.185463 n kernel: hci0: opcode 0x0c16 plen 2
Aug 14 20:31:39.185480 n kernel: hci0: skb len 5
Aug 14 20:31:39.185496 n kernel: hci0: length 1
Aug 14 20:31:39.185511 n kernel: hci0 cmd_cnt 1 cmd queued 1
Aug 14 20:31:39.185527 n kernel: hci0: skb 00000000a40d6a06
Aug 14 20:31:39.188380 n kernel: hci0: result 0x00
Aug 14 20:31:39.188394 n kernel: hci0: end: err 0
Aug 14 20:31:39.188415 n kernel: hci0: Opcode 0x2003
Aug 14 20:31:39.188434 n kernel: hci0: opcode 0x2003 plen 0
Aug 14 20:31:39.188459 n kernel: hci0: skb len 3
Aug 14 20:31:39.188478 n kernel: hci0: length 1
Aug 14 20:31:39.188498 n kernel: hci0 cmd_cnt 1 cmd queued 1
Aug 14 20:31:39.188511 n kernel: hci0: skb 000000006c9c4aaf
Aug 14 20:31:39.191371 n kernel: hci0: result 0x00
Aug 14 20:31:39.191386 n kernel: hci0: end: err 0
Aug 14 20:31:39.191398 n kernel: hci0: Opcode 0x2002
Aug 14 20:31:39.191412 n kernel: hci0: opcode 0x2002 plen 0
Aug 14 20:31:39.191437 n kernel: hci0: skb len 3
Aug 14 20:31:39.191461 n kernel: hci0: length 1
Aug 14 20:31:39.191479 n kernel: hci0 cmd_cnt 1 cmd queued 1
Aug 14 20:31:39.191496 n kernel: hci0: skb 00000000bb2b77bc
Aug 14 20:31:39.194371 n kernel: hci0: result 0x00
Aug 14 20:31:39.194385 n kernel: hci0: end: err 0
Aug 14 20:31:39.194397 n kernel: hci0: Opcode 0x201c
Aug 14 20:31:39.194411 n kernel: hci0: opcode 0x201c plen 0
Aug 14 20:31:39.194424 n kernel: hci0: skb len 3
Aug 14 20:31:39.194438 n kernel: hci0: length 1
Aug 14 20:31:39.194452 n kernel: hci0 cmd_cnt 1 cmd queued 1
Aug 14 20:31:39.194466 n kernel: hci0: skb 00000000afa384aa
Aug 14 20:31:39.197384 n kernel: hci0: result 0x00
Aug 14 20:31:39.197393 n kernel: hci0: end: err 0
Aug 14 20:31:39.197416 n kernel: hci0: 
Aug 14 20:31:39.197429 n kernel: hci0: Opcode 0x0c01
Aug 14 20:31:39.197438 n kernel: hci0: opcode 0x0c01 plen 8
Aug 14 20:31:39.197448 n kernel: hci0: skb len 11
Aug 14 20:31:39.197456 n kernel: hci0: length 1
Aug 14 20:31:39.197464 n kernel: hci0 cmd_cnt 1 cmd queued 1
Aug 14 20:31:39.197471 n kernel: hci0: skb 00000000584d8d0f
Aug 14 20:31:39.197484 n kernel: 00000000babfecdf name hci0 blocked 0
Aug 14 20:31:39.200364 n kernel: hci0: result 0x00
Aug 14 20:31:39.200378 n kernel: hci0: end: err 0
Aug 14 20:31:39.200400 n kernel: hci0: Opcode 0x0c0d
Aug 14 20:31:39.200412 n kernel: hci0: opcode 0x0c0d plen 7
Aug 14 20:31:39.200430 n kernel: hci0: skb len 10
Aug 14 20:31:39.200445 n kernel: hci0: length 1
Aug 14 20:31:39.200458 n kernel: hci0 cmd_cnt 1 cmd queued 1
Aug 14 20:31:39.200470 n kernel: hci0: skb 00000000529bfacc
Aug 14 20:31:39.203370 n kernel: hci0: result 0x00
Aug 14 20:31:39.203392 n kernel: hci0: end: err 0
Aug 14 20:31:39.203404 n kernel: hci0: Opcode 0x080f
Aug 14 20:31:39.203417 n kernel: hci0: opcode 0x080f plen 2
Aug 14 20:31:39.203436 n kernel: hci0: skb len 5
Aug 14 20:31:39.203456 n kernel: hci0: length 1
Aug 14 20:31:39.203477 n kernel: hci0 cmd_cnt 1 cmd queued 1
Aug 14 20:31:39.203490 n kernel: hci0: skb 0000000017f3f4b9
Aug 14 20:31:39.206362 n kernel: hci0: result 0x00
Aug 14 20:31:39.206371 n kernel: hci0: end: err 0
Aug 14 20:31:39.206379 n kernel: hci0: Opcode 0x0c1b
Aug 14 20:31:39.206389 n kernel: hci0: opcode 0x0c1b plen 0
Aug 14 20:31:39.206400 n kernel: hci0: skb len 3
Aug 14 20:31:39.206414 n kernel: hci0: length 1
Aug 14 20:31:39.206422 n kernel: hci0 cmd_cnt 1 cmd queued 1
Aug 14 20:31:39.206430 n kernel: hci0: skb 0000000070f9a817
Aug 14 20:31:39.209403 n kernel: hci0: result 0x00
Aug 14 20:31:39.209434 n kernel: hci0: end: err 0
Aug 14 20:31:39.209463 n kernel: hci0: Opcode 0x0c46
Aug 14 20:31:39.209497 n kernel: hci0: opcode 0x0c46 plen 0
Aug 14 20:31:39.209514 n kernel: hci0: skb len 3
Aug 14 20:31:39.209529 n kernel: hci0: length 1
Aug 14 20:31:39.209553 n kernel: hci0 cmd_cnt 1 cmd queued 1
Aug 14 20:31:39.209568 n kernel: hci0: skb 00000000330e0585
Aug 14 20:31:39.212424 n kernel: hci0: result 0x00
Aug 14 20:31:39.212475 n kernel: hci0: end: err 0
Aug 14 20:31:39.212492 n kernel: hci0: Opcode 0x1004
Aug 14 20:31:39.212508 n kernel: hci0: opcode 0x1004 plen 1
Aug 14 20:31:39.212525 n kernel: hci0: skb len 4
Aug 14 20:31:39.212541 n kernel: hci0: length 1
Aug 14 20:31:39.212569 n kernel: hci0 cmd_cnt 1 cmd queued 1
Aug 14 20:31:39.212585 n kernel: hci0: skb 000000006a7ee551
Aug 14 20:31:39.216467 n kernel: hci0: result 0x00
Aug 14 20:31:39.216498 n kernel: hci0: end: err 0
Aug 14 20:31:39.216516 n kernel: hci0: Opcode 0x2001
Aug 14 20:31:39.216533 n kernel: hci0: opcode 0x2001 plen 8
Aug 14 20:31:39.216549 n kernel: hci0: skb len 11
Aug 14 20:31:39.216565 n kernel: hci0: length 1
Aug 14 20:31:39.216582 n kernel: hci0 cmd_cnt 1 cmd queued 1
Aug 14 20:31:39.216597 n kernel: hci0: skb 00000000659bd1d8
Aug 14 20:31:39.219377 n kernel: hci0: result 0x00
Aug 14 20:31:39.219410 n kernel: hci0: end: err 0
Aug 14 20:31:39.219426 n kernel: hci0: Opcode 0x2007
Aug 14 20:31:39.219435 n kernel: hci0: opcode 0x2007 plen 0
Aug 14 20:31:39.219444 n kernel: hci0: skb len 3
Aug 14 20:31:39.219453 n kernel: hci0: length 1
Aug 14 20:31:39.219465 n kernel: hci0 cmd_cnt 1 cmd queued 1
Aug 14 20:31:39.219473 n kernel: hci0: skb 000000004eade54a
Aug 14 20:31:39.222384 n kernel: hci0: result 0x00
Aug 14 20:31:39.222404 n kernel: hci0: end: err 0
Aug 14 20:31:39.222423 n kernel: hci0: Opcode 0x200f
Aug 14 20:31:39.222432 n kernel: hci0: opcode 0x200f plen 0
Aug 14 20:31:39.222440 n kernel: hci0: skb len 3
Aug 14 20:31:39.222449 n kernel: hci0: length 1
Aug 14 20:31:39.222461 n kernel: hci0 cmd_cnt 1 cmd queued 1
Aug 14 20:31:39.222469 n kernel: hci0: skb 0000000001c5f85e
Aug 14 20:31:39.225377 n kernel: hci0: result 0x00
Aug 14 20:31:39.225387 n kernel: hci0: end: err 0
Aug 14 20:31:39.225399 n kernel: hci0: Opcode 0x2010
Aug 14 20:31:39.225408 n kernel: hci0: opcode 0x2010 plen 0
Aug 14 20:31:39.225417 n kernel: hci0: skb len 3
Aug 14 20:31:39.225426 n kernel: hci0: length 1
Aug 14 20:31:39.225434 n kernel: hci0 cmd_cnt 1 cmd queued 1
Aug 14 20:31:39.225452 n kernel: hci0: skb 000000002b5b9f95
Aug 14 20:31:39.228376 n kernel: hci0: result 0x00
Aug 14 20:31:39.228408 n kernel: hci0: end: err 0
Aug 14 20:31:39.228417 n kernel: hci0: Opcode 0x202a
Aug 14 20:31:39.228429 n kernel: hci0: opcode 0x202a plen 0
Aug 14 20:31:39.228440 n kernel: hci0: skb len 3
Aug 14 20:31:39.228448 n kernel: hci0: length 1
Aug 14 20:31:39.228461 n kernel: hci0 cmd_cnt 1 cmd queued 1
Aug 14 20:31:39.228475 n kernel: hci0: skb 000000007099675c
Aug 14 20:31:39.231378 n kernel: hci0: result 0x00
Aug 14 20:31:39.231412 n kernel: hci0: end: err 0
Aug 14 20:31:39.231422 n kernel: hci0: Opcode 0x2029
Aug 14 20:31:39.231431 n kernel: hci0: opcode 0x2029 plen 0
Aug 14 20:31:39.231439 n kernel: hci0: skb len 3
Aug 14 20:31:39.231448 n kernel: hci0: length 1
Aug 14 20:31:39.231457 n kernel: hci0 cmd_cnt 1 cmd queued 1
Aug 14 20:31:39.231465 n kernel: hci0: skb 0000000022fe473a
Aug 14 20:31:39.234428 n kernel: hci0: result 0x00
Aug 14 20:31:39.234466 n kernel: hci0: end: err 0
Aug 14 20:31:39.234491 n kernel: hci0: Opcode 0x202e
Aug 14 20:31:39.234507 n kernel: hci0: opcode 0x202e plen 2
Aug 14 20:31:39.234524 n kernel: hci0: skb len 5
Aug 14 20:31:39.234540 n kernel: hci0: length 1
Aug 14 20:31:39.234555 n kernel: hci0 cmd_cnt 1 cmd queued 1
Aug 14 20:31:39.234571 n kernel: hci0: skb 00000000e6d967b6
Aug 14 20:31:39.237411 n kernel: hci0: result 0x00
Aug 14 20:31:39.237469 n kernel: hci0: end: err 0
Aug 14 20:31:39.237487 n kernel: hci0: Opcode 0x0c6d
Aug 14 20:31:39.237504 n kernel: hci0: opcode 0x0c6d plen 2
Aug 14 20:31:39.237520 n kernel: hci0: skb len 5
Aug 14 20:31:39.237536 n kernel: hci0: length 1
Aug 14 20:31:39.237558 n kernel: hci0 cmd_cnt 1 cmd queued 1
Aug 14 20:31:39.237574 n kernel: hci0: skb 0000000080700910
Aug 14 20:31:39.240412 n kernel: hci0: result 0x00
Aug 14 20:31:39.240432 n kernel: hci0: end: err 0
Aug 14 20:31:39.240452 n kernel: hci0: 
Aug 14 20:31:39.240469 n kernel: hci0: Opcode 0x0c12
Aug 14 20:31:39.240486 n kernel: hci0: opcode 0x0c12 plen 7
Aug 14 20:31:39.240502 n kernel: hci0: skb len 10
Aug 14 20:31:39.240518 n kernel: hci0: length 1
Aug 14 20:31:39.240533 n kernel: hci0 cmd_cnt 1 cmd queued 1
Aug 14 20:31:39.240549 n kernel: hci0: skb 0000000097a0d7b2
Aug 14 20:31:39.243456 n kernel: hci0: result 0x00
Aug 14 20:31:39.243490 n kernel: hci0: end: err 0
Aug 14 20:31:39.243507 n kernel: hci0: Opcode 0x0c77
Aug 14 20:31:39.243524 n kernel: hci0: opcode 0x0c77 plen 0
Aug 14 20:31:39.243540 n kernel: hci0: skb len 3
Aug 14 20:31:39.243555 n kernel: hci0: length 1
Aug 14 20:31:39.243589 n kernel: hci0 cmd_cnt 1 cmd queued 1
Aug 14 20:31:39.243683 n kernel: hci0: skb 00000000691f642d
Aug 14 20:31:39.246412 n kernel: hci0: result 0x00
Aug 14 20:31:39.246432 n kernel: hci0: end: err 0
Aug 14 20:31:39.246453 n kernel: hci0: Opcode 0x0c7a
Aug 14 20:31:39.246470 n kernel: hci0: opcode 0x0c7a plen 1
Aug 14 20:31:39.246487 n kernel: hci0: skb len 4
Aug 14 20:31:39.246502 n kernel: hci0: length 1
Aug 14 20:31:39.246518 n kernel: hci0 cmd_cnt 1 cmd queued 1
Aug 14 20:31:39.246533 n kernel: hci0: skb 000000003a80b1f2
Aug 14 20:31:39.249375 n kernel: hci0: result 0x00
Aug 14 20:31:39.249386 n kernel: hci0: end: err 0
Aug 14 20:31:39.249397 n kernel: hci0: Opcode 0x0c1a
Aug 14 20:31:39.249407 n kernel: hci0: opcode 0x0c1a plen 1
Aug 14 20:31:39.249417 n kernel: hci0: skb len 4
Aug 14 20:31:39.249426 n kernel: hci0: length 1
Aug 14 20:31:39.249434 n kernel: hci0 cmd_cnt 1 cmd queued 1
Aug 14 20:31:39.249443 n kernel: hci0: skb 00000000e451f92e
Aug 14 20:31:39.252410 n kernel: hci0: result 0x00
Aug 14 20:31:39.252430 n kernel: hci0: end: err 0
Aug 14 20:31:39.252452 n kernel: hci0: 
Aug 14 20:31:39.252471 n kernel: hci0: Opcode 0x0c24
Aug 14 20:31:39.252488 n kernel: hci0: opcode 0x0c24 plen 3
Aug 14 20:31:39.252505 n kernel: hci0: skb len 6
Aug 14 20:31:39.252521 n kernel: hci0: length 1
Aug 14 20:31:39.252537 n kernel: hci0 cmd_cnt 1 cmd queued 1
Aug 14 20:31:39.252553 n kernel: hci0: skb 0000000097beaba1
Aug 14 20:31:39.255370 n kernel: hci0: result 0x00
Aug 14 20:31:39.255401 n kernel: hci0: end: err 0
Aug 14 20:31:39.255408 n kernel: hci0: Opcode 0x0c13
Aug 14 20:31:39.255417 n kernel: hci0: opcode 0x0c13 plen 248
Aug 14 20:31:39.255435 n kernel: hci0: skb len 251
Aug 14 20:31:39.255442 n kernel: hci0: length 1
Aug 14 20:31:39.255449 n kernel: hci0 cmd_cnt 1 cmd queued 1
Aug 14 20:31:39.255459 n kernel: hci0: skb 000000007ea09eaa
Aug 14 20:31:39.258381 n kernel: hci0: result 0x00
Aug 14 20:31:39.258392 n kernel: hci0: end: err 0
Aug 14 20:31:39.258403 n kernel: hci0: 
Aug 14 20:31:39.258412 n kernel: hci0: Opcode 0x0c52
Aug 14 20:31:39.258421 n kernel: hci0: opcode 0x0c52 plen 241
Aug 14 20:31:39.258431 n kernel: hci0: skb len 244
Aug 14 20:31:39.258440 n kernel: hci0: length 1
Aug 14 20:31:39.258448 n kernel: hci0 cmd_cnt 1 cmd queued 1
Aug 14 20:31:39.258456 n kernel: hci0: skb 0000000001c5f85e
Aug 14 20:31:39.261393 n kernel: hci0: result 0x00
Aug 14 20:31:39.261404 n kernel: hci0: end: err 0
Aug 14 20:31:39.261413 n kernel: hci0: entry 000000007d575ca3
Aug 14 20:31:39.261428 n kernel: hci0: ADV monitoring is off
Aug 14 20:31:39.261437 n kernel: hci0: stopping background scanning
Aug 14 20:31:39.261446 n kernel: hci0: 
Aug 14 20:31:39.263373 n kernel: hci0: 
Aug 14 20:31:39.263383 n kernel: hci0: entry 00000000e863e8f1
Aug 14 20:31:39.263394 n kernel: hci0: ADV monitoring is off
Aug 14 20:31:39.263403 n kernel: hci0: stopping background scanning
Aug 14 20:31:39.263435 n kernel: hci0: 
Aug 14 20:31:39.263445 n kernel: hci0: entry 00000000ae904f19
Aug 14 20:31:39.263455 n kernel: hci0: Opcode 0x0c3a
Aug 14 20:31:39.263464 n kernel: hci0: opcode 0x0c3a plen 4
Aug 14 20:31:39.263475 n kernel: hci0: skb len 7
Aug 14 20:31:39.263485 n kernel: hci0: length 1
Aug 14 20:31:39.263494 n kernel: hci0 cmd_cnt 1 cmd queued 1
Aug 14 20:31:39.263504 n kernel: hci0: skb 000000000c1f9d1a
Aug 14 20:31:39.266401 n kernel: hci0: result 0x00
Aug 14 20:31:39.266415 n kernel: hci0: end: err 0
Aug 14 20:31:39.266427 n kernel: hci0: Opcode 0x0c1a
Aug 14 20:31:39.266438 n kernel: hci0: opcode 0x0c1a plen 1
Aug 14 20:31:39.266449 n kernel: hci0: skb len 4
Aug 14 20:31:39.266460 n kernel: hci0: length 1
Aug 14 20:31:39.266470 n kernel: hci0 cmd_cnt 1 cmd queued 1
Aug 14 20:31:39.266486 n kernel: hci0: skb 000000006cc68bf4
Aug 14 20:31:39.269372 n kernel: hci0: result 0x00
Aug 14 20:31:39.269391 n kernel: hci0: end: err 0
Aug 14 20:31:39.269423 n kernel: hci0: 
Aug 14 20:31:39.269444 n kernel: hci0: state 0 -> 1
Aug 14 20:31:39.269453 n kernel: hci0: 
Aug 14 20:31:39.269464 n kernel: hci0: entry 00000000c2681711
Aug 14 20:31:39.269482 n kernel: hci0: type 7
Aug 14 20:31:39.269492 n kernel: hci0: 
Aug 14 20:31:39.269500 n kernel: hci0: cancelling interleave scan
Aug 14 20:31:39.269510 n kernel: hci0: Opcode 0x2005
Aug 14 20:31:39.269519 n kernel: hci0: opcode 0x2005 plen 6
Aug 14 20:31:39.269529 n kernel: hci0: skb len 9
Aug 14 20:31:39.269538 n kernel: hci0: length 1
Aug 14 20:31:39.269547 n kernel: hci0 cmd_cnt 1 cmd queued 1
Aug 14 20:31:39.269556 n kernel: hci0: skb 000000006cc68bf4
Aug 14 20:31:39.272370 n kernel: hci0: result 0x00
Aug 14 20:31:39.272391 n kernel: hci0: end: err 0
Aug 14 20:31:39.272410 n kernel: hci0: Opcode 0x200b
Aug 14 20:31:39.272423 n kernel: hci0: opcode 0x200b plen 7
Aug 14 20:31:39.272433 n kernel: hci0: skb len 10
Aug 14 20:31:39.272444 n kernel: hci0: length 1
Aug 14 20:31:39.272455 n kernel: hci0 cmd_cnt 1 cmd queued 1
Aug 14 20:31:39.272466 n kernel: hci0: skb 00000000d8736e18
Aug 14 20:31:39.274360 n kernel: Bluetooth: hci0: unexpected event for opcode 0x2005
Aug 14 20:31:39.276373 n kernel: hci0: result 0x00
Aug 14 20:31:39.276381 n kernel: hci0: end: err 0
Aug 14 20:31:39.276393 n kernel: hci0: Opcode 0x200c
Aug 14 20:31:39.276402 n kernel: hci0: opcode 0x200c plen 2
Aug 14 20:31:39.276410 n kernel: hci0: skb len 5
Aug 14 20:31:39.276419 n kernel: hci0: length 1
Aug 14 20:31:39.276429 n kernel: hci0 cmd_cnt 1 cmd queued 1
Aug 14 20:31:39.276446 n kernel: hci0: skb 000000007ce60732
Aug 14 20:31:39.279342 n kernel: hci0: state 1 -> 2
Aug 14 20:31:39.279375 n kernel: hci0: result 0x00
Aug 14 20:31:39.279397 n kernel: hci0: end: err 0
Aug 14 20:31:39.279406 n kernel: hci0: timeout 5120 ms
Aug 14 20:31:39.331345 n kernel: 00000000babfecdf name hci0 blocked 1
Aug 14 20:31:39.331384 n kernel: hci0 00000000babfecdf
Aug 14 20:31:39.331399 n kernel: hci0: Opcode 0x0c1a
Aug 14 20:31:39.331408 n kernel: hci0: opcode 0x0c1a plen 1
Aug 14 20:31:39.331425 n kernel: hci0: skb len 4
Aug 14 20:31:39.331435 n kernel: hci0: length 1
Aug 14 20:31:39.331444 n kernel: hci0 cmd_cnt 1 cmd queued 1
Aug 14 20:31:39.331455 n kernel: hci0: skb 00000000614ad435
Aug 14 20:31:39.334394 n kernel: hci0: result 0x00
Aug 14 20:31:39.334405 n kernel: hci0: end: err 0
Aug 14 20:31:39.334415 n kernel: hci0: state 2
Aug 14 20:31:39.334424 n kernel: hci0: Opcode 0x200c
Aug 14 20:31:39.334434 n kernel: hci0: opcode 0x200c plen 2
Aug 14 20:31:39.334444 n kernel: hci0: skb len 5
Aug 14 20:31:39.334454 n kernel: hci0: length 1
Aug 14 20:31:39.334462 n kernel: hci0 cmd_cnt 1 cmd queued 1
Aug 14 20:31:39.334471 n kernel: hci0: skb 000000009918b631
Aug 14 20:31:39.337406 n kernel: hci0: result 0x00
Aug 14 20:31:39.337426 n kernel: hci0: 
Aug 14 20:31:39.337443 n kernel: hci0: 
Aug 14 20:31:39.337459 n kernel: hci0: entry 00000000ae904f19
Aug 14 20:31:39.337478 n kernel: hci0: end: err 0
Aug 14 20:31:39.337492 n kernel: hci0: 
Aug 14 20:31:39.348357 n kernel: hci0: err 0x13
Aug 14 20:31:39.348382 n kernel: hci0: cancelling interleave scan
Aug 14 20:31:39.348393 n kernel: hci0: state 2 -> 0
Aug 14 20:31:39.348415 n kernel: hdev hci0
Aug 14 20:31:39.348424 n kernel: hci0
Aug 14 20:31:39.348433 n kernel: hci0
Aug 14 20:31:39.348465 n kernel: hci0: 
Aug 14 20:31:39.481347 n kernel: 00000000babfecdf name hci0 blocked 0
Aug 14 20:31:39.481380 n kernel: hci0: 
Aug 14 20:31:39.481389 n kernel: hci0: entry 00000000d91017fb
Aug 14 20:31:39.481398 n kernel: hci0: 
Aug 14 20:31:39.481407 n kernel: hci0
Aug 14 20:31:39.481415 n kernel: hci0
Aug 14 20:31:39.481453 n kernel: hci0
Aug 14 20:31:39.481461 n kernel: hci0
Aug 14 20:31:39.481470 n kernel: hci0: 
Aug 14 20:31:39.481477 n kernel: hci0: 
Aug 14 20:31:39.481484 n kernel: hci0: Opcode 0x0c03
Aug 14 20:31:39.481492 n kernel: hci0: opcode 0x0c03 plen 0
Aug 14 20:31:39.481499 n kernel: hci0: skb len 3
Aug 14 20:31:39.481506 n kernel: hci0: length 1
Aug 14 20:31:39.481518 n kernel: hci0 cmd_cnt 1 cmd queued 1
Aug 14 20:31:39.481526 n kernel: hci0: skb 00000000b433a96e
Aug 14 20:31:39.538539 n kernel: hci0: result 0x00
Aug 14 20:31:39.538561 n kernel: hci0: end: err 0
Aug 14 20:31:39.538580 n kernel: hci0: Opcode 0x1003
Aug 14 20:31:39.538596 n kernel: hci0: opcode 0x1003 plen 0
Aug 14 20:31:39.538611 n kernel: hci0: skb len 3
Aug 14 20:31:39.538627 n kernel: hci0: length 1
Aug 14 20:31:39.538642 n kernel: hci0 cmd_cnt 1 cmd queued 1
Aug 14 20:31:39.538658 n kernel: hci0: skb 000000006cc68bf4
Aug 14 20:31:39.541511 n kernel: hci0: result 0x00
Aug 14 20:31:39.541544 n kernel: hci0: end: err 0
Aug 14 20:31:39.541584 n kernel: hci0: Opcode 0x1001
Aug 14 20:31:39.541600 n kernel: hci0: opcode 0x1001 plen 0
Aug 14 20:31:39.541617 n kernel: hci0: skb len 3
Aug 14 20:31:39.541656 n kernel: hci0: length 1
Aug 14 20:31:39.541672 n kernel: hci0 cmd_cnt 1 cmd queued 1
Aug 14 20:31:39.541688 n kernel: hci0: skb 000000001f6a44b3
Aug 14 20:31:39.544499 n kernel: hci0: result 0x00
Aug 14 20:31:39.544526 n kernel: hci0: end: err 0
Aug 14 20:31:39.544547 n kernel: hci0: Opcode 0x1009
Aug 14 20:31:39.544562 n kernel: hci0: opcode 0x1009 plen 0
Aug 14 20:31:39.544591 n kernel: hci0: skb len 3
Aug 14 20:31:39.544605 n kernel: hci0: length 1
Aug 14 20:31:39.544620 n kernel: hci0 cmd_cnt 1 cmd queued 1
Aug 14 20:31:39.544634 n kernel: hci0: skb 000000006ff2f355
Aug 14 20:31:39.547505 n kernel: hci0: result 0x00
Aug 14 20:31:39.547530 n kernel: hci0: end: err 0
Aug 14 20:31:39.547538 n kernel: hci0: 
Aug 14 20:31:39.547546 n kernel: hci0: Opcode 0x1002
Aug 14 20:31:39.547555 n kernel: hci0: opcode 0x1002 plen 0
Aug 14 20:31:39.547564 n kernel: hci0: skb len 3
Aug 14 20:31:39.547571 n kernel: hci0: length 1
Aug 14 20:31:39.547578 n kernel: hci0 cmd_cnt 1 cmd queued 1
Aug 14 20:31:39.547599 n kernel: hci0: skb 000000006e579c2c
Aug 14 20:31:39.554516 n kernel: hci0: result 0x00
Aug 14 20:31:39.554536 n kernel: hci0: end: err 0
Aug 14 20:31:39.554561 n kernel: hci0: Opcode 0x0c56
Aug 14 20:31:39.554577 n kernel: hci0: opcode 0x0c56 plen 1
Aug 14 20:31:39.554592 n kernel: hci0: skb len 4
Aug 14 20:31:39.554612 n kernel: hci0: length 1
Aug 14 20:31:39.554630 n kernel: hci0 cmd_cnt 1 cmd queued 1
Aug 14 20:31:39.554647 n kernel: hci0: skb 0000000080700910
Aug 14 20:31:39.557434 n kernel: hci0: result 0x00
Aug 14 20:31:39.557444 n kernel: hci0: end: err 0
Aug 14 20:31:39.557473 n kernel: hci0: Opcode 0x0c45
Aug 14 20:31:39.557481 n kernel: hci0: opcode 0x0c45 plen 1
Aug 14 20:31:39.557488 n kernel: hci0: skb len 4
Aug 14 20:31:39.557496 n kernel: hci0: length 1
Aug 14 20:31:39.557503 n kernel: hci0 cmd_cnt 1 cmd queued 1
Aug 14 20:31:39.557515 n kernel: hci0: skb 00000000cf88216f
Aug 14 20:31:39.560481 n kernel: hci0: result 0x00
Aug 14 20:31:39.560503 n kernel: hci0: end: err 0
Aug 14 20:31:39.560527 n kernel: hci0: Opcode 0x0c58
Aug 14 20:31:39.560543 n kernel: hci0: opcode 0x0c58 plen 0
Aug 14 20:31:39.560560 n kernel: hci0: skb len 3
Aug 14 20:31:39.560580 n kernel: hci0: length 1
Aug 14 20:31:39.560596 n kernel: hci0 cmd_cnt 1 cmd queued 1
Aug 14 20:31:39.560611 n kernel: hci0: skb 000000003a80b1f2
Aug 14 20:31:39.563531 n kernel: hci0: result 0x00
Aug 14 20:31:39.563560 n kernel: hci0: end: err 0
Aug 14 20:31:39.563585 n kernel: hci0: Opcode 0x1004
Aug 14 20:31:39.563601 n kernel: hci0: opcode 0x1004 plen 1
Aug 14 20:31:39.563618 n kernel: hci0: skb len 4
Aug 14 20:31:39.563637 n kernel: hci0: length 1
Aug 14 20:31:39.563654 n kernel: hci0 cmd_cnt 1 cmd queued 1
Aug 14 20:31:39.563673 n kernel: hci0: skb 000000003806efe9
Aug 14 20:31:39.567434 n kernel: hci0: result 0x00
Aug 14 20:31:39.567448 n kernel: hci0: end: err 0
Aug 14 20:31:39.567487 n kernel: hci0: Opcode 0x1005
Aug 14 20:31:39.567497 n kernel: hci0: opcode 0x1005 plen 0
Aug 14 20:31:39.567508 n kernel: hci0: skb len 3
Aug 14 20:31:39.567524 n kernel: hci0: length 1
Aug 14 20:31:39.567536 n kernel: hci0 cmd_cnt 1 cmd queued 1
Aug 14 20:31:39.567548 n kernel: hci0: skb 000000006f4577d8
Aug 14 20:31:39.570537 n kernel: hci0: result 0x00
Aug 14 20:31:39.570557 n kernel: hci0: end: err 0
Aug 14 20:31:39.570574 n kernel: hci0: Opcode 0x0c23
Aug 14 20:31:39.570589 n kernel: hci0: opcode 0x0c23 plen 0
Aug 14 20:31:39.570605 n kernel: hci0: skb len 3
Aug 14 20:31:39.570661 n kernel: hci0: length 1
Aug 14 20:31:39.570683 n kernel: hci0 cmd_cnt 1 cmd queued 1
Aug 14 20:31:39.570700 n kernel: hci0: skb 00000000a464c4b0
Aug 14 20:31:39.573452 n kernel: hci0: result 0x00
Aug 14 20:31:39.573463 n kernel: hci0: end: err 0
Aug 14 20:31:39.573473 n kernel: hci0: Opcode 0x0c14
Aug 14 20:31:39.573482 n kernel: hci0: opcode 0x0c14 plen 0
Aug 14 20:31:39.573491 n kernel: hci0: skb len 3
Aug 14 20:31:39.573500 n kernel: hci0: length 1
Aug 14 20:31:39.573509 n kernel: hci0 cmd_cnt 1 cmd queued 1
Aug 14 20:31:39.573520 n kernel: hci0: skb 0000000086effc11
Aug 14 20:31:39.591573 n kernel: hci0: result 0x00
Aug 14 20:31:39.591604 n kernel: hci0: end: err 0
Aug 14 20:31:39.591622 n kernel: hci0: Opcode 0x0c25
Aug 14 20:31:39.591641 n kernel: hci0: opcode 0x0c25 plen 0
Aug 14 20:31:39.591659 n kernel: hci0: skb len 3
Aug 14 20:31:39.591677 n kernel: hci0: length 1
Aug 14 20:31:39.591693 n kernel: hci0 cmd_cnt 1 cmd queued 1
Aug 14 20:31:39.591709 n kernel: hci0: skb 00000000bb8fa23a
Aug 14 20:31:39.594432 n kernel: hci0: result 0x00
Aug 14 20:31:39.594468 n kernel: hci0: end: err 0
Aug 14 20:31:39.594481 n kernel: hci0: Opcode 0x0c38
Aug 14 20:31:39.594489 n kernel: hci0: opcode 0x0c38 plen 0
Aug 14 20:31:39.594497 n kernel: hci0: skb len 3
Aug 14 20:31:39.594509 n kernel: hci0: length 1
Aug 14 20:31:39.594520 n kernel: hci0 cmd_cnt 1 cmd queued 1
Aug 14 20:31:39.594537 n kernel: hci0: skb 00000000bcab5bb0
Aug 14 20:31:39.597405 n kernel: hci0: result 0x00
Aug 14 20:31:39.597415 n kernel: hci0: end: err 0
Aug 14 20:31:39.597422 n kernel: hci0: Opcode 0x0c39
Aug 14 20:31:39.597430 n kernel: hci0: opcode 0x0c39 plen 0
Aug 14 20:31:39.597437 n kernel: hci0: skb len 3
Aug 14 20:31:39.597445 n kernel: hci0: length 1
Aug 14 20:31:39.597453 n kernel: hci0 cmd_cnt 1 cmd queued 1
Aug 14 20:31:39.597461 n kernel: hci0: skb 0000000035d96911
Aug 14 20:31:39.600398 n kernel: hci0: result 0x00
Aug 14 20:31:39.600416 n kernel: hci0: end: err 0
Aug 14 20:31:39.600431 n kernel: hci0: Opcode 0x0c16
Aug 14 20:31:39.600446 n kernel: hci0: opcode 0x0c16 plen 2
Aug 14 20:31:39.600463 n kernel: hci0: skb len 5
Aug 14 20:31:39.600478 n kernel: hci0: length 1
Aug 14 20:31:39.600492 n kernel: hci0 cmd_cnt 1 cmd queued 1
Aug 14 20:31:39.600506 n kernel: hci0: skb 00000000da5f4f5e
Aug 14 20:31:39.603444 n kernel: hci0: result 0x00
Aug 14 20:31:39.603464 n kernel: hci0: end: err 0
Aug 14 20:31:39.603481 n kernel: hci0: Opcode 0x2003
Aug 14 20:31:39.603525 n kernel: hci0: opcode 0x2003 plen 0
Aug 14 20:31:39.603544 n kernel: hci0: skb len 3
Aug 14 20:31:39.603559 n kernel: hci0: length 1
Aug 14 20:31:39.603576 n kernel: hci0 cmd_cnt 1 cmd queued 1
Aug 14 20:31:39.603591 n kernel: hci0: skb 00000000442d1399
Aug 14 20:31:39.606432 n kernel: hci0: result 0x00
Aug 14 20:31:39.606452 n kernel: hci0: end: err 0
Aug 14 20:31:39.606468 n kernel: hci0: Opcode 0x2002
Aug 14 20:31:39.606485 n kernel: hci0: opcode 0x2002 plen 0
Aug 14 20:31:39.606501 n kernel: hci0: skb len 3
Aug 14 20:31:39.606517 n kernel: hci0: length 1
Aug 14 20:31:39.606569 n kernel: hci0 cmd_cnt 1 cmd queued 1
Aug 14 20:31:39.606591 n kernel: hci0: skb 00000000d15fe678
Aug 14 20:31:39.609428 n kernel: hci0: result 0x00
Aug 14 20:31:39.609448 n kernel: hci0: end: err 0
Aug 14 20:31:39.609464 n kernel: hci0: Opcode 0x201c
Aug 14 20:31:39.609496 n kernel: hci0: opcode 0x201c plen 0
Aug 14 20:31:39.609540 n kernel: hci0: skb len 3
Aug 14 20:31:39.609558 n kernel: hci0: length 1
Aug 14 20:31:39.609574 n kernel: hci0 cmd_cnt 1 cmd queued 1
Aug 14 20:31:39.609590 n kernel: hci0: skb 00000000e6d967b6
Aug 14 20:31:39.612420 n kernel: hci0: result 0x00
Aug 14 20:31:39.612440 n kernel: hci0: end: err 0
Aug 14 20:31:39.612457 n kernel: hci0: 
Aug 14 20:31:39.612473 n kernel: hci0: Opcode 0x0c01
Aug 14 20:31:39.612489 n kernel: hci0: opcode 0x0c01 plen 8
Aug 14 20:31:39.612509 n kernel: hci0: skb len 11
Aug 14 20:31:39.612526 n kernel: hci0: length 1
Aug 14 20:31:39.612542 n kernel: hci0 cmd_cnt 1 cmd queued 1
Aug 14 20:31:39.612558 n kernel: hci0: skb 00000000f94f09d9
Aug 14 20:31:39.615372 n kernel: hci0: result 0x00
Aug 14 20:31:39.615385 n kernel: hci0: end: err 0
Aug 14 20:31:39.615396 n kernel: hci0: Opcode 0x0c0d
Aug 14 20:31:39.615407 n kernel: hci0: opcode 0x0c0d plen 7
Aug 14 20:31:39.615419 n kernel: hci0: skb len 10
Aug 14 20:31:39.615432 n kernel: hci0: length 1
Aug 14 20:31:39.615457 n kernel: hci0 cmd_cnt 1 cmd queued 1
Aug 14 20:31:39.615467 n kernel: hci0: skb 000000009f3709a5
Aug 14 20:31:39.618412 n kernel: hci0: result 0x00
Aug 14 20:31:39.618437 n kernel: hci0: end: err 0
Aug 14 20:31:39.618454 n kernel: hci0: Opcode 0x080f
Aug 14 20:31:39.618470 n kernel: hci0: opcode 0x080f plen 2
Aug 14 20:31:39.618488 n kernel: hci0: skb len 5
Aug 14 20:31:39.618506 n kernel: hci0: length 1
Aug 14 20:31:39.618529 n kernel: hci0 cmd_cnt 1 cmd queued 1
Aug 14 20:31:39.618545 n kernel: hci0: skb 0000000097beaba1
Aug 14 20:31:39.621399 n kernel: hci0: result 0x00
Aug 14 20:31:39.621419 n kernel: hci0: end: err 0
Aug 14 20:31:39.621435 n kernel: hci0: Opcode 0x0c1b
Aug 14 20:31:39.621452 n kernel: hci0: opcode 0x0c1b plen 0
Aug 14 20:31:39.621471 n kernel: hci0: skb len 3
Aug 14 20:31:39.621490 n kernel: hci0: length 1
Aug 14 20:31:39.621531 n kernel: hci0 cmd_cnt 1 cmd queued 1
Aug 14 20:31:39.621547 n kernel: hci0: skb 00000000da78a140
Aug 14 20:31:39.624397 n kernel: hci0: result 0x00
Aug 14 20:31:39.624417 n kernel: hci0: end: err 0
Aug 14 20:31:39.624435 n kernel: hci0: Opcode 0x0c46
Aug 14 20:31:39.624451 n kernel: hci0: opcode 0x0c46 plen 0
Aug 14 20:31:39.624467 n kernel: hci0: skb len 3
Aug 14 20:31:39.624484 n kernel: hci0: length 1
Aug 14 20:31:39.624528 n kernel: hci0 cmd_cnt 1 cmd queued 1
Aug 14 20:31:39.624550 n kernel: hci0: skb 0000000083c21035
Aug 14 20:31:39.627400 n kernel: hci0: result 0x00
Aug 14 20:31:39.627420 n kernel: hci0: end: err 0
Aug 14 20:31:39.627436 n kernel: hci0: Opcode 0x1004
Aug 14 20:31:39.627452 n kernel: hci0: opcode 0x1004 plen 1
Aug 14 20:31:39.627468 n kernel: hci0: skb len 4
Aug 14 20:31:39.627486 n kernel: hci0: length 1
Aug 14 20:31:39.627504 n kernel: hci0 cmd_cnt 1 cmd queued 1
Aug 14 20:31:39.627538 n kernel: hci0: skb 0000000052de87fe
Aug 14 20:31:39.631385 n kernel: hci0: result 0x00
Aug 14 20:31:39.631409 n kernel: hci0: end: err 0
Aug 14 20:31:39.631420 n kernel: hci0: Opcode 0x2001
Aug 14 20:31:39.631432 n kernel: hci0: opcode 0x2001 plen 8
Aug 14 20:31:39.631445 n kernel: hci0: skb len 11
Aug 14 20:31:39.631457 n kernel: hci0: length 1
Aug 14 20:31:39.631467 n kernel: hci0 cmd_cnt 1 cmd queued 1
Aug 14 20:31:39.631478 n kernel: hci0: skb 0000000068504c4d
Aug 14 20:31:39.634418 n kernel: hci0: result 0x00
Aug 14 20:31:39.634438 n kernel: hci0: end: err 0
Aug 14 20:31:39.634454 n kernel: hci0: Opcode 0x2007
Aug 14 20:31:39.634477 n kernel: hci0: opcode 0x2007 plen 0
Aug 14 20:31:39.634495 n kernel: hci0: skb len 3
Aug 14 20:31:39.634514 n kernel: hci0: length 1
Aug 14 20:31:39.634530 n kernel: hci0 cmd_cnt 1 cmd queued 1
Aug 14 20:31:39.634546 n kernel: hci0: skb 000000002d481c48
Aug 14 20:31:39.637420 n kernel: hci0: result 0x00
Aug 14 20:31:39.637441 n kernel: hci0: end: err 0
Aug 14 20:31:39.637457 n kernel: hci0: Opcode 0x200f
Aug 14 20:31:39.637474 n kernel: hci0: opcode 0x200f plen 0
Aug 14 20:31:39.637491 n kernel: hci0: skb len 3
Aug 14 20:31:39.637508 n kernel: hci0: length 1
Aug 14 20:31:39.637524 n kernel: hci0 cmd_cnt 1 cmd queued 1
Aug 14 20:31:39.637539 n kernel: hci0: skb 00000000494379c7
Aug 14 20:31:39.640380 n kernel: hci0: result 0x00
Aug 14 20:31:39.640392 n kernel: hci0: end: err 0
Aug 14 20:31:39.640402 n kernel: hci0: Opcode 0x2010
Aug 14 20:31:39.640413 n kernel: hci0: opcode 0x2010 plen 0
Aug 14 20:31:39.640427 n kernel: hci0: skb len 3
Aug 14 20:31:39.640438 n kernel: hci0: length 1
Aug 14 20:31:39.640448 n kernel: hci0 cmd_cnt 1 cmd queued 1
Aug 14 20:31:39.640458 n kernel: hci0: skb 000000004f1f675c
Aug 14 20:31:39.643403 n kernel: hci0: result 0x00
Aug 14 20:31:39.643423 n kernel: hci0: end: err 0
Aug 14 20:31:39.643440 n kernel: hci0: Opcode 0x202a
Aug 14 20:31:39.643459 n kernel: hci0: opcode 0x202a plen 0
Aug 14 20:31:39.643500 n kernel: hci0: skb len 3
Aug 14 20:31:39.643516 n kernel: hci0: length 1
Aug 14 20:31:39.643533 n kernel: hci0 cmd_cnt 1 cmd queued 1
Aug 14 20:31:39.643549 n kernel: hci0: skb 0000000032284dac
Aug 14 20:31:39.646409 n kernel: hci0: result 0x00
Aug 14 20:31:39.646454 n kernel: hci0: end: err 0
Aug 14 20:31:39.646480 n kernel: hci0: Opcode 0x2029
Aug 14 20:31:39.646508 n kernel: hci0: opcode 0x2029 plen 0
Aug 14 20:31:39.646534 n kernel: hci0: skb len 3
Aug 14 20:31:39.646554 n kernel: hci0: length 1
Aug 14 20:31:39.646588 n kernel: hci0 cmd_cnt 1 cmd queued 1
Aug 14 20:31:39.646605 n kernel: hci0: skb 000000005d8c00ca
Aug 14 20:31:39.647351 n kernel: 00000000babfecdf name hci0 blocked 0
Aug 14 20:31:39.649364 n kernel: hci0: result 0x00
Aug 14 20:31:39.649391 n kernel: hci0: end: err 0
Aug 14 20:31:39.649405 n kernel: hci0: Opcode 0x202e
Aug 14 20:31:39.649420 n kernel: hci0: opcode 0x202e plen 2
Aug 14 20:31:39.649434 n kernel: hci0: skb len 5
Aug 14 20:31:39.649456 n kernel: hci0: length 1
Aug 14 20:31:39.649469 n kernel: hci0 cmd_cnt 1 cmd queued 1
Aug 14 20:31:39.649483 n kernel: hci0: skb 00000000f37e9416
Aug 14 20:31:39.652366 n kernel: hci0: result 0x00
Aug 14 20:31:39.652379 n kernel: hci0: end: err 0
Aug 14 20:31:39.652395 n kernel: hci0: Opcode 0x0c6d
Aug 14 20:31:39.652408 n kernel: hci0: opcode 0x0c6d plen 2
Aug 14 20:31:39.652421 n kernel: hci0: skb len 5
Aug 14 20:31:39.652433 n kernel: hci0: length 1
Aug 14 20:31:39.652445 n kernel: hci0 cmd_cnt 1 cmd queued 1
Aug 14 20:31:39.652458 n kernel: hci0: skb 0000000037bc8584
Aug 14 20:31:39.655367 n kernel: hci0: result 0x00
Aug 14 20:31:39.655382 n kernel: hci0: end: err 0
Aug 14 20:31:39.655396 n kernel: hci0: 
Aug 14 20:31:39.655409 n kernel: hci0: Opcode 0x0c12
Aug 14 20:31:39.655434 n kernel: hci0: opcode 0x0c12 plen 7
Aug 14 20:31:39.655447 n kernel: hci0: skb len 10
Aug 14 20:31:39.655460 n kernel: hci0: length 1
Aug 14 20:31:39.655472 n kernel: hci0 cmd_cnt 1 cmd queued 1
Aug 14 20:31:39.655487 n kernel: hci0: skb 00000000c4022300
Aug 14 20:31:39.658369 n kernel: hci0: result 0x00
Aug 14 20:31:39.658382 n kernel: hci0: end: err 0
Aug 14 20:31:39.658398 n kernel: hci0: Opcode 0x0c77
Aug 14 20:31:39.658411 n kernel: hci0: opcode 0x0c77 plen 0
Aug 14 20:31:39.658424 n kernel: hci0: skb len 3
Aug 14 20:31:39.658436 n kernel: hci0: length 1
Aug 14 20:31:39.658448 n kernel: hci0 cmd_cnt 1 cmd queued 1
Aug 14 20:31:39.658461 n kernel: hci0: skb 0000000059e244fa
Aug 14 20:31:39.661391 n kernel: hci0: result 0x00
Aug 14 20:31:39.661406 n kernel: hci0: end: err 0
Aug 14 20:31:39.661419 n kernel: hci0: Opcode 0x0c7a
Aug 14 20:31:39.661431 n kernel: hci0: opcode 0x0c7a plen 1
Aug 14 20:31:39.661524 n kernel: hci0: skb len 4
Aug 14 20:31:39.661539 n kernel: hci0: length 1
Aug 14 20:31:39.661551 n kernel: hci0 cmd_cnt 1 cmd queued 1
Aug 14 20:31:39.661564 n kernel: hci0: skb 00000000eb120388
Aug 14 20:31:39.664371 n kernel: hci0: result 0x00
Aug 14 20:31:39.664391 n kernel: hci0: end: err 0
Aug 14 20:31:39.664404 n kernel: hci0: Opcode 0x0c1a
Aug 14 20:31:39.664417 n kernel: hci0: opcode 0x0c1a plen 1
Aug 14 20:31:39.664442 n kernel: hci0: skb len 4
Aug 14 20:31:39.664455 n kernel: hci0: length 1
Aug 14 20:31:39.664467 n kernel: hci0 cmd_cnt 1 cmd queued 1
Aug 14 20:31:39.664481 n kernel: hci0: skb 000000005707cc6c
Aug 14 20:31:39.667371 n kernel: hci0: result 0x00
Aug 14 20:31:39.667386 n kernel: hci0: end: err 0
Aug 14 20:31:39.667398 n kernel: hci0: 
Aug 14 20:31:39.667426 n kernel: hci0: Opcode 0x0c24
Aug 14 20:31:39.667446 n kernel: hci0: opcode 0x0c24 plen 3
Aug 14 20:31:39.667464 n kernel: hci0: skb len 6
Aug 14 20:31:39.667477 n kernel: hci0: length 1
Aug 14 20:31:39.667490 n kernel: hci0 cmd_cnt 1 cmd queued 1
Aug 14 20:31:39.667502 n kernel: hci0: skb 00000000b0446792
Aug 14 20:31:39.670376 n kernel: hci0: result 0x00
Aug 14 20:31:39.670392 n kernel: hci0: end: err 0
Aug 14 20:31:39.670404 n kernel: hci0: Opcode 0x0c13
Aug 14 20:31:39.670417 n kernel: hci0: opcode 0x0c13 plen 248
Aug 14 20:31:39.670431 n kernel: hci0: skb len 251
Aug 14 20:31:39.670443 n kernel: hci0: length 1
Aug 14 20:31:39.670456 n kernel: hci0 cmd_cnt 1 cmd queued 1
Aug 14 20:31:39.670482 n kernel: hci0: skb 000000003da10e8f
Aug 14 20:31:39.673393 n kernel: hci0: result 0x00
Aug 14 20:31:39.673407 n kernel: hci0: end: err 0
Aug 14 20:31:39.673424 n kernel: hci0: 
Aug 14 20:31:39.673437 n kernel: hci0: Opcode 0x0c52
Aug 14 20:31:39.673454 n kernel: hci0: opcode 0x0c52 plen 241
Aug 14 20:31:39.673483 n kernel: hci0: skb len 244
Aug 14 20:31:39.673496 n kernel: hci0: length 1
Aug 14 20:31:39.673509 n kernel: hci0 cmd_cnt 1 cmd queued 1
Aug 14 20:31:39.673521 n kernel: hci0: skb 0000000058d21d04
Aug 14 20:31:39.676388 n kernel: hci0: result 0x00
Aug 14 20:31:39.676445 n kernel: hci0: end: err 0
Aug 14 20:31:39.676483 n kernel: hci0: entry 0000000060dae9b9
Aug 14 20:31:39.676506 n kernel: hci0: ADV monitoring is off
Aug 14 20:31:39.676520 n kernel: hci0: stopping background scanning
Aug 14 20:31:39.676533 n kernel: hci0: 
Aug 14 20:31:39.678370 n kernel: hci0: 
Aug 14 20:31:39.678381 n kernel: hci0: entry 00000000ae904f19
Aug 14 20:31:39.678401 n kernel: hci0: ADV monitoring is off
Aug 14 20:31:39.678411 n kernel: hci0: stopping background scanning
Aug 14 20:31:39.678430 n kernel: hci0: 
Aug 14 20:31:39.678439 n kernel: hci0: entry 000000003c63ea71
Aug 14 20:31:39.678469 n kernel: hci0: Opcode 0x0c3a
Aug 14 20:31:39.678484 n kernel: hci0: opcode 0x0c3a plen 4
Aug 14 20:31:39.678493 n kernel: hci0: skb len 7
Aug 14 20:31:39.678503 n kernel: hci0: length 1
Aug 14 20:31:39.678512 n kernel: hci0 cmd_cnt 1 cmd queued 1
Aug 14 20:31:39.678522 n kernel: hci0: skb 00000000d0d378ec
Aug 14 20:31:39.681363 n kernel: hci0: result 0x00
Aug 14 20:31:39.681374 n kernel: hci0: end: err 0
Aug 14 20:31:39.681384 n kernel: hci0: Opcode 0x0c1a
Aug 14 20:31:39.681395 n kernel: hci0: opcode 0x0c1a plen 1
Aug 14 20:31:39.681405 n kernel: hci0: skb len 4
Aug 14 20:31:39.681424 n kernel: hci0: length 1
Aug 14 20:31:39.681435 n kernel: hci0 cmd_cnt 1 cmd queued 1
Aug 14 20:31:39.681445 n kernel: hci0: skb 00000000d29e3823
Aug 14 20:31:39.684369 n kernel: hci0: result 0x00
Aug 14 20:31:39.684383 n kernel: hci0: end: err 0
Aug 14 20:31:39.684405 n kernel: hci0: 
Aug 14 20:31:39.684429 n kernel: hci0: state 0 -> 1
Aug 14 20:31:39.684441 n kernel: hci0: 
Aug 14 20:31:39.684452 n kernel: hci0: entry 000000000876118b
Aug 14 20:31:39.684473 n kernel: hci0: type 7
Aug 14 20:31:39.684488 n kernel: hci0: 
Aug 14 20:31:39.684500 n kernel: hci0: cancelling interleave scan
Aug 14 20:31:39.684512 n kernel: hci0: Opcode 0x2005
Aug 14 20:31:39.684524 n kernel: hci0: opcode 0x2005 plen 6
Aug 14 20:31:39.684542 n kernel: hci0: skb len 9
Aug 14 20:31:39.684554 n kernel: hci0: length 1
Aug 14 20:31:39.684565 n kernel: hci0 cmd_cnt 1 cmd queued 1
Aug 14 20:31:39.684577 n kernel: hci0: skb 00000000792e8dc8
Aug 14 20:31:39.687359 n kernel: hci0: result 0x00
Aug 14 20:31:39.687372 n kernel: hci0: end: err 0
Aug 14 20:31:39.687385 n kernel: hci0: Opcode 0x200b
Aug 14 20:31:39.687398 n kernel: hci0: opcode 0x200b plen 7
Aug 14 20:31:39.687411 n kernel: hci0: skb len 10
Aug 14 20:31:39.687425 n kernel: hci0: length 1
Aug 14 20:31:39.687438 n kernel: hci0 cmd_cnt 1 cmd queued 1
Aug 14 20:31:39.687451 n kernel: hci0: skb 0000000052a1c7bf
Aug 14 20:31:39.689362 n kernel: Bluetooth: hci0: unexpected event for opcode 0x2005
Aug 14 20:31:39.691356 n kernel: hci0: result 0x00
Aug 14 20:31:39.691366 n kernel: hci0: end: err 0
Aug 14 20:31:39.691376 n kernel: hci0: Opcode 0x200c
Aug 14 20:31:39.691386 n kernel: hci0: opcode 0x200c plen 2
Aug 14 20:31:39.691404 n kernel: hci0: skb len 5
Aug 14 20:31:39.691420 n kernel: hci0: length 1
Aug 14 20:31:39.691430 n kernel: hci0 cmd_cnt 1 cmd queued 1
Aug 14 20:31:39.691439 n kernel: hci0: skb 00000000e57623ad
Aug 14 20:31:39.694343 n kernel: hci0: state 1 -> 2
Aug 14 20:31:39.694381 n kernel: hci0: result 0x00
Aug 14 20:31:39.694392 n kernel: hci0: end: err 0
Aug 14 20:31:39.694402 n kernel: hci0: timeout 5120 ms
Aug 14 20:31:39.814362 n kernel: 00000000babfecdf name hci0 blocked 1
Aug 14 20:31:39.814404 n kernel: hci0 00000000babfecdf
Aug 14 20:31:39.814421 n kernel: hci0: Opcode 0x0c1a
Aug 14 20:31:39.814433 n kernel: hci0: opcode 0x0c1a plen 1
Aug 14 20:31:39.814440 n kernel: hci0: skb len 4
Aug 14 20:31:39.814447 n kernel: hci0: length 1
Aug 14 20:31:39.814455 n kernel: hci0 cmd_cnt 1 cmd queued 1
Aug 14 20:31:39.814464 n kernel: hci0: skb 00000000fa724222
Aug 14 20:31:39.817403 n kernel: hci0: result 0x00
Aug 14 20:31:39.817420 n kernel: hci0: end: err 0
Aug 14 20:31:39.817434 n kernel: hci0: state 2
Aug 14 20:31:39.817448 n kernel: hci0: Opcode 0x200c
Aug 14 20:31:39.817471 n kernel: hci0: opcode 0x200c plen 2
Aug 14 20:31:39.817484 n kernel: hci0: skb len 5
Aug 14 20:31:39.817497 n kernel: hci0: length 1
Aug 14 20:31:39.817521 n kernel: hci0 cmd_cnt 1 cmd queued 1
Aug 14 20:31:39.817533 n kernel: hci0: skb 000000008d807bb3
Aug 14 20:31:39.820393 n kernel: hci0: result 0x00
Aug 14 20:31:39.820403 n kernel: hci0: 
Aug 14 20:31:39.820414 n kernel: hci0: 
Aug 14 20:31:39.820422 n kernel: hci0: entry 000000000876118b
Aug 14 20:31:39.820431 n kernel: hci0: end: err 0
Aug 14 20:31:39.820457 n kernel: hci0: 
Aug 14 20:31:39.829380 n kernel: hci0: err 0x13
Aug 14 20:31:39.829405 n kernel: hci0: cancelling interleave scan
Aug 14 20:31:39.829424 n kernel: hci0: state 2 -> 0
Aug 14 20:31:39.829538 n kernel: hdev hci0
Aug 14 20:31:39.829566 n kernel: hci0
Aug 14 20:31:39.829615 n kernel: hci0
Aug 14 20:31:39.829641 n kernel: hci0: 
Aug 14 20:31:39.980371 n kernel: 00000000babfecdf name hci0 blocked 0
Aug 14 20:31:39.980444 n kernel: hci0: 
Aug 14 20:31:39.980458 n kernel: hci0: entry 00000000fe769bae
Aug 14 20:31:39.980475 n kernel: hci0: 
Aug 14 20:31:39.980486 n kernel: hci0
Aug 14 20:31:39.980500 n kernel: hci0
Aug 14 20:31:39.980509 n kernel: hci0
Aug 14 20:31:39.980517 n kernel: hci0
Aug 14 20:31:39.980526 n kernel: hci0: 
Aug 14 20:31:39.980536 n kernel: hci0: 
Aug 14 20:31:39.980545 n kernel: hci0: Opcode 0x0c03
Aug 14 20:31:39.980556 n kernel: hci0: opcode 0x0c03 plen 0
Aug 14 20:31:39.980581 n kernel: hci0: skb len 3
Aug 14 20:31:39.980590 n kernel: hci0: length 1
Aug 14 20:31:39.980599 n kernel: hci0 cmd_cnt 1 cmd queued 1
Aug 14 20:31:39.980609 n kernel: hci0: skb 00000000e451f92e
Aug 14 20:31:40.036506 n kernel: hci0: result 0x00
Aug 14 20:31:40.036540 n kernel: hci0: end: err 0
Aug 14 20:31:40.036578 n kernel: hci0: Opcode 0x1003
Aug 14 20:31:40.036594 n kernel: hci0: opcode 0x1003 plen 0
Aug 14 20:31:40.036613 n kernel: hci0: skb len 3
Aug 14 20:31:40.036629 n kernel: hci0: length 1
Aug 14 20:31:40.036645 n kernel: hci0 cmd_cnt 1 cmd queued 1
Aug 14 20:31:40.036661 n kernel: hci0: skb 000000008d807bb3
Aug 14 20:31:40.040441 n kernel: hci0: result 0x00
Aug 14 20:31:40.040458 n kernel: hci0: end: err 0
Aug 14 20:31:40.040485 n kernel: hci0: Opcode 0x1001
Aug 14 20:31:40.040501 n kernel: hci0: opcode 0x1001 plen 0
Aug 14 20:31:40.040511 n kernel: hci0: skb len 3
Aug 14 20:31:40.040521 n kernel: hci0: length 1
Aug 14 20:31:40.040540 n kernel: hci0 cmd_cnt 1 cmd queued 1
Aug 14 20:31:40.040550 n kernel: hci0: skb 000000002b1a8e64
Aug 14 20:31:40.043485 n kernel: hci0: result 0x00
Aug 14 20:31:40.043505 n kernel: hci0: end: err 0
Aug 14 20:31:40.043522 n kernel: hci0: Opcode 0x1009
Aug 14 20:31:40.043538 n kernel: hci0: opcode 0x1009 plen 0
Aug 14 20:31:40.043555 n kernel: hci0: skb len 3
Aug 14 20:31:40.043573 n kernel: hci0: length 1
Aug 14 20:31:40.043589 n kernel: hci0 cmd_cnt 1 cmd queued 1
Aug 14 20:31:40.043605 n kernel: hci0: skb 0000000027065db2
Aug 14 20:31:40.046561 n kernel: hci0: result 0x00
Aug 14 20:31:40.046602 n kernel: hci0: end: err 0
Aug 14 20:31:40.046620 n kernel: hci0: 
Aug 14 20:31:40.046637 n kernel: hci0: Opcode 0x1002
Aug 14 20:31:40.046652 n kernel: hci0: opcode 0x1002 plen 0
Aug 14 20:31:40.046672 n kernel: hci0: skb len 3
Aug 14 20:31:40.046688 n kernel: hci0: length 1
Aug 14 20:31:40.046703 n kernel: hci0 cmd_cnt 1 cmd queued 1
Aug 14 20:31:40.046718 n kernel: hci0: skb 000000000f99712f
Aug 14 20:31:40.053475 n kernel: hci0: result 0x00
Aug 14 20:31:40.053503 n kernel: hci0: end: err 0
Aug 14 20:31:40.053523 n kernel: hci0: Opcode 0x0c56
Aug 14 20:31:40.053542 n kernel: hci0: opcode 0x0c56 plen 1
Aug 14 20:31:40.053561 n kernel: hci0: skb len 4
Aug 14 20:31:40.053579 n kernel: hci0: length 1
Aug 14 20:31:40.053596 n kernel: hci0 cmd_cnt 1 cmd queued 1
Aug 14 20:31:40.053615 n kernel: hci0: skb 00000000d487a6f4
Aug 14 20:31:40.056449 n kernel: hci0: result 0x00
Aug 14 20:31:40.056477 n kernel: hci0: end: err 0
Aug 14 20:31:40.056487 n kernel: hci0: Opcode 0x0c45
Aug 14 20:31:40.056498 n kernel: hci0: opcode 0x0c45 plen 1
Aug 14 20:31:40.056512 n kernel: hci0: skb len 4
Aug 14 20:31:40.056527 n kernel: hci0: length 1
Aug 14 20:31:40.056536 n kernel: hci0 cmd_cnt 1 cmd queued 1
Aug 14 20:31:40.056546 n kernel: hci0: skb 000000009f3709a5
Aug 14 20:31:40.059443 n kernel: hci0: result 0x00
Aug 14 20:31:40.059467 n kernel: hci0: end: err 0
Aug 14 20:31:40.059487 n kernel: hci0: Opcode 0x0c58
Aug 14 20:31:40.059502 n kernel: hci0: opcode 0x0c58 plen 0
Aug 14 20:31:40.059518 n kernel: hci0: skb len 3
Aug 14 20:31:40.059535 n kernel: hci0: length 1
Aug 14 20:31:40.059552 n kernel: hci0 cmd_cnt 1 cmd queued 1
Aug 14 20:31:40.059568 n kernel: hci0: skb 00000000ad538a6b
Aug 14 20:31:40.062504 n kernel: hci0: result 0x00
Aug 14 20:31:40.062526 n kernel: hci0: end: err 0
Aug 14 20:31:40.062579 n kernel: hci0: Opcode 0x1004
Aug 14 20:31:40.062598 n kernel: hci0: opcode 0x1004 plen 1
Aug 14 20:31:40.062608 n kernel: hci0: skb len 4
Aug 14 20:31:40.062618 n kernel: hci0: length 1
Aug 14 20:31:40.062627 n kernel: hci0 cmd_cnt 1 cmd queued 1
Aug 14 20:31:40.062636 n kernel: hci0: skb 00000000cc8f8f2b
Aug 14 20:31:40.066436 n kernel: hci0: result 0x00
Aug 14 20:31:40.066455 n kernel: hci0: end: err 0
Aug 14 20:31:40.066470 n kernel: hci0: Opcode 0x1005
Aug 14 20:31:40.066485 n kernel: hci0: opcode 0x1005 plen 0
Aug 14 20:31:40.066499 n kernel: hci0: skb len 3
Aug 14 20:31:40.066515 n kernel: hci0: length 1
Aug 14 20:31:40.066557 n kernel: hci0 cmd_cnt 1 cmd queued 1
Aug 14 20:31:40.066572 n kernel: hci0: skb 000000005707cc6c
Aug 14 20:31:40.069447 n kernel: hci0: result 0x00
Aug 14 20:31:40.069463 n kernel: hci0: end: err 0
Aug 14 20:31:40.069470 n kernel: hci0: Opcode 0x0c23
Aug 14 20:31:40.069478 n kernel: hci0: opcode 0x0c23 plen 0
Aug 14 20:31:40.069486 n kernel: hci0: skb len 3
Aug 14 20:31:40.069499 n kernel: hci0: length 1
Aug 14 20:31:40.069509 n kernel: hci0 cmd_cnt 1 cmd queued 1
Aug 14 20:31:40.069518 n kernel: hci0: skb 00000000a464c4b0
Aug 14 20:31:40.072454 n kernel: hci0: result 0x00
Aug 14 20:31:40.072476 n kernel: hci0: end: err 0
Aug 14 20:31:40.072489 n kernel: hci0: Opcode 0x0c14
Aug 14 20:31:40.072501 n kernel: hci0: opcode 0x0c14 plen 0
Aug 14 20:31:40.072530 n kernel: hci0: skb len 3
Aug 14 20:31:40.072546 n kernel: hci0: length 1
Aug 14 20:31:40.072560 n kernel: hci0 cmd_cnt 1 cmd queued 1
Aug 14 20:31:40.072574 n kernel: hci0: skb 00000000bc7c62f1
Aug 14 20:31:40.090498 n kernel: hci0: result 0x00
Aug 14 20:31:40.090519 n kernel: hci0: end: err 0
Aug 14 20:31:40.090539 n kernel: hci0: Opcode 0x0c25
Aug 14 20:31:40.090555 n kernel: hci0: opcode 0x0c25 plen 0
Aug 14 20:31:40.090571 n kernel: hci0: skb len 3
Aug 14 20:31:40.090588 n kernel: hci0: length 1
Aug 14 20:31:40.090626 n kernel: hci0 cmd_cnt 1 cmd queued 1
Aug 14 20:31:40.090675 n kernel: hci0: skb 00000000bcd2e530
Aug 14 20:31:40.093439 n kernel: hci0: result 0x00
Aug 14 20:31:40.093456 n kernel: hci0: end: err 0
Aug 14 20:31:40.093466 n kernel: hci0: Opcode 0x0c38
Aug 14 20:31:40.093476 n kernel: hci0: opcode 0x0c38 plen 0
Aug 14 20:31:40.093485 n kernel: hci0: skb len 3
Aug 14 20:31:40.093494 n kernel: hci0: length 1
Aug 14 20:31:40.093524 n kernel: hci0 cmd_cnt 1 cmd queued 1
Aug 14 20:31:40.093538 n kernel: hci0: skb 00000000019a6680
Aug 14 20:31:40.096546 n kernel: hci0: result 0x00
Aug 14 20:31:40.096567 n kernel: hci0: end: err 0
Aug 14 20:31:40.096598 n kernel: hci0: Opcode 0x0c39
Aug 14 20:31:40.096617 n kernel: hci0: opcode 0x0c39 plen 0
Aug 14 20:31:40.096633 n kernel: hci0: skb len 3
Aug 14 20:31:40.096649 n kernel: hci0: length 1
Aug 14 20:31:40.096665 n kernel: hci0 cmd_cnt 1 cmd queued 1
Aug 14 20:31:40.096684 n kernel: hci0: skb 00000000feec4b3c
Aug 14 20:31:40.099381 n kernel: hci0: result 0x00
Aug 14 20:31:40.099390 n kernel: hci0: end: err 0
Aug 14 20:31:40.099398 n kernel: hci0: Opcode 0x0c16
Aug 14 20:31:40.099423 n kernel: hci0: opcode 0x0c16 plen 2
Aug 14 20:31:40.099430 n kernel: hci0: skb len 5
Aug 14 20:31:40.099438 n kernel: hci0: length 1
Aug 14 20:31:40.099447 n kernel: hci0 cmd_cnt 1 cmd queued 1
Aug 14 20:31:40.099465 n kernel: hci0: skb 0000000023d80d89
Aug 14 20:31:40.102480 n kernel: hci0: result 0x00
Aug 14 20:31:40.102501 n kernel: hci0: end: err 0
Aug 14 20:31:40.102521 n kernel: hci0: Opcode 0x2003
Aug 14 20:31:40.102537 n kernel: hci0: opcode 0x2003 plen 0
Aug 14 20:31:40.102553 n kernel: hci0: skb len 3
Aug 14 20:31:40.102569 n kernel: hci0: length 1
Aug 14 20:31:40.102586 n kernel: hci0 cmd_cnt 1 cmd queued 1
Aug 14 20:31:40.102604 n kernel: hci0: skb 000000000c1f9d1a
Aug 14 20:31:40.105439 n kernel: hci0: result 0x00
Aug 14 20:31:40.105477 n kernel: hci0: end: err 0
Aug 14 20:31:40.105494 n kernel: hci0: Opcode 0x2002
Aug 14 20:31:40.105506 n kernel: hci0: opcode 0x2002 plen 0
Aug 14 20:31:40.105517 n kernel: hci0: skb len 3
Aug 14 20:31:40.105530 n kernel: hci0: length 1
Aug 14 20:31:40.105541 n kernel: hci0 cmd_cnt 1 cmd queued 1
Aug 14 20:31:40.105552 n kernel: hci0: skb 00000000bb2b77bc
Aug 14 20:31:40.108493 n kernel: hci0: result 0x00
Aug 14 20:31:40.108518 n kernel: hci0: end: err 0
Aug 14 20:31:40.108541 n kernel: hci0: Opcode 0x201c
Aug 14 20:31:40.108561 n kernel: hci0: opcode 0x201c plen 0
Aug 14 20:31:40.108581 n kernel: hci0: skb len 3
Aug 14 20:31:40.108643 n kernel: hci0: length 1
Aug 14 20:31:40.108676 n kernel: hci0 cmd_cnt 1 cmd queued 1
Aug 14 20:31:40.108697 n kernel: hci0: skb 00000000529bfacc
Aug 14 20:31:40.111505 n kernel: hci0: result 0x00
Aug 14 20:31:40.111525 n kernel: hci0: end: err 0
Aug 14 20:31:40.111545 n kernel: hci0: 
Aug 14 20:31:40.111562 n kernel: hci0: Opcode 0x0c01
Aug 14 20:31:40.111603 n kernel: hci0: opcode 0x0c01 plen 8
Aug 14 20:31:40.111619 n kernel: hci0: skb len 11
Aug 14 20:31:40.111639 n kernel: hci0: length 1
Aug 14 20:31:40.111657 n kernel: hci0 cmd_cnt 1 cmd queued 1
Aug 14 20:31:40.111678 n kernel: hci0: skb 00000000f5b27c8b
Aug 14 20:31:40.114440 n kernel: hci0: result 0x00
Aug 14 20:31:40.114453 n kernel: hci0: end: err 0
Aug 14 20:31:40.114464 n kernel: hci0: Opcode 0x0c0d
Aug 14 20:31:40.114475 n kernel: hci0: opcode 0x0c0d plen 7
Aug 14 20:31:40.114485 n kernel: hci0: skb len 10
Aug 14 20:31:40.114494 n kernel: hci0: length 1
Aug 14 20:31:40.114503 n kernel: hci0 cmd_cnt 1 cmd queued 1
Aug 14 20:31:40.114513 n kernel: hci0: skb 00000000cc8f8f2b
Aug 14 20:31:40.117414 n kernel: hci0: result 0x00
Aug 14 20:31:40.117442 n kernel: hci0: end: err 0
Aug 14 20:31:40.117462 n kernel: hci0: Opcode 0x080f
Aug 14 20:31:40.117484 n kernel: hci0: opcode 0x080f plen 2
Aug 14 20:31:40.117505 n kernel: hci0: skb len 5
Aug 14 20:31:40.117522 n kernel: hci0: length 1
Aug 14 20:31:40.117537 n kernel: hci0 cmd_cnt 1 cmd queued 1
Aug 14 20:31:40.117553 n kernel: hci0: skb 00000000ad538a6b
Aug 14 20:31:40.120447 n kernel: hci0: result 0x00
Aug 14 20:31:40.120467 n kernel: hci0: end: err 0
Aug 14 20:31:40.120486 n kernel: hci0: Opcode 0x0c1b
Aug 14 20:31:40.120502 n kernel: hci0: opcode 0x0c1b plen 0
Aug 14 20:31:40.120517 n kernel: hci0: skb len 3
Aug 14 20:31:40.120532 n kernel: hci0: length 1
Aug 14 20:31:40.120547 n kernel: hci0 cmd_cnt 1 cmd queued 1
Aug 14 20:31:40.120564 n kernel: hci0: skb 000000009f3709a5
Aug 14 20:31:40.123382 n kernel: hci0: result 0x00
Aug 14 20:31:40.123395 n kernel: hci0: end: err 0
Aug 14 20:31:40.123408 n kernel: hci0: Opcode 0x0c46
Aug 14 20:31:40.123418 n kernel: hci0: opcode 0x0c46 plen 0
Aug 14 20:31:40.123428 n kernel: hci0: skb len 3
Aug 14 20:31:40.123440 n kernel: hci0: length 1
Aug 14 20:31:40.123450 n kernel: hci0 cmd_cnt 1 cmd queued 1
Aug 14 20:31:40.123460 n kernel: hci0: skb 00000000d487a6f4
Aug 14 20:31:40.126421 n kernel: hci0: result 0x00
Aug 14 20:31:40.126441 n kernel: hci0: end: err 0
Aug 14 20:31:40.126458 n kernel: hci0: Opcode 0x1004
Aug 14 20:31:40.126477 n kernel: hci0: opcode 0x1004 plen 1
Aug 14 20:31:40.126495 n kernel: hci0: skb len 4
Aug 14 20:31:40.126511 n kernel: hci0: length 1
Aug 14 20:31:40.126527 n kernel: hci0 cmd_cnt 1 cmd queued 1
Aug 14 20:31:40.126544 n kernel: hci0: skb 000000000f99712f
Aug 14 20:31:40.130426 n kernel: hci0: result 0x00
Aug 14 20:31:40.130446 n kernel: hci0: end: err 0
Aug 14 20:31:40.130492 n kernel: hci0: Opcode 0x2001
Aug 14 20:31:40.130510 n kernel: hci0: opcode 0x2001 plen 8
Aug 14 20:31:40.130528 n kernel: hci0: skb len 11
Aug 14 20:31:40.130548 n kernel: hci0: length 1
Aug 14 20:31:40.130564 n kernel: hci0 cmd_cnt 1 cmd queued 1
Aug 14 20:31:40.130580 n kernel: hci0: skb 0000000027065db2
Aug 14 20:31:40.133419 n kernel: hci0: result 0x00
Aug 14 20:31:40.133439 n kernel: hci0: end: err 0
Aug 14 20:31:40.133461 n kernel: hci0: Opcode 0x2007
Aug 14 20:31:40.133477 n kernel: hci0: opcode 0x2007 plen 0
Aug 14 20:31:40.133494 n kernel: hci0: skb len 3
Aug 14 20:31:40.133523 n kernel: hci0: length 1
Aug 14 20:31:40.133542 n kernel: hci0 cmd_cnt 1 cmd queued 1
Aug 14 20:31:40.133561 n kernel: hci0: skb 000000002b1a8e64
Aug 14 20:31:40.136418 n kernel: hci0: result 0x00
Aug 14 20:31:40.136476 n kernel: hci0: end: err 0
Aug 14 20:31:40.136494 n kernel: hci0: Opcode 0x200f
Aug 14 20:31:40.136511 n kernel: hci0: opcode 0x200f plen 0
Aug 14 20:31:40.136537 n kernel: hci0: skb len 3
Aug 14 20:31:40.136558 n kernel: hci0: length 1
Aug 14 20:31:40.136575 n kernel: hci0 cmd_cnt 1 cmd queued 1
Aug 14 20:31:40.136591 n kernel: hci0: skb 000000008d807bb3
Aug 14 20:31:40.139416 n kernel: hci0: result 0x00
Aug 14 20:31:40.139437 n kernel: hci0: end: err 0
Aug 14 20:31:40.139462 n kernel: hci0: Opcode 0x2010
Aug 14 20:31:40.139480 n kernel: hci0: opcode 0x2010 plen 0
Aug 14 20:31:40.139497 n kernel: hci0: skb len 3
Aug 14 20:31:40.139513 n kernel: hci0: length 1
Aug 14 20:31:40.139529 n kernel: hci0 cmd_cnt 1 cmd queued 1
Aug 14 20:31:40.139550 n kernel: hci0: skb 00000000e451f92e
Aug 14 20:31:40.142411 n kernel: hci0: result 0x00
Aug 14 20:31:40.142468 n kernel: hci0: end: err 0
Aug 14 20:31:40.142485 n kernel: hci0: Opcode 0x202a
Aug 14 20:31:40.142501 n kernel: hci0: opcode 0x202a plen 0
Aug 14 20:31:40.142517 n kernel: hci0: skb len 3
Aug 14 20:31:40.142537 n kernel: hci0: length 1
Aug 14 20:31:40.142553 n kernel: hci0 cmd_cnt 1 cmd queued 1
Aug 14 20:31:40.142569 n kernel: hci0: skb 00000000583ef31d
Aug 14 20:31:40.145419 n kernel: hci0: result 0x00
Aug 14 20:31:40.145439 n kernel: hci0: end: err 0
Aug 14 20:31:40.145490 n kernel: hci0: Opcode 0x2029
Aug 14 20:31:40.145507 n kernel: hci0: opcode 0x2029 plen 0
Aug 14 20:31:40.145540 n kernel: hci0: skb len 3
Aug 14 20:31:40.145561 n kernel: hci0: length 1
Aug 14 20:31:40.145576 n kernel: hci0 cmd_cnt 1 cmd queued 1
Aug 14 20:31:40.145592 n kernel: hci0: skb 00000000ddd2ce64
Aug 14 20:31:40.147798 n kernel: hci0: result 0x00
Aug 14 20:31:40.147810 n kernel: hci0: end: err 0
Aug 14 20:31:40.147820 n kernel: hci0: Opcode 0x202e
Aug 14 20:31:40.147831 n kernel: hci0: opcode 0x202e plen 2
Aug 14 20:31:40.147843 n kernel: hci0: skb len 5
Aug 14 20:31:40.147853 n kernel: hci0: length 1
Aug 14 20:31:40.147862 n kernel: hci0 cmd_cnt 1 cmd queued 1
Aug 14 20:31:40.147872 n kernel: hci0: skb 000000008ba6385a
Aug 14 20:31:40.151376 n kernel: hci0: result 0x00
Aug 14 20:31:40.151387 n kernel: hci0: end: err 0
Aug 14 20:31:40.151395 n kernel: hci0: Opcode 0x0c6d
Aug 14 20:31:40.151406 n kernel: hci0: opcode 0x0c6d plen 2
Aug 14 20:31:40.151417 n kernel: hci0: skb len 5
Aug 14 20:31:40.151425 n kernel: hci0: length 1
Aug 14 20:31:40.151434 n kernel: hci0 cmd_cnt 1 cmd queued 1
Aug 14 20:31:40.151442 n kernel: hci0: skb 0000000067253c7b
Aug 14 20:31:40.154432 n kernel: hci0: result 0x00
Aug 14 20:31:40.154454 n kernel: hci0: end: err 0
Aug 14 20:31:40.154471 n kernel: hci0: 
Aug 14 20:31:40.154491 n kernel: hci0: Opcode 0x0c12
Aug 14 20:31:40.154508 n kernel: hci0: opcode 0x0c12 plen 7
Aug 14 20:31:40.154534 n kernel: hci0: skb len 10
Aug 14 20:31:40.154550 n kernel: hci0: length 1
Aug 14 20:31:40.154565 n kernel: hci0 cmd_cnt 1 cmd queued 1
Aug 14 20:31:40.154581 n kernel: hci0: skb 000000004a5547a9
Aug 14 20:31:40.157412 n kernel: hci0: result 0x00
Aug 14 20:31:40.157433 n kernel: hci0: end: err 0
Aug 14 20:31:40.157449 n kernel: hci0: Opcode 0x0c77
Aug 14 20:31:40.157466 n kernel: hci0: opcode 0x0c77 plen 0
Aug 14 20:31:40.157482 n kernel: hci0: skb len 3
Aug 14 20:31:40.157504 n kernel: hci0: length 1
Aug 14 20:31:40.157519 n kernel: hci0 cmd_cnt 1 cmd queued 1
Aug 14 20:31:40.157535 n kernel: hci0: skb 000000009f3709a5
Aug 14 20:31:40.160412 n kernel: hci0: result 0x00
Aug 14 20:31:40.160433 n kernel: hci0: end: err 0
Aug 14 20:31:40.160449 n kernel: hci0: Opcode 0x0c7a
Aug 14 20:31:40.160466 n kernel: hci0: opcode 0x0c7a plen 1
Aug 14 20:31:40.160485 n kernel: hci0: skb len 4
Aug 14 20:31:40.160517 n kernel: hci0: length 1
Aug 14 20:31:40.160533 n kernel: hci0 cmd_cnt 1 cmd queued 1
Aug 14 20:31:40.160549 n kernel: hci0: skb 00000000ad538a6b
Aug 14 20:31:40.163410 n kernel: hci0: result 0x00
Aug 14 20:31:40.163430 n kernel: hci0: end: err 0
Aug 14 20:31:40.163446 n kernel: hci0: Opcode 0x0c1a
Aug 14 20:31:40.163573 n kernel: hci0: opcode 0x0c1a plen 1
Aug 14 20:31:40.163608 n kernel: hci0: skb len 4
Aug 14 20:31:40.163624 n kernel: hci0: length 1
Aug 14 20:31:40.163640 n kernel: hci0 cmd_cnt 1 cmd queued 1
Aug 14 20:31:40.163656 n kernel: hci0: skb 00000000cc8f8f2b
Aug 14 20:31:40.166411 n kernel: hci0: result 0x00
Aug 14 20:31:40.166431 n kernel: hci0: end: err 0
Aug 14 20:31:40.166448 n kernel: hci0: 
Aug 14 20:31:40.166468 n kernel: hci0: Opcode 0x0c24
Aug 14 20:31:40.166508 n kernel: hci0: opcode 0x0c24 plen 3
Aug 14 20:31:40.166524 n kernel: hci0: skb len 6
Aug 14 20:31:40.166541 n kernel: hci0: length 1
Aug 14 20:31:40.166556 n kernel: hci0 cmd_cnt 1 cmd queued 1
Aug 14 20:31:40.166572 n kernel: hci0: skb 00000000f5b27c8b
Aug 14 20:31:40.169454 n kernel: hci0: result 0x00
Aug 14 20:31:40.169475 n kernel: hci0: end: err 0
Aug 14 20:31:40.169494 n kernel: hci0: Opcode 0x0c13
Aug 14 20:31:40.169514 n kernel: hci0: opcode 0x0c13 plen 248
Aug 14 20:31:40.169530 n kernel: hci0: skb len 251
Aug 14 20:31:40.169546 n kernel: hci0: length 1
Aug 14 20:31:40.169561 n kernel: hci0 cmd_cnt 1 cmd queued 1
Aug 14 20:31:40.169577 n kernel: hci0: skb 00000000529bfacc
Aug 14 20:31:40.172419 n kernel: hci0: result 0x00
Aug 14 20:31:40.172439 n kernel: hci0: end: err 0
Aug 14 20:31:40.172456 n kernel: hci0: 
Aug 14 20:31:40.172472 n kernel: hci0: Opcode 0x0c52
Aug 14 20:31:40.172488 n kernel: hci0: opcode 0x0c52 plen 241
Aug 14 20:31:40.172504 n kernel: hci0: skb len 244
Aug 14 20:31:40.172519 n kernel: hci0: length 1
Aug 14 20:31:40.172535 n kernel: hci0 cmd_cnt 1 cmd queued 1
Aug 14 20:31:40.172550 n kernel: hci0: skb 00000000c1de1e26
Aug 14 20:31:40.175437 n kernel: hci0: result 0x00
Aug 14 20:31:40.175457 n kernel: hci0: end: err 0
Aug 14 20:31:40.175476 n kernel: hci0: entry 0000000040138cc0
Aug 14 20:31:40.175507 n kernel: hci0: ADV monitoring is off
Aug 14 20:31:40.175533 n kernel: hci0: stopping background scanning
Aug 14 20:31:40.175550 n kernel: hci0: 
Aug 14 20:31:40.177370 n kernel: hci0: 
Aug 14 20:31:40.177386 n kernel: hci0: entry 0000000077fd0e96
Aug 14 20:31:40.177403 n kernel: hci0: ADV monitoring is off
Aug 14 20:31:40.177411 n kernel: hci0: stopping background scanning
Aug 14 20:31:40.177428 n kernel: hci0: 
Aug 14 20:31:40.177437 n kernel: hci0: entry 0000000098095431
Aug 14 20:31:40.177448 n kernel: hci0: Opcode 0x0c3a
Aug 14 20:31:40.177456 n kernel: hci0: opcode 0x0c3a plen 4
Aug 14 20:31:40.177465 n kernel: hci0: skb len 7
Aug 14 20:31:40.177474 n kernel: hci0: length 1
Aug 14 20:31:40.177482 n kernel: hci0 cmd_cnt 1 cmd queued 1
Aug 14 20:31:40.177490 n kernel: hci0: skb 0000000069ae3ec8
Aug 14 20:31:40.180366 n kernel: hci0: result 0x00
Aug 14 20:31:40.180381 n kernel: hci0: end: err 0
Aug 14 20:31:40.180394 n kernel: hci0: Opcode 0x0c1a
Aug 14 20:31:40.180408 n kernel: hci0: opcode 0x0c1a plen 1
Aug 14 20:31:40.180422 n kernel: hci0: skb len 4
Aug 14 20:31:40.180435 n kernel: hci0: length 1
Aug 14 20:31:40.180449 n kernel: hci0 cmd_cnt 1 cmd queued 1
Aug 14 20:31:40.180462 n kernel: hci0: skb 0000000092788aff
Aug 14 20:31:40.182818 n kernel: hci0: result 0x00
Aug 14 20:31:40.182835 n kernel: hci0: end: err 0
Aug 14 20:31:40.182851 n kernel: hci0: 
Aug 14 20:31:40.182883 n kernel: hci0: state 0 -> 1
Aug 14 20:31:40.182905 n kernel: hci0: 
Aug 14 20:31:40.182921 n kernel: hci0: entry 000000002cd53d9e
Aug 14 20:31:40.182947 n kernel: hci0: type 7
Aug 14 20:31:40.182963 n kernel: hci0: 
Aug 14 20:31:40.182978 n kernel: hci0: cancelling interleave scan
Aug 14 20:31:40.183013 n kernel: hci0: Opcode 0x2005
Aug 14 20:31:40.183036 n kernel: hci0: opcode 0x2005 plen 6
Aug 14 20:31:40.183063 n kernel: hci0: skb len 9
Aug 14 20:31:40.183093 n kernel: hci0: length 1
Aug 14 20:31:40.183146 n kernel: hci0 cmd_cnt 1 cmd queued 1
Aug 14 20:31:40.183176 n kernel: hci0: skb 000000003db4f9c4
Aug 14 20:31:40.186357 n kernel: hci0: result 0x00
Aug 14 20:31:40.186366 n kernel: hci0: end: err 0
Aug 14 20:31:40.186375 n kernel: hci0: Opcode 0x200b
Aug 14 20:31:40.186384 n kernel: hci0: opcode 0x200b plen 7
Aug 14 20:31:40.186394 n kernel: hci0: skb len 10
Aug 14 20:31:40.186404 n kernel: hci0: length 1
Aug 14 20:31:40.186423 n kernel: hci0 cmd_cnt 1 cmd queued 1
Aug 14 20:31:40.186433 n kernel: hci0: skb 0000000097cb7889
Aug 14 20:31:40.188355 n kernel: Bluetooth: hci0: unexpected event for opcode 0x2005
Aug 14 20:31:40.190352 n kernel: hci0: result 0x00
Aug 14 20:31:40.190360 n kernel: hci0: end: err 0
Aug 14 20:31:40.190367 n kernel: hci0: Opcode 0x200c
Aug 14 20:31:40.190375 n kernel: hci0: opcode 0x200c plen 2
Aug 14 20:31:40.190390 n kernel: hci0: skb len 5
Aug 14 20:31:40.190398 n kernel: hci0: length 1
Aug 14 20:31:40.190405 n kernel: hci0 cmd_cnt 1 cmd queued 1
Aug 14 20:31:40.190412 n kernel: hci0: skb 00000000d0d21f0d
Aug 14 20:31:40.193350 n kernel: hci0: state 1 -> 2
Aug 14 20:31:40.193395 n kernel: hci0: result 0x00
Aug 14 20:31:40.193409 n kernel: hci0: end: err 0
Aug 14 20:31:40.193423 n kernel: hci0: timeout 5120 ms
Aug 14 20:31:45.423357 n kernel: hci0: 
Aug 14 20:31:45.423501 n kernel: hci0: 
Aug 14 20:31:45.423518 n kernel: hci0: entry 000000005c037f1c
Aug 14 20:31:45.423541 n kernel: hci0: Opcode 0x200c
Aug 14 20:31:45.423555 n kernel: hci0: opcode 0x200c plen 2
Aug 14 20:31:45.423568 n kernel: hci0: skb len 5
Aug 14 20:31:45.423590 n kernel: hci0: length 1
Aug 14 20:31:45.423604 n kernel: hci0 cmd_cnt 1 cmd queued 1
Aug 14 20:31:45.423619 n kernel: hci0: skb 00000000864aa928
Aug 14 20:31:45.425363 n kernel: hci0: result 0x00
Aug 14 20:31:45.425377 n kernel: hci0: 
Aug 14 20:31:45.425390 n kernel: hci0: end: err 0
Aug 14 20:31:45.425426 n kernel: hci0: entry 00000000279c5f5b
Aug 14 20:31:45.425440 n kernel: hci0: 
Aug 14 20:31:45.425452 n kernel: hci0: Opcode 0x0401
Aug 14 20:31:45.425479 n kernel: hci0: opcode 0x0401 plen 5
Aug 14 20:31:45.425498 n kernel: hci0: skb len 8
Aug 14 20:31:45.425512 n kernel: hci0: length 1
Aug 14 20:31:45.425527 n kernel: hci0 cmd_cnt 1 cmd queued 1
Aug 14 20:31:45.425540 n kernel: hci0: skb 00000000aeffe1b6
Aug 14 20:31:45.428385 n kernel: hci0: result 0x00
Aug 14 20:31:45.428399 n kernel: hci0: end: err 0
Aug 14 20:31:45.428412 n kernel: hci0: entry 00000000a672f455
Aug 14 20:31:45.428428 n kernel: hci0: 
Aug 14 20:31:45.428446 n kernel: hci0: 
Aug 14 20:31:50.550655 n kernel: hci0: state 2 -> 0
Aug 14 20:31:50.550677 n kernel: hci0: 
Aug 14 20:31:50.550691 n kernel: hci0: entry 00000000fe8b519d
Aug 14 20:31:50.550701 n kernel: hci0: ADV monitoring is off
Aug 14 20:31:50.550712 n kernel: hci0: stopping background scanning
Aug 14 20:31:51.785381 n kernel: hci0: dst AA:BB:CC:00:00:01
Aug 14 20:31:51.785407 n kernel: hci0: dst AA:BB:CC:00:00:01 handle 0x0f00
Aug 14 20:31:51.785427 n kernel: hci0 evt 1
Aug 14 20:31:51.785448 n kernel: hci0 hcon 00000000ea592225
Aug 14 20:31:51.785458 n kernel: hci0: 
Aug 14 20:31:51.785471 n kernel: hci0: entry 000000007d575ca3
Aug 14 20:31:51.785494 n kernel: hci0: Opcode 0x0405
Aug 14 20:31:51.785507 n kernel: hci0: opcode 0x0405 plen 13
Aug 14 20:31:51.785519 n kernel: hci0: skb len 16
Aug 14 20:31:51.785534 n kernel: hci0: length 1
Aug 14 20:31:51.785563 n kernel: hci0 cmd_cnt 1 cmd queued 1
Aug 14 20:31:51.785577 n kernel: hci0: skb 00000000d34fac54
Aug 14 20:31:52.744540 n kernel: hci0: hcon 00000000ea592225 handle 0x0002
Aug 14 20:31:52.744597 n kernel: hci0 opcode 0x041b plen 2
Aug 14 20:31:52.744645 n kernel: hci0: skb len 5
Aug 14 20:31:52.744681 n kernel: hci0: result 0x00
Aug 14 20:31:52.744710 n kernel: hci0 cmd_cnt 1 cmd queued 1
Aug 14 20:31:52.744729 n kernel: hci0: skb 0000000084fdec3f
Aug 14 20:31:52.744745 n kernel: hci0: end: err 0
Aug 14 20:31:52.744760 n kernel: hci0: entry 0000000051a424f5
Aug 14 20:31:52.744785 n kernel: hci0: Opcode 0x0c1a
Aug 14 20:31:52.744799 n kernel: hci0: opcode 0x0c1a plen 1
Aug 14 20:31:52.744813 n kernel: hci0: skb len 4
Aug 14 20:31:52.744826 n kernel: hci0: length 1
Aug 14 20:31:52.744841 n kernel: hci0 cmd_cnt 0 cmd queued 1
Aug 14 20:31:52.755382 n kernel: hci0 cmd_cnt 1 cmd queued 1
Aug 14 20:31:52.755431 n kernel: hci0: skb 00000000b71f4bc8
Aug 14 20:31:52.759427 n kernel: hci0: result 0x00
Aug 14 20:31:52.759467 n kernel: hci0: end: err 0
Aug 14 20:31:52.759499 n kernel: hci0: ADV monitoring is off
Aug 14 20:31:52.759526 n kernel: hci0: stopping background scanning
Aug 14 20:31:52.759545 n kernel: hci0: entry 000000006e92e17e
Aug 14 20:31:52.759563 n kernel: hci0: 
Aug 14 20:31:52.765356 n kernel: hci0 opcode 0x041c plen 3
Aug 14 20:31:52.765402 n kernel: hci0: skb len 6
Aug 14 20:31:52.765418 n kernel: hci0 cmd_cnt 1 cmd queued 1
Aug 14 20:31:52.765428 n kernel: hci0: skb 00000000da7c7f28
Aug 14 20:31:52.773439 n kernel: hci0 opcode 0x0419 plen 10
Aug 14 20:31:52.773472 n kernel: hci0: skb len 13
Aug 14 20:31:52.773491 n kernel: hci0 cmd_cnt 1 cmd queued 1
Aug 14 20:31:52.773513 n kernel: hci0: skb 00000000ae570748
Aug 14 20:31:52.862551 n kernel: hci0 opcode 0x0411 plen 2
Aug 14 20:31:52.862577 n kernel: hci0: skb len 5
Aug 14 20:31:52.862598 n kernel: hci0 cmd_cnt 1 cmd queued 1
Aug 14 20:31:52.862614 n kernel: hci0: skb 0000000063cdde37
Aug 14 20:31:52.866376 n kernel: hci0 opcode 0x040b plen 22
Aug 14 20:31:52.866484 n kernel: hci0: skb len 25
Aug 14 20:31:52.866519 n kernel: hci0 cmd_cnt 1 cmd queued 1
Aug 14 20:31:52.866538 n kernel: hci0: skb 00000000f4457fa7
Aug 14 20:31:52.930381 n kernel: hci0 opcode 0x0413 plen 3
Aug 14 20:31:52.930442 n kernel: hci0: skb len 6
Aug 14 20:31:52.930495 n kernel: hci0 cmd_cnt 1 cmd queued 1
Aug 14 20:31:52.930523 n kernel: hci0: skb 000000006f4577d8
Aug 14 20:31:52.984400 n kernel: hci0 opcode 0x1408 plen 2
Aug 14 20:31:52.984447 n kernel: hci0: skb len 5
Aug 14 20:31:52.984461 n kernel: hci0 cmd_cnt 1 cmd queued 1
Aug 14 20:31:52.984474 n kernel: hci0: skb 000000009f3709a5
Aug 14 20:31:53.450370 n kernel: hci0: 
Aug 14 20:31:53.450379 n kernel: hci0: entry 00000000418c4fea
Aug 14 20:31:53.450387 n kernel: hci0: ADV monitoring is off
Aug 14 20:31:53.450395 n kernel: hci0: stopping background scanning
Aug 14 20:31:53.450409 n kernel: hci0: 
Aug 14 20:31:53.450416 n kernel: hci0: entry 00000000d6893faa
Aug 14 20:31:53.450423 n kernel: hci0: Opcode 0x0c3a
Aug 14 20:31:53.450430 n kernel: hci0: opcode 0x0c3a plen 4
Aug 14 20:31:53.450437 n kernel: hci0: skb len 7
Aug 14 20:31:53.450444 n kernel: hci0: length 1
Aug 14 20:31:53.450451 n kernel: hci0 cmd_cnt 1 cmd queued 1
Aug 14 20:31:53.450458 n kernel: hci0: skb 000000000c1f9d1a
Aug 14 20:31:53.454412 n kernel: hci0: result 0x00
Aug 14 20:31:53.454451 n kernel: hci0: end: err 0
Aug 14 20:31:53.454468 n kernel: hci0: Opcode 0x0c1a
Aug 14 20:31:53.454484 n kernel: hci0: opcode 0x0c1a plen 1
Aug 14 20:31:53.454501 n kernel: hci0: skb len 4
Aug 14 20:31:53.454517 n kernel: hci0: length 1
Aug 14 20:31:53.454532 n kernel: hci0 cmd_cnt 1 cmd queued 1
Aug 14 20:31:53.454548 n kernel: hci0: skb 00000000cf88216f
Aug 14 20:31:53.457382 n kernel: hci0: result 0x00
Aug 14 20:31:53.457399 n kernel: hci0: end: err 0
Aug 14 20:31:53.457414 n kernel: hci0: 
Aug 14 20:31:53.457456 n kernel: hci0: state 0 -> 1
Aug 14 20:31:53.457472 n kernel: hci0: 
Aug 14 20:31:53.457487 n kernel: hci0: entry 00000000132a6ba8
Aug 14 20:31:53.457503 n kernel: hci0: type 7
Aug 14 20:31:53.457519 n kernel: hci0: 
Aug 14 20:31:53.457534 n kernel: hci0: cancelling interleave scan
Aug 14 20:31:53.457550 n kernel: hci0: Opcode 0x2005
Aug 14 20:31:53.457567 n kernel: hci0: opcode 0x2005 plen 6
Aug 14 20:31:53.457583 n kernel: hci0: skb len 9
Aug 14 20:31:53.457598 n kernel: hci0: length 1
Aug 14 20:31:53.457614 n kernel: hci0 cmd_cnt 1 cmd queued 1
Aug 14 20:31:53.457629 n kernel: hci0: skb 00000000e651a04c
Aug 14 20:31:53.460410 n kernel: hci0: result 0x00
Aug 14 20:31:53.460430 n kernel: hci0: end: err 0
Aug 14 20:31:53.460447 n kernel: hci0: Opcode 0x200b
Aug 14 20:31:53.460464 n kernel: hci0: opcode 0x200b plen 7
Aug 14 20:31:53.460497 n kernel: hci0: skb len 10
Aug 14 20:31:53.460514 n kernel: hci0: length 1
Aug 14 20:31:53.460529 n kernel: hci0 cmd_cnt 1 cmd queued 1
Aug 14 20:31:53.460545 n kernel: hci0: skb 00000000ceb15ff4
Aug 14 20:31:53.462371 n kernel: Bluetooth: hci0: unexpected event for opcode 0x2005
Aug 14 20:31:53.467415 n kernel: hci0: result 0x00
Aug 14 20:31:53.467435 n kernel: hci0: end: err 0
Aug 14 20:31:53.467452 n kernel: hci0: Opcode 0x200c
Aug 14 20:31:53.467468 n kernel: hci0: opcode 0x200c plen 2
Aug 14 20:31:53.467502 n kernel: hci0: skb len 5
Aug 14 20:31:53.467519 n kernel: hci0: length 1
Aug 14 20:31:53.467544 n kernel: hci0 cmd_cnt 1 cmd queued 1
Aug 14 20:31:53.467560 n kernel: hci0: skb 00000000844fcd71
Aug 14 20:31:53.477352 n kernel: hci0: state 1 -> 2
Aug 14 20:31:53.477379 n kernel: hci0: result 0x00
Aug 14 20:31:53.477386 n kernel: hci0: end: err 0
Aug 14 20:31:53.477394 n kernel: hci0: timeout 5120 ms
Aug 14 20:31:55.842362 n kernel: hci0: 
Aug 14 20:31:55.842373 n kernel: hci0: entry 00000000ae904f19
Aug 14 20:31:55.842384 n kernel: hci0: Opcode 0x0c1a
Aug 14 20:31:55.842405 n kernel: hci0: opcode 0x0c1a plen 1
Aug 14 20:31:55.842415 n kernel: hci0: skb len 4
Aug 14 20:31:55.842425 n kernel: hci0: length 1
Aug 14 20:31:55.842435 n kernel: hci0 cmd_cnt 1 cmd queued 1
Aug 14 20:31:55.842445 n kernel: hci0: skb 000000006e579c2c
Aug 14 20:31:55.844364 n kernel: hci0: result 0x00
Aug 14 20:31:55.844373 n kernel: hci0: end: err 0
Aug 14 20:31:55.848373 n kernel: hci0: state 2 -> 4
Aug 14 20:31:55.848384 n kernel: hci0: 
Aug 14 20:31:55.848394 n kernel: hci0: entry 00000000392ab5af
Aug 14 20:31:55.848410 n kernel: hci0: state 4
Aug 14 20:31:55.848419 n kernel: hci0: Opcode 0x200c
Aug 14 20:31:55.848429 n kernel: hci0: opcode 0x200c plen 2
Aug 14 20:31:55.848438 n kernel: hci0: skb len 5
Aug 14 20:31:55.848447 n kernel: hci0: length 1
Aug 14 20:31:55.848462 n kernel: hci0 cmd_cnt 1 cmd queued 1
Aug 14 20:31:55.848472 n kernel: hci0: skb 00000000b6bc02d7
Aug 14 20:31:55.850363 n kernel: hci0: result 0x00
Aug 14 20:31:55.850373 n kernel: hci0: end: err 0
Aug 14 20:31:55.850391 n kernel: hci0: state 4 -> 0
Aug 14 20:31:55.850399 n kernel: hci0: entry 00000000614ff67b
Aug 14 20:31:55.850419 n kernel: hci0: ADV monitoring is off
Aug 14 20:31:55.850428 n kernel: hci0: stopping background scanning
Aug 14 20:31:55.850436 n kernel: hci0: 
Aug 14 20:32:14.329439 n kernel: hci0: dst AA:BB:CC:00:00:01
Aug 14 20:32:14.329476 n kernel: hci0: dst AA:BB:CC:00:00:01 handle 0x0f00
Aug 14 20:32:14.329492 n kernel: hci0: parent 00000000ea592225 hcon 000000001f198eb2
Aug 14 20:32:14.329536 n kernel: hci0: hcon 000000001f198eb2
Aug 14 20:32:14.329557 n kernel: hci0 opcode 0x0428 plen 17
Aug 14 20:32:14.329574 n kernel: hci0: skb len 20
Aug 14 20:32:14.329593 n kernel: hci0 cmd_cnt 1 cmd queued 1
Aug 14 20:32:14.329617 n kernel: hci0: skb 000000007693c921
Aug 14 20:32:14.406369 n kernel: hci0: hcon 000000001f198eb2 handle 0x0003
Aug 14 20:32:14.406486 n kernel: hci0 evt 5
Aug 14 20:32:14.409374 n kernel: hci0
Aug 14 20:32:14.409442 n kernel: hci0
Aug 14 20:32:19.890390 n kernel: hci0: handle 0x03 reason 0x13
Aug 14 20:32:19.890418 n kernel: hci0: 
Aug 14 20:32:19.890440 n kernel: hci0: entry 0000000068df7de0
Aug 14 20:32:19.890449 n kernel: hci0: Opcode 0x0406
Aug 14 20:32:19.890463 n kernel: hci0: opcode 0x0406 plen 3
Aug 14 20:32:19.890471 n kernel: hci0: skb len 6
Aug 14 20:32:19.890478 n kernel: hci0: length 1
Aug 14 20:32:19.890488 n kernel: hci0 cmd_cnt 1 cmd queued 1
Aug 14 20:32:19.890496 n kernel: hci0: skb 0000000037e49730
Aug 14 20:32:21.903376 n kernel: hci0: end: err -110
Aug 14 20:32:21.903437 n kernel: hci0: status 0x13
Aug 14 20:32:21.903488 n kernel: hci0 hcon 000000001f198eb2 handle 3
Aug 14 20:32:21.903506 n kernel: hci0: hcon 000000001f198eb2
Aug 14 20:32:21.903521 n kernel: Bluetooth: hci0: command 0x0406 tx timeout
Aug 14 20:32:21.903538 n kernel: hci0: err 0x6e
Aug 14 20:32:21.903569 n kernel: hci0 cmd_cnt 1 cmd queued 0
Aug 14 20:32:21.911495 n kernel: hci0 evt 6
Aug 14 20:32:27.409590 n kernel: Bluetooth: hci0: setting interface failed (110)
Aug 14 20:32:40.301398 n kernel: hci0: dst AA:BB:CC:00:00:01
Aug 14 20:32:40.301407 n kernel: hci0: dst AA:BB:CC:00:00:01 handle 0x0f00
Aug 14 20:32:40.301428 n kernel: hci0: parent 00000000ea592225 hcon 00000000f3bd2666
Aug 14 20:32:40.301444 n kernel: hci0: hcon 00000000f3bd2666
Aug 14 20:32:40.301451 n kernel: hci0 opcode 0x0428 plen 17
Aug 14 20:32:40.301469 n kernel: hci0: skb len 20
Aug 14 20:32:40.301477 n kernel: hci0 cmd_cnt 1 cmd queued 1
Aug 14 20:32:40.301485 n kernel: hci0: skb 00000000a1b9fb9a
Aug 14 20:32:42.319405 n kernel: Bluetooth: hci0: command 0x0406 tx timeout
Aug 14 20:32:42.319503 n kernel: hci0: err 0x6e
Aug 14 20:32:42.319515 n kernel: hci0 cmd_cnt 1 cmd queued 0
Aug 14 20:32:48.989364 n kernel: hci0: 
Aug 14 20:32:48.989383 n kernel: hci0: entry 000000002f606e94
Aug 14 20:32:48.989400 n kernel: hci0: ADV monitoring is off
Aug 14 20:32:48.989413 n kernel: hci0: stopping background scanning
Aug 14 20:32:48.989438 n kernel: hci0: 
Aug 14 20:32:48.989451 n kernel: hci0: entry 0000000065d4d034
Aug 14 20:32:48.989463 n kernel: hci0: Opcode 0x0c3a
Aug 14 20:32:48.989481 n kernel: hci0: opcode 0x0c3a plen 4
Aug 14 20:32:48.989491 n kernel: hci0: skb len 7
Aug 14 20:32:48.989501 n kernel: hci0: length 1
Aug 14 20:32:48.989516 n kernel: hci0 cmd_cnt 1 cmd queued 1
Aug 14 20:32:48.989531 n kernel: hci0: skb 000000007ea09eaa
Aug 14 20:32:51.023359 n kernel: Bluetooth: hci0: command 0x0406 tx timeout
Aug 14 20:32:51.023414 n kernel: hci0: end: err -110
Aug 14 20:32:51.023424 n kernel: Bluetooth: hci0: Opcode 0x0c3a failed: -110
Aug 14 20:32:51.023443 n kernel: hci0: err 0x6e
Aug 14 20:32:51.023455 n kernel: hci0 cmd_cnt 1 cmd queued 0
Aug 14 20:32:51.023489 n kernel: hci0: state 0 -> 1
Aug 14 20:32:51.023502 n kernel: hci0: 
Aug 14 20:32:51.023521 n kernel: hci0: entry 00000000e43b851c
Aug 14 20:32:51.023536 n kernel: hci0: type 7
Aug 14 20:32:51.023548 n kernel: hci0: 
Aug 14 20:32:51.023560 n kernel: hci0: cancelling interleave scan
Aug 14 20:32:51.023575 n kernel: hci0: Opcode 0x2005
Aug 14 20:32:51.023584 n kernel: hci0: opcode 0x2005 plen 6
Aug 14 20:32:51.023591 n kernel: hci0: skb len 9
Aug 14 20:32:51.023604 n kernel: hci0: length 1
Aug 14 20:32:51.023613 n kernel: hci0 cmd_cnt 1 cmd queued 1
Aug 14 20:32:51.023623 n kernel: hci0: skb 00000000eabbf4f1
Aug 14 20:32:53.071408 n kernel: hci0: end: err -110
Aug 14 20:32:53.071532 n kernel: Bluetooth: hci0: command 0x0406 tx timeout
Aug 14 20:32:53.071550 n kernel: hci0: err 0x6e
Aug 14 20:32:53.071565 n kernel: hci0 cmd_cnt 1 cmd queued 0
Aug 14 20:32:53.071579 n kernel: Bluetooth: hci0: Opcode 0x2005 failed: -110
Aug 14 20:32:53.071599 n kernel: hci0: Opcode 0x200b
Aug 14 20:32:53.071629 n kernel: hci0: opcode 0x200b plen 7
Aug 14 20:32:53.071644 n kernel: hci0: skb len 10
Aug 14 20:32:53.071664 n kernel: hci0: length 1
Aug 14 20:32:53.071678 n kernel: hci0 cmd_cnt 1 cmd queued 1
Aug 14 20:32:53.071691 n kernel: hci0: skb 00000000e194d07f
Aug 14 20:32:53.622395 n kernel: hci0: handle 0xf00 reason 0x13
Aug 14 20:32:55.119356 n kernel: Bluetooth: hci0: command 0x0406 tx timeout
Aug 14 20:32:55.119402 n kernel: hci0: end: err -110
Aug 14 20:32:55.119418 n kernel: hci0: err 0x6e
Aug 14 20:32:55.119430 n kernel: Bluetooth: hci0: Opcode 0x200b failed: -110
Aug 14 20:32:55.119443 n kernel: hci0 cmd_cnt 1 cmd queued 0
Aug 14 20:32:55.119459 n kernel: hci0: state 1 -> 0
Aug 14 20:32:55.119478 n kernel: hci0: entry 0000000068df7de0
Aug 14 20:32:55.119496 n kernel: hci0: Opcode 0x0408
Aug 14 20:32:55.119516 n kernel: hci0: opcode 0x0408 plen 6
Aug 14 20:32:55.119529 n kernel: hci0: skb len 9
Aug 14 20:32:55.119539 n kernel: hci0: length 1
Aug 14 20:32:55.119550 n kernel: hci0 cmd_cnt 1 cmd queued 1
Aug 14 20:32:55.119561 n kernel: hci0: skb 0000000084b054d0
Aug 14 20:32:57.167406 n kernel: Bluetooth: hci0: command 0x0406 tx timeout
Aug 14 20:32:57.167501 n kernel: hci0: err 0x6e
Aug 14 20:32:57.167567 n kernel: hci0 cmd_cnt 1 cmd queued 0
Aug 14 20:32:57.167593 n kernel: hci0: end: err -110
Aug 14 20:32:57.167617 n kernel: hci0: status 0x13
Aug 14 20:32:57.167643 n kernel: hci0 hcon 00000000f3bd2666 handle 3840
Aug 14 20:32:57.167683 n kernel: hci0: hcon 00000000f3bd2666
Aug 14 20:32:57.179442 n kernel: hci0 evt 6
Aug 14 20:32:57.179470 n kernel: hci0: entry 00000000cf9d8a04
Aug 14 20:32:57.179482 n kernel: hci0: ADV monitoring is off
Aug 14 20:32:57.179501 n kernel: hci0: stopping background scanning
Aug 14 20:32:57.179519 n kernel: hci0: entry 00000000be26983a
Aug 14 20:32:57.179548 n kernel: hci0: handle 0x02 reason 0x13
Aug 14 20:32:57.179575 n kernel: hci0: Opcode 0x0406
Aug 14 20:32:57.179591 n kernel: hci0: opcode 0x0406 plen 3
Aug 14 20:32:57.179602 n kernel: hci0: skb len 6
Aug 14 20:32:57.179618 n kernel: hci0: length 1
Aug 14 20:32:57.179629 n kernel: hci0 cmd_cnt 1 cmd queued 1
Aug 14 20:32:57.179640 n kernel: hci0: skb 00000000d3b81465
Aug 14 20:32:59.215361 n kernel: Bluetooth: hci0: command 0x0406 tx timeout
Aug 14 20:32:59.215402 n kernel: hci0: end: err -110
Aug 14 20:32:59.215417 n kernel: hci0: status 0x13
Aug 14 20:32:59.215429 n kernel: hci0: err 0x6e
Aug 14 20:32:59.215441 n kernel: hci0 cmd_cnt 1 cmd queued 0
Aug 14 20:32:59.215457 n kernel: hci0 hcon 00000000ea592225 chan 00000000f3aa3d5e
Aug 14 20:32:59.219342 n kernel: hci0 hcon 00000000ea592225 handle 2
Aug 14 20:32:59.219376 n kernel: hci0: hcon 00000000ea592225
Aug 14 20:32:59.235403 n kernel: hci0 evt 2
Aug 14 20:32:59.235419 n kernel: hci0: 
Aug 14 20:32:59.235486 n kernel: hci0: state 0 -> 1
Aug 14 20:32:59.235494 n kernel: hci0: 
Aug 14 20:32:59.235504 n kernel: hci0: entry 00000000a4b5928b
Aug 14 20:32:59.235517 n kernel: hci0: type 7
Aug 14 20:32:59.235525 n kernel: hci0: 
Aug 14 20:32:59.235535 n kernel: hci0: cancelling interleave scan
Aug 14 20:32:59.235544 n kernel: hci0: Opcode 0x2005
Aug 14 20:32:59.235558 n kernel: hci0: opcode 0x2005 plen 6
Aug 14 20:32:59.235576 n kernel: hci0: skb len 9
Aug 14 20:32:59.235584 n kernel: hci0: length 1
Aug 14 20:32:59.235593 n kernel: hci0 cmd_cnt 1 cmd queued 1
Aug 14 20:32:59.235602 n kernel: hci0: skb 00000000fa0fe74b
Aug 14 20:33:01.263388 n kernel: hci0: end: err -110
Aug 14 20:33:01.263469 n kernel: Bluetooth: hci0: Opcode 0x2005 failed: -110
Aug 14 20:33:01.263502 n kernel: Bluetooth: hci0: command 0x0406 tx timeout
Aug 14 20:33:01.263511 n kernel: hci0: err 0x6e
Aug 14 20:33:01.263524 n kernel: hci0: Opcode 0x200b
Aug 14 20:33:01.263543 n kernel: hci0: opcode 0x200b plen 7
Aug 14 20:33:01.263555 n kernel: hci0 cmd_cnt 1 cmd queued 0
Aug 14 20:33:01.263565 n kernel: hci0: skb len 10
Aug 14 20:33:01.263578 n kernel: hci0: length 1
Aug 14 20:33:01.263592 n kernel: hci0 cmd_cnt 1 cmd queued 1
Aug 14 20:33:01.263599 n kernel: hci0: skb 00000000e927da2a
Aug 14 20:33:03.311361 n kernel: Bluetooth: hci0: command 0x0406 tx timeout
Aug 14 20:33:03.311430 n kernel: hci0: end: err -110
Aug 14 20:33:03.311449 n kernel: Bluetooth: hci0: Opcode 0x200b failed: -110
Aug 14 20:33:03.311464 n kernel: hci0: err 0x6e
Aug 14 20:33:03.311499 n kernel: hci0: state 1 -> 0
Aug 14 20:33:03.311541 n kernel: hci0 cmd_cnt 1 cmd queued 0
Aug 14 20:33:03.311567 n kernel: hci0: entry 00000000cf9d8a04
Aug 14 20:33:03.311591 n kernel: hci0: ADV monitoring is off
Aug 14 20:33:03.311611 n kernel: hci0: stopping background scanning
Aug 14 20:33:03.311630 n kernel: hci0: 
Aug 14 21:02:55.594407 n kernel: hci0: dst AA:BB:CC:00:00:01
Aug 14 21:02:55.594429 n kernel: hci0: dst AA:BB:CC:00:00:01 handle 0x0f00
Aug 14 21:02:55.594444 n kernel: hci0 evt 1
Aug 14 21:02:55.594471 n kernel: hci0 hcon 00000000ea592225
Aug 14 21:02:55.594483 n kernel: hci0: 
Aug 14 21:02:55.594503 n kernel: hci0: entry 00000000346e530b
Aug 14 21:02:55.594527 n kernel: hci0: Opcode 0x0405
Aug 14 21:02:55.594538 n kernel: hci0: opcode 0x0405 plen 13
Aug 14 21:02:55.594559 n kernel: hci0: skb len 16
Aug 14 21:02:55.594571 n kernel: hci0: length 1
Aug 14 21:02:55.594586 n kernel: hci0 cmd_cnt 1 cmd queued 1
Aug 14 21:02:55.594599 n kernel: hci0: skb 000000004a8e1df5
Aug 14 21:02:57.615386 n kernel: Bluetooth: hci0: command 0x0406 tx timeout
Aug 14 21:02:57.615515 n kernel: hci0: err 0x6e
Aug 14 21:02:57.615533 n kernel: hci0 cmd_cnt 1 cmd queued 0
Aug 14 21:02:57.615553 n kernel: hci0: end: err -110
Aug 14 21:03:12.645402 n kernel: hci0: state 0 -> 1
Aug 14 21:03:12.645415 n kernel: hci0: 
Aug 14 21:03:12.645429 n kernel: hci0: entry 00000000867923da
Aug 14 21:03:12.645451 n kernel: hci0: type 7
Aug 14 21:03:12.645467 n kernel: hci0: 
Aug 14 21:03:12.645479 n kernel: hci0: cancelling interleave scan
Aug 14 21:03:12.645493 n kernel: hci0: Opcode 0x2005
Aug 14 21:03:12.645505 n kernel: hci0: opcode 0x2005 plen 6
Aug 14 21:03:12.645520 n kernel: hci0: skb len 9
Aug 14 21:03:12.645537 n kernel: hci0: length 1
Aug 14 21:03:12.645551 n kernel: hci0 cmd_cnt 1 cmd queued 1
Aug 14 21:03:12.645564 n kernel: hci0: skb 00000000bc7c02e2
Aug 14 21:03:14.703383 n kernel: hci0: end: err -110
Aug 14 21:03:14.703546 n kernel: Bluetooth: hci0: Opcode 0x2005 failed: -110
Aug 14 21:03:14.703575 n kernel: Bluetooth: hci0: command 0x0406 tx timeout
Aug 14 21:03:14.703592 n kernel: hci0: Opcode 0x200b
Aug 14 21:03:14.703618 n kernel: hci0: opcode 0x200b plen 7
Aug 14 21:03:14.703633 n kernel: hci0: skb len 10
Aug 14 21:03:14.703656 n kernel: hci0: err 0x6e
Aug 14 21:03:14.703665 n kernel: hci0: length 1
Aug 14 21:03:14.703692 n kernel: hci0 cmd_cnt 1 cmd queued 0
Aug 14 21:03:14.703710 n kernel: hci0: skb 0000000098b57e79
Aug 14 21:03:14.703730 n kernel: hci0 cmd_cnt 0 cmd queued 0
Aug 14 21:03:16.751350 n kernel: hci0: end: err -110
Aug 14 21:03:16.751411 n kernel: Bluetooth: hci0: Opcode 0x200b failed: -110
Aug 14 21:03:16.751454 n kernel: Bluetooth: hci0: command 0x0406 tx timeout
Aug 14 21:03:16.751476 n kernel: hci0: err 0x6e
Aug 14 21:03:16.751502 n kernel: hci0 cmd_cnt 1 cmd queued 0
Aug 14 21:03:16.751521 n kernel: hci0: state 1 -> 0
Aug 14 21:03:16.751553 n kernel: hci0: entry 00000000053a93af
Aug 14 21:03:16.751579 n kernel: hci0: ADV monitoring is off
Aug 14 21:03:16.751615 n kernel: hci0: stopping background scanning
Aug 14 21:03:16.751634 n kernel: hci0: 
Aug 14 21:03:16.751680 n kernel: hci0: state 0 -> 1
Aug 14 21:03:16.751698 n kernel: hci0: 
Aug 14 21:03:16.751716 n kernel: hci0: entry 00000000eefd693f
Aug 14 21:03:16.751741 n kernel: hci0: type 7
Aug 14 21:03:16.751766 n kernel: hci0: 
Aug 14 21:03:16.751785 n kernel: hci0: cancelling interleave scan
Aug 14 21:03:16.751812 n kernel: hci0: Opcode 0x2005
Aug 14 21:03:16.751830 n kernel: hci0: opcode 0x2005 plen 6
Aug 14 21:03:16.751848 n kernel: hci0: skb len 9
Aug 14 21:03:16.751869 n kernel: hci0: length 1
Aug 14 21:03:16.751887 n kernel: hci0 cmd_cnt 1 cmd queued 1
Aug 14 21:03:16.751912 n kernel: hci0: skb 00000000ff82d795
Aug 14 21:03:18.800380 n kernel: hci0: end: err -110
Aug 14 21:03:18.800469 n kernel: Bluetooth: hci0: Opcode 0x2005 failed: -110
Aug 14 21:03:18.800488 n kernel: Bluetooth: hci0: command 0x0406 tx timeout
Aug 14 21:03:18.800514 n kernel: hci0: err 0x6e
Aug 14 21:03:18.800538 n kernel: hci0: Opcode 0x200b
Aug 14 21:03:18.800553 n kernel: hci0: opcode 0x200b plen 7
Aug 14 21:03:18.800567 n kernel: hci0 cmd_cnt 1 cmd queued 0
Aug 14 21:03:18.800577 n kernel: hci0: skb len 10
Aug 14 21:03:18.800591 n kernel: hci0: length 1
Aug 14 21:03:18.800604 n kernel: hci0 cmd_cnt 1 cmd queued 1
Aug 14 21:03:18.800619 n kernel: hci0: skb 00000000adfd397e
Aug 14 21:03:20.847383 n kernel: hci0: end: err -110
Aug 14 21:03:20.847454 n kernel: Bluetooth: hci0: Opcode 0x200b failed: -110
Aug 14 21:03:20.847493 n kernel: Bluetooth: hci0: command 0x0406 tx timeout
Aug 14 21:03:20.847518 n kernel: hci0: err 0x6e
Aug 14 21:03:20.847541 n kernel: hci0: state 1 -> 0
Aug 14 21:03:20.847571 n kernel: hci0: entry 00000000614ff67b
Aug 14 21:03:20.847623 n kernel: hci0 cmd_cnt 1 cmd queued 0
Aug 14 21:03:20.847642 n kernel: hci0: ADV monitoring is off
Aug 14 21:03:20.847664 n kernel: hci0: stopping background scanning
Aug 14 21:03:20.847680 n kernel: hci0: 
Aug 14 21:03:20.847723 n kernel: hci0: state 0 -> 1
Aug 14 21:03:20.847743 n kernel: hci0: 
Aug 14 21:03:20.847764 n kernel: hci0: entry 000000007ce52107
Aug 14 21:03:20.847801 n kernel: hci0: type 7
Aug 14 21:03:20.847828 n kernel: hci0: 
Aug 14 21:03:20.847851 n kernel: hci0: cancelling interleave scan
Aug 14 21:03:20.847874 n kernel: hci0: Opcode 0x2005
Aug 14 21:03:20.847897 n kernel: hci0: opcode 0x2005 plen 6
Aug 14 21:03:20.847911 n kernel: hci0: skb len 9
Aug 14 21:03:20.847924 n kernel: hci0: length 1
Aug 14 21:03:20.847931 n kernel: hci0 cmd_cnt 1 cmd queued 1
Aug 14 21:03:20.847942 n kernel: hci0: skb 0000000044d6d132
Aug 14 21:03:22.895417 n kernel: Bluetooth: hci0: command 0x0406 tx timeout
Aug 14 21:03:22.895590 n kernel: hci0: end: err -110
Aug 14 21:03:22.895620 n kernel: Bluetooth: hci0: Opcode 0x2005 failed: -110
Aug 14 21:03:22.895649 n kernel: hci0: err 0x6e
Aug 14 21:03:22.895684 n kernel: hci0 cmd_cnt 1 cmd queued 0
Aug 14 21:03:22.895709 n kernel: hci0: Opcode 0x200b
Aug 14 21:03:22.895732 n kernel: hci0: opcode 0x200b plen 7
Aug 14 21:03:22.895754 n kernel: hci0: skb len 10
Aug 14 21:03:22.895776 n kernel: hci0: length 1
Aug 14 21:03:22.895798 n kernel: hci0 cmd_cnt 1 cmd queued 1
Aug 14 21:03:22.895829 n kernel: hci0: skb 00000000ee27940a
Aug 14 21:03:23.042365 n kernel: 00000000babfecdf name hci0 blocked 1
Aug 14 21:03:23.042462 n kernel: hci0 00000000babfecdf
Aug 14 21:03:24.943565 n kernel: hci0: end: err -110
Aug 14 21:03:24.943605 n kernel: Bluetooth: hci0: command 0x0406 tx timeout
Aug 14 21:03:24.943624 n kernel: Bluetooth: hci0: Opcode 0x200b failed: -110
Aug 14 21:03:24.943648 n kernel: hci0: err 0x6e
Aug 14 21:03:24.943685 n kernel: hci0 cmd_cnt 1 cmd queued 0
Aug 14 21:03:24.943708 n kernel: hci0: state 1 -> 0
Aug 14 21:03:24.943757 n kernel: hci0: entry 00000000260e30c8
Aug 14 21:03:24.943787 n kernel: hci0: ADV monitoring is off
Aug 14 21:03:24.943811 n kernel: hci0: stopping background scanning
Aug 14 21:03:24.943832 n kernel: hci0: 
Aug 14 21:03:24.943856 n kernel: hci0: Opcode 0x0c1a
Aug 14 21:03:24.943882 n kernel: hci0: opcode 0x0c1a plen 1
Aug 14 21:03:24.943891 n kernel: hci0: skb len 4
Aug 14 21:03:24.943911 n kernel: hci0: length 1
Aug 14 21:03:24.943923 n kernel: hci0 cmd_cnt 1 cmd queued 1
Aug 14 21:03:24.943937 n kernel: hci0: skb 000000009e7ebd3f
Aug 14 21:03:24.943967 n kernel: hci0: state 0 -> 1
Aug 14 21:03:24.943978 n kernel: hci0: 
Aug 14 21:03:24.943990 n kernel: hci0: entry 0000000055d6e801
Aug 14 21:03:26.991376 n kernel: Bluetooth: hci0: command 0x0406 tx timeout
Aug 14 21:03:26.991452 n kernel: hci0: end: err -110
Aug 14 21:03:26.991494 n kernel: Bluetooth: hci0: Opcode 0x0c1a failed: -110
Aug 14 21:03:26.991511 n kernel: hci0: err 0x6e
Aug 14 21:03:26.991520 n kernel: hci0 cmd_cnt 1 cmd queued 0
Aug 14 21:03:26.991539 n kernel: Bluetooth: hci0: Error when powering off device on rfkill (-110)
Aug 14 21:03:26.991554 n kernel: hci0 00000000babfecdf
Aug 14 21:03:26.991567 n kernel: hci0: 
Aug 14 21:03:26.995351 n kernel: hci0: err 0x13
Aug 14 21:03:26.995391 n kernel: hci0: cancelling interleave scan
Aug 14 21:03:26.995408 n kernel: hci0: state 1 -> 0
Aug 14 21:03:26.995424 n kernel: hdev hci0
Aug 14 21:03:26.995439 n kernel: hci0 hcon 00000000ea592225 chan 00000000aa2a8781
Aug 14 21:03:26.995471 n kernel: hci0: handle 0xf00 reason 0x13
Aug 14 21:03:26.995487 n kernel: bluetoothd[2821]: segfault at 0 ip 00005d6eb1ad1986 sp 00007ffef8e784b0 error 4 in bluetoothd[a6986,5d6eb1a50000+f3000] likely on CPU 8 (core 4, socket 0)
Aug 14 21:03:27.011352 n kernel: hci0 hcon 00000000ea592225 handle 3840
Aug 14 21:03:27.011420 n kernel: hci0: hcon 00000000ea592225
Aug 14 21:03:27.018508 n kernel: hci0 evt 2
Aug 14 21:03:27.018564 n kernel: hci0
Aug 14 21:03:27.018616 n kernel: hci0: err 0x02
Aug 14 21:03:27.018651 n kernel: hci0: err 0x02
Aug 14 21:03:27.018676 n kernel: hci0: err 0x02
Aug 14 21:03:27.018693 n kernel: hci0: err 0x02
Aug 14 21:03:27.018705 n kernel: hci0: err 0x02
Aug 14 21:03:27.018718 n kernel: hci0: err 0x02
Aug 14 21:03:27.019343 n kernel: hci0: err 0x02
Aug 14 21:03:27.019371 n kernel: hci0: err 0x02
Aug 14 21:03:27.019387 n kernel: hci0: err 0x02
Aug 14 21:03:27.019395 n kernel: hci0: err 0x02
Aug 14 21:03:27.019408 n kernel: hci0: err 0x02
Aug 14 21:03:27.019423 n kernel: hci0: err 0x02
Aug 14 21:03:27.019438 n kernel: hci0: err 0x02
Aug 14 21:03:27.019452 n kernel: hci0: err 0x02
Aug 14 21:03:27.019464 n kernel: hci0: err 0x02
Aug 14 21:03:27.019480 n kernel: hci0: err 0x02
Aug 14 21:03:27.019492 n kernel: hci0: err 0x02
Aug 14 21:03:27.020344 n kernel: hci0
Aug 14 21:03:27.020372 n kernel: hci0: 
Aug 14 21:03:28.301384 n kernel: hci0: 
Aug 14 21:03:28.301400 n kernel: hci0: entry 00000000e282e70f
Aug 14 21:03:28.305371 n kernel: hci0: 
Aug 14 21:03:28.305386 n kernel: hci0: entry 00000000bb5fe382
Aug 14 21:03:28.305399 n kernel: hci0: 
Aug 14 21:03:28.305406 n kernel: hci0: 
Aug 14 21:03:28.315457 n kernel: hci0: 
Aug 14 21:03:28.315469 n kernel: hci0: entry 00000000fe769bae
Aug 14 21:03:28.315491 n kernel: hci0: 
Aug 14 21:03:28.315507 n kernel: hci0: 
Aug 14 21:03:28.315531 n kernel: hci0: 
Aug 14 21:03:28.315543 n kernel: hci0: entry 00000000b71b567e
Aug 14 21:03:28.315561 n kernel: hci0: 
Aug 14 21:03:28.315575 n kernel: hci0: 
Aug 14 21:03:28.315603 n kernel: hci0: 
Aug 14 21:03:28.315613 n kernel: hci0: entry 00000000372cd036
Aug 14 21:03:28.315623 n kernel: hci0: 
Aug 14 21:03:28.315632 n kernel: hci0: 
Aug 14 21:03:28.315677 n kernel: hci0: 
Aug 14 21:03:28.315692 n kernel: hci0: entry 0000000080f22aa0
Aug 14 21:03:28.315710 n kernel: hci0: 
Aug 14 21:03:28.315777 n kernel: hci0: 
Aug 14 21:03:28.315793 n kernel: hci0: entry 000000001562f6ba
Aug 14 21:03:28.315810 n kernel: hci0: 
Aug 14 21:03:28.315823 n kernel: hci0: 
Aug 14 21:03:28.315843 n kernel: hci0: 
Aug 14 21:03:28.315850 n kernel: hci0: entry 000000002e58ed7c
Aug 14 21:03:28.315872 n kernel: hci0: 
Aug 14 21:03:28.315888 n kernel: hci0: 
Aug 14 21:03:28.315911 n kernel: hci0: 
Aug 14 21:03:28.315922 n kernel: hci0: entry 00000000f0b8e8fa
Aug 14 21:03:28.315939 n kernel: hci0: 
Aug 14 21:03:28.315951 n kernel: hci0: 
Aug 14 21:03:28.315968 n kernel: hci0: 
Aug 14 21:03:28.315979 n kernel: hci0: entry 000000005af43bf7
Aug 14 21:03:28.315999 n kernel: hci0: 
Aug 14 21:03:28.316011 n kernel: hci0: 
Aug 14 21:03:28.316042 n kernel: hci0: 
Aug 14 21:03:28.316053 n kernel: hci0: entry 000000009510c603
Aug 14 21:03:28.316064 n kernel: hci0: 
Aug 14 21:03:28.316073 n kernel: hci0: 
Aug 14 21:03:28.316096 n kernel: hci0: 
Aug 14 21:03:28.316107 n kernel: hci0: entry 00000000a3199c18
Aug 14 21:03:28.316120 n kernel: hci0: 
Aug 14 21:03:28.316132 n kernel: hci0: 
Aug 14 21:03:28.316156 n kernel: hci0: 
Aug 14 21:03:28.316169 n kernel: hci0: entry 00000000fdc93db7
Aug 14 21:03:28.316184 n kernel: hci0: 
Aug 14 21:03:28.316200 n kernel: hci0: 
Aug 14 21:03:28.316232 n kernel: hci0: 
Aug 14 21:03:28.316248 n kernel: hci0: entry 00000000496815b9
Aug 14 21:03:28.316260 n kernel: hci0: 
Aug 14 21:03:28.316272 n kernel: hci0: 
Aug 14 21:03:28.316297 n kernel: hci0: 
Aug 14 21:03:28.316312 n kernel: hci0: entry 000000009718a52e
Aug 14 21:03:28.316324 n kernel: hci0: 
Aug 14 21:03:28.316341 n kernel: hci0: 
Aug 14 21:03:28.317383 n kernel: hci0 key for AA:BB:CC:00:00:01 type 4
Aug 14 21:03:28.317403 n kernel: hci0 key for AA:BB:CC:00:00:02 type 4
Aug 14 21:03:28.317423 n kernel: hci0 key for AA:BB:CC:00:00:03 type 4
Aug 14 21:03:28.317492 n kernel: hci0: 
Aug 14 21:03:28.317503 n kernel: hci0: entry 000000002b63db3c
Aug 14 21:03:28.317522 n kernel: hci0: 
Aug 14 21:03:28.317534 n kernel: hci0: 
Aug 14 21:03:28.321366 n kernel: hci0: 
Aug 14 21:03:28.321380 n kernel: hci0: entry 000000006ea146fa
Aug 14 21:03:28.321393 n kernel: hci0: 
Aug 14 21:03:28.321405 n kernel: hci0: 
Aug 14 21:03:28.323379 n kernel: hci0: 
Aug 14 21:03:28.323399 n kernel: hci0: entry 0000000070f99a96
Aug 14 21:03:28.323419 n kernel: hci0: 
Aug 14 21:03:28.323438 n kernel: hci0: 
Aug 14 21:03:28.323474 n kernel: hci0: 
Aug 14 21:03:28.323487 n kernel: hci0: entry 000000004d46f848
Aug 14 21:03:28.323504 n kernel: hci0: 
Aug 14 21:03:28.323517 n kernel: hci0: 
Aug 14 21:03:28.323549 n kernel: hci0: 
Aug 14 21:03:28.323567 n kernel: hci0: entry 00000000cff63495
Aug 14 21:03:28.323585 n kernel: hci0: 
Aug 14 21:03:28.323598 n kernel: hci0: 
Aug 14 21:03:35.809394 n kernel: usb 3-3: reset full-speed USB device number 2 using xhci_hcd
Aug 14 21:03:51.167393 n kernel: usb 3-3: device descriptor read/64, error -110
Aug 14 21:04:07.039368 n kernel: usb 3-3: device descriptor read/64, error -110
Aug 14 21:04:07.256379 n kernel: usb 3-3: reset full-speed USB device number 2 using xhci_hcd
Aug 14 21:04:22.911388 n kernel: usb 3-3: device descriptor read/64, error -110
Aug 14 21:04:38.783375 n kernel: usb 3-3: device descriptor read/64, error -110
Aug 14 21:04:39.000362 n kernel: usb 3-3: reset full-speed USB device number 2 using xhci_hcd
Aug 14 21:04:44.303357 n kernel: xhci_hcd 0000:03:00.4: Timeout while waiting for setup device command
Aug 14 21:04:49.935361 n kernel: xhci_hcd 0000:03:00.4: Timeout while waiting for setup device command
Aug 14 21:04:50.143412 n kernel: usb 3-3: device not accepting address 2, error -62
Aug 14 21:04:50.256357 n kernel: usb 3-3: reset full-speed USB device number 2 using xhci_hcd
Aug 14 21:04:55.567359 n kernel: xhci_hcd 0000:03:00.4: Timeout while waiting for setup device command
Aug 14 21:05:01.199372 n kernel: xhci_hcd 0000:03:00.4: Timeout while waiting for setup device command
Aug 14 21:05:01.406703 n kernel: usb 3-3: device not accepting address 2, error -62
Aug 14 21:05:01.407048 n kernel: usb 3-3: USB disconnect, device number 2
Aug 14 21:05:01.407283 n kernel: 00000000babfecdf name hci0 bus 1
Aug 14 21:05:01.407346 n kernel: hci0 00000000babfecdf
Aug 14 21:05:01.407419 n kernel: hci0: 
Aug 14 21:05:01.425722 n kernel: hci0: err 0x13
Aug 14 21:05:01.425829 n kernel: hci0: cancelling interleave scan
Aug 14 21:05:01.536352 n kernel: usb 3-3: new full-speed USB device number 4 using xhci_hcd
Aug 14 21:05:17.183365 n kernel: usb 3-3: device descriptor read/64, error -110
Aug 14 21:05:33.055393 n kernel: usb 3-3: device descriptor read/64, error -110
Aug 14 21:05:33.271379 n kernel: usb 3-3: new full-speed USB device number 5 using xhci_hcd
Aug 14 21:05:48.927414 n kernel: usb 3-3: device descriptor read/64, error -110
Aug 14 21:06:04.799395 n kernel: usb 3-3: device descriptor read/64, error -110
Aug 14 21:06:05.282376 n kernel: usb 3-3: new full-speed USB device number 6 using xhci_hcd
Aug 14 21:06:10.319379 n kernel: xhci_hcd 0000:03:00.4: Timeout while waiting for setup device command
Aug 14 21:06:15.951368 n kernel: xhci_hcd 0000:03:00.4: Timeout while waiting for setup device command
Aug 14 21:06:16.159366 n kernel: usb 3-3: device not accepting address 6, error -62
Aug 14 21:06:16.159482 n kernel: usb 3-3: WARN: invalid context state for evaluate context command.
Aug 14 21:06:16.271358 n kernel: usb 3-3: new full-speed USB device number 7 using xhci_hcd
Aug 14 21:06:21.583373 n kernel: xhci_hcd 0000:03:00.4: Timeout while waiting for setup device command
Aug 14 21:06:27.215381 n kernel: xhci_hcd 0000:03:00.4: Timeout while waiting for setup device command
Aug 14 21:06:27.423383 n kernel: usb 3-3: device not accepting address 7, error -62
Aug 14 21:06:27.423487 n kernel: usb 3-3: WARN: invalid context state for evaluate context command.
